date,T1 National Issues - Corruption,T1 National Issues - Don't Know/Can't Say,T1 National Issues - Electricity Road Water,T1 National Issues - Epidemics such as Corona etc.,T1 National Issues - Familiy Income Poverty,T1 National Issues - Other Issues,T1 National Issues - Rising Prices,T1 National Issues - Terror Attacks,T1 National Issues - Unemployment,T2 Quality of Life Index - Deteriorated,T2 Quality of Life Index - Don't Know/Can't Say,T2 Quality of Life Index - Improved,T2 Quality of Life Index - Remained the same,T3 Index of Income Expenditure - Income & expenditure both are same,T3 Index of Income Expenditure - Income increased and the expenditure went down or remained the same,T3 Index of Income Expenditure - Income increased but the expenditure went up as well,T3 Index of Income Expenditure - Income remained the same while expenditure went up,T3 Index of Income Expenditure - Income went down while the expenditure went up,"T3 Index of Income Expenditure - Income went down, expenditure remained the same",T3 Index of Income Expenditure - Others/Don't Know/Can't Say,T4 Index of Inflation - Current expenses gone up; but still manageable,T4 Index of Inflation - Current expenses have become difficult to manage,T4 Index of Inflation - Current expenses have gone down,T4 Index of Inflation - Others/DK/CS,T5 Index of Optimism - Don't Know/Can't Say,T5 Index of Optimism - Will Deteriorate,T5 Index of Optimism - Will Improve,T5 Index of Optimism - Will remain the same,T6 Self Nation - Don't Know/Can't Say,T6 Self Nation - My life & the country both are in a poor state,T6 Self Nation - My life is improving but the country is in poor state,T6 Self Nation - The country is moving forward and my life too,T6 Self Nation - The country is moving forward but not my life,T7 Media Usage - Don't Know/Can't Say,T7 Media Usage - Internet / social media,T7 Media Usage - News magazines,T7 Media Usage - Newspapers,T7 Media Usage - Personal interaction with friends/colleagues,T7 Media Usage - Political rallies / gatherings,T7 Media Usage - Radio,T7 Media Usage - TV news channels
2019-01-01,9.62,8.29,5.52,0.0,8.71,26.17,9.35,3.89,28.45,31.07,1.64,36.78,30.51,,,,,,,,,,,,27.68,9.92,52.89,9.51,5.42,22.7,4.93,54.71,12.24,0.57,25.53,0.13,14.29,2.88,0.16,1.54,51.45
2019-01-02,9.95,8.36,5.21,0.0,8.73,26.97,8.92,3.36,28.5,30.77,1.7,36.95,30.58,,,,,,,,,,,,26.96,10.06,53.36,9.62,5.3,22.49,4.84,54.95,12.42,0.53,25.47,0.18,14.17,2.84,0.15,1.57,51.79
2019-01-03,9.86,8.27,5.07,0.0,9.04,27.21,8.65,3.21,28.69,29.9,1.57,37.48,31.05,,,,,,,,,,,,26.96,10.3,53.04,9.7,5.08,22.0,4.64,55.56,12.72,0.48,25.26,0.13,14.17,2.96,0.23,1.47,52.03
2019-01-04,9.88,8.17,4.88,0.0,9.29,27.11,8.49,2.99,29.19,29.29,1.69,38.05,30.97,,,,,,,,,,,,26.9,10.3,53.01,9.79,4.88,21.42,4.39,56.63,12.68,0.4,24.62,0.16,13.93,3.14,0.22,1.46,52.86
2019-01-05,10.04,8.01,5.02,0.0,9.4,27.84,8.62,2.73,28.34,27.93,1.72,39.24,31.11,,,,,,,,,,,,26.25,9.39,53.9,10.46,4.64,20.21,4.93,57.44,12.78,0.43,24.29,0.14,13.93,3.35,0.25,1.61,53.11
2019-01-06,10.11,8.3,4.72,0.0,9.17,27.9,8.33,2.44,29.03,26.95,1.81,39.97,31.27,,,,,,,,,,,,26.08,9.6,53.36,10.96,4.6,19.32,4.77,57.84,13.47,0.28,24.25,0.15,13.28,3.7,0.36,1.64,53.55
2019-01-07,10.03,8.4,4.53,0.0,9.09,28.18,8.18,2.69,28.9,27.6,2.0,39.32,31.08,,,,,,,,,,,,25.54,9.91,53.27,11.28,4.66,18.97,4.68,58.7,12.99,0.27,24.9,0.13,13.07,3.33,0.33,1.62,53.44
2019-01-08,10.08,8.05,5.08,0.0,9.4,28.38,7.55,2.51,28.95,27.55,1.73,39.31,31.41,,,,,,,,,,,,25.37,10.08,52.93,11.62,4.52,20.41,4.65,57.41,13.01,0.39,25.04,0.15,12.63,2.77,0.25,1.81,53.84
2019-01-09,10.4,7.75,5.19,0.0,9.41,28.42,7.72,2.46,28.65,28.49,1.37,39.04,31.1,,,,,,,,,,,,25.46,9.63,53.6,11.31,4.36,20.48,4.8,57.71,12.65,0.39,25.79,0.12,12.91,2.83,0.23,1.92,53.18
2019-01-10,10.07,7.82,5.35,0.0,9.3,29.13,7.96,2.32,28.05,29.0,1.36,38.24,31.4,,,,,,,,,,,,26.05,9.79,52.84,11.32,4.36,21.35,4.7,57.56,12.03,0.5,25.54,0.1,13.17,2.92,0.25,1.87,52.93
2019-01-11,10.27,7.43,5.47,0.0,9.4,30.37,7.4,2.15,27.51,30.42,1.38,37.61,30.59,,,,,,,,,,,,25.54,9.64,53.67,11.15,4.35,22.27,4.48,57.53,11.37,0.56,27.1,0.11,12.78,2.63,0.03,1.8,52.33
2019-01-12,10.23,7.17,5.68,0.0,9.58,30.57,7.13,2.14,27.5,30.4,1.29,37.64,30.67,,,,,,,,,,,,25.26,9.51,54.1,11.13,4.38,22.06,4.52,57.86,11.18,0.57,27.14,0.11,12.35,2.58,0.04,1.88,52.74
2019-01-13,10.2,7.15,5.75,0.0,9.65,30.54,7.2,2.13,27.38,30.52,1.29,37.57,30.62,,,,,,,,,,,,25.42,9.36,54.08,11.14,4.31,22.07,4.54,57.84,11.24,0.53,26.98,0.09,12.54,2.59,0.04,1.91,52.8
2019-01-14,10.14,7.2,5.74,0.0,9.73,30.48,7.17,2.12,27.42,30.58,1.31,37.6,30.51,,,,,,,,,,,,25.58,9.31,54.07,11.04,4.39,22.02,4.5,57.85,11.24,0.51,27.2,0.09,12.55,2.58,0.04,1.92,52.59
2019-01-15,10.3,7.29,5.96,0.0,9.86,30.31,7.21,2.06,27.01,30.55,1.22,37.8,30.43,,,,,,,,,,,,25.95,9.39,53.8,10.86,4.39,22.72,4.57,57.06,11.26,0.53,26.79,0.09,12.82,2.68,0.05,1.93,52.55
2019-01-16,10.34,7.39,5.72,0.0,9.67,29.82,6.94,2.48,27.64,30.07,1.26,37.16,31.51,,,,,,,,,,,,25.59,9.19,53.9,11.32,4.48,22.24,4.42,57.84,11.02,0.53,26.78,0.07,14.14,2.86,0.05,1.96,50.88
2019-01-17,10.08,6.99,5.89,0.0,9.47,30.68,6.88,2.65,27.36,30.37,1.21,37.38,31.04,,,,,,,,,,,,25.7,9.41,53.31,11.58,4.35,22.86,4.29,57.48,11.02,0.72,26.82,0.11,13.53,3.14,0.16,1.84,51.19
2019-01-18,9.67,7.06,6.0,0.0,9.74,29.45,6.95,2.78,28.35,30.24,1.12,38.3,30.34,,,,,,,,,,,,25.39,9.12,54.25,11.24,4.44,21.88,4.17,57.94,11.57,0.6,27.3,0.15,13.14,3.13,0.21,1.88,51.2
2019-01-19,9.52,7.35,5.72,0.0,9.81,28.78,7.17,2.9,28.75,29.95,1.02,38.73,30.3,,,,,,,,,,,,25.68,8.96,54.66,10.7,4.32,22.01,4.07,58.05,11.55,0.74,26.1,0.17,13.77,3.16,0.27,1.95,51.55
2019-01-20,9.71,7.23,5.84,0.0,9.01,29.09,7.07,2.98,29.07,29.81,1.0,38.59,30.6,,,,,,,,,,,,25.25,8.99,54.95,10.81,4.26,22.07,3.75,58.43,11.49,0.83,26.11,0.17,14.02,2.98,0.27,1.97,51.33
2019-01-21,9.71,7.21,5.85,0.0,9.02,29.14,7.02,2.98,29.07,29.83,0.98,38.58,30.61,,,,,,,,,,,,25.23,8.99,54.97,10.81,4.28,22.07,3.75,58.41,11.49,0.83,26.09,0.17,14.03,2.98,0.27,1.98,51.34
2019-01-22,9.78,7.24,5.56,0.0,9.69,29.35,6.87,2.88,28.63,29.87,1.05,38.45,30.63,,,,,,,,,,,,25.13,8.9,55.5,10.47,4.36,21.7,3.71,58.31,11.92,0.82,26.45,0.17,14.0,2.92,0.33,2.02,51.0
2019-01-23,9.85,7.55,5.67,0.0,9.5,28.46,6.22,3.41,29.34,29.95,0.99,39.75,29.31,,,,,,,,,,,,25.64,9.18,54.81,10.37,4.68,20.73,3.88,58.32,12.39,0.66,26.26,0.12,13.7,3.3,0.22,1.91,51.68
2019-01-24,10.11,8.23,5.2,0.0,9.59,28.27,6.56,3.41,28.63,29.71,1.06,40.72,28.51,,,,,,,,,,,,25.3,9.37,54.61,10.72,4.67,20.68,3.69,58.06,12.9,0.6,26.16,0.1,12.79,3.45,0.22,1.71,52.92
2019-01-25,10.47,8.04,5.18,0.0,9.42,28.53,6.69,3.7,27.97,30.73,1.08,38.78,29.41,,,,,,,,,,,,25.05,9.7,54.42,10.83,4.74,20.94,3.58,58.54,12.2,0.41,25.98,0.09,13.04,2.84,0.1,1.85,53.46
2019-01-26,10.83,8.09,5.18,0.0,9.62,28.43,6.5,3.91,27.44,31.33,1.16,37.89,29.62,,,,,,,,,,,,25.36,9.71,53.82,11.11,4.86,20.72,3.82,58.51,12.09,0.42,25.84,0.03,13.13,2.86,0.08,1.96,53.6
2019-01-27,10.85,8.16,5.19,0.0,9.69,28.49,6.51,3.87,27.24,31.39,1.19,37.8,29.62,,,,,,,,,,,,25.43,9.73,53.81,11.03,4.87,20.82,3.81,58.46,12.04,0.44,25.88,0.03,13.19,2.89,0.08,1.93,53.52
2019-01-28,10.9,8.47,5.5,0.0,9.39,28.89,6.22,3.51,27.12,30.07,1.18,38.94,29.81,,,,,,,,,,,,25.58,9.83,54.0,10.59,4.8,20.4,4.07,58.65,12.08,0.54,26.02,0.06,12.79,3.12,0.1,1.86,53.44
2019-01-29,10.43,8.8,5.33,0.0,9.65,28.82,6.22,3.46,27.29,29.75,1.15,39.44,29.66,,,,,,,,,,,,25.23,9.81,54.64,10.32,4.47,20.45,3.94,58.62,12.52,0.51,25.72,0.11,12.82,3.12,0.11,1.77,53.71
2019-01-30,10.4,8.96,5.53,0.0,9.62,28.88,6.37,3.38,26.86,29.71,1.21,39.39,29.69,,,,,,,,,,,,25.35,9.74,54.43,10.48,4.49,20.18,4.06,58.7,12.57,0.48,25.53,0.12,12.91,3.1,0.09,1.81,53.82
2019-01-31,10.19,9.16,5.51,0.0,9.44,29.72,6.66,3.28,26.04,29.27,1.16,39.6,29.97,,,,,,,,,,,,24.77,9.68,55.17,10.38,4.15,20.31,4.13,59.09,12.32,0.49,25.56,0.14,12.68,2.87,0.08,1.85,54.05
2019-02-01,10.44,8.95,6.01,0.0,9.89,28.85,6.39,3.0,26.47,28.98,1.1,39.43,30.49,,,,,,,,,,,,25.08,9.59,55.67,9.66,4.35,19.57,4.39,59.44,12.25,0.49,26.25,0.16,12.6,2.67,0.06,1.91,53.45
2019-02-02,9.89,9.39,5.98,0.0,10.31,28.53,5.88,2.57,27.45,27.24,1.18,40.68,30.9,,,,,,,,,,,,25.17,9.9,55.54,9.39,3.98,18.97,4.65,58.87,13.53,0.64,25.86,0.19,12.75,3.04,0.09,1.68,53.06
2019-02-03,10.12,9.38,6.15,0.0,10.16,28.05,5.91,2.62,27.61,27.18,1.17,40.67,30.98,,,,,,,,,,,,24.97,9.51,55.83,9.69,3.89,18.64,4.75,59.06,13.66,0.73,25.97,0.18,12.49,3.14,0.08,1.72,53.35
2019-02-04,10.16,9.27,6.06,0.0,9.98,28.67,5.85,2.59,27.42,27.58,1.28,41.05,30.09,,,,,,,,,,,,25.26,9.25,55.89,9.6,4.06,19.49,4.67,58.5,13.28,0.69,25.65,0.24,12.14,3.01,0.1,1.67,54.19
2019-02-05,9.91,9.8,5.37,0.0,10.31,28.18,5.95,2.79,27.69,28.36,1.13,41.44,29.07,,,,,,,,,,,,23.87,8.57,57.23,10.33,4.34,19.49,3.87,59.2,13.1,0.4,25.48,0.22,13.3,2.39,0.04,1.77,53.92
2019-02-06,10.58,9.98,5.33,0.0,9.49,28.39,6.12,2.37,27.74,27.97,1.1,41.68,29.25,,,,,,,,,,,,24.58,8.47,56.2,10.75,4.9,18.61,4.65,59.07,12.77,0.41,24.68,0.16,13.73,2.55,0.08,1.81,54.43
2019-02-07,10.41,10.17,5.11,0.0,9.12,27.49,6.27,2.53,28.9,27.48,1.13,42.38,29.01,,,,,,,,,,,,23.73,8.32,56.76,11.19,4.55,18.38,5.03,59.75,12.29,0.35,25.32,0.17,13.68,2.53,0.09,2.06,53.57
2019-02-08,10.4,10.09,5.22,0.0,9.21,27.61,6.17,2.42,28.88,27.66,0.96,42.41,28.97,,,,,,,,,,,,23.52,8.47,56.96,11.05,4.21,18.68,5.11,59.66,12.34,0.43,25.62,0.17,13.43,2.52,0.08,1.9,53.57
2019-02-09,10.34,10.31,5.28,0.0,9.15,27.76,6.01,2.46,28.69,27.68,0.87,43.34,28.11,,,,,,,,,,,,23.73,8.41,56.92,10.94,4.11,18.62,5.16,59.37,12.74,0.42,24.92,0.18,13.7,2.57,0.09,1.9,53.92
2019-02-10,10.39,10.41,5.23,0.0,9.08,27.69,5.95,2.46,28.79,27.72,0.88,43.16,28.24,,,,,,,,,,,,23.69,8.46,56.89,10.96,4.13,18.64,5.21,59.23,12.79,0.42,24.98,0.18,13.75,2.58,0.09,1.93,53.78
2019-02-11,10.29,10.29,5.25,0.0,9.1,27.88,5.97,2.46,28.76,27.84,0.9,42.97,28.29,,,,,,,,,,,,23.96,8.47,56.62,10.95,4.1,18.9,5.11,59.18,12.71,0.45,24.86,0.18,13.64,2.54,0.09,1.97,54.0
2019-02-12,10.03,10.22,5.5,0.0,9.05,27.71,6.07,2.56,28.86,27.54,0.83,42.39,29.24,,,,,,,,,,,,24.29,8.53,56.24,10.94,4.08,18.45,4.97,59.12,13.38,0.45,24.83,0.09,13.71,2.61,0.1,2.0,53.86
2019-02-13,9.53,9.35,6.36,0.0,9.43,25.5,6.96,2.55,30.32,26.11,1.11,41.92,30.86,,,,,,,,,,,,25.16,9.11,54.19,11.54,4.12,17.14,5.36,60.57,12.81,0.4,23.78,0.22,14.0,2.89,0.08,2.35,53.58
2019-02-14,8.57,9.05,5.64,0.0,8.68,26.14,6.46,2.79,32.67,26.34,1.19,42.12,30.35,,,,,,,,,,,,24.62,9.58,55.16,10.64,3.79,18.49,4.89,60.36,12.47,0.35,25.02,0.27,14.21,3.03,0.03,2.33,52.19
2019-02-15,8.45,8.78,5.45,0.0,8.49,25.43,5.94,6.1,31.36,26.39,1.16,42.13,30.32,,,,,,,,,,,,25.79,9.77,54.27,10.17,3.94,18.35,4.66,60.16,12.89,0.39,25.03,0.27,14.1,3.37,0.03,2.18,52.22
2019-02-16,8.74,8.38,5.16,0.0,8.62,25.09,5.78,9.43,28.8,25.81,1.06,42.74,30.39,,,,,,,,,,,,25.34,9.18,54.77,10.71,4.41,18.1,4.15,60.12,13.22,0.26,25.0,0.28,14.34,3.25,0.03,2.28,52.29
2019-02-17,8.74,8.39,5.16,0.0,8.6,25.06,5.86,9.47,28.72,25.8,1.09,42.69,30.42,,,,,,,,,,,,25.44,9.17,54.66,10.73,4.41,18.18,4.11,60.17,13.13,0.27,25.04,0.28,14.25,3.25,0.03,2.28,52.32
2019-02-18,8.82,8.26,5.14,0.0,8.54,25.13,5.8,9.72,28.59,25.81,1.08,42.5,30.61,,,,,,,,,,,,25.56,9.13,54.46,10.85,4.47,18.28,4.07,60.04,13.14,0.27,24.91,0.27,14.25,3.24,0.02,2.27,52.49
2019-02-19,8.85,8.39,5.06,0.0,8.59,24.99,5.85,9.79,28.48,25.77,1.06,42.6,30.57,,,,,,,,,,,,25.54,9.17,54.37,10.92,4.63,17.92,4.11,60.23,13.11,0.28,24.91,0.27,14.31,3.29,0.01,2.22,52.41
2019-02-20,8.75,8.32,5.37,0.0,7.9,23.94,5.49,13.26,26.97,25.67,1.09,42.43,30.81,,,,,,,,,,,,25.73,9.31,54.34,10.62,4.38,18.41,3.97,60.42,12.82,0.31,25.26,0.25,14.41,3.22,0.05,2.32,52.01
2019-02-21,8.48,7.95,5.09,0.0,7.48,22.66,4.68,19.1,24.56,25.74,1.19,43.17,29.9,,,,,,,,,,,,26.04,8.74,54.71,10.51,4.43,17.76,4.03,61.47,12.31,0.33,25.86,0.15,13.15,3.21,0.04,2.5,52.61
2019-02-22,8.14,7.14,5.32,0.0,7.13,22.41,4.41,22.89,22.56,25.61,0.84,43.31,30.24,,,,,,,,,,,,26.56,8.32,54.55,10.57,4.09,17.18,3.93,62.97,11.83,0.34,25.87,0.15,13.01,3.01,0.06,2.6,53.19
2019-02-23,7.99,6.9,4.96,0.0,6.9,21.55,4.15,25.65,21.9,25.29,0.92,43.37,30.42,,,,,,,,,,,,26.04,8.3,55.31,10.35,3.91,17.3,3.97,63.5,11.32,0.36,26.25,0.16,13.12,2.98,0.06,2.69,52.69
2019-02-24,7.77,6.87,5.07,0.0,6.38,20.66,3.95,27.33,21.97,25.71,1.03,42.85,30.41,,,,,,,,,,,,26.78,8.59,54.62,10.01,3.39,16.78,4.23,64.7,10.9,0.31,26.55,0.14,12.7,2.93,0.06,2.94,52.65
2019-02-25,7.8,6.75,4.86,0.0,6.12,20.95,4.12,27.54,21.86,25.0,0.94,42.87,31.19,,,,,,,,,,,,26.48,8.66,54.74,10.12,3.45,17.1,4.4,64.03,11.02,0.27,26.91,0.18,12.22,3.13,0.06,2.7,52.8
2019-02-26,8.64,7.03,4.69,0.0,6.09,21.12,4.23,26.49,21.71,25.01,1.03,43.21,30.75,,,,,,,,,,,,25.79,8.65,55.48,10.08,3.23,17.17,4.75,63.93,10.92,0.4,26.92,0.21,12.01,2.96,0.07,2.82,53.02
2019-02-27,8.45,7.32,4.3,0.0,6.21,21.11,4.43,26.29,21.89,24.09,1.12,44.2,30.59,,,,,,,,,,,,25.47,8.4,56.39,9.74,3.3,16.41,4.44,65.14,10.71,0.37,27.28,0.25,11.8,2.96,0.06,2.72,52.96
2019-02-28,8.7,7.14,3.79,0.0,6.36,20.75,4.24,26.85,22.17,23.78,1.06,44.28,30.88,,,,,,,,,,,,25.24,7.86,56.99,9.91,3.31,15.4,4.46,66.1,10.73,0.36,27.49,0.25,11.44,2.91,0.04,2.46,53.48
2019-03-01,8.59,7.44,4.04,0.0,6.23,20.63,4.27,26.74,22.06,22.82,0.96,44.74,31.48,,,,,,,,,,,,24.53,8.2,57.59,9.68,3.05,15.33,4.3,66.18,11.14,0.32,27.94,0.26,11.2,3.3,0.05,2.4,53.21
2019-03-02,8.96,7.52,4.22,0.0,6.22,20.74,4.21,26.22,21.91,22.15,0.75,45.21,31.89,,,,,,,,,,,,23.8,8.16,58.75,9.29,2.94,14.58,4.37,66.85,11.26,0.4,27.77,0.31,10.95,3.46,0.06,2.52,53.25
2019-03-03,8.98,7.85,3.89,0.0,6.42,21.15,4.42,25.65,21.64,21.79,0.97,45.53,31.71,,,,,,,,,,,,23.51,8.28,58.83,9.38,3.1,13.85,4.34,67.02,11.69,0.43,27.55,0.33,10.56,3.54,0.06,2.54,53.77
2019-03-04,8.93,7.98,3.87,0.0,6.45,21.1,4.43,25.66,21.58,21.72,1.03,45.51,31.74,,,,,,,,,,,,23.49,8.27,58.87,9.37,3.17,13.77,4.33,67.01,11.72,0.45,27.47,0.33,10.56,3.55,0.06,2.53,53.81
2019-03-05,8.69,8.28,3.92,0.0,6.66,20.99,4.26,25.81,21.39,21.91,1.02,46.03,31.04,,,,,,,,,,,,23.45,8.0,59.55,9.0,3.12,13.55,3.72,68.13,11.48,0.4,27.77,0.32,10.58,3.47,0.06,2.57,53.58
2019-03-06,8.29,8.49,3.86,0.0,6.81,20.56,4.33,25.76,21.9,21.06,1.01,46.26,31.67,,,,,,,,,,,,22.98,7.9,60.25,8.87,3.2,11.97,3.58,69.01,12.24,0.31,27.32,0.33,10.14,3.89,0.04,2.37,54.47
2019-03-07,8.5,8.18,3.94,0.0,6.99,20.69,3.84,26.12,21.74,22.14,0.86,45.44,31.56,,,,,,,,,,,,23.68,7.94,59.09,9.29,3.12,11.84,3.84,68.71,12.49,0.29,27.25,0.3,9.92,3.9,0.03,2.48,54.67
2019-03-08,8.56,7.12,4.17,0.0,6.47,20.5,3.66,27.2,22.32,21.65,0.89,46.5,30.96,,,,,,,,,,,,23.79,7.89,59.3,9.02,3.14,13.07,4.22,67.88,11.69,0.34,28.27,0.3,10.29,3.59,0.04,2.34,53.67
2019-03-09,9.31,7.23,3.85,0.0,7.85,18.96,3.75,27.79,21.26,20.76,1.16,47.44,30.64,,,,,,,,,,,,23.67,7.88,58.65,9.8,3.44,12.67,4.57,68.64,10.68,0.4,29.13,0.23,10.26,2.79,0.02,1.86,53.84
2019-03-10,8.99,6.79,3.9,0.0,7.83,19.7,3.34,28.85,20.6,22.31,1.39,46.47,29.83,,,,,,,,,,,,24.19,7.84,57.47,10.5,3.48,13.85,4.74,66.95,10.98,0.63,27.95,0.19,10.24,2.69,0.06,2.37,54.2
2019-03-11,8.39,7.42,3.75,0.0,7.99,20.51,3.66,27.86,20.42,22.23,1.27,46.17,30.33,,,,,,,,,,,,24.77,7.32,57.64,10.27,3.29,13.5,4.21,67.58,11.42,0.55,27.59,0.18,10.5,2.97,0.06,2.63,53.99
2019-03-12,8.67,7.8,3.85,0.0,7.77,20.52,3.76,25.9,21.73,21.89,1.28,46.8,30.03,,,,,,,,,,,,24.92,7.36,58.27,9.45,3.31,14.3,3.52,67.26,11.61,0.41,28.1,0.14,10.65,2.78,0.07,2.42,53.71
2019-03-13,8.45,7.83,4.06,0.0,7.82,20.38,3.92,25.44,22.1,22.6,1.23,46.03,30.14,,,,,,,,,,,,24.94,7.87,57.81,9.38,3.27,14.58,3.41,67.13,11.61,0.38,28.26,0.13,10.38,2.99,0.08,2.42,53.67
2019-03-14,8.36,7.79,4.18,0.0,7.52,21.34,4.03,24.86,21.92,22.51,1.05,45.93,30.51,,,,,,,,,,,,24.46,7.98,58.04,9.52,3.22,13.99,3.35,67.83,11.61,0.49,28.81,0.14,10.31,3.06,0.08,2.35,53.01
2019-03-15,8.49,8.46,4.22,0.0,7.62,21.37,4.13,23.24,22.47,22.85,1.08,46.16,29.91,,,,,,,,,,,,24.17,7.93,59.1,8.8,3.59,13.53,3.59,67.54,11.75,0.46,28.0,0.14,10.43,3.19,0.13,2.15,53.75
2019-03-16,8.63,8.38,4.34,0.0,7.93,22.41,4.35,21.07,22.89,23.7,1.21,45.12,29.97,,,,,,,,,,,,23.98,8.17,59.05,8.8,3.75,13.53,3.73,67.29,11.7,0.43,28.42,0.15,10.04,3.27,0.17,2.24,53.45
2019-03-17,8.5,8.54,4.63,0.0,7.56,23.35,4.16,20.2,23.06,23.85,1.38,45.48,29.29,,,,,,,,,,,,23.99,7.85,59.53,8.63,3.71,14.0,3.42,67.28,11.59,0.35,28.47,0.16,10.16,3.34,0.17,2.11,53.28
2019-03-18,8.55,8.38,4.92,0.0,7.76,22.33,4.13,19.72,24.21,23.86,1.35,45.54,29.25,,,,,,,,,,,,23.85,7.82,59.76,8.57,3.45,14.29,3.47,66.65,12.14,0.26,28.39,0.16,10.08,3.14,0.16,1.85,53.98
2019-03-19,9.01,8.8,5.14,0.0,7.51,22.1,4.0,18.64,24.8,23.7,1.26,45.32,29.72,,,,,,,,,,,,23.94,7.76,59.48,8.82,3.27,14.75,3.37,66.34,12.27,0.27,28.15,0.18,10.42,2.94,0.13,1.75,53.99
2019-03-20,9.08,8.48,4.98,0.0,7.58,22.58,4.09,17.7,25.51,23.99,1.38,44.29,30.34,,,,,,,,,,,,23.9,7.76,59.3,9.04,3.04,14.94,3.54,65.92,12.56,0.31,27.91,0.17,10.51,2.97,0.17,1.68,54.0
2019-03-21,8.98,8.73,4.86,0.0,7.78,22.65,4.04,17.03,25.93,23.48,1.37,44.87,30.28,,,,,,,,,,,,24.3,7.28,59.5,8.92,3.01,14.27,3.61,66.22,12.89,0.31,27.68,0.18,10.47,2.93,0.22,1.65,54.24
2019-03-22,9.25,8.74,4.9,0.0,7.81,22.05,4.04,16.53,26.68,24.17,1.32,44.59,29.92,,,,,,,,,,,,24.13,7.59,59.28,9.0,3.09,14.57,3.71,65.54,13.09,0.31,27.66,0.19,10.13,2.92,0.24,1.7,54.5
2019-03-23,9.32,8.82,4.85,0.0,7.62,22.3,4.16,16.13,26.8,23.91,1.29,44.37,30.43,,,,,,,,,,,,24.13,7.58,59.25,9.04,3.02,15.44,3.39,65.21,12.94,0.37,26.98,0.24,10.53,2.92,0.3,1.65,54.6
2019-03-24,9.49,8.82,5.04,0.0,7.54,22.17,4.07,15.6,27.27,24.05,0.89,45.01,30.05,,,,,,,,,,,,23.67,7.12,59.96,9.25,2.52,16.07,3.17,65.44,12.8,0.46,26.44,0.22,11.24,2.82,0.29,1.66,54.86
2019-03-25,9.46,8.9,4.73,0.0,7.48,22.3,4.1,15.08,27.95,23.94,0.8,44.82,30.44,,,,,,,,,,,,23.21,7.41,60.25,9.13,2.42,15.89,3.14,65.44,13.11,0.4,26.54,0.23,11.08,2.77,0.3,1.46,55.26
2019-03-26,9.55,8.89,4.46,0.0,7.36,22.78,3.94,15.01,28.01,24.05,0.83,44.44,30.68,,,,,,,,,,,,23.66,7.23,60.07,9.04,2.58,16.07,3.0,65.19,13.16,0.38,26.75,0.25,11.31,2.88,0.29,1.48,54.72
2019-03-27,9.32,8.68,4.3,0.0,7.65,23.15,3.95,15.14,27.81,24.18,0.74,44.68,30.4,,,,,,,,,,,,23.72,7.61,60.04,8.63,2.77,15.98,3.21,64.91,13.13,0.35,26.24,0.21,11.52,3.06,0.31,1.4,54.97
2019-03-28,9.5,8.81,4.5,0.0,7.68,22.86,4.1,14.98,27.57,24.61,0.65,44.31,30.43,,,,,,,,,,,,23.85,7.78,59.45,8.92,2.84,16.3,3.37,64.15,13.34,0.31,26.22,0.23,11.23,3.2,0.29,1.43,55.2
2019-03-29,9.41,8.57,4.57,0.0,7.54,23.39,4.18,15.05,27.29,24.82,0.71,43.22,31.25,,,,,,,,,,,,24.08,8.1,58.64,9.18,2.68,16.76,3.36,63.89,13.31,0.32,26.25,0.24,11.39,3.23,0.28,1.47,54.96
2019-03-30,9.29,8.59,4.45,0.0,7.27,23.54,4.05,14.96,27.85,24.86,0.67,43.94,30.53,,,,,,,,,,,,24.47,7.86,58.72,8.95,2.83,17.1,3.32,63.52,13.23,0.34,25.53,0.2,11.8,3.27,0.21,1.34,55.31
2019-03-31,9.48,9.07,4.43,0.0,7.43,23.31,4.09,14.72,27.47,24.49,0.69,44.28,30.54,,,,,,,,,,,,23.87,7.94,59.1,9.09,2.86,16.95,3.4,63.77,13.02,0.3,25.57,0.17,11.99,3.09,0.24,1.35,55.3
2019-04-01,9.29,8.8,4.22,0.0,7.57,23.5,4.21,14.49,27.92,24.07,0.58,44.27,31.08,,,,,,,,,,,,24.01,7.91,59.07,9.01,2.85,16.71,3.56,63.59,13.29,0.24,26.25,0.19,11.68,3.28,0.28,1.26,54.84
2019-04-02,9.62,8.69,4.39,0.0,7.94,23.37,4.26,14.41,27.32,24.6,0.59,43.8,31.01,,,,,,,,,,,,24.36,7.91,58.63,9.1,3.0,17.14,3.51,62.97,13.38,0.29,26.62,0.2,11.7,3.34,0.3,1.29,54.21
2019-04-03,9.34,9.72,4.65,0.0,7.72,23.37,4.43,13.44,27.33,24.63,1.12,43.49,30.76,,,,,,,,,,,,24.98,7.94,57.76,9.32,3.36,16.78,3.91,62.69,13.26,0.3,26.16,0.17,10.94,3.47,0.34,1.25,54.79
2019-04-04,9.35,9.13,4.74,0.0,7.64,23.44,4.24,13.26,28.2,24.67,0.61,43.88,30.84,,,,,,,,,,,,24.15,7.64,58.52,9.69,2.8,16.86,3.73,63.44,13.17,0.3,26.16,0.17,11.22,3.27,0.32,1.27,55.27
2019-04-05,9.29,9.07,4.68,0.0,7.69,23.3,4.16,12.94,28.87,25.4,0.52,43.83,30.25,,,,,,,,,,,,23.84,7.75,59.0,9.41,2.79,16.98,3.67,63.51,13.05,0.31,26.42,0.16,11.0,3.4,0.29,1.24,55.02
2019-04-06,9.54,9.0,4.71,0.0,7.8,23.19,4.61,12.55,28.6,25.27,0.51,44.7,29.52,,,,,,,,,,,,23.68,7.66,59.4,9.26,2.81,17.06,3.36,63.99,12.78,0.38,26.69,0.17,11.13,3.33,0.3,1.19,54.62
2019-04-07,9.66,8.97,4.74,0.0,8.0,23.2,4.63,12.51,28.29,24.61,0.49,44.7,30.2,,,,,,,,,,,,22.93,7.35,60.33,9.39,2.65,17.05,3.37,64.21,12.72,0.29,27.4,0.18,10.71,3.37,0.3,1.28,54.25
2019-04-08,9.62,8.63,4.97,0.0,8.15,23.52,4.68,12.49,27.94,24.83,0.49,44.84,29.84,,,,,,,,,,,,23.14,7.19,60.25,9.42,2.65,16.97,3.44,64.1,12.84,0.3,27.8,0.19,10.55,3.48,0.28,1.33,53.78
2019-04-09,9.66,8.87,4.92,0.0,8.2,23.34,4.6,12.18,28.23,25.45,0.48,44.07,30.0,,,,,,,,,,,,23.31,7.87,59.19,9.63,2.88,18.0,3.58,63.24,12.3,0.31,27.42,0.14,11.06,3.64,0.25,1.32,53.64
2019-04-10,9.55,8.91,4.97,0.0,8.32,23.69,4.54,11.61,28.41,25.6,0.49,44.19,29.72,,,,,,,,,,,,22.83,7.78,59.8,9.59,2.29,18.37,3.92,63.41,12.01,0.26,26.91,0.09,10.9,3.6,0.22,1.64,54.59
2019-04-11,9.72,8.67,4.75,0.0,8.61,23.21,4.46,11.51,29.07,26.15,0.49,43.71,29.65,,,,,,,,,,,,22.64,7.77,60.23,9.36,2.5,18.33,3.78,63.27,12.12,0.28,27.34,0.12,10.46,3.85,0.2,1.65,54.17
2019-04-12,9.76,8.66,4.82,0.0,8.72,23.05,4.95,11.28,28.76,26.01,0.47,44.07,29.45,,,,,,,,,,,,22.56,7.88,60.23,9.33,2.59,18.33,3.78,63.23,12.07,0.35,27.6,0.15,10.19,3.92,0.2,1.73,53.79
2019-04-13,9.68,8.64,4.83,0.0,8.6,23.21,5.02,11.63,28.39,24.32,0.5,45.15,30.03,,,,,,,,,,,,22.46,7.36,60.7,9.48,2.32,18.39,3.69,63.76,11.84,0.31,28.12,0.19,10.33,3.71,0.24,1.79,53.47
2019-04-14,10.02,8.66,4.84,0.0,8.73,22.92,4.65,12.05,28.13,24.92,0.48,44.5,30.1,,,,,,,,,,,,22.51,7.57,60.48,9.44,2.41,18.68,3.65,62.83,12.43,0.32,28.49,0.19,10.45,3.67,0.28,1.64,53.16
2019-04-15,9.82,8.95,5.05,0.0,8.34,23.45,4.69,11.72,27.98,25.39,0.5,44.3,29.81,,,,,,,,,,,,22.78,7.88,59.66,9.68,2.39,18.34,3.98,62.69,12.6,0.36,28.16,0.15,10.72,3.6,0.22,1.56,53.44
2019-04-16,9.81,8.76,5.04,0.0,8.24,23.58,4.47,11.78,28.32,25.15,0.57,44.28,30.0,,,,,,,,,,,,22.58,7.75,59.8,9.87,2.43,18.0,3.83,63.34,12.4,0.3,27.86,0.13,11.05,3.56,0.2,1.56,53.57
2019-04-17,9.95,8.69,5.22,0.0,8.11,23.52,4.56,11.97,27.98,24.86,0.55,44.8,29.79,,,,,,,,,,,,22.69,7.28,60.17,9.86,2.27,17.19,3.79,64.11,12.64,0.31,27.97,0.15,11.04,3.34,0.2,1.54,53.59
2019-04-18,9.94,8.48,5.6,0.0,7.83,23.58,4.53,11.81,28.23,24.51,0.56,44.73,30.2,,,,,,,,,,,,22.99,7.71,59.5,9.8,2.61,17.31,3.49,63.86,12.73,0.32,27.59,0.15,11.63,3.64,0.2,1.28,53.3
2019-04-19,10.15,8.2,5.62,0.0,7.6,23.92,4.97,11.75,27.79,23.62,0.61,45.41,30.36,,,,,,,,,,,,23.32,7.46,59.29,9.93,2.45,17.3,3.32,64.44,12.49,0.38,27.7,0.17,12.1,3.46,0.2,1.46,52.96
2019-04-20,10.1,8.45,5.82,0.0,7.6,23.58,4.58,11.62,28.25,23.43,0.68,45.43,30.46,,,,,,,,,,,,23.29,7.62,59.6,9.49,2.58,17.63,3.43,63.95,12.41,0.37,27.49,0.16,12.0,3.52,0.25,1.37,53.22
2019-04-21,10.07,8.5,5.79,0.0,7.57,23.55,4.63,11.68,28.21,23.4,0.61,45.48,30.51,,,,,,,,,,,,23.28,7.54,59.72,9.46,2.56,17.63,3.46,63.92,12.43,0.37,27.47,0.15,12.12,3.46,0.25,1.37,53.17
2019-04-22,10.09,8.36,5.8,0.0,7.62,23.63,4.6,11.6,28.3,23.58,0.63,45.36,30.43,,,,,,,,,,,,23.13,7.56,59.8,9.51,2.54,17.62,3.47,63.88,12.49,0.35,27.43,0.15,11.96,3.55,0.28,1.41,53.24
2019-04-23,10.04,8.46,5.77,0.0,7.59,23.68,4.6,11.63,28.23,23.53,0.62,45.31,30.54,,,,,,,,,,,,23.26,7.56,59.64,9.54,2.62,17.52,3.45,63.89,12.52,0.38,27.44,0.15,11.89,3.54,0.27,1.41,53.3
2019-04-24,10.07,8.29,5.74,0.0,7.65,23.78,4.56,11.55,28.36,23.44,0.61,45.26,30.69,,,,,,,,,,,,23.28,7.5,59.65,9.57,2.6,17.45,3.46,63.97,12.52,0.38,27.41,0.14,11.88,3.59,0.28,1.39,53.28
2019-04-25,9.87,8.33,5.79,0.0,8.0,23.4,4.51,11.52,28.58,24.04,0.59,45.14,30.23,,,,,,,,,,,,23.53,7.56,59.44,9.47,2.63,17.6,3.41,63.99,12.37,0.35,26.73,0.13,11.99,3.72,0.28,1.57,53.63
2019-04-26,10.07,8.16,5.64,0.0,8.05,23.06,4.86,11.74,28.42,24.1,0.72,45.14,30.04,,,,,,,,,,,,23.48,7.37,59.73,9.42,2.57,17.2,3.51,64.61,12.11,0.45,27.0,0.13,11.64,3.53,0.27,1.66,53.57
2019-04-27,9.88,8.3,5.6,0.0,8.23,22.84,4.58,11.97,28.6,23.8,0.73,45.07,30.4,,,,,,,,,,,,23.35,7.15,59.99,9.51,2.64,16.84,3.58,64.65,12.29,0.42,26.97,0.11,11.41,3.33,0.3,1.56,54.12
2019-04-28,9.8,8.29,5.58,0.0,8.2,22.93,4.42,12.06,28.72,24.36,0.8,44.78,30.06,,,,,,,,,,,,23.18,7.16,59.66,10.0,2.6,16.61,3.71,64.88,12.2,0.54,26.69,0.11,11.38,3.24,0.25,1.59,54.51
2019-04-29,9.78,8.66,5.8,0.0,8.21,22.67,4.44,11.74,28.7,24.81,0.91,44.3,29.98,,,,,,,,,,,,23.61,7.09,59.1,10.2,2.76,16.46,3.78,65.35,11.65,0.55,26.13,0.09,11.76,3.31,0.18,1.57,54.59
2019-04-30,9.86,8.54,5.72,0.0,8.08,22.55,4.57,11.63,29.05,24.83,0.85,44.27,30.05,,,,,,,,,,,,23.53,6.98,59.27,10.22,2.69,16.61,3.76,65.86,11.08,0.49,25.73,0.08,12.08,3.43,0.16,1.69,54.58
2019-05-01,9.84,8.38,5.82,0.0,8.17,22.44,4.74,11.57,29.04,24.66,1.03,44.06,30.25,,,,,,,,,,,,23.7,7.02,59.34,9.94,3.1,17.11,3.45,65.67,10.67,0.48,25.75,0.09,11.73,3.58,0.17,1.76,54.57
2019-05-02,9.68,8.59,6.09,0.0,8.22,22.26,4.88,11.5,28.78,24.57,1.07,44.31,30.05,,,,,,,,,,,,23.92,7.25,59.06,9.77,3.32,17.34,3.4,65.21,10.73,0.5,25.64,0.09,11.49,3.81,0.16,1.65,54.48
2019-05-03,9.68,8.63,6.08,0.0,8.25,22.23,4.9,11.46,28.77,24.62,1.04,44.28,30.06,,,,,,,,,,,,23.96,7.27,59.04,9.73,3.32,17.34,3.38,65.3,10.66,0.51,25.74,0.08,11.52,3.79,0.16,1.69,54.33
2019-05-04,9.71,8.66,6.06,0.0,8.1,22.0,4.72,11.63,29.12,24.96,0.87,43.71,30.46,,,,,,,,,,,,24.34,7.4,58.52,9.74,3.28,17.53,3.38,64.89,10.92,0.4,25.2,0.07,11.77,3.95,0.16,1.68,54.63
2019-05-05,9.52,8.76,6.47,0.0,7.91,22.28,4.66,11.28,29.12,25.1,1.05,43.16,30.69,,,,,,,,,,,,24.42,7.71,58.26,9.61,3.52,17.97,3.39,64.23,10.89,0.4,24.97,0.14,11.97,3.98,0.14,1.61,54.72
2019-05-06,9.17,8.95,6.91,0.0,8.08,22.41,4.94,10.9,28.64,24.55,1.28,43.29,30.88,,,,,,,,,,,,24.85,7.62,58.01,9.52,3.7,17.62,3.22,64.3,11.16,0.28,24.41,0.14,11.93,4.02,0.11,1.48,55.13
2019-05-07,9.32,8.81,6.79,0.0,7.69,23.04,4.82,10.85,28.68,24.63,1.22,43.05,31.1,,,,,,,,,,,,25.6,7.9,57.03,9.47,3.76,17.91,3.03,63.98,11.32,0.32,24.24,0.14,11.97,4.17,0.07,1.33,55.14
2019-05-08,9.14,8.81,6.89,0.0,8.03,22.65,4.83,10.46,29.19,24.4,1.36,43.35,30.89,,,,,,,,,,,,25.34,7.81,57.4,9.45,3.86,17.97,3.25,63.38,11.54,0.27,23.99,0.15,11.7,4.34,0.09,1.28,55.53
2019-05-09,9.45,8.91,6.61,0.0,8.25,22.67,4.93,10.17,29.01,25.3,1.39,42.5,30.81,,,,,,,,,,,,25.28,7.72,57.49,9.51,3.68,18.62,3.25,62.72,11.73,0.3,24.71,0.15,11.89,4.29,0.09,1.33,54.89
2019-05-10,9.53,8.79,6.26,0.0,8.61,22.6,4.93,10.3,28.98,25.15,1.33,42.5,31.02,,,,,,,,,,,,25.05,7.55,57.5,9.9,3.58,18.1,3.43,63.19,11.7,0.28,25.14,0.16,11.73,4.0,0.12,1.4,55.09
2019-05-11,9.55,9.25,6.22,0.0,8.37,22.98,5.05,10.09,28.49,25.1,1.26,42.55,31.09,,,,,,,,,,,,24.87,7.61,57.61,9.91,3.66,18.38,3.4,62.8,11.76,0.27,25.67,0.19,11.65,3.85,0.15,1.23,54.8
2019-05-12,9.67,9.16,6.23,0.0,8.52,23.14,5.22,9.76,28.3,24.84,1.41,43.11,30.64,,,,,,,,,,,,24.41,7.49,58.25,9.85,3.73,18.2,3.44,63.12,11.51,0.4,25.97,0.19,11.34,3.78,0.12,1.23,54.75
2019-05-13,9.76,9.21,6.09,0.0,8.82,23.12,5.51,9.39,28.1,25.23,1.31,42.91,30.55,,,,,,,,,,,,24.48,7.48,58.22,9.82,3.63,18.07,3.24,63.59,11.47,0.43,26.08,0.15,11.01,4.0,0.11,1.31,54.73
2019-05-14,9.7,9.5,5.87,0.0,8.95,23.06,5.17,9.7,28.05,25.77,1.39,42.48,30.36,,,,,,,,,,,,24.42,7.4,58.29,9.89,3.49,17.85,3.41,63.85,11.4,0.43,26.47,0.16,11.0,4.06,0.11,1.43,54.34
2019-05-15,9.75,9.9,5.86,0.0,9.1,22.73,5.45,9.41,27.8,25.34,1.46,43.14,30.06,,,,,,,,,,,,24.67,7.36,58.47,9.5,3.56,17.83,3.63,63.85,11.13,0.46,26.64,0.19,10.89,3.71,0.11,1.64,54.38
2019-05-16,9.92,9.98,5.88,0.0,9.16,23.12,5.36,9.16,27.42,25.68,1.45,42.61,30.26,,,,,,,,,,,,24.65,7.12,58.82,9.41,3.4,17.77,3.54,64.23,11.06,0.5,27.3,0.18,11.04,3.58,0.09,1.77,53.64
2019-05-17,10.15,10.18,5.76,0.0,8.92,23.19,5.39,8.94,27.47,25.32,1.38,43.1,30.2,,,,,,,,,,,,24.54,7.19,59.07,9.2,3.44,17.66,3.64,64.12,11.14,0.49,27.53,0.2,10.84,3.52,0.08,1.76,53.67
2019-05-18,9.93,10.34,5.96,0.0,8.96,23.45,5.48,8.4,27.48,25.77,1.32,42.82,30.09,,,,,,,,,,,,24.42,7.53,58.85,9.2,3.52,18.0,3.66,63.82,11.0,0.47,27.69,0.21,11.2,3.54,0.08,1.81,52.96
2019-05-19,9.69,10.0,6.38,0.0,8.75,23.56,5.62,8.28,27.72,25.94,1.36,42.78,29.92,,,,,,,,,,,,24.94,7.48,58.51,9.07,3.58,17.62,4.14,63.66,11.0,0.54,27.77,0.2,11.33,3.57,0.06,1.82,52.72
2019-05-20,9.19,9.82,6.94,0.0,8.68,23.7,5.42,8.12,28.13,26.59,1.22,42.49,29.7,,,,,,,,,,,,25.78,7.41,57.67,9.14,3.46,17.76,4.46,62.87,11.45,0.46,27.52,0.2,11.64,3.68,0.07,1.8,52.73
2019-05-21,9.09,10.33,6.98,0.0,8.43,23.37,5.44,7.85,28.51,26.39,1.18,42.51,29.92,,,,,,,,,,,,25.97,7.42,57.44,9.17,3.56,17.7,4.62,62.43,11.69,0.41,27.87,0.2,11.59,3.66,0.1,1.72,52.42
2019-05-22,8.95,9.97,7.1,0.0,8.5,23.66,5.65,7.31,28.86,26.26,0.91,42.78,30.05,,,,,,,,,,,,26.2,7.54,56.78,9.48,3.52,17.95,4.64,62.08,11.81,0.4,28.09,0.19,11.89,3.9,0.1,1.62,52.12
2019-05-23,8.8,9.98,7.17,0.0,8.5,23.93,5.53,7.1,28.99,26.08,1.06,42.21,30.65,,,,,,,,,,,,26.35,7.47,56.52,9.66,3.77,17.56,4.67,62.12,11.88,0.41,27.98,0.19,12.01,4.05,0.11,1.48,52.07
2019-05-24,9.16,9.57,7.08,0.0,8.19,24.32,6.01,6.61,29.06,23.84,2.21,44.05,29.9,,,,,,,,,,,,25.94,7.05,57.53,9.48,4.14,16.7,4.6,63.38,11.18,0.42,27.86,0.52,10.96,4.64,0.24,1.44,51.83
2019-05-25,9.11,9.64,7.68,0.0,8.22,24.24,6.14,6.3,28.67,23.98,2.25,44.0,29.77,,,,,,,,,,,,25.61,7.01,57.93,9.45,4.2,16.44,4.68,63.33,11.35,0.43,27.79,0.51,10.84,4.81,0.26,1.51,51.91
2019-05-26,9.11,9.64,7.68,0.0,8.22,24.24,6.14,6.3,28.67,23.98,2.25,44.0,29.77,,,,,,,,,,,,25.61,7.01,57.93,9.45,4.2,16.44,4.68,63.33,11.35,0.43,27.79,0.51,10.84,4.81,0.26,1.51,51.91
2019-05-27,8.95,9.57,7.63,0.0,8.03,24.66,6.4,5.87,28.89,23.51,2.21,44.57,29.71,,,,,,,,,,,,25.54,7.1,57.92,9.44,4.21,17.13,4.64,62.78,11.24,0.34,28.42,0.56,11.49,4.66,0.22,1.63,50.83
2019-05-28,8.71,9.23,7.88,0.0,8.27,25.31,6.59,6.12,27.89,22.56,2.15,45.14,30.15,,,,,,,,,,,,25.42,6.92,58.18,9.48,4.42,16.04,4.59,63.5,11.45,0.4,28.62,0.34,11.67,4.93,0.3,1.65,50.61
2019-05-29,7.88,8.35,7.47,0.0,8.54,26.18,6.72,6.26,28.6,21.63,2.49,45.73,30.15,,,,,,,,,,,,23.52,8.97,57.88,9.63,4.58,16.17,3.49,63.59,12.17,0.34,29.82,0.32,10.91,4.56,0.32,1.92,50.2
2019-05-30,7.61,8.08,7.49,0.0,8.28,26.68,6.86,6.12,28.88,21.12,2.55,44.83,31.5,,,,,,,,,,,,23.57,9.49,57.57,9.37,4.57,16.14,4.38,63.3,11.61,0.39,30.22,0.36,11.66,4.1,0.43,1.68,49.3
2019-05-31,7.59,8.68,8.31,0.0,8.88,26.19,7.16,5.51,27.68,21.33,2.52,44.3,31.85,,,,,,,,,,,,23.62,10.24,57.03,9.11,4.76,16.62,4.59,61.96,12.07,0.24,29.45,0.33,11.87,3.83,0.39,1.92,50.07
2019-06-01,7.59,8.68,8.31,0.0,8.88,26.19,7.16,5.51,27.68,21.33,2.52,44.3,31.85,,,,,,,,,,,,23.62,10.24,57.03,9.11,4.76,16.62,4.59,61.96,12.07,0.24,29.45,0.33,11.87,3.83,0.39,1.92,50.07
2019-06-02,7.59,8.68,8.31,0.0,8.88,26.19,7.16,5.51,27.68,21.33,2.52,44.3,31.85,,,,,,,,,,,,23.62,10.24,57.03,9.11,4.76,16.62,4.59,61.96,12.07,0.24,29.45,0.33,11.87,3.83,0.39,1.92,50.07
2019-06-03,7.58,8.9,8.36,0.0,8.77,25.91,7.12,5.86,27.5,21.24,2.5,43.78,32.48,,,,,,,,,,,,23.38,10.87,56.55,9.2,4.75,16.89,4.92,60.69,12.75,0.24,29.59,0.42,11.95,3.9,0.4,2.02,49.69
2019-06-04,8.24,8.59,8.23,0.0,8.74,25.78,6.96,5.71,27.75,21.85,2.43,43.46,32.26,,,,,,,,,,,,22.96,11.6,56.15,9.29,4.53,17.56,4.99,60.35,12.57,0.21,30.59,0.31,11.21,3.9,0.37,2.2,49.62
2019-06-05,8.24,8.59,8.23,0.0,8.74,25.78,6.96,5.71,27.75,21.85,2.43,43.46,32.26,,,,,,,,,,,,22.96,11.6,56.15,9.29,4.53,17.56,4.99,60.35,12.57,0.21,30.59,0.31,11.21,3.9,0.37,2.2,49.62
2019-06-06,7.44,8.95,8.34,0.0,8.72,25.95,5.96,6.25,28.39,21.53,2.21,43.18,33.08,,,,,,,,,,,,22.64,11.71,56.33,9.32,5.07,17.36,4.15,60.34,13.08,0.22,29.97,0.28,12.2,3.65,0.44,2.14,49.56
2019-06-07,7.5,9.13,8.55,0.0,9.26,25.16,5.87,6.37,28.16,20.86,2.3,43.34,33.5,,,,,,,,,,,,22.87,11.21,55.85,10.07,4.9,16.36,4.51,61.25,12.98,0.23,30.21,0.38,11.74,3.72,0.45,2.04,49.71
2019-06-08,7.51,9.3,8.48,0.0,8.91,24.6,5.79,5.63,29.78,20.48,2.16,43.88,33.48,,,,,,,,,,,,22.48,11.01,56.07,10.44,4.46,15.23,4.36,62.83,13.12,0.23,29.3,0.38,11.8,3.7,0.44,1.72,50.91
2019-06-09,7.51,9.3,8.48,0.0,8.91,24.6,5.79,5.63,29.78,20.48,2.16,43.88,33.48,,,,,,,,,,,,22.48,11.01,56.07,10.44,4.46,15.23,4.36,62.83,13.12,0.23,29.3,0.38,11.8,3.7,0.44,1.72,50.91
2019-06-10,7.35,10.3,8.69,0.0,8.79,24.26,5.83,5.55,29.23,19.89,2.01,45.74,32.36,,,,,,,,,,,,21.9,9.98,57.73,10.39,4.31,14.18,4.1,64.73,12.68,0.3,29.74,0.5,10.6,3.89,0.44,1.6,51.03
2019-06-11,7.61,10.15,9.23,0.0,9.39,23.5,5.64,5.47,29.01,20.16,1.99,45.35,32.5,,,,,,,,,,,,22.01,10.35,57.05,10.59,3.98,14.37,4.15,65.23,12.27,0.32,30.03,0.48,10.27,4.12,0.48,1.71,50.77
2019-06-12,8.49,10.0,8.79,0.0,8.93,24.16,5.41,5.83,28.39,19.98,2.19,44.59,33.24,,,,,,,,,,,,22.51,11.01,56.8,9.68,4.38,14.89,4.24,64.83,11.66,0.26,31.08,0.55,10.04,3.89,0.65,1.83,49.83
2019-06-13,8.79,9.54,9.41,0.0,8.86,23.52,5.39,5.77,28.72,20.2,2.12,45.07,32.61,,,,,,,,,,,,21.91,10.84,57.54,9.71,4.06,14.57,4.19,65.17,12.01,0.3,31.44,0.56,10.14,4.0,0.62,1.97,49.32
2019-06-14,8.83,9.38,9.95,0.0,8.87,23.47,5.26,5.81,28.43,20.57,2.1,45.0,32.33,,,,,,,,,,,,21.18,10.94,58.13,9.75,4.11,14.31,4.42,65.37,11.79,0.3,30.84,0.54,10.29,3.97,0.59,1.87,49.86
2019-06-15,9.16,9.04,10.08,0.0,9.2,22.67,5.15,6.03,28.67,20.67,2.14,44.17,33.02,,,,,,,,,,,,21.31,10.98,57.58,10.13,4.14,14.22,4.36,65.57,11.71,0.25,30.4,0.57,10.4,3.96,0.6,1.84,50.45
2019-06-16,9.16,9.04,10.08,0.0,9.2,22.67,5.15,6.03,28.67,20.67,2.14,44.17,33.02,,,,,,,,,,,,21.31,10.98,57.58,10.13,4.14,14.22,4.36,65.57,11.71,0.25,30.4,0.57,10.4,3.96,0.6,1.84,50.45
2019-06-17,8.88,8.81,10.39,0.0,9.41,22.56,5.26,5.92,28.77,20.43,2.29,44.75,32.53,,,,,,,,,,,,21.21,10.3,58.3,10.19,3.89,13.91,4.15,66.66,11.39,0.28,29.55,0.52,11.52,4.25,0.59,1.91,50.01
2019-06-18,8.81,8.61,10.2,0.0,9.33,23.06,5.09,6.22,28.68,20.94,2.22,44.76,32.08,,,,,,,,,,,,21.69,10.52,57.52,10.27,3.95,14.21,4.03,65.48,12.33,0.26,29.56,0.48,11.57,4.28,0.59,2.04,49.89
2019-06-19,8.51,9.18,10.27,0.0,9.71,22.97,4.98,6.23,28.15,20.31,2.05,44.76,32.88,,,,,,,,,,,,21.47,9.81,58.11,10.61,3.99,13.66,4.11,65.55,12.69,0.4,30.12,0.48,11.41,4.36,0.52,1.95,49.56
2019-06-20,8.04,9.27,10.56,0.0,9.67,23.68,5.77,5.92,27.09,20.13,2.16,44.83,32.88,,,,,,,,,,,,21.46,9.45,58.99,10.1,4.13,13.01,4.44,65.47,12.95,0.42,30.41,0.46,11.06,4.34,0.47,1.93,49.57
2019-06-21,7.78,9.17,10.58,0.0,9.7,24.45,5.17,6.23,26.92,20.38,2.19,44.94,32.49,,,,,,,,,,,,21.41,9.27,58.93,10.39,4.06,13.4,3.88,65.86,12.8,0.44,31.12,0.46,10.73,4.27,0.35,1.87,49.46
2019-06-22,8.35,9.03,10.09,0.0,9.38,23.8,5.0,6.59,27.76,20.81,2.53,44.61,32.05,,,,,,,,,,,,21.88,9.21,58.97,9.94,4.55,13.4,3.99,64.63,13.43,0.44,30.84,0.77,10.24,4.0,0.3,1.9,50.22
2019-06-23,8.35,9.03,10.09,0.0,9.38,23.8,5.0,6.59,27.76,20.81,2.53,44.61,32.05,,,,,,,,,,,,21.88,9.21,58.97,9.94,4.55,13.4,3.99,64.63,13.43,0.44,30.84,0.77,10.24,4.0,0.3,1.9,50.22
2019-06-24,8.94,9.16,10.16,0.0,8.29,23.67,5.15,6.82,27.81,20.71,2.7,43.8,32.79,,,,,,,,,,,,22.64,9.69,57.29,10.38,4.4,14.56,4.0,63.54,13.5,0.42,30.77,0.96,10.68,4.19,0.29,1.92,49.17
2019-06-25,8.87,9.32,9.95,0.0,8.46,23.89,5.35,6.85,27.31,19.85,2.77,43.34,34.04,,,,,,,,,,,,23.87,9.43,56.57,10.13,4.51,14.27,4.03,63.66,13.53,0.41,31.32,1.03,11.0,4.33,0.27,1.9,48.09
2019-06-26,9.06,9.11,10.03,0.0,8.4,24.29,5.29,6.84,26.98,19.39,2.9,43.72,33.99,,,,,,,,,,,,23.65,9.3,56.34,10.71,4.54,13.62,4.37,62.94,14.53,0.42,31.23,1.0,11.39,4.49,0.39,1.96,47.3
2019-06-27,9.41,10.01,10.24,0.0,8.09,24.59,5.58,5.74,26.34,19.08,2.31,43.57,35.04,,,,,,,,,,,,21.83,9.59,58.37,10.21,4.5,13.48,3.8,63.93,14.29,0.38,29.66,0.51,12.29,4.57,0.38,1.84,48.33
2019-06-28,9.68,9.72,10.59,0.0,8.13,23.78,4.85,5.48,27.77,19.15,2.16,42.63,36.06,,,,,,,,,,,,22.09,9.93,57.58,10.4,4.88,13.79,3.5,63.63,14.2,0.32,28.44,0.39,12.62,4.4,0.48,1.99,49.28
2019-06-29,9.1,10.08,11.01,0.0,7.99,23.37,4.23,4.83,29.39,20.66,1.99,40.87,36.48,,,,,,,,,,,,23.57,10.29,54.78,11.36,4.97,14.07,4.17,61.85,14.94,0.32,28.61,0.32,12.18,4.35,0.37,1.91,49.95
2019-06-30,9.1,10.08,11.01,0.0,7.99,23.37,4.23,4.83,29.39,20.66,1.99,40.87,36.48,,,,,,,,,,,,23.57,10.29,54.78,11.36,4.97,14.07,4.17,61.85,14.94,0.32,28.61,0.32,12.18,4.35,0.37,1.91,49.95
2019-07-01,8.92,9.36,10.77,0.0,8.03,24.32,3.97,4.76,29.87,21.26,1.93,40.12,36.69,,,,,,,,,,,,24.49,10.51,53.62,11.38,5.05,13.81,3.81,62.01,15.32,0.23,29.77,0.39,12.19,4.16,0.4,1.8,49.27
2019-07-02,9.69,9.02,11.75,0.0,7.5,24.15,3.74,4.42,29.73,21.89,1.82,40.27,36.02,,,,,,,,,,,,25.05,10.92,53.15,10.88,5.01,13.73,3.96,62.43,14.87,0.29,29.83,0.43,12.87,4.5,0.41,2.32,47.81
2019-07-03,9.32,8.7,11.21,0.0,8.12,24.66,3.82,4.87,29.3,22.76,1.72,40.23,35.29,,,,,,,,,,,,25.78,11.39,52.24,10.59,5.47,14.54,3.89,61.57,14.53,0.37,30.43,0.4,13.29,4.14,0.27,2.27,46.81
2019-07-04,8.08,9.56,10.28,0.0,8.31,25.44,4.8,4.86,28.67,22.87,1.66,40.44,35.03,,,,,,,,,,,,25.86,12.16,51.43,10.55,5.32,15.43,3.59,60.99,14.67,0.35,28.76,0.51,13.19,4.07,0.29,2.15,48.31
2019-07-05,7.94,9.8,10.17,0.0,7.98,25.78,4.94,4.9,28.49,23.33,1.72,40.11,34.84,,,,,,,,,,,,25.65,12.11,51.32,10.92,5.6,15.48,3.89,60.6,14.43,0.35,28.99,0.53,13.39,4.3,0.28,1.99,47.94
2019-07-06,7.93,9.79,10.2,0.0,7.98,25.79,4.95,4.9,28.46,23.31,1.71,40.11,34.87,,,,,,,,,,,,25.68,12.11,51.29,10.92,5.6,15.48,3.89,60.6,14.43,0.35,29.02,0.53,13.37,4.3,0.28,1.99,47.93
2019-07-07,7.93,9.79,10.2,0.0,7.98,25.79,4.95,4.9,28.46,23.31,1.71,40.11,34.87,,,,,,,,,,,,25.68,12.11,51.29,10.92,5.6,15.48,3.89,60.6,14.43,0.35,29.02,0.53,13.37,4.3,0.28,1.99,47.93
2019-07-08,8.13,9.43,10.04,0.0,7.5,26.16,5.15,4.99,28.6,22.93,1.71,41.63,33.73,,,,,,,,,,,,25.42,11.16,52.39,11.03,5.11,15.5,3.95,61.81,13.63,0.35,30.27,0.58,13.21,4.42,0.32,1.9,47.28
2019-07-09,8.1,8.97,10.02,0.0,7.6,26.16,5.73,4.6,28.82,22.89,1.69,41.57,33.85,,,,,,,,,,,,24.54,11.29,53.14,11.03,5.13,15.65,3.81,61.61,13.8,0.32,30.23,0.61,13.34,4.13,0.31,1.93,47.48
2019-07-10,7.82,8.42,9.98,0.0,7.79,26.39,5.84,4.59,29.17,23.02,1.75,40.89,34.34,,,,,,,,,,,,24.65,11.36,52.71,11.28,5.2,16.87,3.4,60.63,13.9,0.43,29.41,0.59,12.93,4.04,0.46,2.22,48.3
2019-07-11,8.15,9.37,9.62,0.0,7.82,25.64,5.76,4.51,29.13,22.4,1.74,40.42,35.44,,,,,,,,,,,,23.93,11.22,52.92,11.93,5.17,16.39,3.42,60.49,14.53,0.43,28.86,0.49,13.28,4.5,0.46,2.09,47.99
2019-07-12,8.15,9.64,9.75,0.0,8.03,25.0,5.6,4.13,29.7,22.98,1.8,40.48,34.74,,,,,,,,,,,,22.97,12.26,53.47,11.3,5.07,16.24,3.8,60.36,14.53,0.42,29.04,0.46,13.02,4.32,0.48,2.26,48.04
2019-07-13,8.13,9.64,9.75,0.0,8.03,25.05,5.62,4.14,29.64,23.04,1.8,40.5,34.66,,,,,,,,,,,,22.96,12.28,53.46,11.3,5.07,16.21,3.79,60.36,14.57,0.42,29.03,0.46,13.02,4.32,0.48,2.25,48.06
2019-07-14,8.13,9.64,9.75,0.0,8.03,25.05,5.62,4.14,29.64,23.04,1.8,40.5,34.66,,,,,,,,,,,,22.96,12.28,53.46,11.3,5.07,16.21,3.79,60.36,14.57,0.42,29.03,0.46,13.02,4.32,0.48,2.25,48.06
2019-07-15,8.76,9.68,9.65,0.0,8.26,25.57,6.3,4.12,27.66,23.49,1.97,40.01,34.53,,,,,,,,,,,,21.94,12.62,53.22,12.22,5.07,15.72,3.9,60.9,14.41,0.29,28.89,0.68,13.2,3.92,0.51,2.07,48.59
2019-07-16,9.31,9.82,9.22,0.0,8.24,25.35,6.4,4.38,27.28,23.44,1.8,39.1,35.66,,,,,,,,,,,,22.12,12.99,52.15,12.74,5.04,16.19,3.72,60.49,14.56,0.27,28.34,0.69,13.49,3.71,0.55,1.97,49.29
2019-07-17,9.31,9.82,9.22,0.0,8.24,25.35,6.4,4.38,27.28,23.44,1.8,39.1,35.66,,,,,,,,,,,,22.12,12.99,52.15,12.74,5.04,16.19,3.72,60.49,14.56,0.27,28.34,0.69,13.49,3.71,0.55,1.97,49.29
2019-07-18,9.32,10.21,9.53,0.0,8.04,24.7,6.63,4.53,27.04,23.44,1.85,39.08,35.63,,,,,,,,,,,,21.7,13.49,52.27,12.54,5.17,15.55,3.6,60.58,15.1,0.3,28.68,0.76,13.33,3.69,0.55,1.95,49.08
2019-07-19,8.94,9.25,10.1,0.0,8.1,26.47,6.32,4.74,26.08,24.24,1.81,39.76,34.19,,,,,,,,,,,,21.95,14.41,52.45,11.19,5.72,15.7,2.79,61.35,14.44,0.39,28.76,0.49,13.24,3.31,0.5,1.9,49.51
2019-07-20,8.89,9.46,9.13,0.0,8.47,27.07,5.88,4.47,26.63,25.25,1.53,39.1,34.12,,,,,,,,,,,,22.28,14.08,51.24,12.4,5.19,16.47,2.8,61.49,14.05,0.39,28.3,0.47,12.73,3.24,0.59,1.86,50.61
2019-07-21,8.89,9.46,9.13,0.0,8.47,27.07,5.88,4.47,26.63,25.25,1.53,39.1,34.12,,,,,,,,,,,,22.28,14.08,51.24,12.4,5.19,16.47,2.8,61.49,14.05,0.39,28.3,0.47,12.73,3.24,0.59,1.86,50.61
2019-07-22,8.65,9.41,9.14,0.0,8.17,28.4,5.96,4.02,26.25,25.64,1.49,39.71,33.16,,,,,,,,,,,,23.14,13.37,51.66,11.83,5.2,16.85,2.74,62.17,13.04,0.3,27.39,0.55,12.33,3.55,0.43,2.02,51.35
2019-07-23,8.42,9.55,9.16,0.0,8.42,28.49,6.08,3.98,25.9,24.59,1.47,40.38,33.56,,,,,,,,,,,,23.33,13.22,52.2,11.25,5.19,16.32,2.44,63.21,12.84,0.58,27.06,0.54,11.97,3.48,0.42,2.2,51.83
2019-07-24,8.33,9.36,9.02,0.0,9.08,28.73,6.09,3.56,25.83,24.15,1.26,40.4,34.19,,,,,,,,,,,,22.85,13.37,52.28,11.5,4.98,15.78,2.7,62.87,13.67,0.66,27.85,0.47,12.03,3.57,0.34,2.05,51.21
2019-07-25,7.36,9.12,9.64,0.0,8.9,28.3,6.42,3.73,26.53,23.58,1.2,40.11,35.11,,,,,,,,,,,,22.73,13.73,52.15,11.39,5.26,15.97,2.54,62.02,14.21,0.43,28.94,0.5,11.47,2.99,0.28,1.85,51.76
2019-07-26,7.36,9.09,10.1,0.0,8.57,28.31,6.26,3.95,26.36,22.84,1.28,39.78,36.1,,,,,,,,,,,,22.71,14.39,51.51,11.39,4.97,16.06,2.95,61.96,14.06,0.43,29.4,0.39,11.52,3.25,0.23,1.87,50.91
2019-07-27,7.46,9.22,9.65,0.0,8.18,29.63,5.08,4.46,26.32,23.32,1.3,40.18,35.2,,,,,,,,,,,,22.78,14.16,51.97,11.09,5.1,17.0,2.71,61.54,13.65,0.3,29.25,0.39,12.25,3.78,0.23,1.88,49.86
2019-07-28,7.46,9.22,9.65,0.0,8.18,29.63,5.08,4.46,26.32,23.32,1.3,40.18,35.2,,,,,,,,,,,,22.78,14.16,51.97,11.09,5.1,17.0,2.71,61.54,13.65,0.3,29.25,0.39,12.25,3.78,0.23,1.88,49.86
2019-07-29,7.26,8.73,9.49,0.0,8.33,30.61,4.95,4.66,25.97,23.0,1.29,39.63,36.08,,,,,,,,,,,,22.55,13.51,53.08,10.86,4.9,17.63,3.21,62.14,12.12,0.38,29.65,0.38,12.84,4.07,0.19,1.5,48.95
2019-07-30,7.37,8.95,8.89,0.0,8.24,30.16,4.81,4.54,27.04,23.09,1.28,39.58,36.05,,,,,,,,,,,,21.69,13.38,53.92,11.01,4.88,17.49,3.99,61.54,12.1,0.32,29.09,0.35,13.49,4.13,0.2,1.6,48.86
2019-07-31,7.07,9.08,8.7,0.0,8.42,29.87,4.94,4.68,27.24,22.75,1.34,39.39,36.52,,,,,,,,,,,,21.78,13.78,53.43,11.01,4.93,17.46,3.87,61.38,12.36,0.29,29.07,0.43,13.97,4.1,0.16,1.83,48.09
2019-08-01,7.32,9.55,9.4,0.0,8.0,28.99,4.95,4.47,27.32,22.37,1.19,40.76,35.68,,,,,,,,,,,,22.6,13.45,53.35,10.6,4.58,17.69,4.84,60.94,11.95,0.33,28.98,0.39,13.55,3.53,0.25,1.75,49.15
2019-08-02,7.12,10.48,8.65,0.0,8.45,30.0,4.78,3.95,26.57,22.84,1.16,41.61,34.39,,,,,,,,,,,,23.01,12.95,52.73,11.31,4.83,17.51,3.79,61.23,12.64,0.3,28.08,0.55,13.69,3.28,0.29,1.75,49.93
2019-08-03,7.12,10.48,8.65,0.0,8.45,30.0,4.78,3.95,26.57,22.84,1.16,41.61,34.39,,,,,,,,,,,,23.01,12.95,52.73,11.31,4.83,17.51,3.79,61.23,12.64,0.3,28.08,0.55,13.69,3.28,0.29,1.75,49.93
2019-08-04,7.12,10.48,8.65,0.0,8.45,30.0,4.78,3.95,26.57,22.84,1.16,41.61,34.39,,,,,,,,,,,,23.01,12.95,52.73,11.31,4.83,17.51,3.79,61.23,12.64,0.3,28.08,0.55,13.69,3.28,0.29,1.75,49.93
2019-08-05,7.05,10.58,8.14,0.0,8.45,28.75,5.24,4.57,27.22,23.06,1.22,40.72,35.0,,,,,,,,,,,,22.92,13.09,52.79,11.2,4.97,17.59,4.14,60.31,12.99,0.17,29.05,0.56,13.21,3.4,0.31,1.91,49.61
2019-08-06,7.05,10.88,8.04,0.0,8.42,28.45,5.53,4.55,27.08,22.87,1.16,41.28,34.69,,,,,,,,,,,,22.45,12.82,53.29,11.44,4.9,17.46,4.19,60.58,12.87,0.17,29.44,0.61,13.11,3.43,0.36,1.97,49.1
2019-08-07,7.14,11.48,7.82,0.0,7.91,28.43,5.44,4.83,26.95,22.6,1.34,41.64,34.42,,,,,,,,,,,,21.69,12.65,54.65,11.01,5.01,17.58,3.37,61.36,12.68,0.09,29.37,0.52,12.52,3.49,0.39,1.94,49.85
2019-08-08,7.27,11.89,7.92,0.0,7.82,27.77,5.29,4.93,27.11,22.46,1.34,42.26,33.94,,,,,,,,,,,,21.66,12.68,55.33,10.33,5.12,17.25,3.42,61.54,12.67,0.22,29.18,0.66,12.45,3.65,0.42,1.92,49.64
2019-08-09,7.7,11.67,8.05,0.0,7.4,27.03,5.85,4.69,27.61,23.1,1.38,41.59,33.93,,,,,,,,,,,,21.76,12.41,55.99,9.84,4.83,16.77,3.22,62.08,13.1,0.37,28.85,0.7,12.15,3.4,0.42,1.94,50.29
2019-08-10,7.76,11.7,7.54,0.0,7.01,27.76,5.69,4.68,27.86,22.9,1.57,41.34,34.19,,,,,,,,,,,,21.17,13.19,55.52,10.12,4.65,16.43,3.28,61.42,14.22,0.35,29.74,0.81,11.92,3.35,0.47,2.08,49.57
2019-08-11,7.76,11.7,7.54,0.0,7.01,27.76,5.69,4.68,27.86,22.9,1.57,41.34,34.19,,,,,,,,,,,,21.17,13.19,55.52,10.12,4.65,16.43,3.28,61.42,14.22,0.35,29.74,0.81,11.92,3.35,0.47,2.08,49.57
2019-08-12,7.76,11.7,7.54,0.0,7.01,27.76,5.69,4.68,27.86,22.9,1.57,41.34,34.19,,,,,,,,,,,,21.17,13.19,55.52,10.12,4.65,16.43,3.28,61.42,14.22,0.35,29.74,0.81,11.92,3.35,0.47,2.08,49.57
2019-08-13,7.56,11.61,7.32,0.0,7.09,28.17,5.65,4.58,28.02,23.34,1.6,41.49,33.57,,,,,,,,,,,,20.8,13.41,55.22,10.57,3.76,15.41,3.32,61.98,15.53,0.4,29.47,0.89,13.37,2.74,0.48,2.08,48.55
2019-08-14,7.56,11.62,7.32,0.0,7.09,28.2,5.64,4.55,28.02,23.36,1.59,41.5,33.55,,,,,,,,,,,,20.79,13.41,55.23,10.57,3.75,15.41,3.3,62.0,15.54,0.4,29.51,0.89,13.31,2.74,0.48,2.07,48.59
2019-08-15,7.56,11.62,7.32,0.0,7.09,28.2,5.64,4.55,28.02,23.36,1.59,41.5,33.55,,,,,,,,,,,,20.79,13.41,55.23,10.57,3.75,15.41,3.3,62.0,15.54,0.4,29.51,0.89,13.31,2.74,0.48,2.07,48.59
2019-08-16,7.74,11.3,7.49,0.0,7.18,28.78,5.21,4.29,28.01,23.62,1.59,41.91,32.88,,,,,,,,,,,,20.58,13.3,55.42,10.7,4.18,15.28,2.92,62.48,15.14,0.4,29.03,0.9,13.55,2.78,0.41,2.06,49.08
2019-08-17,8.03,11.5,6.97,0.0,7.18,30.23,5.22,4.26,26.61,22.9,1.6,42.1,33.4,,,,,,,,,,,,20.81,14.59,54.32,10.28,4.15,15.65,2.95,61.26,15.99,0.29,29.76,0.73,14.42,3.18,0.4,1.82,47.77
2019-08-18,8.03,11.5,6.97,0.0,7.18,30.23,5.22,4.26,26.61,22.9,1.6,42.1,33.4,,,,,,,,,,,,20.81,14.59,54.32,10.28,4.15,15.65,2.95,61.26,15.99,0.29,29.76,0.73,14.42,3.18,0.4,1.82,47.77
2019-08-19,7.82,11.77,6.97,0.0,7.28,29.59,5.02,4.54,27.01,22.09,1.76,42.47,33.68,,,,,,,,,,,,21.13,14.34,53.86,10.67,4.52,14.57,2.73,62.15,16.03,0.28,29.23,0.52,14.75,3.27,0.44,1.94,47.82
2019-08-20,8.05,11.45,7.07,0.0,7.37,30.18,5.59,4.63,25.66,22.62,1.87,42.79,32.72,,,,,,,,,,,,22.07,13.83,53.69,10.41,4.21,15.08,2.64,62.38,15.69,0.21,29.68,0.48,13.7,3.1,0.46,1.85,48.78
2019-08-21,7.47,11.02,7.11,0.0,7.58,30.16,5.21,5.03,26.42,22.97,1.92,42.58,32.53,,,,,,,,,,,,22.03,13.72,53.9,10.35,3.97,15.76,3.07,62.26,14.94,0.1,29.73,0.57,13.7,2.83,0.39,1.8,48.96
2019-08-22,7.48,11.13,6.92,0.0,7.63,30.2,5.23,5.03,26.38,22.77,2.0,42.48,32.75,,,,,,,,,,,,22.05,13.67,53.73,10.55,3.89,15.65,3.01,62.34,15.11,0.1,29.5,0.6,13.74,2.75,0.41,1.76,49.15
2019-08-23,7.56,11.03,6.82,0.0,7.81,30.16,5.17,5.07,26.38,22.78,2.12,42.34,32.76,,,,,,,,,,,,21.8,13.75,53.85,10.6,3.83,15.56,3.19,62.4,15.02,0.1,29.45,0.64,13.8,2.77,0.44,1.82,48.98
2019-08-24,7.56,11.03,6.82,0.0,7.81,30.16,5.17,5.07,26.38,22.78,2.12,42.34,32.76,,,,,,,,,,,,21.8,13.75,53.85,10.6,3.83,15.56,3.19,62.4,15.02,0.1,29.45,0.64,13.8,2.77,0.44,1.82,48.98
2019-08-25,7.56,11.03,6.82,0.0,7.81,30.16,5.17,5.07,26.38,22.78,2.12,42.34,32.76,,,,,,,,,,,,21.8,13.75,53.85,10.6,3.83,15.56,3.19,62.4,15.02,0.1,29.45,0.64,13.8,2.77,0.44,1.82,48.98
2019-08-26,7.5,10.93,6.83,0.0,7.93,30.2,5.14,5.07,26.4,22.81,2.24,42.23,32.72,,,,,,,,,,,,21.64,13.86,53.81,10.69,3.9,15.52,3.2,62.4,14.98,0.1,29.25,0.67,13.89,2.82,0.46,1.85,49.03
2019-08-27,7.47,10.83,6.82,0.0,8.09,30.11,5.13,5.07,26.48,22.79,2.23,42.27,32.71,,,,,,,,,,,,21.63,13.99,53.87,10.51,3.98,15.54,3.1,62.59,14.79,0.11,28.93,0.68,13.8,2.89,0.46,1.81,49.41
2019-08-28,7.35,10.97,6.38,0.0,8.01,30.32,5.16,5.1,26.71,22.81,2.42,42.22,32.55,,,,,,,,,,,,21.41,14.1,53.93,10.56,4.28,15.68,3.21,62.17,14.66,0.11,28.85,0.7,13.73,2.94,0.51,1.85,49.43
2019-08-29,6.46,10.41,6.49,0.0,8.03,31.07,5.84,4.9,26.8,22.18,3.46,41.4,32.96,,,,,,,,,,,,23.44,13.6,51.64,11.32,4.35,15.47,3.44,61.47,15.27,0.09,28.45,0.8,13.52,2.59,0.78,2.09,49.6
2019-08-30,6.71,10.21,6.83,0.0,8.03,31.61,5.15,4.92,26.54,22.28,3.7,41.18,32.84,,,,,,,,,,,,23.31,13.88,51.67,11.14,4.46,15.34,3.82,61.27,15.11,0.16,29.02,0.82,13.23,2.78,0.9,2.08,48.97
2019-08-31,6.7,10.22,6.64,0.0,8.19,31.82,5.03,4.91,26.49,22.0,3.74,41.19,33.07,,,,,,,,,,,,23.57,13.8,51.51,11.12,4.66,15.53,3.68,60.92,15.21,0.16,28.52,0.82,13.34,2.8,0.93,2.06,49.17
2019-09-01,6.7,10.22,6.64,0.0,8.19,31.82,5.03,4.91,26.49,22.0,3.74,41.19,33.07,,,,,,,,,,,,23.57,13.8,51.51,11.12,4.66,15.53,3.68,60.92,15.21,0.16,28.52,0.82,13.34,2.8,0.93,2.06,49.17
2019-09-02,6.7,10.22,6.64,0.0,8.19,31.82,5.03,4.91,26.49,22.0,3.74,41.19,33.07,,,,,,,,,,,,23.57,13.8,51.51,11.12,4.66,15.53,3.68,60.92,15.21,0.16,28.52,0.82,13.34,2.8,0.93,2.06,49.17
2019-09-03,6.62,10.2,6.58,0.0,8.18,31.92,5.08,4.88,26.54,22.0,3.83,41.19,32.98,,,,,,,,,,,,23.92,13.76,51.37,10.95,4.92,15.69,3.72,60.59,15.08,0.16,28.54,0.86,13.36,2.95,0.91,2.04,49.04
2019-09-04,6.56,10.19,6.64,0.0,8.29,31.86,5.06,4.91,26.49,21.89,3.81,41.39,32.91,,,,,,,,,,,,24.2,13.68,51.21,10.91,4.82,15.77,3.66,60.69,15.06,0.15,28.45,0.86,13.42,2.83,0.86,2.07,49.19
2019-09-05,6.51,10.11,6.78,0.0,8.15,31.84,5.14,4.96,26.51,22.3,3.87,41.4,32.43,,,,,,,,,,,,24.2,13.66,51.23,10.91,4.91,15.67,3.69,60.72,15.01,0.15,28.3,0.85,13.34,2.92,0.83,2.05,49.32
2019-09-06,6.56,10.17,6.57,0.0,8.16,31.81,5.16,4.98,26.59,22.27,3.75,41.27,32.71,,,,,,,,,,,,24.17,13.69,51.05,11.09,4.72,15.81,3.6,60.81,15.06,0.16,28.33,0.88,13.35,2.83,0.81,1.83,49.59
2019-09-07,6.55,10.12,6.7,0.0,8.09,31.86,5.06,4.99,26.63,22.43,3.72,41.14,32.71,,,,,,,,,,,,24.28,13.57,51.06,11.09,4.81,15.66,3.59,60.95,14.99,0.16,28.32,0.86,13.22,2.75,0.9,1.85,49.73
2019-09-08,6.55,10.12,6.7,0.0,8.09,31.86,5.06,4.99,26.63,22.43,3.72,41.14,32.71,,,,,,,,,,,,24.28,13.57,51.06,11.09,4.81,15.66,3.59,60.95,14.99,0.16,28.32,0.86,13.22,2.75,0.9,1.85,49.73
2019-09-09,6.48,10.15,6.97,0.0,8.14,31.79,4.97,4.97,26.53,22.45,3.54,41.0,33.01,,,,,,,,,,,,24.31,13.64,50.83,11.22,4.61,15.79,3.58,60.97,15.05,0.17,28.28,0.84,13.26,2.65,0.88,1.9,49.9
2019-09-10,6.48,10.11,6.94,0.0,8.15,31.81,4.97,4.98,26.56,22.45,3.53,40.98,33.04,,,,,,,,,,,,24.32,13.61,50.89,11.18,4.62,15.78,3.57,60.98,15.05,0.17,28.25,0.84,13.3,2.64,0.88,1.9,49.9
2019-09-11,6.54,10.17,6.97,0.0,8.08,31.8,4.93,4.98,26.53,22.45,3.5,41.13,32.92,,,,,,,,,,,,24.12,13.74,51.0,11.14,4.52,15.63,3.65,61.1,15.1,0.17,28.13,0.82,13.28,2.67,0.88,1.88,49.98
2019-09-12,6.56,10.11,6.82,0.0,8.33,31.88,4.87,4.93,26.5,22.59,3.26,41.45,32.7,,,,,,,,,,,,23.86,13.76,51.14,11.24,4.51,15.85,3.65,61.07,14.92,0.16,28.15,0.81,13.27,2.68,0.82,1.85,50.09
2019-09-13,6.7,10.09,6.95,0.0,8.36,31.96,4.8,4.93,26.21,22.72,3.15,41.31,32.82,,,,,,,,,,,,23.86,14.1,50.96,11.08,4.59,16.0,3.52,61.06,14.83,0.22,28.26,0.77,13.23,2.74,0.8,1.83,50.04
2019-09-14,6.68,10.15,6.89,0.0,8.46,31.8,4.78,4.9,26.34,22.89,3.0,41.3,32.81,,,,,,,,,,,,23.86,13.98,50.97,11.19,4.73,15.95,3.58,60.9,14.84,0.22,28.37,0.76,13.11,2.77,0.81,1.86,49.99
2019-09-15,6.68,10.15,6.89,0.0,8.46,31.8,4.78,4.9,26.34,22.89,3.0,41.3,32.81,,,,,,,,,,,,23.86,13.98,50.97,11.19,4.73,15.95,3.58,60.9,14.84,0.22,28.37,0.76,13.11,2.77,0.81,1.86,49.99
2019-09-16,6.73,10.1,6.91,0.0,8.35,32.0,4.72,4.84,26.35,23.04,2.92,41.29,32.75,,,,,,,,,,,,23.85,14.0,51.05,11.1,4.78,15.92,3.47,60.99,14.84,0.2,28.24,0.77,13.18,2.73,0.78,1.91,50.12
2019-09-17,6.64,10.07,6.79,0.0,8.46,32.0,4.76,4.85,26.43,23.27,2.86,41.18,32.69,,,,,,,,,,,,23.69,14.33,50.9,11.08,4.73,16.15,3.43,60.68,15.01,0.2,28.35,0.77,13.24,2.74,0.69,1.85,50.13
2019-09-18,6.57,9.98,6.76,0.0,8.46,32.15,4.82,4.81,26.45,23.14,2.93,41.18,32.75,,,,,,,,,,,,23.74,14.22,50.92,11.12,4.89,15.86,3.51,60.6,15.14,0.2,28.29,0.8,13.29,2.72,0.65,1.81,50.16
2019-09-19,6.61,9.53,6.81,0.0,8.37,31.59,4.77,4.44,27.88,23.34,3.57,40.7,32.39,,,,,,,,,,,,23.96,14.45,50.19,11.4,5.2,15.89,3.65,60.46,14.8,0.24,28.63,0.79,13.77,2.47,0.62,1.96,49.0
2019-09-20,6.55,9.9,6.25,0.0,7.92,32.18,5.07,4.43,27.7,24.84,2.85,39.2,33.11,,,,,,,,,,,,22.93,15.68,50.26,11.13,5.31,17.51,3.45,58.56,15.17,0.22,28.7,0.74,12.99,2.82,0.52,2.1,49.25
2019-09-21,6.57,9.11,5.98,0.0,7.96,32.64,5.22,4.52,28.0,25.68,2.43,38.66,33.23,,,,,,,,,,,,22.64,16.05,49.79,11.52,5.11,18.58,3.43,57.97,14.91,0.2,29.72,0.76,12.82,2.71,0.56,2.1,48.85
2019-09-22,6.57,9.11,5.98,0.0,7.96,32.64,5.22,4.52,28.0,25.68,2.43,38.66,33.23,,,,,,,,,,,,22.64,16.05,49.79,11.52,5.11,18.58,3.43,57.97,14.91,0.2,29.72,0.76,12.82,2.71,0.56,2.1,48.85
2019-09-23,6.46,9.09,5.71,0.0,8.1,32.76,5.36,4.55,27.97,25.89,2.43,38.7,32.98,,,,,,,,,,,,22.83,16.0,49.63,11.54,4.95,18.62,3.39,58.06,14.98,0.2,29.75,0.78,12.6,2.7,0.53,2.05,49.08
2019-09-24,6.47,9.13,5.77,0.0,8.1,32.78,5.37,4.62,27.76,26.06,2.39,38.81,32.74,,,,,,,,,,,,22.81,15.9,49.66,11.63,4.78,18.56,3.38,58.28,15.0,0.18,30.16,0.77,12.58,2.62,0.51,2.05,48.83
2019-09-25,6.66,9.2,5.73,0.0,7.87,32.84,5.32,4.65,27.73,25.96,2.4,39.0,32.64,,,,,,,,,,,,22.75,15.83,49.98,11.44,4.61,18.65,3.32,58.39,15.03,0.2,30.4,0.75,12.5,2.65,0.54,2.03,48.71
2019-09-26,6.67,9.11,5.69,0.0,8.06,32.68,5.27,4.75,27.77,25.92,2.44,38.85,32.79,,,,,,,,,,,,22.92,15.82,49.74,11.52,4.71,18.55,3.3,58.28,15.16,0.21,30.51,0.74,12.29,2.62,0.54,2.01,48.86
2019-09-27,7.5,9.51,5.31,0.0,7.9,31.76,5.96,4.88,27.18,26.05,1.92,38.74,33.29,,,,,,,,,,,,22.55,16.45,50.02,10.98,4.89,18.74,3.35,58.89,14.13,0.28,30.82,0.87,12.19,3.33,0.43,1.92,48.26
2019-09-28,7.5,9.51,5.31,0.0,7.9,31.76,5.96,4.88,27.18,26.05,1.92,38.74,33.29,,,,,,,,,,,,22.55,16.45,50.02,10.98,4.89,18.74,3.35,58.89,14.13,0.28,30.82,0.87,12.19,3.33,0.43,1.92,48.26
2019-09-29,7.5,9.51,5.31,0.0,7.9,31.76,5.96,4.88,27.18,26.05,1.92,38.74,33.29,,,,,,,,,,,,22.55,16.45,50.02,10.98,4.89,18.74,3.35,58.89,14.13,0.28,30.82,0.87,12.19,3.33,0.43,1.92,48.26
2019-09-30,7.66,9.5,5.31,0.0,7.15,31.7,5.95,4.37,28.36,27.48,1.59,38.32,32.61,,,,,,,,,,,,22.34,16.96,49.91,10.79,4.67,19.7,3.33,58.05,14.25,0.26,31.24,0.85,11.89,3.1,0.32,1.93,48.53
2019-10-01,7.52,9.34,5.32,0.0,7.21,31.93,5.95,4.3,28.43,27.63,1.67,38.09,32.61,,,,,,,,,,,,22.42,17.21,49.51,10.86,4.66,19.9,3.34,57.9,14.2,0.26,31.33,0.84,11.99,3.09,0.33,2.0,48.27
2019-10-02,7.52,9.34,5.32,0.0,7.21,31.93,5.95,4.3,28.43,27.63,1.67,38.09,32.61,,,,,,,,,,,,22.42,17.21,49.51,10.86,4.66,19.9,3.34,57.9,14.2,0.26,31.33,0.84,11.99,3.09,0.33,2.0,48.27
2019-10-03,7.43,9.53,5.4,0.0,7.18,31.9,5.94,4.2,28.42,27.61,1.71,37.98,32.7,,,,,,,,,,,,22.73,17.23,49.19,10.85,4.65,20.04,3.3,57.76,14.25,0.26,31.3,0.84,11.84,3.09,0.33,2.01,48.41
2019-10-04,7.6,9.48,5.38,0.0,7.14,31.9,6.3,4.37,27.83,27.89,1.67,37.75,32.69,,,,,,,,,,,,23.24,17.46,48.47,10.83,4.59,20.4,3.39,57.34,14.28,0.24,31.35,0.81,12.06,3.29,0.36,2.02,48.2
2019-10-05,7.33,8.46,5.63,0.0,7.45,31.02,6.83,4.17,29.11,29.28,1.31,36.3,33.11,,,,,,,,,,,,23.16,18.43,47.22,11.19,4.45,21.33,3.35,56.25,14.62,0.3,29.33,0.8,13.1,2.71,0.33,2.09,49.3
2019-10-06,7.33,8.46,5.63,0.0,7.45,31.02,6.83,4.17,29.11,29.28,1.31,36.3,33.11,,,,,,,,,,,,23.16,18.43,47.22,11.19,4.45,21.33,3.35,56.25,14.62,0.3,29.33,0.8,13.1,2.71,0.33,2.09,49.3
2019-10-07,7.04,8.16,5.57,0.0,7.53,30.9,6.76,4.3,29.74,29.5,1.28,35.75,33.47,,,,,,,,,,,,22.65,18.97,46.65,11.73,4.51,21.64,3.45,55.62,14.78,0.28,28.93,0.86,13.6,2.75,0.31,1.87,49.28
2019-10-08,7.04,8.16,5.57,0.0,7.53,30.9,6.76,4.3,29.74,29.5,1.28,35.75,33.47,,,,,,,,,,,,22.65,18.97,46.65,11.73,4.51,21.64,3.45,55.62,14.78,0.28,28.93,0.86,13.6,2.75,0.31,1.87,49.28
2019-10-09,7.1,7.97,5.47,0.0,7.57,31.0,6.82,4.27,29.8,29.58,1.22,35.82,33.38,,,,,,,,,,,,22.87,18.88,46.71,11.54,4.46,21.73,3.48,55.48,14.85,0.27,28.82,0.84,13.65,2.7,0.31,1.87,49.44
2019-10-10,7.22,7.92,5.54,0.0,7.54,31.12,6.77,4.26,29.63,29.49,1.19,35.9,33.42,,,,,,,,,,,,22.78,18.83,47.01,11.38,4.47,21.77,3.49,55.53,14.74,0.27,28.91,0.83,13.71,2.7,0.31,1.87,49.31
2019-10-11,7.47,7.7,5.58,0.0,7.21,30.94,6.36,4.37,30.37,31.14,1.0,35.27,32.59,,,,,,,,,,,,23.05,19.7,45.59,11.66,4.87,22.64,4.03,53.35,15.11,0.21,28.58,0.77,13.96,2.8,0.38,1.63,49.68
2019-10-12,7.34,7.66,5.17,0.0,7.36,31.26,6.23,4.19,30.79,32.02,0.84,34.38,32.76,9.52,2.5,16.73,31.32,33.09,2.28,4.56,33.54,55.67,5.56,5.23,23.57,19.54,45.27,11.62,4.78,23.44,4.0,51.78,16.0,0.18,29.09,0.81,14.03,2.96,0.35,1.8,48.78
2019-10-13,7.34,7.66,5.17,0.0,7.36,31.26,6.23,4.19,30.79,32.02,0.84,34.38,32.76,9.55,2.51,16.74,31.24,33.1,2.29,4.57,33.57,55.61,5.57,5.25,23.57,19.54,45.27,11.62,4.78,23.44,4.0,51.78,16.0,0.18,29.09,0.81,14.03,2.96,0.35,1.8,48.78
2019-10-14,7.27,7.73,5.31,0.0,7.42,31.08,6.22,4.26,30.71,32.39,0.85,33.96,32.8,9.52,2.55,16.81,31.51,32.78,2.26,4.57,33.62,55.56,5.56,5.26,23.52,19.67,45.13,11.68,4.77,23.39,4.08,51.63,16.13,0.2,28.95,0.82,14.07,2.93,0.32,1.76,48.88
2019-10-15,7.43,7.66,5.34,0.0,7.44,30.97,6.12,4.26,30.78,32.28,0.78,34.07,32.87,9.74,2.51,16.71,31.67,32.75,2.02,4.6,33.38,55.83,5.5,5.29,23.65,19.72,45.0,11.63,4.8,23.29,4.09,51.66,16.16,0.17,28.71,0.82,13.96,2.94,0.35,1.74,49.18
2019-10-16,7.46,7.64,5.56,0.0,7.46,30.76,6.2,4.26,30.66,32.17,0.76,33.94,33.13,9.48,2.5,17.09,31.4,32.83,2.02,4.68,33.24,56.07,5.34,5.35,23.49,19.81,44.97,11.73,4.77,23.34,4.12,51.69,16.08,0.16,28.49,0.82,14.04,3.1,0.35,1.76,49.26
2019-10-17,7.4,7.77,5.38,0.0,7.62,30.86,6.23,4.21,30.53,32.55,0.7,33.82,32.93,9.37,2.38,16.94,30.31,31.57,2.02,7.41,32.39,54.26,5.34,8.01,23.46,19.87,44.92,11.75,4.75,23.31,4.02,51.79,16.13,0.16,28.41,0.83,14.06,3.07,0.36,1.75,49.3
2019-10-18,7.26,8.34,5.59,0.0,7.52,31.05,6.29,4.14,29.81,33.16,0.69,33.29,32.86,9.4,2.33,16.99,30.36,31.35,2.13,7.44,32.19,54.32,5.39,8.1,23.68,19.98,44.49,11.85,4.58,24.58,4.0,50.8,16.04,0.16,28.42,0.78,13.92,3.14,0.36,1.63,49.59
2019-10-19,6.66,8.77,5.3,0.0,7.77,30.98,5.61,4.25,30.66,32.67,0.75,34.03,32.55,9.09,2.53,17.82,29.2,31.04,2.14,8.18,34.57,51.04,5.55,8.84,22.75,20.68,45.38,11.19,5.46,23.51,3.88,51.74,15.41,0.15,28.08,0.7,13.46,3.15,0.26,1.75,50.55
2019-10-20,6.66,8.77,5.3,0.0,7.77,30.98,5.61,4.25,30.66,32.67,0.75,34.03,32.55,9.09,2.52,17.27,30.16,30.84,2.17,7.95,33.63,52.13,5.62,8.62,22.75,20.68,45.38,11.19,5.46,23.51,3.88,51.74,15.41,0.15,28.08,0.7,13.46,3.15,0.26,1.75,50.55
2019-10-21,6.61,8.71,5.33,0.0,7.85,30.97,5.53,4.34,30.66,32.61,0.73,34.05,32.61,8.15,2.55,16.9,27.56,28.56,1.86,14.42,32.51,47.33,4.96,15.2,22.65,20.56,45.52,11.27,5.48,23.51,3.87,51.72,15.42,0.16,28.11,0.7,13.44,3.16,0.26,1.73,50.57
2019-10-22,6.54,8.75,5.42,0.0,7.96,31.41,5.55,4.2,30.17,32.87,0.68,34.15,32.3,8.59,2.68,16.16,27.44,28.49,1.97,14.67,32.38,47.05,5.64,14.93,22.68,20.89,45.53,10.9,5.55,23.7,3.79,51.55,15.41,0.18,27.96,0.6,13.21,3.33,0.25,1.68,50.99
2019-10-23,6.55,8.8,5.32,0.0,8.12,31.54,5.6,4.19,29.88,32.81,0.65,34.33,32.21,9.79,2.77,16.91,29.24,32.3,2.74,6.25,33.68,54.55,5.85,5.92,22.59,20.95,45.54,10.92,5.43,23.92,3.81,51.56,15.28,0.16,27.97,0.6,13.24,3.29,0.27,1.65,50.97
2019-10-24,6.52,8.79,5.32,0.0,8.1,31.57,5.62,4.19,29.89,32.75,0.64,34.42,32.19,9.66,2.59,16.97,29.26,32.59,2.73,6.2,33.5,54.44,5.9,6.16,22.55,21.03,45.49,10.93,5.42,23.99,3.82,51.53,15.24,0.16,27.92,0.59,13.19,3.26,0.27,1.65,51.11
2019-10-25,6.5,8.72,5.24,0.0,8.23,31.57,5.63,4.19,29.92,32.67,0.66,34.46,32.21,9.27,2.6,16.76,29.53,32.5,2.65,6.69,34.03,53.5,6.07,6.4,22.56,21.06,45.36,11.02,5.52,24.03,3.78,51.44,15.23,0.16,27.92,0.59,13.12,3.34,0.27,1.66,51.09
2019-10-26,6.5,8.72,5.24,0.0,8.23,31.57,5.63,4.19,29.92,32.67,0.66,34.46,32.21,9.53,2.48,16.68,29.49,32.64,2.54,6.64,33.68,53.47,6.24,6.61,22.56,21.06,45.36,11.02,5.52,24.03,3.78,51.44,15.23,0.16,27.92,0.59,13.12,3.34,0.27,1.66,51.09
2019-10-27,6.5,8.72,5.24,0.0,8.23,31.57,5.63,4.19,29.92,32.67,0.66,34.46,32.21,9.56,2.51,16.71,29.54,32.46,2.59,6.63,34.03,53.39,6.0,6.58,22.56,21.06,45.36,11.02,5.52,24.03,3.78,51.44,15.23,0.16,27.92,0.59,13.12,3.34,0.27,1.66,51.09
2019-10-28,6.5,8.72,5.24,0.0,8.23,31.57,5.63,4.19,29.92,32.67,0.66,34.46,32.21,9.45,2.47,16.57,29.43,32.87,2.54,6.67,33.49,53.67,6.19,6.65,22.56,21.06,45.36,11.02,5.52,24.03,3.78,51.44,15.23,0.16,27.92,0.59,13.12,3.34,0.27,1.66,51.09
2019-10-29,6.5,8.72,5.24,0.0,8.23,31.57,5.63,4.19,29.92,32.67,0.66,34.46,32.21,9.43,2.47,16.62,29.28,33.02,2.55,6.63,33.49,53.79,6.14,6.58,22.56,21.06,45.36,11.02,5.52,24.03,3.78,51.44,15.23,0.16,27.92,0.59,13.12,3.34,0.27,1.66,51.09
2019-10-30,6.55,8.68,5.13,0.0,8.18,31.62,5.58,4.21,30.05,32.5,0.6,34.65,32.25,9.41,2.75,16.9,29.96,32.14,2.58,6.26,34.37,53.36,5.74,6.53,22.35,21.13,45.52,11.0,5.66,23.88,3.74,51.62,15.1,0.16,27.98,0.59,12.87,3.34,0.27,1.65,51.3
2019-10-31,6.87,8.49,5.1,0.0,8.35,31.92,5.67,4.2,29.4,30.77,0.56,35.35,33.32,9.03,3.21,18.19,28.3,33.34,2.83,5.1,34.23,55.03,5.5,5.24,22.48,20.86,45.52,11.14,5.89,22.51,4.25,52.28,15.07,0.3,28.0,0.56,13.09,3.58,0.27,1.58,50.85
2019-11-01,6.73,9.33,4.79,0.0,8.19,31.17,5.82,4.47,29.5,30.13,0.59,35.02,34.26,8.64,3.12,18.62,29.12,33.48,2.6,4.42,35.42,53.65,6.19,4.74,22.52,19.83,45.91,11.74,5.6,22.59,4.69,52.52,14.6,0.37,28.99,0.6,12.39,3.63,0.34,1.85,50.25
2019-11-02,6.8,9.36,4.77,0.0,8.18,31.15,5.76,4.4,29.58,29.8,0.59,35.07,34.54,8.43,3.18,18.59,29.46,33.3,2.61,4.43,35.53,53.43,6.23,4.81,22.83,19.95,45.66,11.56,5.6,22.5,4.73,52.56,14.61,0.5,29.1,0.54,12.46,3.65,0.34,1.79,50.0
2019-11-03,6.96,9.74,4.68,0.0,7.84,31.32,5.97,4.43,29.06,29.28,0.55,35.84,34.33,8.39,3.12,19.04,29.17,33.25,2.6,4.43,35.57,53.52,6.13,4.78,22.94,19.39,46.07,11.6,5.29,22.48,4.74,53.03,14.46,0.49,29.69,0.42,12.39,3.67,0.34,1.72,49.61
2019-11-04,7.05,9.33,4.48,0.0,7.72,32.23,6.61,4.31,28.27,28.95,0.48,35.87,34.7,7.61,3.15,18.88,29.83,33.54,2.87,4.12,35.65,54.83,4.63,4.89,22.91,20.07,45.1,11.92,5.28,23.77,4.48,52.27,14.2,0.61,29.91,0.56,12.26,3.58,0.41,1.8,49.41
2019-11-05,6.88,9.12,4.68,0.0,7.67,32.18,7.11,4.14,28.22,28.63,0.43,35.88,35.06,7.56,3.12,19.06,29.77,33.62,2.75,4.12,36.28,53.98,4.93,4.81,23.0,20.19,44.96,11.85,5.14,23.88,4.24,52.32,14.42,0.43,29.81,0.55,11.89,3.34,0.41,1.81,50.16
2019-11-06,6.99,9.2,4.73,0.0,7.58,31.93,7.13,4.0,28.44,28.96,0.41,36.49,34.14,7.66,3.14,19.21,29.36,33.42,2.89,4.32,36.4,53.63,5.03,4.94,23.27,20.7,44.61,11.42,5.71,23.3,4.18,52.03,14.78,0.46,29.65,0.57,11.71,3.41,0.37,1.86,50.24
2019-11-07,7.17,9.28,4.51,0.0,7.98,31.84,7.21,4.08,27.93,29.12,0.4,36.76,33.72,7.87,3.25,18.98,29.1,33.67,2.86,4.27,36.78,53.26,5.06,4.9,23.5,20.89,44.06,11.55,5.84,23.37,3.94,51.5,15.35,0.48,30.19,0.56,11.78,3.45,0.37,1.82,49.76
2019-11-08,7.17,9.23,4.56,0.0,8.04,31.48,7.33,3.94,28.25,29.65,0.44,36.25,33.66,7.83,3.18,19.29,28.9,33.86,2.79,4.15,36.78,53.3,4.99,4.93,23.86,20.63,43.56,11.95,6.01,23.53,3.77,51.46,15.23,0.49,30.75,0.56,11.52,3.34,0.38,1.78,49.42
2019-11-09,7.31,8.98,4.54,0.0,7.8,31.65,7.51,3.87,28.34,30.27,0.46,36.49,32.78,7.8,3.21,19.19,28.92,33.93,2.81,4.14,36.66,53.31,5.09,4.94,23.87,20.68,43.54,11.91,5.89,23.63,3.78,51.4,15.3,0.49,30.54,0.56,11.52,3.31,0.38,1.87,49.55
2019-11-10,7.38,9.47,4.41,0.0,7.77,31.66,7.32,3.88,28.11,30.25,0.45,36.9,32.4,7.91,3.16,19.22,28.98,33.84,2.79,4.1,36.64,53.27,5.17,4.92,24.53,20.34,43.36,11.77,5.92,23.77,3.57,51.52,15.22,0.5,30.31,0.56,11.52,3.31,0.38,1.86,49.77
2019-11-11,7.57,9.13,4.21,0.0,7.66,32.22,7.63,3.83,27.75,29.96,0.49,37.28,32.27,7.77,3.17,19.16,29.18,33.85,2.8,4.07,36.52,53.34,5.2,4.94,24.69,20.45,42.86,12.0,5.88,24.13,3.44,51.52,15.03,0.51,30.27,0.6,11.6,3.28,0.36,1.82,49.69
2019-11-12,7.47,8.82,4.21,0.0,7.77,32.5,7.65,3.81,27.77,30.11,0.51,37.17,32.21,7.82,3.17,19.28,28.99,33.85,2.78,4.11,36.58,53.24,5.22,4.96,24.52,20.69,42.87,11.92,5.95,24.66,3.34,51.1,14.95,0.5,30.29,0.6,11.52,3.36,0.36,1.83,49.56
2019-11-13,7.34,8.58,4.2,0.0,7.92,32.01,8.07,3.81,28.07,30.4,0.5,36.99,32.11,7.82,3.19,19.19,29.17,33.84,2.8,3.99,36.52,53.23,5.25,5.0,24.97,20.8,42.57,11.66,6.18,24.82,3.34,50.75,14.91,0.52,30.44,0.59,12.03,3.13,0.33,1.7,49.44
2019-11-14,7.32,8.57,4.29,0.0,7.87,31.69,8.28,3.78,28.2,30.81,0.39,37.07,31.73,7.85,3.28,18.99,29.15,33.87,2.8,4.06,36.79,52.87,5.22,5.12,25.32,20.92,42.24,11.52,6.15,25.16,3.42,50.72,14.55,0.55,30.42,0.54,12.32,3.12,0.33,1.75,48.82
2019-11-15,7.44,8.27,4.55,0.0,7.84,32.13,8.04,3.6,28.13,31.25,0.44,36.76,31.55,7.62,3.39,19.05,29.3,33.92,2.79,3.93,36.73,52.99,5.22,5.06,25.19,21.62,41.77,11.42,6.07,25.85,3.56,50.27,14.25,0.37,30.41,0.54,12.75,3.17,0.38,1.85,48.53
2019-11-16,7.62,8.63,4.64,0.0,7.72,31.37,8.4,3.56,28.06,30.77,0.43,36.79,32.01,7.65,3.35,19.29,29.5,33.72,2.71,3.78,37.13,52.55,5.22,5.1,25.31,21.46,41.62,11.61,5.99,25.06,4.27,50.5,14.18,0.39,30.2,0.48,12.8,3.0,0.37,1.86,48.83
2019-11-17,7.78,8.44,4.63,0.0,7.6,31.41,8.31,3.48,28.35,30.69,0.42,36.79,32.1,7.68,3.34,19.24,29.48,33.74,2.73,3.79,37.05,52.68,5.18,5.09,25.43,21.25,41.64,11.68,6.16,24.67,4.27,50.53,14.37,0.4,30.0,0.47,12.76,3.13,0.32,1.9,48.77
2019-11-18,7.99,8.62,4.56,0.0,7.48,31.48,8.21,3.3,28.36,31.16,0.44,36.44,31.96,7.6,3.36,19.19,29.39,33.89,2.72,3.85,37.19,52.44,5.22,5.15,25.51,21.04,41.76,11.69,6.12,24.48,4.25,50.48,14.67,0.4,30.22,0.5,12.39,3.05,0.28,1.9,48.95
2019-11-19,7.75,8.59,4.46,0.0,7.51,31.51,8.66,3.28,28.24,31.26,0.48,36.58,31.68,7.56,3.32,19.35,29.34,33.91,2.62,3.9,37.19,52.21,5.35,5.25,25.83,21.03,41.6,11.54,6.12,24.34,4.32,50.59,14.63,0.38,30.51,0.47,12.11,3.08,0.25,1.97,48.99
2019-11-20,7.78,8.38,4.55,0.0,7.36,31.08,8.86,3.22,28.77,31.42,0.43,36.58,31.57,7.51,3.24,19.24,29.67,33.81,2.62,3.91,37.11,52.22,5.33,5.34,25.94,20.78,41.59,11.69,5.75,24.37,4.45,50.97,14.46,0.42,30.24,0.49,12.02,3.07,0.26,1.9,49.22
2019-11-21,8.01,8.42,4.5,0.0,7.18,31.1,8.98,2.93,28.88,31.81,0.45,36.62,31.12,7.68,3.22,19.23,29.78,33.54,2.64,3.91,37.04,52.18,5.29,5.49,26.1,20.85,41.67,11.38,6.01,24.5,4.43,50.98,14.08,0.45,30.17,0.49,12.27,2.9,0.23,1.85,49.21
2019-11-22,8.09,8.55,4.57,0.0,7.05,31.09,8.74,3.02,28.89,31.33,0.49,37.26,30.92,7.53,3.24,19.12,30.07,33.48,2.64,3.92,36.78,52.65,5.13,5.44,25.94,21.13,41.63,11.3,5.99,24.65,4.43,50.7,14.23,0.43,30.3,0.49,12.33,2.93,0.25,1.81,49.04
2019-11-23,8.04,8.51,4.58,0.0,7.15,30.65,8.78,2.97,29.32,31.55,0.5,37.33,30.62,7.53,3.27,19.37,30.36,33.03,2.6,3.84,37.1,52.42,5.14,5.34,25.56,21.53,41.37,11.54,5.64,24.97,4.43,50.79,14.17,0.45,30.93,0.45,12.43,2.88,0.26,1.72,48.45
2019-11-24,7.76,8.07,4.46,0.0,7.08,31.08,8.99,3.07,29.49,31.69,0.51,37.52,30.28,7.41,3.28,19.41,30.16,33.27,2.63,3.84,37.03,52.46,5.16,5.35,25.01,21.65,41.8,11.54,5.6,25.13,4.38,50.53,14.36,0.44,30.64,0.46,12.82,2.78,0.26,1.68,48.55
2019-11-25,7.64,7.97,4.37,0.0,7.02,31.12,8.84,3.06,29.98,31.22,0.43,37.83,30.52,7.27,3.3,19.46,30.55,32.85,2.69,3.88,36.85,52.6,5.12,5.43,24.86,21.63,41.71,11.8,5.84,25.1,4.47,50.28,14.31,0.43,29.79,0.45,13.0,2.89,0.26,1.67,49.26
2019-11-26,7.75,8.06,4.38,0.0,7.03,31.77,8.34,3.07,29.6,31.15,0.46,38.12,30.27,7.28,3.27,19.56,30.58,32.75,2.71,3.85,36.77,52.78,5.1,5.35,24.82,21.95,41.52,11.71,5.6,25.36,4.76,49.97,14.31,0.46,30.27,0.45,12.72,2.65,0.28,1.64,49.28
2019-11-27,7.87,8.35,4.29,0.0,6.84,31.59,8.45,3.14,29.47,30.88,0.43,38.25,30.44,7.33,3.23,19.75,30.61,32.51,2.6,3.97,36.58,53.02,5.15,5.25,24.87,21.93,42.0,11.2,5.32,25.6,4.73,49.97,14.38,0.46,30.35,0.47,12.71,2.69,0.28,1.73,49.53
2019-11-28,7.86,8.42,4.24,0.0,6.75,31.79,8.43,3.05,29.46,30.21,0.47,38.82,30.5,7.04,3.26,19.89,30.72,32.43,2.62,4.04,36.55,53.0,5.23,5.22,24.6,21.14,42.54,11.72,5.14,25.18,4.74,50.31,14.63,0.43,30.58,0.49,12.81,2.74,0.26,1.81,49.1
2019-11-29,7.35,7.77,4.37,0.0,6.63,32.26,8.71,3.03,29.88,30.3,0.45,39.16,30.09,7.04,3.09,19.64,31.52,32.25,2.71,3.75,36.45,53.13,5.46,4.96,24.04,21.85,42.42,11.69,4.83,25.53,4.34,50.62,14.68,0.36,30.18,0.57,12.99,2.95,0.28,2.08,48.32
2019-11-30,7.3,7.9,4.23,0.0,6.69,32.26,8.39,3.05,30.18,30.43,0.43,38.99,30.15,7.16,3.14,19.45,31.59,32.36,2.65,3.65,36.23,53.47,5.51,4.79,23.89,21.95,42.21,11.95,4.84,25.42,4.58,50.16,15.0,0.33,29.69,0.73,12.94,3.02,0.25,2.21,48.37
2019-12-01,7.47,7.75,4.28,0.0,6.73,32.06,8.18,2.98,30.55,30.08,0.44,38.91,30.57,7.11,3.11,19.35,31.71,32.38,2.68,3.66,36.1,53.65,5.43,4.82,24.02,21.89,42.24,11.85,4.98,25.71,4.66,49.59,15.06,0.33,29.36,0.74,12.94,3.03,0.25,2.23,48.61
2019-12-02,7.71,7.93,4.25,0.0,6.56,32.98,8.06,2.81,29.7,29.74,0.4,38.32,31.54,7.16,3.05,18.98,31.75,33.0,2.58,3.48,35.69,54.06,5.51,4.74,23.34,22.42,42.1,12.14,5.14,25.6,4.72,49.28,15.26,0.22,29.35,0.67,13.08,3.07,0.29,2.14,48.57
2019-12-03,7.73,8.08,4.08,0.0,6.61,32.69,8.05,2.82,29.94,29.95,0.43,38.4,31.22,7.24,3.02,18.89,31.89,33.06,2.47,3.43,35.69,54.25,5.49,4.57,23.56,22.54,41.83,12.07,5.03,25.49,4.72,49.55,15.21,0.22,29.33,0.73,12.84,2.95,0.27,2.25,48.75
2019-12-04,7.74,7.93,4.16,0.0,6.63,32.64,7.76,2.73,30.41,29.9,0.4,38.49,31.21,7.09,3.09,18.91,31.94,33.03,2.53,3.41,35.63,54.34,5.39,4.64,23.66,22.31,41.92,12.11,5.01,25.71,4.55,49.58,15.15,0.24,29.18,0.68,12.97,2.93,0.28,2.33,49.12
2019-12-05,7.76,7.97,4.18,0.0,6.5,32.65,7.65,2.66,30.63,29.88,0.42,38.32,31.38,7.04,3.1,18.71,32.04,33.2,2.51,3.4,35.53,54.53,5.31,4.63,23.94,22.21,41.56,12.29,5.01,25.38,4.62,49.7,15.29,0.23,28.45,0.71,13.28,2.91,0.25,2.06,49.83
2019-12-06,8.0,7.89,4.28,0.0,6.77,32.92,7.65,2.39,30.1,30.94,0.41,37.6,31.05,6.94,3.08,18.21,32.3,33.51,2.63,3.33,35.27,54.92,5.24,4.57,24.09,22.05,41.51,12.35,4.84,25.65,4.44,49.51,15.56,0.23,28.39,0.95,13.21,2.95,0.32,2.08,49.65
2019-12-07,8.03,8.0,4.31,0.0,6.85,33.16,7.49,2.32,29.84,31.05,0.44,37.75,30.76,6.9,3.05,18.22,32.33,33.69,2.55,3.26,35.09,55.26,5.1,4.55,24.33,22.21,41.28,12.18,4.8,25.5,4.16,49.86,15.68,0.23,28.86,0.68,13.15,3.09,0.34,2.11,49.23
2019-12-08,7.96,7.88,4.36,0.0,6.75,32.97,7.82,2.34,29.92,30.92,0.43,37.64,31.01,6.85,3.05,18.34,32.35,33.55,2.59,3.27,35.29,55.05,5.11,4.55,24.23,22.06,41.38,12.33,4.84,25.08,4.15,50.42,15.51,0.23,29.11,0.65,13.06,2.99,0.34,1.96,49.21
2019-12-09,7.8,7.94,4.36,0.0,6.83,32.76,8.16,2.26,29.89,30.59,0.49,37.41,31.51,6.82,3.0,18.29,32.41,33.65,2.54,3.29,35.17,55.29,5.03,4.51,24.03,21.69,42.0,12.28,4.76,24.98,4.19,50.41,15.66,0.23,28.59,0.65,13.24,2.99,0.37,1.93,49.54
2019-12-10,7.75,7.98,4.38,0.0,7.05,32.72,8.48,2.18,29.46,31.19,0.45,37.47,30.89,6.68,3.05,18.41,32.55,33.22,2.7,3.39,34.9,55.06,5.49,4.55,25.0,20.64,42.1,12.26,4.68,25.02,4.16,50.52,15.62,0.27,28.79,0.61,13.25,3.02,0.34,1.91,49.31
2019-12-11,7.61,7.65,4.3,0.0,7.01,32.35,8.29,2.33,30.46,31.58,0.43,37.33,30.66,6.59,3.04,18.5,32.8,33.04,2.64,3.39,35.1,54.92,5.44,4.54,25.15,20.51,42.01,12.33,4.6,25.12,4.38,50.16,15.74,0.19,28.77,0.62,13.75,2.9,0.37,1.95,49.08
2019-12-12,7.5,7.64,4.3,0.0,7.05,32.32,8.27,2.35,30.57,31.82,0.47,37.33,30.38,6.61,3.03,18.53,32.62,33.2,2.63,3.38,34.93,55.13,5.37,4.57,25.65,20.29,42.18,11.88,4.55,25.05,4.23,49.9,16.27,0.12,28.76,0.63,13.58,2.92,0.36,1.91,49.35
2019-12-13,7.5,7.41,4.36,0.0,7.08,32.48,7.85,2.4,30.92,31.77,0.43,37.59,30.21,6.58,3.11,18.45,32.71,33.13,2.61,3.41,34.99,55.02,5.42,4.57,26.02,19.56,42.68,11.74,4.6,24.68,4.29,49.94,16.49,0.12,29.04,0.64,13.32,2.97,0.32,1.99,49.22
2019-12-14,7.33,7.05,4.34,0.0,7.03,32.32,7.96,2.29,31.68,32.23,0.39,37.44,29.94,6.59,3.08,18.5,32.75,33.1,2.59,3.39,35.0,55.02,5.43,4.55,26.43,19.93,41.99,11.65,4.55,25.47,4.31,49.2,16.47,0.12,28.85,0.64,13.12,3.23,0.33,1.94,49.43
2019-12-15,7.65,6.96,4.41,0.0,6.94,31.76,8.26,2.31,31.71,32.14,0.44,36.86,30.56,6.5,3.08,18.56,32.87,32.91,2.59,3.49,35.01,54.93,5.43,4.63,26.27,19.99,42.01,11.73,4.59,25.18,4.19,49.53,16.51,0.14,28.54,0.66,13.48,3.25,0.43,1.78,49.51
2019-12-16,7.67,6.97,4.39,0.0,6.96,31.56,8.61,2.31,31.53,31.91,0.48,36.75,30.86,6.49,3.08,18.51,33.02,32.83,2.57,3.5,34.86,55.03,5.46,4.65,26.41,20.01,41.97,11.61,4.52,25.19,4.29,49.48,16.52,0.14,28.4,0.69,13.79,3.37,0.44,1.77,49.25
2019-12-17,7.75,6.8,4.41,0.0,7.11,31.57,8.63,2.33,31.4,32.12,0.48,36.24,31.16,6.46,3.12,18.5,33.01,32.82,2.59,3.5,35.01,54.9,5.47,4.62,26.18,20.25,41.96,11.61,4.48,25.34,4.37,49.17,16.64,0.14,28.63,0.7,13.85,3.36,0.45,1.76,48.85
2019-12-18,7.84,7.07,4.42,0.0,7.4,31.22,8.79,2.35,30.91,32.0,0.48,36.21,31.31,6.49,3.08,18.45,33.11,32.81,2.56,3.5,34.93,55.01,5.44,4.62,26.01,20.36,42.1,11.53,4.33,25.51,4.34,49.31,16.51,0.2,29.3,0.7,13.27,3.35,0.45,1.78,48.66
2019-12-19,7.66,7.17,4.36,0.0,7.08,31.35,8.79,2.27,31.32,32.18,0.49,36.39,30.94,6.45,3.05,18.56,33.29,32.62,2.55,3.48,34.83,55.11,5.44,4.62,25.86,20.34,42.44,11.36,4.4,25.32,4.33,49.41,16.54,0.2,29.08,0.78,13.16,3.31,0.42,1.79,48.82
2019-12-20,8.02,7.25,4.43,0.0,7.05,31.34,8.77,2.21,30.93,31.77,0.53,36.78,30.92,6.53,3.06,18.59,33.23,32.55,2.55,3.49,34.82,55.02,5.5,4.66,25.7,20.36,42.64,11.3,4.2,25.07,4.63,49.47,16.63,0.2,29.34,0.78,13.18,3.27,0.42,1.89,48.62
2019-12-21,7.96,7.47,4.47,0.0,7.08,31.41,8.68,2.23,30.7,31.11,0.49,37.15,31.25,6.52,3.05,18.65,33.16,32.6,2.53,3.49,34.92,54.98,5.46,4.64,26.44,19.91,42.36,11.29,4.26,24.64,4.74,49.68,16.68,0.18,29.62,0.77,12.42,3.22,0.42,1.88,48.92
2019-12-22,8.1,7.65,4.47,0.0,7.25,31.44,8.16,2.29,30.64,31.59,0.48,37.13,30.8,6.5,3.09,18.64,33.09,32.62,2.56,3.5,34.76,55.09,5.48,4.67,26.65,20.25,41.87,11.23,4.08,24.77,4.83,49.95,16.37,0.21,30.04,0.72,12.09,3.25,0.43,1.85,48.84
2019-12-23,8.49,7.79,4.47,0.0,6.76,31.03,8.36,2.26,30.84,32.17,0.48,36.74,30.61,6.49,3.05,18.51,33.28,32.56,2.56,3.55,34.62,55.23,5.52,4.63,26.46,21.13,41.47,10.94,4.34,24.84,5.02,49.69,16.11,0.2,30.14,0.72,12.0,3.23,0.37,1.75,49.12
2019-12-24,8.4,7.93,4.41,0.0,6.64,31.3,8.45,2.3,30.57,31.6,0.44,36.82,31.14,6.47,3.04,18.56,33.07,32.73,2.58,3.55,34.49,55.4,5.43,4.68,26.74,20.56,41.68,11.02,4.31,24.39,5.1,50.09,16.11,0.2,30.38,0.74,11.84,3.13,0.38,1.94,48.79
2019-12-25,8.45,8.03,4.35,0.0,6.64,31.55,8.34,2.41,30.23,31.39,0.43,37.37,30.81,6.46,3.07,18.59,33.11,32.61,2.6,3.56,34.47,55.38,5.46,4.69,26.1,20.91,42.22,10.77,4.32,24.39,5.17,50.39,15.73,0.34,30.14,0.71,12.06,3.2,0.37,1.91,48.76
2019-12-26,8.5,8.09,4.3,0.0,6.46,31.99,8.14,2.52,30.0,30.89,0.46,37.75,30.9,6.54,3.02,18.25,33.37,32.86,2.52,3.44,34.45,55.26,5.58,4.71,26.09,20.47,42.55,10.89,4.24,24.45,5.01,50.33,15.97,0.35,30.46,0.71,12.51,2.86,0.38,1.87,48.47
2019-12-27,8.52,7.93,4.32,0.0,6.27,32.31,8.22,2.51,29.92,29.48,0.44,38.28,31.8,6.32,3.01,17.93,33.1,33.42,2.61,3.61,34.7,54.81,5.35,5.14,26.87,19.96,42.54,10.63,4.74,24.3,5.28,49.81,15.87,0.35,30.46,1.16,12.58,2.8,0.4,1.9,48.26
2019-12-28,8.55,8.13,4.26,0.0,6.11,32.42,8.31,2.46,29.76,29.29,0.45,38.51,31.75,6.31,2.89,17.82,33.13,33.81,2.56,3.48,34.83,55.12,5.22,4.83,27.03,20.35,42.14,10.48,4.84,24.52,5.28,49.3,16.06,0.35,30.17,1.17,12.49,3.01,0.43,1.93,48.27
2019-12-29,9.05,8.24,4.25,0.0,5.97,32.93,8.36,2.37,28.83,29.47,0.54,38.45,31.54,6.33,2.94,17.76,33.1,33.85,2.55,3.47,34.77,55.11,5.28,4.84,26.38,20.62,42.63,10.37,4.87,24.38,5.24,49.4,16.11,0.37,30.15,1.11,12.27,3.09,0.43,1.89,48.46
2019-12-30,8.66,8.71,4.02,0.0,6.22,33.5,8.36,2.31,28.22,29.22,0.55,38.29,31.94,5.94,2.9,18.17,33.21,33.8,2.51,3.47,35.05,54.87,5.34,4.74,26.81,20.04,42.69,10.46,5.34,24.57,5.49,48.97,15.63,0.59,30.59,1.09,12.48,3.29,0.38,1.81,47.27
2019-12-31,9.05,8.76,4.04,0.0,6.21,33.24,8.26,2.29,28.15,28.74,0.62,38.36,32.28,5.89,2.98,18.19,33.09,33.95,2.51,3.39,34.99,54.91,5.36,4.74,26.79,19.55,42.84,10.82,5.79,23.87,5.74,49.06,15.54,0.55,30.12,1.24,12.99,3.5,0.36,1.93,46.75
2020-01-01,9.08,8.93,4.36,0.0,6.26,32.98,8.45,2.3,27.64,29.02,0.6,37.79,32.59,5.85,2.95,18.19,33.11,33.98,2.52,3.4,35.08,54.91,5.28,4.73,26.37,20.13,42.46,11.04,5.7,24.41,5.53,48.92,15.44,0.54,30.16,1.21,13.05,3.48,0.36,2.03,46.62
2020-01-02,9.28,8.85,4.27,0.0,6.3,32.85,8.46,2.25,27.74,29.25,0.63,37.64,32.48,5.83,2.96,18.21,33.15,33.92,2.52,3.41,35.09,54.91,5.28,4.72,26.01,20.27,42.4,11.32,5.74,24.55,5.51,48.47,15.73,0.6,29.99,1.22,13.22,3.48,0.36,1.93,46.67
2020-01-03,9.28,8.94,4.16,0.0,6.39,33.2,7.96,2.21,27.86,29.17,0.59,37.98,32.26,5.91,2.94,18.19,32.9,34.09,2.57,3.4,35.11,54.73,5.46,4.7,26.15,19.85,42.72,11.28,5.81,24.89,5.42,48.51,15.37,0.61,29.84,1.17,13.44,3.56,0.32,1.89,46.67
2020-01-04,9.08,8.67,4.22,0.0,6.46,33.46,7.93,2.1,28.08,28.93,0.62,37.6,32.85,5.87,2.99,18.5,33.24,33.39,2.55,3.46,35.12,54.83,5.37,4.68,25.24,19.8,43.46,11.5,5.46,25.16,5.21,48.79,15.38,0.77,29.2,1.21,13.21,3.41,0.32,2.24,47.11
2020-01-05,9.5,8.76,4.31,0.0,6.48,33.32,7.91,2.12,27.6,29.28,0.62,37.02,33.08,5.8,2.97,18.5,33.25,33.42,2.55,3.51,35.22,54.77,5.34,4.67,25.3,19.77,43.45,11.48,5.48,25.41,5.25,48.46,15.4,0.77,29.23,1.21,13.06,3.5,0.3,2.22,47.27
2020-01-06,9.53,8.89,4.23,0.0,6.43,33.78,7.84,2.17,27.13,29.77,0.57,37.04,32.62,5.63,3.07,18.61,33.31,33.4,2.59,3.39,35.14,54.92,5.31,4.63,25.53,19.31,43.7,11.46,5.65,24.54,5.29,49.08,15.44,0.83,28.97,1.2,12.82,3.86,0.31,2.28,47.31
2020-01-07,9.31,8.99,4.2,0.0,6.6,33.63,7.86,2.28,27.13,30.11,0.6,37.0,32.29,5.81,3.0,18.63,33.18,33.43,2.55,3.4,35.27,54.79,5.35,4.59,24.61,19.42,44.31,11.66,5.63,24.31,5.16,49.64,15.26,0.74,29.76,0.75,12.87,3.86,0.34,2.43,46.95
2020-01-08,9.1,9.01,4.15,0.0,6.73,33.15,8.13,2.27,27.46,29.92,0.61,37.35,32.12,5.79,2.96,18.59,33.22,33.51,2.55,3.38,35.34,54.63,5.44,4.59,24.75,19.09,44.49,11.67,5.53,24.22,5.09,49.76,15.4,0.72,29.86,0.72,12.99,3.92,0.39,2.56,46.45
2020-01-09,8.99,8.98,4.26,0.0,6.42,32.88,8.24,2.3,27.93,30.23,0.56,37.18,32.03,5.78,2.97,18.57,33.15,33.58,2.53,3.42,35.12,54.85,5.47,4.56,24.8,19.27,44.2,11.73,5.32,24.86,5.07,49.65,15.1,0.54,29.9,0.71,13.19,4.04,0.36,2.6,46.29
2020-01-10,9.03,8.71,4.15,0.0,6.38,33.38,7.89,2.3,28.16,30.21,0.6,37.11,32.08,5.82,2.97,18.6,33.44,33.16,2.54,3.47,34.96,54.9,5.52,4.62,24.37,20.26,43.75,11.62,5.33,25.49,4.7,49.48,15.0,0.53,30.35,0.65,13.4,3.7,0.34,2.54,46.35
2020-01-11,8.77,8.66,4.26,0.0,6.42,33.3,7.91,2.4,28.28,30.55,0.6,36.85,32.0,5.65,2.96,18.6,33.45,33.33,2.51,3.5,35.22,54.68,5.43,4.67,24.27,20.41,43.89,11.43,5.17,25.58,4.66,49.61,14.98,0.53,30.15,0.64,13.23,3.67,0.34,2.59,46.85
2020-01-12,9.11,8.46,4.09,0.0,6.49,33.31,8.13,2.35,28.06,30.7,0.51,37.0,31.79,5.67,2.97,18.65,33.34,33.38,2.51,3.48,35.0,54.86,5.45,4.69,23.67,21.15,44.13,11.05,5.43,25.85,4.71,49.35,14.66,0.5,29.92,0.45,13.63,3.49,0.35,2.62,47.05
2020-01-13,9.31,8.3,4.03,0.0,6.55,33.3,8.08,2.32,28.11,30.75,0.59,37.18,31.48,5.79,2.98,18.68,33.3,33.11,2.53,3.61,35.09,54.8,5.37,4.74,23.54,21.07,44.0,11.39,5.54,25.9,4.78,49.29,14.49,0.51,29.45,0.44,13.26,3.39,0.34,2.55,47.91
2020-01-14,9.2,8.54,3.81,0.0,6.53,33.23,8.19,2.31,28.19,31.13,0.59,37.01,31.27,5.82,2.96,18.87,33.23,33.0,2.53,3.59,34.85,54.99,5.44,4.72,23.78,20.94,44.2,11.08,5.78,25.62,4.7,49.8,14.1,0.51,29.46,0.41,12.75,3.42,0.33,2.56,48.44
2020-01-15,9.17,8.75,3.89,0.0,7.16,32.99,8.03,2.26,27.75,31.3,0.55,36.61,31.54,5.93,3.01,18.86,33.26,32.87,2.51,3.56,34.76,55.09,5.35,4.8,23.6,21.11,44.04,11.25,5.82,25.67,4.64,49.71,14.16,0.53,29.19,0.43,12.96,3.46,0.34,2.56,48.59
2020-01-16,9.32,8.84,3.95,0.0,6.95,32.94,8.15,2.24,27.61,31.31,0.51,36.37,31.81,5.99,3.01,18.75,33.3,32.85,2.5,3.6,34.84,54.97,5.39,4.8,23.66,21.53,43.71,11.1,5.85,25.65,4.82,49.3,14.38,0.53,29.56,0.39,12.51,3.42,0.32,2.6,48.66
2020-01-17,9.52,8.82,3.99,0.0,7.03,32.75,7.98,2.27,27.64,31.34,0.57,36.29,31.8,5.88,2.98,18.87,33.33,32.81,2.5,3.63,34.62,55.15,5.31,4.92,23.84,21.42,43.64,11.1,6.05,25.47,4.8,49.33,14.35,0.52,29.26,0.37,12.7,3.54,0.32,2.42,48.83
2020-01-18,9.26,8.81,3.96,0.0,7.21,32.87,8.13,2.32,27.44,31.64,0.68,36.45,31.23,5.88,2.97,18.97,33.1,32.99,2.48,3.61,34.7,55.09,5.28,4.93,24.01,21.26,43.43,11.3,6.11,25.47,5.07,49.02,14.33,0.33,29.41,0.37,12.84,3.58,0.31,2.25,48.79
2020-01-19,9.12,8.98,4.05,0.0,7.15,32.95,7.9,2.25,27.6,31.63,0.66,36.69,31.02,5.85,2.94,18.87,33.21,33.02,2.48,3.63,34.8,54.98,5.29,4.93,23.88,20.98,43.84,11.3,5.99,25.22,5.14,49.25,14.4,0.31,29.89,0.36,12.65,3.76,0.3,2.39,48.25
2020-01-20,9.16,8.8,4.08,0.0,7.23,32.75,8.01,2.26,27.71,31.26,0.67,36.63,31.44,5.85,2.95,18.84,33.21,32.99,2.48,3.68,34.67,55.24,5.21,4.88,23.79,21.38,43.24,11.59,5.97,25.96,5.04,48.79,14.24,0.35,29.43,0.38,12.79,3.68,0.24,2.4,48.63
2020-01-21,9.23,8.84,4.19,0.0,7.06,32.87,7.94,2.16,27.71,31.5,0.65,36.03,31.82,5.78,2.93,18.96,33.0,33.18,2.51,3.64,34.66,55.22,5.14,4.98,24.45,21.05,43.15,11.35,5.98,26.37,5.13,48.26,14.26,0.32,29.42,0.38,12.54,3.78,0.25,2.16,49.06
2020-01-22,9.26,8.8,4.24,0.0,7.03,32.98,7.93,2.21,27.55,31.63,0.6,36.04,31.73,5.73,3.06,18.94,33.16,33.01,2.45,3.65,34.62,55.24,5.18,4.96,24.11,21.41,43.03,11.45,5.96,26.03,5.25,48.4,14.36,0.33,29.66,0.38,12.44,3.73,0.25,2.27,48.92
2020-01-23,9.53,8.84,4.3,0.0,7.11,32.46,8.24,2.16,27.36,31.8,0.63,36.3,31.27,5.78,3.0,19.08,33.25,32.87,2.42,3.6,34.69,55.23,5.12,4.96,24.49,21.0,42.75,11.76,5.9,26.05,5.23,48.27,14.55,0.33,29.55,0.37,12.06,3.63,0.24,2.12,49.62
2020-01-24,9.11,8.9,4.27,0.0,6.94,32.3,8.23,2.14,28.11,31.92,0.61,36.4,31.07,5.76,3.04,19.11,33.24,32.95,2.36,3.54,34.62,55.25,5.2,4.93,24.34,20.7,43.01,11.95,5.74,25.88,5.21,48.23,14.94,0.34,29.42,0.37,11.97,3.7,0.24,2.2,49.53
2020-01-25,9.26,8.83,4.25,0.0,6.86,32.64,8.29,2.11,27.76,32.1,0.6,36.57,30.73,5.74,3.0,19.18,33.34,32.81,2.36,3.57,34.56,55.3,5.18,4.96,24.45,20.72,42.89,11.94,5.48,25.52,5.26,48.3,15.44,0.31,29.86,0.42,11.87,3.5,0.25,2.12,49.42
2020-01-26,9.26,8.83,4.25,0.0,6.86,32.64,8.29,2.11,27.76,32.1,0.6,36.57,30.73,5.7,3.0,19.14,33.23,32.99,2.38,3.56,34.6,55.32,5.15,4.93,24.42,20.68,43.24,11.66,5.27,25.56,5.26,48.35,15.56,0.4,29.73,0.42,11.9,3.52,0.25,2.08,49.39
2020-01-27,9.25,8.82,4.19,0.0,6.85,32.77,8.21,2.1,27.81,32.03,0.63,36.74,30.6,5.72,3.02,19.23,33.33,32.76,2.4,3.54,34.67,55.23,5.18,4.92,24.28,20.25,43.43,12.04,5.48,25.19,5.32,48.13,15.88,0.4,29.75,0.41,12.33,3.63,0.22,1.99,48.84
2020-01-28,9.07,8.74,4.12,0.0,6.82,32.89,8.04,2.1,28.22,31.76,0.72,36.67,30.85,5.64,2.96,18.95,33.52,32.93,2.33,3.67,34.35,55.48,5.14,5.03,24.34,20.45,43.71,11.5,5.73,25.12,5.33,47.6,16.22,0.42,29.9,0.37,11.73,3.64,0.22,1.87,49.4
2020-01-29,9.09,8.83,4.34,0.0,6.65,32.7,7.94,2.15,28.3,31.7,0.92,36.56,30.82,5.83,2.91,19.0,34.03,32.2,2.35,3.68,34.71,54.92,5.16,5.21,24.2,20.41,43.81,11.58,5.85,24.58,5.39,47.85,16.33,0.52,29.92,0.42,11.9,3.6,0.19,1.89,49.13
2020-01-30,9.23,8.63,4.12,0.0,6.72,33.02,7.81,2.2,28.27,31.9,0.87,36.52,30.71,6.09,2.84,19.06,33.7,32.43,2.24,3.64,35.02,54.49,5.2,5.29,24.36,20.48,43.7,11.46,5.86,24.72,5.33,47.55,16.54,0.54,29.5,0.41,12.02,3.59,0.19,1.88,49.38
2020-01-31,9.19,8.7,3.84,0.0,6.64,32.91,8.02,2.15,28.55,32.05,0.88,36.56,30.51,6.08,2.79,18.92,33.96,32.35,2.23,3.67,34.8,54.35,5.33,5.52,24.76,20.45,43.36,11.43,6.03,25.07,5.31,47.48,16.11,0.57,29.56,0.39,11.94,3.53,0.16,1.84,49.52
2020-02-01,9.25,8.64,3.78,0.0,6.71,33.01,7.93,2.12,28.56,31.92,0.91,36.64,30.53,6.11,2.82,18.79,34.02,32.39,2.22,3.65,34.66,54.35,5.41,5.58,24.75,20.44,43.47,11.34,6.06,25.05,5.39,47.51,15.99,0.57,29.65,0.38,12.06,3.42,0.17,1.85,49.43
2020-02-02,9.25,8.64,3.78,0.0,6.71,33.01,7.93,2.12,28.56,31.92,0.91,36.64,30.53,6.08,2.83,18.7,34.03,32.49,2.21,3.66,34.77,54.28,5.42,5.53,24.75,20.44,43.47,11.34,6.06,25.05,5.39,47.51,15.99,0.57,29.65,0.38,12.06,3.42,0.17,1.85,49.43
2020-02-03,9.25,8.64,3.78,0.0,6.71,33.01,7.93,2.12,28.56,31.92,0.91,36.64,30.53,6.1,2.87,18.71,34.06,32.41,2.2,3.65,34.76,54.25,5.4,5.59,24.75,20.44,43.47,11.34,6.06,25.05,5.39,47.51,15.99,0.57,29.65,0.38,12.06,3.42,0.17,1.85,49.43
2020-02-04,9.34,8.71,3.69,0.0,6.56,33.08,7.87,2.12,28.63,31.69,0.9,36.8,30.61,6.09,2.86,18.93,33.95,32.31,2.19,3.67,35.07,54.08,5.34,5.51,24.84,20.2,43.54,11.42,6.07,24.77,5.43,47.79,15.94,0.61,29.7,0.37,12.17,3.41,0.17,1.81,49.31
2020-02-05,9.18,8.59,3.53,0.0,6.3,32.67,7.9,2.31,29.52,31.16,0.95,36.63,31.26,5.94,3.01,18.57,34.03,32.7,2.15,3.6,34.78,54.28,5.37,5.57,24.94,20.31,43.62,11.13,6.17,24.82,4.85,47.89,16.27,0.61,29.75,0.35,12.21,3.32,0.17,1.82,49.01
2020-02-06,10.1,8.67,3.42,0.0,5.79,31.42,7.93,2.39,30.28,30.62,0.88,36.78,31.72,5.91,3.09,18.28,33.54,32.8,2.67,3.71,34.53,54.41,5.18,5.88,25.77,20.76,43.27,10.2,5.98,25.5,4.62,48.19,15.71,0.66,29.5,0.67,12.11,3.15,0.17,1.61,49.21
2020-02-07,9.75,8.67,3.7,0.0,5.49,31.8,8.76,2.35,29.48,29.72,0.89,37.01,32.38,6.19,2.86,18.2,33.43,32.51,3.0,3.81,34.7,53.63,5.61,6.06,25.92,20.0,43.53,10.55,6.02,25.97,4.52,48.73,14.76,0.73,29.82,0.73,12.6,3.15,0.14,1.64,48.06
2020-02-08,9.73,8.74,3.69,0.0,5.52,31.78,8.74,2.33,29.47,29.69,0.85,37.06,32.4,6.12,2.86,18.22,33.51,32.46,3.0,3.83,34.65,53.7,5.61,6.04,25.95,19.98,43.5,10.57,6.03,26.06,4.52,48.63,14.76,0.73,29.75,0.73,12.6,3.15,0.14,1.69,48.14
2020-02-09,9.73,8.74,3.69,0.0,5.52,31.78,8.74,2.33,29.47,29.69,0.85,37.06,32.4,6.1,2.86,18.14,33.64,32.44,3.01,3.81,34.89,53.48,5.54,6.09,25.95,19.98,43.5,10.57,6.03,26.06,4.52,48.63,14.76,0.73,29.75,0.73,12.6,3.15,0.14,1.69,48.14
2020-02-10,9.55,8.58,3.59,0.0,5.72,31.84,8.46,2.34,29.92,28.93,0.93,37.06,33.08,6.14,3.23,17.91,33.85,31.98,2.97,3.92,34.53,53.41,5.86,6.2,25.88,20.19,43.25,10.68,6.35,25.54,4.53,48.9,14.68,0.65,30.87,0.72,12.75,3.17,0.08,1.56,47.09
2020-02-11,9.18,8.24,3.4,0.0,5.91,31.2,7.97,2.29,31.81,28.19,0.74,37.08,33.99,6.43,2.72,18.3,34.01,32.34,2.44,3.76,34.25,54.25,5.74,5.76,26.21,19.81,42.82,11.16,6.61,24.91,4.47,49.2,14.81,0.6,29.85,0.26,12.41,3.33,0.1,1.59,49.35
2020-02-12,9.66,8.48,3.61,0.0,5.89,30.9,7.0,2.44,32.02,29.36,0.71,36.81,33.12,6.17,2.89,17.94,33.2,33.49,2.63,3.68,34.36,54.4,5.4,5.84,26.4,20.29,42.57,10.74,6.6,24.7,4.41,49.5,14.79,0.53,29.63,0.35,13.13,3.55,0.1,1.81,48.31
2020-02-13,9.29,8.74,3.3,0.0,5.94,30.45,7.12,2.53,32.63,29.85,0.76,36.98,32.41,6.21,3.18,17.92,33.13,33.39,2.66,3.51,34.5,54.58,5.5,5.42,26.15,20.44,42.78,10.63,6.24,25.24,4.86,49.36,14.3,0.57,29.54,0.35,12.73,3.72,0.1,2.05,48.31
2020-02-14,9.54,8.58,3.26,0.0,5.99,30.66,7.59,2.51,31.87,29.38,0.71,37.1,32.81,6.28,3.31,18.53,32.83,32.82,2.65,3.58,34.12,54.9,5.6,5.38,26.1,20.31,42.97,10.62,6.06,25.06,4.9,49.92,14.06,0.62,30.3,0.28,12.59,3.63,0.11,2.0,47.8
2020-02-15,9.46,8.57,3.17,0.0,5.8,31.04,8.38,2.09,31.49,28.57,0.84,37.84,32.75,6.54,3.65,17.57,32.99,32.95,3.09,3.21,34.58,54.99,5.58,4.85,26.27,20.27,42.83,10.63,6.11,25.83,4.92,49.16,13.98,0.52,30.26,0.28,11.8,4.29,0.11,2.06,47.93
2020-02-16,9.46,8.57,3.17,0.0,5.8,31.04,8.38,2.09,31.49,28.57,0.84,37.84,32.75,6.48,3.7,17.57,32.91,32.99,3.09,3.26,34.44,55.06,5.64,4.86,26.27,20.27,42.83,10.63,6.11,25.83,4.92,49.16,13.98,0.52,30.26,0.28,11.8,4.29,0.11,2.06,47.93
2020-02-17,9.27,8.91,3.14,0.0,5.86,30.64,8.31,2.12,31.75,28.4,0.79,37.82,32.99,6.4,3.76,17.63,32.9,32.96,3.09,3.26,34.19,55.49,5.48,4.84,26.2,19.7,43.43,10.67,5.91,25.52,4.88,49.81,13.88,0.46,29.83,0.25,11.58,4.36,0.11,2.01,48.7
2020-02-18,8.74,8.64,3.14,0.0,5.96,30.67,8.42,2.14,32.29,28.45,0.82,37.99,32.74,6.21,3.51,18.33,32.84,32.68,3.14,3.29,34.65,54.78,5.8,4.77,25.82,20.75,42.6,10.83,5.81,25.6,4.97,49.68,13.94,0.43,30.3,0.23,11.2,4.36,0.1,1.93,48.52
2020-02-19,8.26,9.08,3.1,0.0,6.47,31.39,7.91,2.46,31.33,30.85,5.48,34.55,29.12,6.34,3.89,17.96,32.63,32.66,2.88,3.64,34.45,55.12,5.84,4.59,25.72,20.76,41.96,11.56,5.52,25.09,4.81,49.61,14.97,0.5,30.51,0.24,11.31,3.95,0.09,1.94,48.12
2020-02-20,8.43,8.78,3.09,0.0,6.56,31.86,7.9,2.48,30.9,33.33,1.31,35.52,29.84,6.21,3.84,18.25,32.58,32.47,2.83,3.82,34.56,54.86,6.0,4.58,25.78,20.68,41.53,12.01,5.48,25.35,5.02,48.82,15.33,0.54,30.55,0.25,11.5,4.05,0.09,2.01,47.82
2020-02-21,8.43,8.78,3.09,0.0,6.56,31.86,7.9,2.48,30.9,33.33,1.31,35.52,29.84,6.19,3.82,18.24,32.55,32.48,2.83,3.89,34.55,54.88,6.0,4.57,25.78,20.68,41.53,12.01,5.48,25.35,5.02,48.82,15.33,0.54,30.55,0.25,11.5,4.05,0.09,2.01,47.82
2020-02-22,8.38,8.6,3.04,0.0,6.76,32.71,7.9,2.48,30.13,31.75,1.26,37.4,29.59,6.19,3.87,17.7,32.64,32.6,2.77,4.23,34.6,54.91,6.03,4.46,25.3,20.81,42.0,11.89,5.51,25.93,4.89,48.22,15.45,0.58,30.66,0.27,11.37,4.35,0.09,1.96,47.54
2020-02-23,8.38,8.6,3.04,0.0,6.76,32.71,7.9,2.48,30.13,31.75,1.26,37.4,29.59,6.23,3.91,17.54,32.91,32.44,2.79,4.18,34.71,54.83,5.99,4.47,25.3,20.81,42.0,11.89,5.51,25.93,4.89,48.22,15.45,0.58,30.66,0.27,11.37,4.35,0.09,1.96,47.54
2020-02-24,8.08,8.84,2.94,0.0,6.85,32.96,7.8,2.35,30.18,32.86,1.23,35.72,30.19,6.15,3.84,17.68,32.71,32.7,2.75,4.17,34.6,54.81,6.19,4.4,25.81,21.08,41.77,11.34,5.73,25.31,4.91,48.35,15.7,0.46,30.91,0.28,11.11,4.24,0.09,2.01,47.53
2020-02-25,7.99,9.01,3.32,0.0,6.69,34.38,7.82,2.17,28.62,32.96,1.18,35.96,29.9,6.31,3.4,18.15,33.12,32.19,2.44,4.39,34.92,54.79,5.87,4.42,25.41,20.58,43.27,10.74,5.59,24.91,4.58,49.04,15.88,0.35,30.13,0.26,10.89,4.32,0.12,2.0,48.66
2020-02-26,8.46,8.83,3.52,0.0,6.73,33.9,7.75,2.13,28.68,32.4,1.17,35.9,30.53,6.4,3.24,18.06,33.33,32.32,2.12,4.53,35.25,54.82,5.57,4.36,25.61,20.68,42.94,10.77,5.73,24.5,4.71,49.25,15.81,0.33,30.68,0.21,11.43,4.1,0.12,1.98,47.91
2020-02-27,8.58,9.03,3.48,0.0,6.52,33.91,7.8,1.98,28.7,31.39,1.23,36.94,30.44,6.37,3.13,18.3,33.23,32.13,2.26,4.58,35.1,55.14,5.5,4.26,25.26,20.71,43.26,10.77,5.92,23.96,4.95,49.12,16.05,0.34,30.61,0.2,11.54,3.86,0.14,2.09,48.18
2020-02-28,8.46,8.58,3.53,0.0,6.2,34.2,8.31,2.2,28.52,30.45,1.4,37.55,30.6,6.57,3.11,18.41,32.87,32.87,2.09,4.08,36.07,54.48,5.14,4.31,25.73,19.9,43.27,11.1,5.89,23.47,4.98,49.89,15.77,0.33,30.92,0.29,11.5,3.9,0.13,1.93,48.27
2020-02-29,8.65,8.27,3.49,0.0,6.0,34.72,8.36,2.03,28.48,30.83,1.47,37.61,30.09,6.58,3.17,18.4,32.81,32.93,2.06,4.05,36.16,54.38,5.33,4.13,25.6,19.88,43.37,11.15,5.94,23.53,4.9,50.0,15.63,0.3,31.1,0.29,11.54,3.75,0.13,2.01,48.42
2020-03-01,8.65,8.27,3.49,0.0,6.0,34.72,8.36,2.03,28.48,30.83,1.47,37.61,30.09,6.55,3.18,18.49,32.76,32.87,2.08,4.07,36.05,54.5,5.31,4.14,25.6,19.88,43.37,11.15,5.94,23.53,4.9,50.0,15.63,0.3,31.1,0.29,11.54,3.75,0.13,2.01,48.42
2020-03-02,8.42,8.28,3.34,0.0,5.99,35.19,8.39,2.0,28.39,31.04,1.46,36.78,30.72,6.23,3.17,17.8,32.41,34.1,2.62,3.67,34.83,55.67,5.32,4.18,25.71,21.72,41.58,10.99,5.74,24.03,4.75,49.99,15.49,0.5,29.42,0.29,11.34,3.56,0.13,2.04,50.08
2020-03-03,8.55,8.39,3.0,0.0,5.87,35.7,8.07,2.06,28.36,30.9,1.46,37.08,30.56,6.31,3.38,18.06,32.18,33.86,2.71,3.5,35.2,55.38,5.12,4.3,26.22,21.35,41.47,10.96,5.65,23.59,4.75,50.08,15.93,0.52,29.38,0.31,11.26,3.44,0.13,2.14,50.12
2020-03-04,8.53,8.39,2.9,0.0,5.79,35.96,7.98,2.23,28.22,31.11,1.49,36.8,30.6,6.17,3.4,18.29,32.14,34.12,2.66,3.22,35.46,55.29,5.0,4.25,26.13,21.3,41.6,10.97,5.56,23.63,4.71,50.1,16.0,0.56,29.18,0.3,11.36,3.46,0.12,2.22,50.07
2020-03-05,8.54,8.49,2.85,0.0,5.63,36.37,8.02,2.19,27.91,30.83,1.41,36.89,30.87,6.19,3.38,18.24,31.95,34.36,2.71,3.17,35.42,55.35,5.08,4.15,26.42,21.25,41.26,11.07,5.79,23.48,4.89,49.86,15.98,0.57,29.16,0.31,11.34,3.51,0.12,2.22,49.99
2020-03-06,8.44,8.43,2.86,0.0,5.63,36.6,8.05,2.15,27.84,30.58,1.44,36.94,31.04,6.47,3.37,18.17,31.75,34.47,2.7,3.07,35.48,55.34,5.07,4.11,26.55,21.24,41.11,11.1,5.75,23.51,4.87,49.83,16.04,0.58,29.37,0.31,11.24,3.35,0.12,2.19,50.03
2020-03-07,8.46,8.54,2.94,0.0,5.46,36.8,7.97,2.18,27.65,30.5,1.41,37.15,30.94,6.4,3.54,18.25,31.79,34.33,2.67,3.02,35.42,55.5,5.07,4.01,26.32,21.51,40.94,11.23,5.77,23.5,4.75,50.08,15.9,0.58,29.68,0.31,11.24,3.33,0.12,2.17,49.73
2020-03-08,8.46,8.54,2.94,0.0,5.46,36.8,7.97,2.18,27.65,30.5,1.41,37.15,30.94,6.39,3.53,18.29,31.77,34.33,2.67,3.02,35.46,55.48,5.1,3.96,26.32,21.51,40.94,11.23,5.77,23.5,4.75,50.08,15.9,0.58,29.68,0.31,11.24,3.33,0.12,2.17,49.73
2020-03-09,8.44,8.47,2.89,0.0,5.46,36.86,8.01,2.19,27.68,30.11,1.42,37.4,31.07,6.45,3.57,18.44,31.66,34.23,2.64,3.01,35.48,55.37,5.08,4.07,26.43,21.41,41.01,11.15,5.67,23.51,4.74,50.21,15.87,0.58,29.7,0.3,11.19,3.4,0.12,2.17,49.72
2020-03-10,8.44,8.47,2.89,0.0,5.46,36.86,8.01,2.19,27.68,30.11,1.42,37.4,31.07,6.53,3.56,18.46,31.5,34.32,2.63,3.0,35.52,55.3,5.12,4.06,26.43,21.41,41.01,11.15,5.67,23.51,4.74,50.21,15.87,0.58,29.7,0.3,11.19,3.4,0.12,2.17,49.72
2020-03-11,8.44,8.47,2.89,0.0,5.46,36.86,8.01,2.19,27.68,30.11,1.42,37.4,31.07,6.46,3.55,18.39,31.63,34.33,2.64,3.0,35.59,55.22,5.16,4.03,26.43,21.41,41.01,11.15,5.67,23.51,4.74,50.21,15.87,0.58,29.7,0.3,11.19,3.4,0.12,2.17,49.72
2020-03-12,8.39,8.51,2.88,0.0,5.71,36.8,7.99,2.18,27.54,30.14,1.33,37.43,31.1,6.37,3.58,18.57,31.55,34.36,2.6,2.97,35.69,55.25,5.06,4.0,26.28,21.68,40.98,11.06,5.61,23.69,4.73,50.14,15.83,0.58,29.8,0.3,11.04,3.4,0.12,2.15,49.75
2020-03-13,8.46,8.4,2.87,0.0,5.81,36.65,8.04,2.2,27.57,29.91,1.32,37.6,31.17,6.51,3.55,18.63,31.69,34.0,2.66,2.96,35.6,55.21,5.1,4.09,26.37,21.3,41.03,11.3,5.51,23.79,4.74,50.21,15.75,0.58,29.85,0.31,10.97,3.44,0.12,2.15,49.74
2020-03-14,8.14,8.85,2.84,0.0,5.74,37.3,7.4,2.1,27.63,29.38,1.29,38.18,31.15,6.81,3.51,18.88,31.51,33.73,2.66,2.9,36.32,54.42,5.14,4.12,26.72,20.32,41.69,11.27,5.5,23.06,4.91,50.58,15.95,0.58,29.98,0.33,11.02,3.3,0.12,2.16,49.55
2020-03-15,8.14,8.85,2.84,0.0,5.74,37.3,7.4,2.1,27.63,29.38,1.29,38.18,31.15,6.73,3.49,18.84,31.62,33.77,2.64,2.91,36.03,54.59,5.28,4.1,26.72,20.32,41.69,11.27,5.5,23.06,4.91,50.58,15.95,0.58,29.98,0.33,11.02,3.3,0.12,2.16,49.55
2020-03-16,7.97,8.79,2.71,0.0,5.93,37.67,7.37,2.1,27.46,29.23,1.36,38.12,31.29,6.82,3.51,18.91,31.38,33.85,2.63,2.9,36.27,54.36,5.22,4.15,26.86,20.44,41.47,11.23,5.66,23.04,4.89,50.59,15.82,0.58,30.02,0.33,11.03,3.35,0.12,2.14,49.51
2020-03-17,7.81,8.86,2.63,0.0,5.8,37.91,7.36,2.05,27.58,28.81,1.38,38.46,31.35,6.75,3.56,18.94,31.52,33.66,2.66,2.91,36.29,54.34,5.23,4.14,26.9,20.48,41.56,11.06,5.54,22.96,4.86,50.8,15.84,0.57,29.81,0.41,11.05,3.23,0.06,2.14,49.84
2020-03-18,7.65,8.62,2.63,0.0,5.87,38.57,7.48,1.83,27.35,28.23,1.4,38.99,31.38,6.68,3.5,19.09,31.0,34.13,2.66,2.94,36.22,54.43,5.29,4.06,26.88,20.55,41.64,10.93,5.37,23.0,4.72,50.86,16.05,0.58,30.14,0.39,11.31,3.06,0.05,1.76,49.96
2020-03-19,7.39,8.59,2.46,0.54,5.84,38.29,7.55,1.76,27.58,27.36,1.39,39.16,32.09,6.75,3.47,19.16,31.31,33.6,2.68,3.03,36.34,54.33,5.26,4.07,27.22,20.44,41.51,10.83,5.43,22.29,5.17,51.09,16.02,0.55,30.53,0.38,11.51,3.18,0.05,1.63,49.39
2020-03-20,7.22,8.27,2.44,1.78,5.8,38.0,7.02,1.79,27.68,26.93,0.84,38.99,33.24,6.89,3.53,18.88,31.42,33.28,2.94,3.06,36.25,54.44,5.22,4.09,27.41,20.75,40.71,11.13,5.56,22.51,4.87,50.77,16.29,0.57,30.58,0.37,11.7,3.16,0.08,1.32,49.4
2020-03-21,7.22,8.07,2.42,3.3,5.95,37.54,6.55,1.61,27.34,26.65,0.8,38.82,33.73,6.69,3.61,19.04,32.12,32.37,3.16,3.01,36.46,54.26,5.21,4.07,27.34,20.52,40.86,11.28,5.44,22.55,5.01,50.49,16.51,0.6,30.88,0.3,11.86,3.11,0.08,1.35,49.19
2020-03-22,7.22,8.07,2.42,3.3,5.95,37.54,6.55,1.61,27.34,26.65,0.8,38.82,33.73,6.68,3.58,19.07,32.25,32.16,3.25,3.01,36.27,54.44,5.22,4.07,27.34,20.52,40.86,11.28,5.44,22.55,5.01,50.49,16.51,0.6,30.88,0.3,11.86,3.11,0.08,1.35,49.19
2020-03-23,7.04,7.92,2.09,6.11,5.84,37.66,6.3,1.51,25.53,25.53,0.76,39.86,33.85,6.81,3.81,19.06,32.23,31.94,3.05,3.1,36.96,53.61,5.18,4.25,27.25,20.04,41.18,11.53,5.47,21.55,5.05,51.11,16.82,0.36,31.48,0.25,12.03,2.76,0.08,1.52,49.28
2020-03-24,6.84,8.01,1.94,8.28,5.94,36.97,6.28,1.48,24.26,25.49,0.74,39.39,34.38,6.8,3.77,19.36,32.39,31.08,3.21,3.39,36.83,53.39,5.2,4.58,27.03,19.86,41.53,11.58,5.51,20.96,5.15,51.4,16.98,0.35,32.41,0.23,11.57,2.78,0.09,1.73,48.53
2020-03-25,6.84,8.01,1.94,8.28,5.94,36.97,6.28,1.48,24.26,25.49,0.74,39.39,34.38,6.81,3.78,19.3,32.25,31.35,3.14,3.37,36.78,53.49,5.23,4.5,27.03,19.86,41.53,11.58,5.51,20.96,5.15,51.4,16.98,0.35,32.41,0.23,11.57,2.78,0.09,1.73,48.53
2020-03-26,6.84,8.01,1.94,8.28,5.94,36.97,6.28,1.48,24.26,25.49,0.74,39.39,34.38,6.78,3.8,19.43,32.39,31.05,3.19,3.36,36.95,53.39,5.18,4.48,27.03,19.86,41.53,11.58,5.51,20.96,5.15,51.4,16.98,0.35,32.41,0.23,11.57,2.78,0.09,1.73,48.53
2020-03-27,6.15,7.57,1.81,11.06,6.57,36.04,6.12,1.33,23.35,24.97,0.79,40.01,34.23,6.8,3.66,19.75,33.23,30.47,2.77,3.32,37.07,53.29,5.71,3.93,27.47,19.65,41.49,11.39,6.29,21.0,4.97,51.43,16.31,0.34,32.95,0.24,11.22,2.95,0.1,1.7,48.44
2020-03-28,6.19,7.45,1.74,13.06,6.61,34.79,5.98,1.3,22.88,25.03,0.78,39.51,34.68,6.81,3.67,19.4,33.9,30.07,2.8,3.35,36.94,53.65,5.43,3.98,27.65,20.36,40.91,11.08,6.59,21.5,4.43,51.73,15.75,0.28,32.57,0.24,10.73,3.09,0.09,1.56,49.35
2020-03-29,6.2,7.45,1.74,13.06,6.61,34.78,5.98,1.3,22.88,25.02,0.78,39.52,34.68,6.68,3.67,19.42,33.95,30.17,2.77,3.34,36.98,53.61,5.45,3.96,27.66,20.36,40.9,11.08,6.59,21.51,4.43,51.74,15.73,0.28,32.58,0.24,10.73,3.09,0.09,1.56,49.34
2020-03-30,5.9,7.6,1.65,16.91,6.36,33.64,5.77,1.1,21.07,25.34,0.85,39.35,34.46,6.63,3.9,19.62,34.05,29.94,2.7,3.16,36.71,54.2,5.29,3.8,26.94,21.69,40.42,10.95,6.74,23.11,4.33,50.12,15.7,0.28,34.03,0.24,9.81,2.93,0.07,1.66,48.97
2020-03-31,5.28,6.87,1.56,20.42,6.79,32.62,5.38,1.07,20.01,25.47,0.87,38.67,34.99,6.75,4.17,19.01,34.34,29.82,2.67,3.24,36.62,54.36,5.25,3.77,27.32,21.83,40.43,10.42,6.43,23.97,4.4,50.97,14.23,0.34,33.89,0.22,9.39,2.89,0.08,1.67,49.48
2020-04-01,5.2,6.68,1.63,22.01,6.48,30.58,5.32,1.03,21.07,24.1,0.8,39.95,35.15,7.7,4.03,19.17,34.46,28.83,1.91,3.9,37.98,52.99,5.53,3.5,28.43,22.31,39.87,9.39,5.86,23.1,6.0,51.16,13.88,0.31,34.43,0.17,8.27,2.89,0.11,1.74,50.29
2020-04-02,4.83,6.18,1.54,24.65,6.53,29.09,5.03,0.96,21.19,24.4,0.84,40.43,34.33,7.53,3.91,19.09,33.69,29.78,2.11,3.89,38.91,51.72,5.86,3.51,29.52,22.87,38.01,9.6,6.32,21.82,6.28,51.55,14.03,0.31,32.64,0.13,8.6,3.06,0.11,1.58,51.05
2020-04-03,5.05,5.88,1.58,26.6,6.05,28.48,4.75,0.9,20.71,25.28,0.85,41.07,32.8,7.53,3.9,19.83,32.76,29.37,2.37,4.24,39.03,51.18,6.16,3.63,28.44,24.68,37.68,9.2,6.58,22.98,6.04,50.85,13.55,0.32,32.94,0.15,7.53,3.09,0.11,1.6,51.81
2020-04-04,5.05,5.88,1.58,26.6,6.05,28.48,4.75,0.9,20.71,25.28,0.85,41.07,32.8,7.55,3.88,19.82,32.84,29.33,2.36,4.22,39.07,51.19,6.15,3.59,28.44,24.68,37.68,9.2,6.58,22.98,6.04,50.85,13.55,0.32,32.94,0.15,7.53,3.09,0.11,1.6,51.81
2020-04-05,5.05,5.88,1.58,26.6,6.05,28.48,4.75,0.9,20.71,25.28,0.85,41.07,32.8,7.54,3.84,19.77,32.88,29.39,2.36,4.22,39.11,51.14,6.14,3.61,28.44,24.68,37.68,9.2,6.58,22.98,6.04,50.85,13.55,0.32,32.94,0.15,7.53,3.09,0.11,1.6,51.81
2020-04-06,5.05,5.88,1.58,26.6,6.05,28.48,4.75,0.9,20.71,25.28,0.85,41.07,32.8,7.54,3.85,19.73,32.95,29.36,2.36,4.21,39.03,51.23,6.15,3.59,28.44,24.68,37.68,9.2,6.58,22.98,6.04,50.85,13.55,0.32,32.94,0.15,7.53,3.09,0.11,1.6,51.81
2020-04-07,5.07,6.1,1.52,28.52,6.06,26.86,4.54,0.84,20.49,24.7,0.83,40.23,34.24,7.87,3.42,19.99,32.41,29.73,2.87,3.71,38.56,50.93,6.57,3.94,28.86,24.01,38.22,8.91,6.5,23.55,4.79,51.21,13.95,0.31,32.66,0.16,8.02,3.15,0.11,1.73,51.37
2020-04-08,5.45,6.28,1.48,28.74,6.11,26.19,5.06,0.83,19.86,24.39,0.88,39.83,34.9,7.68,3.74,19.63,32.09,29.83,3.68,3.35,38.95,50.14,6.63,4.28,29.25,24.43,37.58,8.74,7.11,23.01,5.05,50.32,14.51,0.79,31.17,0.16,7.57,2.9,0.09,2.05,52.75
2020-04-09,5.46,6.22,1.48,28.78,6.08,26.25,5.04,0.83,19.86,24.38,0.86,39.8,34.96,7.65,3.81,20.23,30.49,30.75,3.6,3.47,38.48,50.64,6.66,4.22,29.19,24.49,37.57,8.75,7.14,23.08,5.06,50.22,14.5,0.79,31.14,0.16,7.59,2.91,0.09,2.02,52.77
2020-04-10,5.45,6.25,1.48,28.88,6.06,26.27,5.0,0.83,19.78,24.33,0.87,39.82,34.98,8.24,4.06,20.2,29.76,30.55,3.25,3.94,38.46,50.78,6.47,4.29,29.11,24.54,37.6,8.75,7.16,23.09,5.11,50.23,14.41,0.78,31.15,0.16,7.6,2.9,0.09,2.0,52.8
2020-04-11,6.03,6.68,1.45,29.1,6.04,26.19,4.81,0.76,18.94,24.33,0.87,39.82,34.98,8.21,4.06,20.17,29.5,30.92,3.38,3.76,38.54,50.1,6.73,4.63,29.11,24.54,37.6,8.75,7.16,23.09,5.11,50.23,14.41,0.78,31.15,0.16,7.6,2.9,0.09,2.0,52.8
2020-04-12,6.03,6.68,1.45,29.1,6.04,26.19,4.81,0.76,18.94,24.3,0.89,39.87,34.94,8.23,4.04,20.28,29.39,30.93,3.38,3.75,38.57,50.07,6.73,4.63,28.21,26.57,36.47,8.75,7.28,23.5,5.41,49.45,14.36,0.82,31.83,0.16,7.46,2.7,0.09,1.93,52.66
2020-04-13,6.05,6.87,1.53,30.5,5.88,25.05,4.76,0.73,18.63,24.0,0.91,40.4,34.69,8.21,4.23,20.13,28.78,31.98,3.28,3.39,38.15,51.0,6.63,4.22,28.81,27.57,35.74,7.88,7.06,23.81,5.17,49.48,14.48,0.94,31.11,0.14,7.47,2.56,0.04,2.04,53.55
2020-04-14,5.91,6.76,1.42,30.9,6.13,25.15,4.73,0.72,18.28,24.86,0.93,39.99,34.22,7.88,4.2,19.65,29.78,32.08,3.17,3.24,38.45,50.76,6.4,4.39,28.55,28.39,35.08,7.98,6.77,25.35,5.67,48.62,13.59,0.96,30.32,0.14,7.29,2.54,0.05,1.82,54.63
2020-04-15,6.4,7.05,1.4,31.84,6.67,24.05,4.14,0.7,17.75,24.32,0.92,39.63,35.13,8.07,4.32,19.82,30.78,31.59,2.76,2.66,37.99,50.3,6.67,5.04,27.38,28.06,35.58,8.98,6.39,25.77,5.8,48.66,13.38,0.43,29.64,0.19,7.93,2.73,0.05,1.83,55.25
2020-04-16,6.13,8.61,1.45,30.95,7.32,22.62,4.09,0.73,18.1,23.85,1.26,39.43,35.46,8.32,3.73,19.07,31.1,32.03,2.79,2.96,38.38,50.65,6.78,4.19,28.64,25.76,36.39,9.21,6.7,24.21,5.73,51.23,12.13,0.44,28.85,0.2,7.86,2.61,0.04,1.66,56.12
2020-04-17,5.51,8.14,1.42,33.5,6.74,22.76,3.83,0.73,17.37,24.6,1.22,40.04,34.14,8.56,3.82,19.12,31.21,31.66,2.45,3.18,37.6,50.86,7.59,3.95,28.23,27.55,35.92,8.3,6.74,24.06,5.45,51.5,12.25,0.35,29.48,0.21,7.32,2.63,0.04,1.7,55.99
2020-04-18,5.51,8.13,1.52,33.74,6.95,22.77,3.46,0.73,17.19,25.54,0.92,39.11,34.43,8.42,3.86,18.99,31.02,32.08,2.64,2.99,37.12,51.29,7.62,3.97,28.42,27.2,35.43,8.95,6.96,24.15,5.0,51.7,12.19,0.4,29.85,0.23,7.64,2.59,0.04,1.43,55.47
2020-04-19,5.51,8.13,1.52,33.74,6.95,22.77,3.46,0.73,17.19,25.54,0.92,39.11,34.43,8.52,3.77,19.01,31.16,31.89,2.64,3.01,37.44,51.08,7.55,3.93,28.42,27.2,35.43,8.95,6.96,24.15,5.0,51.7,12.19,0.4,29.85,0.23,7.64,2.59,0.04,1.43,55.47
2020-04-20,5.69,8.41,1.48,33.93,7.4,22.3,3.44,0.71,16.64,26.28,0.97,38.9,33.85,8.64,3.73,18.65,31.55,31.68,2.79,2.96,37.73,50.86,7.27,4.14,28.5,27.7,35.2,8.6,6.81,24.84,5.12,51.06,12.17,0.4,30.48,0.19,7.5,2.51,0.08,1.59,54.96
2020-04-21,5.86,7.86,1.53,33.52,7.18,22.87,3.27,0.65,17.26,26.97,0.92,38.42,33.69,8.86,3.73,18.69,31.18,32.38,2.35,2.81,37.7,50.3,7.82,4.18,27.48,29.14,34.84,8.54,6.91,26.62,5.4,49.65,11.42,0.39,29.89,0.18,7.43,2.7,0.1,1.55,55.56
2020-04-22,5.82,7.79,1.54,33.36,7.46,22.21,3.32,0.57,17.93,26.56,0.97,39.06,33.41,8.93,3.9,18.2,31.69,32.12,2.4,2.76,37.31,50.67,7.85,4.17,27.96,28.1,35.22,8.72,7.08,25.43,5.64,49.75,12.1,0.27,30.19,0.11,7.41,2.84,0.1,1.85,54.91
2020-04-23,5.63,7.63,1.47,33.11,7.41,23.65,3.22,0.57,17.31,26.07,0.97,39.09,33.87,8.92,3.75,17.97,31.68,32.18,2.78,2.72,38.63,49.19,7.81,4.37,27.25,28.79,34.85,9.11,7.25,25.69,5.76,49.48,11.82,0.19,28.98,0.15,8.12,3.05,0.13,1.8,55.26
2020-04-24,5.27,7.9,1.43,32.74,7.64,24.03,3.29,0.6,17.1,24.81,1.04,40.36,33.79,9.37,3.91,18.82,31.37,31.01,2.87,2.65,38.45,48.99,8.06,4.5,27.96,28.1,34.98,8.96,6.46,25.16,6.46,50.51,11.41,0.15,28.42,0.15,7.7,3.73,0.12,1.85,55.87
2020-04-25,4.66,7.23,1.37,33.91,8.07,23.66,3.74,1.11,16.25,23.93,0.99,40.7,34.38,9.23,4.0,18.2,31.48,31.43,2.87,2.79,37.25,49.33,9.08,4.34,29.26,27.42,34.19,9.13,6.4,25.52,6.08,50.9,11.1,0.14,26.94,0.16,8.2,4.29,0.12,1.86,56.52
2020-04-26,4.62,7.19,1.33,34.15,7.7,23.31,3.59,0.96,17.15,25.08,1.14,39.66,34.12,8.83,3.96,18.22,31.06,31.55,2.97,3.41,37.56,49.63,8.22,4.59,29.46,28.13,33.45,8.96,6.87,25.96,5.89,50.29,10.99,0.14,28.21,0.18,7.56,4.35,0.11,2.04,55.54
2020-04-27,4.47,7.23,1.38,34.4,7.33,23.58,3.68,1.09,16.84,24.36,1.28,40.14,34.22,8.45,3.91,18.23,32.14,30.24,3.21,3.82,37.75,48.64,8.74,4.87,30.13,28.07,32.83,8.97,7.25,25.94,5.82,49.96,11.03,0.16,28.1,0.26,8.44,4.71,0.07,1.99,54.12
2020-04-28,4.33,7.38,1.9,34.32,7.36,24.12,3.48,1.09,16.02,24.23,1.36,39.93,34.48,8.53,4.32,17.68,31.85,30.35,3.12,4.15,37.44,48.8,8.47,5.29,29.84,27.74,32.57,9.85,7.34,25.38,5.35,50.94,10.99,0.16,27.68,0.26,8.28,4.45,0.08,2.41,54.45
2020-04-29,4.38,7.18,2.06,34.64,7.44,23.6,3.63,1.28,15.79,24.47,1.21,39.67,34.65,8.63,4.15,17.74,32.09,30.2,3.08,4.11,37.89,48.45,8.46,5.2,30.83,27.33,32.16,9.68,7.14,26.04,5.36,50.35,11.11,0.17,28.16,0.28,7.25,4.72,0.03,2.83,54.51
2020-04-30,4.59,6.94,1.83,34.16,7.95,23.25,3.37,1.2,16.71,24.94,1.3,39.13,34.63,8.62,3.87,18.11,31.03,31.01,3.09,4.27,36.97,49.26,8.51,5.26,29.9,27.57,32.77,9.76,7.02,26.14,4.93,51.12,10.79,0.21,28.68,0.29,7.4,4.15,0.03,2.6,54.58
2020-05-01,4.66,7.33,1.65,33.56,8.07,23.31,3.58,1.3,16.54,24.03,1.49,39.35,35.13,8.32,3.87,18.42,30.89,31.09,3.04,4.37,36.67,49.19,8.76,5.38,30.46,27.66,32.39,9.49,7.01,26.18,5.34,50.63,10.84,0.36,28.89,0.29,7.43,3.93,0.03,2.24,54.72
2020-05-02,4.77,7.52,1.59,32.87,7.94,24.44,3.28,1.36,16.23,24.46,1.68,39.73,34.13,8.23,4.0,19.24,30.39,30.4,2.89,4.85,36.81,49.55,8.27,5.37,29.18,29.28,32.82,8.72,7.11,25.94,5.34,50.77,10.84,0.28,30.44,0.26,7.52,3.31,0.03,2.11,53.69
2020-05-03,5.05,7.44,1.95,32.83,7.77,24.23,3.8,0.76,16.17,25.31,1.64,39.88,33.17,8.06,4.08,19.35,30.7,30.24,2.98,4.59,37.48,49.65,7.85,5.02,29.37,29.89,32.33,8.41,7.12,27.09,5.26,50.07,10.46,0.24,30.31,0.26,7.92,3.67,0.03,2.03,53.11
2020-05-04,5.01,7.35,1.98,32.96,7.81,24.2,3.35,0.76,16.58,25.12,1.61,40.05,33.22,8.5,4.23,19.42,31.12,29.51,2.97,4.25,35.56,51.19,8.02,5.23,28.75,30.53,32.38,8.34,7.41,26.68,5.24,50.04,10.63,0.26,30.83,0.26,7.69,3.24,0.03,2.02,53.19
2020-05-05,4.96,7.4,2.0,33.34,7.82,24.15,3.51,0.76,16.06,25.56,1.62,40.52,32.3,8.18,3.65,19.29,32.35,29.29,3.01,4.23,35.2,52.18,8.2,4.42,27.77,30.74,33.24,8.25,7.11,27.42,4.93,49.45,11.09,0.25,30.57,0.21,7.99,2.6,0.01,2.24,53.73
2020-05-06,5.08,7.56,1.5,33.57,7.81,23.92,3.31,0.8,16.45,25.38,1.54,39.64,33.44,8.53,3.63,18.25,31.91,30.19,3.14,4.35,35.15,52.23,8.1,4.52,27.03,32.02,33.02,7.93,6.92,28.24,4.75,48.92,11.17,0.31,31.02,0.26,7.9,2.59,0.09,1.64,53.83
2020-05-07,4.86,7.44,1.47,34.29,7.95,23.35,3.41,0.84,16.39,25.46,1.47,39.21,33.86,8.41,3.69,17.99,32.48,29.8,3.31,4.32,34.59,52.08,8.67,4.66,26.64,31.74,32.58,9.04,6.94,28.06,5.03,47.59,12.38,0.33,30.81,0.28,8.1,2.51,0.08,1.61,53.96
2020-05-08,5.14,7.77,1.73,33.97,7.7,22.55,3.27,0.96,16.91,26.37,1.72,38.75,33.16,8.62,3.66,17.24,31.87,30.83,3.46,4.32,34.34,52.23,8.61,4.82,26.77,31.65,32.47,9.11,6.92,28.7,5.19,46.81,12.38,0.3,31.58,0.18,7.7,2.52,0.08,1.64,53.75
2020-05-09,5.15,7.75,1.76,34.12,7.58,22.41,3.18,0.99,17.06,26.77,1.77,38.36,33.1,8.65,3.62,17.24,31.46,31.18,3.46,4.39,34.5,52.11,8.58,4.81,26.82,31.77,32.43,8.98,6.76,29.01,5.28,46.78,12.17,0.3,31.28,0.2,7.92,2.56,0.07,1.7,53.76
2020-05-10,5.16,7.5,1.76,34.08,7.43,22.6,3.13,1.01,17.33,26.76,1.43,38.38,33.43,8.81,3.57,17.21,30.75,31.6,3.62,4.44,33.89,52.38,8.48,5.25,26.83,31.75,32.64,8.78,6.75,29.48,5.35,46.03,12.39,0.3,31.43,0.2,7.92,2.73,0.08,1.79,53.67
2020-05-11,5.12,6.88,1.7,34.03,7.51,22.58,3.12,0.99,18.07,27.06,1.38,38.76,32.8,8.96,3.71,17.35,30.73,31.36,3.81,4.08,34.35,51.86,8.74,5.05,26.96,31.44,32.59,9.01,6.71,29.38,5.54,46.14,12.23,0.28,31.31,0.19,7.66,2.7,0.1,1.91,53.95
2020-05-12,5.15,6.76,1.81,34.38,7.2,22.4,2.99,0.97,18.34,27.09,1.29,39.02,32.6,9.0,3.76,17.59,30.45,31.36,3.79,4.05,34.0,52.02,8.94,5.04,26.52,31.66,32.67,9.15,6.71,29.2,5.36,46.38,12.35,0.3,31.19,0.19,7.6,2.7,0.1,1.86,54.24
2020-05-13,5.18,6.87,1.53,35.02,7.42,21.8,2.88,0.95,18.35,27.03,1.4,38.63,32.94,8.97,3.8,17.82,29.8,31.73,3.78,4.1,34.11,51.73,9.06,5.1,26.42,31.24,32.83,9.51,6.34,29.41,5.81,46.25,12.19,0.3,30.7,0.19,7.94,2.59,0.1,1.81,54.52
2020-05-14,5.18,6.81,1.52,34.7,7.51,22.2,2.74,0.93,18.41,27.24,1.5,38.52,32.74,8.84,3.85,17.53,29.72,32.17,3.8,4.09,33.69,51.88,9.38,5.05,26.58,31.01,32.96,9.45,6.4,29.32,5.69,46.3,12.29,0.3,30.9,0.17,8.32,2.69,0.17,1.9,53.74
2020-05-15,5.32,6.63,1.62,34.64,7.27,21.71,2.86,0.87,19.08,27.0,1.76,38.02,33.22,8.77,3.86,17.65,29.29,32.34,3.81,4.28,33.71,51.72,9.29,5.28,26.87,30.55,32.86,9.72,6.57,29.51,5.72,46.09,12.11,0.27,31.51,0.17,8.49,2.69,0.2,1.6,53.06
2020-05-16,5.33,6.25,1.61,33.73,7.3,22.09,2.95,0.89,19.85,27.53,1.81,37.4,33.26,8.99,3.57,17.37,28.85,33.01,3.91,4.3,32.76,52.3,9.63,5.31,26.9,30.55,32.72,9.83,6.59,29.71,5.83,45.72,12.15,0.18,31.33,0.17,8.53,2.61,0.22,1.58,53.33
2020-05-17,5.13,6.54,1.64,34.2,7.53,22.08,2.78,0.89,19.21,27.41,1.77,37.8,33.02,8.93,3.57,17.24,27.83,33.62,4.12,4.69,32.7,51.96,9.67,5.67,26.86,30.71,32.76,9.67,6.45,29.47,6.11,45.77,12.2,0.21,31.72,0.16,8.26,2.33,0.22,1.57,53.6
2020-05-18,5.09,6.5,1.7,32.9,7.82,22.63,2.75,0.8,19.81,27.9,1.76,37.58,32.76,8.35,3.44,16.86,28.14,33.99,4.5,4.72,32.55,52.48,9.31,5.66,27.67,30.42,32.71,9.2,6.38,30.75,6.0,45.44,11.43,0.21,31.04,0.6,8.29,2.45,0.22,1.53,53.73
2020-05-19,5.02,5.97,1.84,32.73,7.95,23.22,2.76,0.78,19.73,29.55,1.28,37.42,31.75,8.42,3.45,17.29,27.02,35.37,3.88,4.57,33.2,52.19,8.78,5.83,27.22,31.63,32.99,8.16,6.59,31.48,6.22,45.69,10.02,0.19,29.75,0.78,8.94,2.4,0.22,1.65,54.11
2020-05-20,4.78,5.8,1.2,32.99,7.88,23.42,2.65,0.76,20.52,28.73,1.28,37.66,32.33,8.03,3.51,17.19,27.91,33.53,4.66,5.17,32.41,52.76,9.2,5.63,27.67,31.2,32.62,8.51,6.3,31.13,6.42,45.27,10.88,0.19,31.15,0.67,8.95,2.35,0.21,1.59,52.44
2020-05-21,5.1,5.44,1.2,32.65,7.3,22.72,2.64,0.79,22.16,29.24,1.15,37.45,32.16,8.39,3.68,16.43,28.24,33.7,4.46,5.1,32.24,53.41,8.99,5.36,26.99,31.63,32.51,8.87,6.27,31.25,6.66,44.7,11.12,0.22,31.78,0.55,8.47,2.4,0.21,1.55,52.53
2020-05-22,5.11,5.52,1.2,31.87,6.79,23.1,2.85,0.82,22.74,28.12,1.13,37.83,32.92,8.37,3.87,16.45,27.9,33.63,4.63,5.15,32.27,53.42,8.89,5.42,26.75,31.54,32.68,9.03,6.31,31.51,5.93,45.02,11.23,0.25,32.33,0.6,8.13,2.47,0.13,1.74,51.99
2020-05-23,5.2,5.49,1.07,32.12,6.79,22.7,2.84,0.85,22.94,27.9,1.21,37.73,33.16,8.21,3.91,16.28,28.11,33.48,4.57,5.44,33.04,52.58,8.97,5.41,26.65,31.73,32.42,9.2,6.24,31.36,6.13,45.16,11.11,0.26,32.35,0.61,8.02,2.47,0.13,1.7,52.13
2020-05-24,5.32,5.37,1.03,32.26,6.79,23.18,2.58,0.86,22.61,27.4,1.05,37.45,34.1,8.56,4.05,16.35,28.67,32.5,4.53,5.34,32.75,52.37,9.51,5.37,26.01,31.37,32.89,9.73,6.57,30.55,6.28,45.18,11.42,0.26,33.07,0.58,7.78,2.53,0.12,1.86,51.58
2020-05-25,5.84,5.36,1.05,32.62,6.73,22.28,2.54,0.85,22.73,27.61,1.01,37.85,33.53,8.55,4.36,16.45,28.14,32.46,4.92,5.12,33.15,51.95,9.45,5.45,26.09,31.16,32.92,9.83,6.44,30.15,6.28,45.21,11.92,0.29,32.29,0.51,7.94,2.47,0.1,1.87,52.34
2020-05-26,5.88,5.25,1.08,32.96,6.92,22.32,2.6,0.84,22.15,27.5,1.01,37.36,34.13,8.41,4.38,16.49,27.85,32.33,5.31,5.23,33.77,51.46,9.26,5.51,25.76,31.06,33.43,9.75,6.62,29.75,6.48,45.0,12.15,0.44,33.25,0.13,8.14,2.39,0.09,1.89,51.43
2020-05-27,5.78,4.98,1.11,31.74,6.9,22.44,2.7,0.89,23.46,27.37,1.02,37.29,34.32,8.4,4.3,17.35,27.26,32.59,5.04,5.06,33.37,51.86,9.81,4.96,25.37,30.7,33.65,10.28,6.42,29.71,6.43,45.79,11.65,0.43,32.44,0.13,8.57,2.48,0.07,1.84,51.95
2020-05-28,5.51,5.06,1.09,31.42,7.0,22.36,2.87,0.9,23.79,27.25,0.99,37.4,34.36,8.3,4.27,17.19,27.39,32.67,5.2,4.98,33.51,51.83,9.81,4.85,25.04,30.75,33.88,10.33,6.41,29.76,6.17,46.0,11.66,0.42,32.7,0.13,8.66,2.48,0.07,1.84,52.03
2020-05-29,5.5,4.95,1.15,31.52,7.2,21.99,2.9,0.87,23.92,27.31,0.99,37.17,34.53,8.14,4.13,17.4,27.49,32.66,5.02,5.16,33.37,51.82,10.15,4.66,25.0,30.95,33.9,10.15,6.62,29.6,6.26,45.57,11.95,0.43,32.87,0.27,8.31,2.46,0.07,1.89,51.99
2020-05-30,5.55,4.8,1.12,32.15,7.36,21.22,2.88,0.87,24.05,27.34,0.99,36.81,34.86,8.25,4.04,17.56,27.32,32.48,5.18,5.17,33.24,51.74,10.37,4.65,25.06,31.08,33.47,10.39,6.43,29.57,6.17,45.68,12.15,0.43,32.49,0.24,8.16,2.63,0.07,1.95,52.34
2020-05-31,5.47,4.76,0.98,32.59,7.37,21.09,2.76,0.89,24.09,27.55,0.98,36.72,34.75,8.2,3.92,17.71,27.44,32.3,5.2,5.23,33.36,51.63,10.35,4.66,24.84,31.0,33.68,10.48,6.36,29.91,6.08,45.54,12.11,0.44,32.65,0.31,8.18,2.61,0.06,1.93,52.09
2020-06-01,5.46,4.63,0.99,32.55,7.45,21.17,2.64,0.87,24.24,27.81,0.93,36.57,34.69,8.21,3.94,17.57,27.06,32.72,5.23,5.27,33.17,51.83,10.41,4.59,25.09,30.96,33.69,10.26,6.34,30.12,6.02,45.41,12.11,0.44,33.03,0.31,8.15,2.47,0.06,1.92,51.95
2020-06-02,5.52,4.53,1.07,32.12,7.27,22.38,2.74,0.8,23.57,28.44,0.92,36.18,34.46,8.03,3.97,17.4,27.21,32.39,6.02,4.98,33.84,51.45,10.42,4.29,24.62,31.4,33.45,10.53,6.3,30.08,6.35,45.28,11.99,0.45,32.87,0.31,8.57,2.61,0.06,1.99,51.59
2020-06-03,5.4,4.27,1.2,31.64,7.24,22.34,2.65,0.76,24.5,28.96,0.95,35.76,34.33,7.64,3.88,17.52,26.85,32.82,6.35,4.94,33.4,51.93,10.46,4.21,25.35,30.64,33.63,10.38,5.89,30.91,6.19,45.34,11.67,0.5,32.33,0.3,8.39,2.74,0.03,1.9,52.36
2020-06-04,4.83,4.23,1.28,31.88,7.4,22.09,2.85,0.79,24.65,28.64,0.97,35.32,35.07,7.59,4.01,17.26,27.2,32.57,6.36,5.01,33.4,52.37,10.23,4.0,25.2,30.2,33.96,10.64,5.83,29.97,6.5,45.65,12.05,0.49,32.33,0.32,8.0,2.79,0.0,1.83,52.84
2020-06-05,5.03,4.14,1.34,32.12,7.17,22.0,2.79,0.81,24.6,28.92,0.86,35.86,34.36,7.73,4.53,16.83,27.76,32.31,5.98,4.86,33.96,51.43,10.37,4.24,25.92,29.38,33.85,10.85,5.95,29.74,7.13,45.27,11.91,0.49,32.16,0.33,8.01,3.04,0.0,2.13,52.51
2020-06-06,5.04,4.17,1.28,32.07,7.26,22.09,2.71,0.76,24.62,28.73,0.83,35.96,34.48,7.63,4.77,17.29,27.25,32.42,5.8,4.84,34.35,51.25,10.14,4.26,26.21,28.81,33.93,11.05,5.9,29.3,7.72,45.33,11.75,0.43,33.26,0.32,7.99,3.08,0.0,1.92,51.52
2020-06-07,4.96,4.16,1.3,31.66,7.27,22.1,2.78,0.82,24.95,29.16,0.81,35.72,34.31,7.71,4.8,17.21,26.75,32.65,5.89,4.99,34.48,51.08,10.29,4.15,26.15,28.55,33.97,11.33,5.85,29.14,7.42,45.29,12.3,0.42,33.16,0.37,8.04,2.95,0.0,1.82,51.74
2020-06-08,5.19,3.98,1.26,31.58,7.77,21.7,3.35,0.86,24.31,30.7,0.82,34.34,34.14,7.61,4.88,16.2,27.2,33.29,5.89,4.93,34.28,51.51,10.26,3.95,25.39,28.45,34.81,11.35,5.94,29.76,7.28,44.8,12.22,0.39,33.61,0.32,7.88,2.62,0.0,1.79,51.78
2020-06-09,5.19,4.0,1.37,32.42,7.61,21.76,3.31,0.89,23.45,29.99,0.78,34.9,34.33,7.82,4.83,16.3,26.89,33.47,5.9,4.79,34.36,52.27,9.56,3.81,25.85,28.37,34.39,11.39,6.02,30.21,7.35,44.27,12.15,0.4,34.25,0.32,7.92,2.7,0.0,1.72,51.19
2020-06-10,5.44,4.11,1.34,32.54,7.34,21.91,3.2,0.92,23.2,30.02,0.72,34.98,34.28,7.66,4.95,16.09,27.27,34.13,5.12,4.78,33.9,52.9,9.49,3.71,25.72,27.91,34.42,11.95,5.9,29.34,7.78,44.72,12.26,0.37,35.11,0.32,7.77,2.73,0.0,1.65,50.47
2020-06-11,5.42,3.82,1.33,33.09,7.48,22.28,3.11,1.0,22.47,30.49,0.64,35.38,33.49,7.68,5.06,16.05,26.63,35.31,4.64,4.63,34.51,52.11,9.65,3.73,25.64,27.49,34.48,12.39,5.81,30.09,8.02,44.03,12.05,0.36,35.93,0.34,7.84,2.78,0.0,1.55,49.56
2020-06-12,5.72,3.92,1.37,33.06,7.65,21.76,3.08,0.96,22.48,31.04,0.65,35.27,33.04,7.83,4.95,15.92,26.65,35.17,4.82,4.66,35.24,51.07,9.85,3.84,25.55,27.69,33.65,13.11,5.64,29.89,7.42,44.94,12.11,0.23,36.2,0.33,8.5,2.69,0.0,1.47,48.77
2020-06-13,5.64,3.89,1.36,32.95,7.96,21.6,3.18,0.95,22.47,30.71,0.67,35.6,33.02,8.09,4.88,16.02,26.41,35.55,4.55,4.5,35.02,51.28,9.84,3.86,25.28,27.55,33.89,13.28,5.75,29.45,7.42,45.26,12.12,0.25,36.53,0.23,8.7,2.5,0.0,1.58,48.39
2020-06-14,5.6,3.95,1.38,32.73,7.96,21.61,3.3,1.0,22.47,31.01,0.8,35.43,32.76,7.93,4.94,16.24,26.13,35.58,4.66,4.52,34.87,51.49,9.8,3.84,25.22,27.82,33.92,13.04,5.7,29.4,7.35,45.37,12.18,0.23,36.68,0.24,8.72,2.45,0.0,1.53,48.27
2020-06-15,5.6,3.93,1.33,33.26,7.89,21.23,3.2,1.01,22.55,31.51,0.79,35.27,32.43,8.01,4.57,16.12,26.13,36.03,4.66,4.48,34.75,51.4,10.1,3.75,25.4,27.88,33.87,12.85,5.6,29.41,7.16,45.55,12.28,0.21,37.0,0.22,8.55,2.56,0.0,1.54,47.87
2020-06-16,5.38,4.21,1.26,33.82,8.31,21.01,3.26,1.07,21.68,31.95,0.71,34.03,33.31,8.34,4.36,16.27,25.79,35.97,4.7,4.57,34.78,51.16,10.25,3.81,26.02,28.08,33.35,12.55,5.61,30.85,6.4,44.8,12.34,0.22,37.24,0.23,8.56,2.44,0.0,1.52,47.81
2020-06-17,4.84,4.26,1.17,34.49,7.73,21.08,3.33,1.1,22.0,32.18,0.77,34.02,33.03,8.29,3.61,16.25,25.99,36.85,4.72,4.29,33.88,51.64,10.88,3.6,25.35,27.75,33.77,13.13,5.51,30.72,6.42,44.66,12.69,0.21,37.67,0.23,8.41,2.36,0.01,1.48,47.72
2020-06-18,5.02,4.24,1.19,33.15,7.91,21.92,2.8,1.16,22.61,33.17,0.74,34.4,31.69,8.16,3.97,16.29,25.1,37.08,4.88,4.52,33.39,52.47,10.96,3.18,25.52,28.79,32.49,13.2,5.54,31.33,6.23,44.27,12.63,0.27,36.47,0.22,8.71,2.1,0.01,1.6,48.72
2020-06-19,4.92,4.15,1.04,33.29,7.89,22.18,2.93,1.21,22.39,33.23,0.87,34.15,31.75,8.1,4.23,15.58,24.88,37.6,4.8,4.81,33.09,52.03,11.72,3.16,26.04,27.98,32.97,13.01,5.44,32.44,5.25,43.65,13.22,0.33,35.49,0.22,9.65,2.08,0.01,1.52,48.89
2020-06-20,4.98,4.17,0.97,33.09,7.75,21.75,3.06,1.23,23.0,33.39,1.04,33.51,32.06,8.16,4.22,15.62,24.61,37.58,4.8,5.01,33.17,51.9,11.68,3.25,26.25,28.52,32.52,12.71,5.53,32.86,4.96,43.35,13.3,0.35,34.87,0.22,9.74,2.1,0.01,1.52,49.5
2020-06-21,5.0,4.16,1.06,32.9,8.18,21.81,3.04,1.26,22.59,33.68,1.01,33.64,31.67,7.94,4.18,15.96,24.3,37.79,4.81,5.02,33.41,52.21,11.23,3.15,25.93,28.51,33.02,12.54,5.43,33.41,4.62,43.38,13.16,0.33,34.7,0.22,9.66,2.32,0.01,1.46,49.65
2020-06-22,5.13,4.1,1.12,32.79,8.19,21.6,3.06,1.24,22.77,33.51,1.0,33.67,31.82,7.93,4.09,15.78,24.44,38.1,4.68,4.98,33.22,52.55,11.07,3.16,25.75,28.36,33.3,12.59,5.35,33.64,4.52,43.51,12.98,0.34,34.12,0.22,9.6,2.31,0.01,1.46,50.19
2020-06-23,5.12,4.09,1.12,32.74,8.2,21.61,3.06,1.23,22.83,33.53,0.96,33.75,31.76,7.89,3.8,15.75,24.81,37.66,5.13,4.96,33.31,52.66,10.87,3.16,25.62,28.4,33.34,12.64,5.35,33.7,4.51,43.38,13.06,0.34,34.09,0.22,9.57,2.31,0.01,1.49,50.22
2020-06-24,5.2,3.99,1.18,32.17,8.47,21.57,3.2,1.28,22.94,34.01,0.95,33.56,31.48,7.79,3.64,16.1,24.76,37.64,5.15,4.92,33.3,52.4,11.27,3.03,25.74,27.97,33.84,12.45,5.37,33.68,4.42,43.5,13.03,0.34,34.45,0.22,9.56,2.25,0.01,1.46,49.88
2020-06-25,5.42,3.9,1.16,31.03,7.79,21.76,3.25,1.88,23.81,33.54,0.98,33.81,31.67,8.07,3.67,16.24,24.27,37.61,5.18,4.96,32.25,53.68,10.94,3.13,25.36,28.33,34.16,12.15,5.92,33.74,4.33,42.84,13.17,0.35,34.27,0.24,8.84,2.29,0.01,1.5,50.85
2020-06-26,5.59,4.0,1.15,30.24,7.63,21.52,3.06,1.92,24.89,32.93,0.95,33.55,32.57,8.02,3.6,15.96,24.98,37.29,5.08,5.07,32.34,53.38,11.29,2.99,24.54,28.66,34.67,12.13,5.63,33.61,4.2,43.17,13.39,0.34,33.21,0.26,8.92,2.22,0.01,1.43,51.81
2020-06-27,5.78,3.86,1.17,29.99,7.76,20.95,3.49,1.8,25.2,33.78,1.14,33.52,31.56,7.84,3.17,16.43,25.41,37.32,5.05,4.78,33.08,52.67,11.04,3.21,25.65,28.06,34.54,11.75,5.91,33.19,4.31,43.22,13.37,0.33,33.36,0.26,9.05,2.22,0.01,1.43,51.39
2020-06-28,5.81,3.85,1.03,29.63,7.94,20.85,3.88,1.8,25.21,33.2,1.09,34.25,31.46,7.87,3.26,16.6,24.51,36.96,5.73,5.07,32.64,53.48,10.91,2.97,24.77,28.35,34.97,11.91,5.87,33.19,4.62,43.32,13.0,0.55,33.79,0.18,8.72,2.4,0.33,1.55,50.73
2020-06-29,5.88,3.77,1.01,29.69,7.93,20.84,3.97,1.8,25.11,33.09,1.05,34.2,31.66,7.83,3.29,16.52,24.57,37.1,5.67,5.02,32.75,53.59,10.74,2.92,24.88,28.0,35.17,11.95,6.17,32.79,4.66,43.53,12.85,0.56,33.84,0.18,8.57,2.68,0.33,1.53,50.65
2020-06-30,5.97,3.56,0.95,29.96,7.81,20.65,4.16,1.78,25.16,32.95,1.07,34.18,31.8,7.66,3.47,16.52,24.6,37.12,5.68,4.95,32.85,53.59,10.61,2.95,24.69,28.04,35.28,11.99,6.21,32.72,4.74,43.74,12.59,0.54,33.95,0.2,8.74,2.77,0.33,1.49,50.26
2020-07-01,5.9,3.59,0.92,30.25,7.59,20.69,4.17,1.83,25.06,32.82,1.08,34.42,31.68,7.55,3.52,16.29,24.69,37.24,5.75,4.96,32.76,53.61,10.71,2.92,24.67,28.1,35.27,11.96,6.11,32.55,4.88,44.01,12.45,0.5,34.0,0.2,8.74,2.76,0.33,1.46,50.32
2020-07-02,5.87,3.6,0.93,30.17,7.54,20.74,4.16,1.83,25.16,32.94,1.07,34.35,31.64,7.6,3.5,16.22,24.76,37.35,5.67,4.9,32.82,53.58,10.71,2.89,24.42,28.11,35.27,12.2,6.13,32.47,4.96,43.99,12.45,0.5,34.2,0.2,8.71,2.75,0.33,1.46,50.19
2020-07-03,5.82,3.58,0.92,30.01,7.7,21.03,4.32,1.8,24.82,33.26,1.05,34.32,31.37,7.64,3.5,16.32,24.66,37.38,5.61,4.89,32.68,53.84,10.57,2.91,24.46,28.77,34.87,11.9,6.1,33.02,4.85,43.86,12.17,0.47,34.33,0.2,8.76,2.67,0.32,1.5,50.15
2020-07-04,5.78,3.62,0.92,29.78,7.67,21.17,4.44,1.81,24.81,33.27,1.09,34.71,30.93,7.42,3.61,16.55,24.5,37.59,5.37,4.96,32.97,53.75,10.42,2.86,25.07,28.6,34.38,11.95,6.05,32.79,4.84,44.23,12.09,0.46,34.6,0.22,8.74,2.74,0.32,1.52,49.85
2020-07-05,5.94,3.5,0.93,30.62,7.29,20.7,4.37,1.83,24.82,32.67,1.09,35.57,30.67,7.27,3.71,17.09,24.15,37.55,5.35,4.88,33.58,53.87,9.72,2.83,24.81,28.14,34.79,12.26,5.9,31.52,4.67,45.45,12.46,0.44,34.56,0.2,8.51,2.7,0.29,1.46,50.25
2020-07-06,6.05,3.38,0.9,30.73,7.34,20.69,4.45,1.55,24.91,33.08,1.18,35.61,30.13,7.01,3.59,17.37,24.4,37.4,5.3,4.93,33.63,53.89,9.66,2.82,24.66,27.98,35.05,12.31,5.95,31.5,4.87,45.79,11.89,0.39,34.87,0.2,8.43,2.65,0.35,1.43,50.16
2020-07-07,6.6,3.41,0.91,30.4,7.23,21.06,4.78,1.45,24.16,33.16,1.13,35.23,30.48,7.03,3.58,17.13,23.57,38.65,5.35,4.69,33.46,54.81,8.92,2.81,23.96,27.95,35.84,12.25,6.0,31.65,5.04,45.25,12.06,0.44,36.09,0.2,8.35,2.62,0.35,1.53,48.92
2020-07-08,6.72,3.47,0.95,29.77,6.54,21.12,5.03,1.44,24.96,33.3,1.15,34.97,30.58,6.99,3.67,17.07,22.9,39.04,5.56,4.77,31.97,55.86,9.35,2.82,23.25,28.53,35.73,12.49,5.98,30.82,5.38,45.85,11.97,0.46,36.44,0.21,7.93,2.91,0.39,1.58,48.62
2020-07-09,6.68,3.56,0.96,29.7,6.59,21.27,5.0,1.42,24.82,33.33,1.21,34.85,30.61,6.87,3.67,16.91,22.88,39.29,5.72,4.66,31.95,56.32,9.01,2.72,23.07,28.93,35.46,12.54,6.01,31.07,5.32,45.52,12.08,0.46,36.27,0.21,7.7,2.92,0.41,1.61,48.97
2020-07-10,6.54,3.76,0.93,29.92,6.35,20.7,5.12,1.51,25.17,33.31,1.18,35.06,30.45,6.74,3.61,16.72,22.95,39.38,5.95,4.65,31.69,56.12,9.5,2.69,23.25,28.95,35.11,12.69,5.81,31.64,5.51,45.06,11.98,0.43,36.33,0.23,7.64,2.88,0.41,1.58,48.94
2020-07-11,6.46,3.82,0.94,29.76,6.38,20.84,5.1,1.47,25.23,33.14,1.13,35.77,29.96,6.76,3.53,16.99,22.98,39.2,6.05,4.49,32.25,55.75,9.28,2.72,23.28,28.93,35.33,12.46,5.98,30.97,5.36,45.66,12.03,0.45,36.33,0.23,7.97,2.8,0.41,1.59,48.62
2020-07-12,6.15,3.88,0.96,30.12,6.27,21.02,5.03,1.49,25.08,33.06,1.14,35.83,29.97,6.65,3.62,16.81,22.71,39.11,6.49,4.61,32.06,55.66,9.59,2.69,23.5,28.77,35.48,12.25,5.89,30.71,5.29,45.89,12.22,0.45,36.44,0.23,7.94,3.02,0.41,1.64,48.31
2020-07-13,6.1,3.76,0.97,30.24,6.31,21.23,4.9,1.43,25.06,32.82,1.24,36.05,29.89,6.67,3.62,16.6,22.33,39.63,6.53,4.62,31.91,55.8,9.57,2.72,23.43,28.6,35.66,12.31,5.83,30.53,5.44,46.08,12.12,0.44,36.96,0.24,7.91,3.02,0.41,1.66,47.76
2020-07-14,6.17,3.88,0.99,30.54,6.3,21.06,4.84,1.43,24.79,32.52,1.34,35.79,30.35,6.74,3.61,16.74,22.0,39.49,6.63,4.79,32.1,55.37,9.72,2.81,23.43,28.78,35.64,12.15,5.97,30.38,5.49,45.78,12.38,0.44,37.03,0.25,7.95,3.01,0.41,1.58,47.73
2020-07-15,6.0,4.03,0.95,30.79,6.28,20.87,4.85,1.44,24.79,32.61,1.36,35.84,30.19,6.76,3.55,16.77,21.77,39.64,6.61,4.9,32.05,55.39,9.79,2.77,23.65,28.82,35.4,12.13,5.98,30.41,5.56,45.67,12.38,0.44,36.98,0.24,7.71,2.97,0.41,1.53,48.13
2020-07-16,5.94,3.86,0.97,31.83,6.28,20.9,4.58,1.35,24.29,33.16,1.39,34.91,30.54,6.64,3.49,16.55,21.91,39.71,6.63,5.07,32.11,54.67,10.46,2.76,24.09,28.39,35.01,12.51,6.1,29.95,5.54,45.45,12.96,0.45,36.86,0.28,7.64,3.12,0.01,1.47,48.61
2020-07-17,5.91,4.04,1.05,31.65,5.64,21.3,4.26,1.25,24.9,33.95,1.44,33.64,30.97,6.71,3.35,15.97,21.46,42.44,5.96,4.11,31.65,56.0,9.52,2.83,24.25,28.73,34.78,12.24,6.07,29.91,5.2,45.79,13.03,0.44,38.23,0.24,7.98,2.57,0.01,1.39,47.37
2020-07-18,6.2,4.09,1.08,29.81,5.48,22.44,4.46,1.2,25.24,34.75,1.41,33.14,30.7,6.74,3.37,14.82,20.84,43.82,6.37,4.04,31.28,56.39,9.5,2.83,24.71,29.44,34.51,11.34,5.96,31.8,5.41,44.97,11.86,0.46,38.78,0.24,8.09,2.57,0.01,1.44,46.66
2020-07-19,6.33,4.13,1.21,30.78,5.47,21.86,3.73,1.21,25.28,34.46,1.46,33.86,30.22,6.7,3.47,15.26,21.33,42.26,6.2,4.78,30.67,56.62,9.32,3.39,25.36,28.76,34.43,11.45,5.95,31.45,4.96,46.07,11.57,0.46,39.06,0.24,8.01,2.54,0.01,1.36,46.56
2020-07-20,6.26,4.32,1.19,30.58,5.5,21.4,3.71,1.18,25.86,34.54,1.46,33.98,30.02,6.61,3.42,15.49,21.81,41.87,6.15,4.65,31.96,55.72,9.01,3.31,25.48,28.92,33.82,11.78,5.96,31.14,4.85,46.29,11.76,0.44,39.94,0.24,7.7,2.37,0.01,1.31,46.27
2020-07-21,6.26,4.31,1.2,31.3,5.5,21.17,3.83,1.15,25.28,34.44,1.4,34.35,29.81,6.49,3.46,15.63,21.18,42.14,6.43,4.67,31.79,55.89,9.05,3.27,25.36,28.58,34.32,11.74,6.08,31.14,4.77,46.49,11.52,0.48,39.97,0.23,7.87,2.34,0.01,1.11,46.28
2020-07-22,6.06,4.41,1.19,32.7,5.69,20.75,3.45,1.05,24.7,34.5,1.35,34.34,29.81,6.46,3.39,15.49,20.84,42.52,6.54,4.76,32.02,55.67,9.1,3.21,25.66,29.06,33.97,11.31,6.41,30.97,5.04,46.24,11.34,0.49,40.19,0.26,7.98,2.23,0.01,1.31,45.92
2020-07-23,6.12,4.35,1.2,33.05,5.71,19.98,3.33,0.97,25.29,34.35,1.43,34.57,29.65,6.41,3.19,15.86,20.94,42.17,6.57,4.86,32.22,55.5,9.09,3.19,25.85,28.28,34.41,11.46,6.66,31.24,5.01,45.64,11.45,0.49,40.55,0.25,7.9,2.16,0.01,1.2,45.67
2020-07-24,6.05,4.34,1.19,33.41,5.75,19.78,3.35,0.89,25.24,34.85,1.39,34.52,29.24,6.42,3.13,15.73,21.26,42.08,6.71,4.67,31.96,55.86,8.97,3.21,25.92,28.3,34.41,11.37,6.63,31.39,4.99,45.36,11.63,0.46,40.76,0.24,7.94,2.16,0.01,1.26,45.34
2020-07-25,5.96,4.33,1.1,34.45,5.61,18.55,3.75,0.91,25.34,34.73,1.35,34.57,29.35,6.49,3.13,15.61,20.92,42.64,6.94,4.27,31.95,56.05,8.69,3.31,26.31,27.72,34.41,11.56,6.56,30.88,5.35,44.76,12.45,0.45,40.54,0.21,7.56,1.97,0.01,1.23,45.9
2020-07-26,5.96,4.33,1.1,34.45,5.61,18.55,3.75,0.91,25.34,34.73,1.35,34.57,29.35,6.52,3.11,15.64,20.84,42.69,6.95,4.25,32.04,55.88,8.75,3.33,26.31,27.72,34.41,11.56,6.56,30.88,5.35,44.76,12.45,0.45,40.54,0.21,7.56,1.97,0.01,1.23,45.9
2020-07-27,5.75,4.43,0.99,35.19,5.67,18.13,3.87,0.82,25.15,34.69,1.29,34.17,29.85,6.44,3.12,15.25,20.69,42.68,7.62,4.2,32.04,55.61,9.02,3.33,26.43,28.08,34.12,11.37,6.85,30.71,6.16,43.63,12.65,0.44,40.22,0.18,7.73,2.07,0.01,1.29,46.14
2020-07-28,6.06,4.27,0.98,34.74,6.3,18.5,3.73,0.75,24.67,35.6,1.35,33.15,29.9,6.24,3.05,15.1,21.15,42.03,8.42,4.01,32.44,55.73,8.85,2.98,26.87,28.01,34.26,10.86,6.76,31.11,6.41,43.22,12.5,0.29,40.87,0.21,7.91,2.1,0.04,0.92,45.57
2020-07-29,6.07,4.39,0.97,34.7,6.12,18.45,3.91,0.76,24.63,35.57,1.33,32.47,30.63,6.28,2.84,14.75,21.62,41.68,8.86,3.97,31.63,56.3,8.99,3.08,26.44,28.48,34.23,10.85,6.84,31.44,6.34,43.1,12.28,0.36,40.43,0.16,7.98,1.86,0.04,0.92,46.08
2020-07-30,5.85,4.29,0.92,35.18,6.31,17.61,4.25,0.78,24.81,35.62,1.31,32.26,30.81,6.25,2.87,14.58,21.77,41.74,8.86,3.93,31.48,56.41,9.01,3.1,26.31,28.7,34.25,10.74,7.06,31.49,6.54,43.13,11.78,0.37,40.48,0.16,7.97,1.66,0.04,0.88,46.22
2020-07-31,5.72,4.04,0.89,34.69,6.49,18.29,4.4,0.86,24.62,36.73,1.39,31.48,30.4,6.33,2.91,14.79,21.5,41.11,9.14,4.22,30.96,56.65,8.93,3.46,24.89,29.63,34.67,10.81,6.87,30.47,7.35,43.1,12.21,0.34,40.73,0.16,8.19,2.04,0.04,1.01,45.7
2020-08-01,5.83,4.66,0.88,35.11,6.28,18.05,4.24,0.86,24.09,37.3,1.44,31.35,29.91,6.47,2.82,14.56,21.94,41.9,8.05,4.26,30.0,57.43,9.2,3.37,25.67,28.28,36.0,10.05,6.78,30.55,7.13,43.14,12.4,0.32,39.55,0.2,7.73,2.01,0.04,1.03,47.22
2020-08-02,5.83,4.83,0.85,34.87,6.06,18.95,4.19,0.85,23.57,38.28,1.43,31.21,29.08,6.43,2.69,14.62,21.97,41.83,8.22,4.24,29.74,57.38,9.46,3.42,25.37,28.4,36.06,10.17,6.61,30.61,7.02,43.26,12.5,0.34,38.74,0.2,8.03,2.02,0.06,1.02,47.65
2020-08-03,5.83,4.83,0.85,34.87,6.06,18.95,4.19,0.85,23.57,38.28,1.43,31.21,29.08,6.46,2.71,14.58,22.0,41.84,8.14,4.27,29.85,57.25,9.45,3.45,25.37,28.4,36.06,10.17,6.61,30.61,7.02,43.26,12.5,0.34,38.74,0.2,8.03,2.02,0.06,1.02,47.65
2020-08-04,5.98,4.79,0.87,34.87,6.15,18.89,4.2,0.8,23.45,38.14,1.46,31.43,28.97,6.57,2.68,14.52,21.73,42.22,8.13,4.15,30.09,57.11,9.4,3.4,25.22,28.55,36.04,10.19,6.57,30.52,7.18,43.09,12.64,0.37,38.68,0.23,7.93,1.99,0.06,1.04,47.81
2020-08-05,6.02,4.95,0.81,34.66,6.2,18.96,4.27,0.79,23.34,37.78,1.42,31.63,29.17,6.64,2.67,14.19,21.69,42.75,7.91,4.15,30.07,57.56,9.06,3.31,25.27,28.75,36.06,9.92,6.69,30.26,7.14,42.97,12.94,0.37,38.3,0.29,7.72,1.95,0.06,0.98,48.39
2020-08-06,6.06,5.01,0.84,34.7,6.2,18.93,4.08,0.78,23.4,37.89,1.46,31.74,28.91,6.68,2.66,14.36,21.59,42.78,7.82,4.11,30.18,57.16,9.28,3.38,24.83,28.94,36.18,10.05,6.92,30.11,7.13,42.85,12.99,0.37,38.29,0.29,7.63,1.91,0.06,0.96,48.44
2020-08-07,6.27,5.18,0.76,35.0,6.24,18.89,3.9,0.76,23.0,38.3,1.47,31.8,28.43,6.68,2.75,14.55,21.43,42.6,7.76,4.23,30.47,56.79,9.25,3.49,24.78,28.61,36.58,10.03,7.1,30.03,7.13,42.65,13.09,0.36,38.44,0.29,7.48,1.82,0.06,0.96,48.49
2020-08-08,6.29,5.32,0.74,34.9,6.35,18.65,3.95,0.76,23.04,38.54,1.52,31.79,28.15,6.77,2.82,14.33,21.54,42.46,7.86,4.22,30.38,56.76,9.34,3.52,24.87,28.58,36.58,9.97,7.38,29.9,7.1,42.51,13.11,0.34,38.35,0.32,7.44,2.02,0.06,0.96,48.4
2020-08-09,6.29,5.32,0.74,34.9,6.35,18.65,3.95,0.76,23.04,38.54,1.52,31.79,28.15,6.81,2.81,14.44,21.32,42.56,7.81,4.25,30.35,56.81,9.32,3.52,24.87,28.58,36.58,9.97,7.38,29.9,7.1,42.51,13.11,0.34,38.35,0.32,7.44,2.02,0.06,0.96,48.4
2020-08-10,6.34,5.42,0.68,34.79,6.44,18.53,3.92,0.77,23.11,38.82,1.44,31.87,27.87,6.78,2.82,14.42,21.15,42.54,7.98,4.31,30.4,56.51,9.49,3.6,25.04,28.56,36.44,9.96,7.53,29.9,6.97,42.45,13.15,0.37,38.27,0.28,7.46,2.01,0.06,0.96,48.38
2020-08-11,6.34,5.27,0.67,34.58,6.58,18.73,3.78,0.84,23.21,39.44,1.41,31.63,27.52,6.84,2.81,14.49,20.92,42.62,8.16,4.16,30.52,56.62,9.36,3.5,24.58,28.94,36.44,10.04,7.62,29.74,7.26,42.46,12.92,0.39,38.1,0.3,7.35,2.08,0.06,0.96,48.54
2020-08-12,6.34,5.34,0.65,34.06,6.72,18.37,4.34,0.84,23.34,39.44,1.43,31.49,27.64,6.81,2.78,14.39,21.01,42.68,8.13,4.2,30.29,56.81,9.38,3.52,24.89,28.84,36.13,10.14,7.59,29.15,7.24,42.77,13.25,0.4,37.73,0.31,7.71,2.08,0.06,0.88,48.47
2020-08-13,6.61,5.3,1.11,32.68,6.45,18.14,4.13,1.37,24.21,38.9,1.32,30.15,29.63,6.8,2.68,14.32,20.84,42.28,8.59,4.49,31.35,55.27,9.91,3.47,25.59,28.43,35.75,10.23,7.49,30.11,5.75,42.55,14.1,0.4,36.79,0.32,8.0,2.02,0.06,0.97,49.18
2020-08-14,6.54,5.63,0.98,32.85,6.61,18.01,3.64,1.32,24.42,38.29,1.37,29.86,30.48,6.97,2.54,13.87,22.17,40.95,8.86,4.64,31.75,54.42,10.26,3.57,25.13,28.32,36.64,9.91,7.3,29.77,6.19,42.58,14.16,0.39,35.8,0.77,8.42,1.85,0.06,0.85,49.53
2020-08-15,6.58,5.73,0.9,32.81,6.58,17.99,3.69,1.29,24.43,38.63,1.43,29.87,30.07,6.93,2.62,13.8,21.93,41.21,8.81,4.7,31.76,54.43,10.27,3.54,25.12,28.38,36.47,10.03,7.08,30.2,6.15,42.48,14.09,0.4,35.77,0.77,8.13,1.85,0.06,0.86,49.81
2020-08-16,6.58,5.85,1.01,32.74,6.45,17.97,3.74,1.29,24.37,38.77,1.31,29.83,30.09,6.96,2.63,13.8,22.05,41.1,8.79,4.67,31.78,54.42,10.26,3.54,25.2,28.3,36.45,10.05,7.08,30.25,6.07,42.46,14.14,0.41,35.77,0.78,8.21,1.81,0.06,0.86,49.77
2020-08-17,6.65,5.67,0.87,31.83,6.33,18.48,3.92,1.26,24.99,39.58,1.26,29.52,29.64,6.97,2.73,13.22,21.53,42.37,8.57,4.61,31.51,54.79,10.11,3.59,25.11,28.27,36.93,9.69,6.98,30.09,6.05,42.37,14.51,0.66,35.35,0.79,8.63,2.01,0.06,0.93,49.29
2020-08-18,6.85,5.51,0.87,31.55,6.24,18.85,3.99,1.36,24.78,40.21,1.45,28.91,29.43,7.11,2.77,13.04,21.82,42.16,8.4,4.7,31.79,54.22,10.16,3.83,25.09,28.07,37.27,9.57,6.71,30.4,6.03,42.55,14.31,0.61,35.52,0.78,8.4,2.02,0.09,1.02,49.48
2020-08-19,6.8,5.52,0.91,31.1,6.32,18.78,4.22,1.33,25.02,40.1,1.63,28.81,29.46,6.95,2.74,12.93,22.07,42.02,8.42,4.87,31.72,54.12,10.34,3.82,25.22,27.99,37.07,9.72,6.65,30.66,6.14,42.16,14.39,0.62,35.41,0.78,8.62,2.04,0.09,0.99,49.44
2020-08-20,6.36,5.0,0.54,29.87,6.26,19.24,4.04,1.35,27.34,40.48,1.46,28.63,29.43,7.28,2.92,12.18,22.06,41.98,8.62,4.96,31.53,53.61,10.92,3.94,25.07,27.45,36.96,10.52,6.92,31.01,6.31,41.89,13.87,0.64,36.05,0.77,8.45,2.16,0.1,1.05,48.99
2020-08-21,6.38,5.35,0.54,29.96,6.6,19.32,3.8,1.02,27.03,40.21,1.55,28.49,29.75,7.6,2.92,12.42,22.54,41.01,8.77,4.74,30.73,54.53,10.68,4.06,25.49,27.4,36.58,10.53,7.15,30.5,6.36,42.41,13.58,0.48,35.97,0.71,9.24,2.33,0.09,1.34,47.83
2020-08-22,6.43,4.97,0.52,29.97,6.57,18.99,3.93,1.03,27.59,39.92,1.48,28.35,30.25,7.7,2.93,12.36,22.88,40.48,8.84,4.81,31.16,53.91,10.87,4.06,25.29,26.73,37.36,10.62,7.16,30.75,6.13,42.24,13.72,0.45,35.99,0.67,9.0,2.38,0.09,1.39,47.97
2020-08-23,6.35,5.15,0.53,29.89,6.56,18.97,3.93,1.01,27.61,39.95,1.58,28.35,30.12,7.66,2.95,12.38,22.79,40.52,8.86,4.84,31.21,53.79,10.96,4.04,25.3,26.66,37.41,10.63,7.22,30.74,6.11,42.21,13.72,0.44,35.99,0.67,8.99,2.39,0.09,1.39,47.94
2020-08-24,6.43,5.04,0.5,29.05,7.01,18.55,4.19,1.1,28.13,40.56,1.58,28.08,29.78,7.85,2.83,12.3,23.15,40.68,8.59,4.6,31.21,53.57,11.18,4.04,25.41,26.84,36.98,10.77,7.36,31.45,5.83,41.98,13.38,0.45,36.33,0.63,9.0,2.43,0.09,1.31,47.8
2020-08-25,6.34,5.15,0.51,29.02,7.06,18.85,4.12,1.13,27.82,40.75,1.55,27.87,29.83,7.79,2.86,12.06,23.05,40.77,8.82,4.65,31.51,53.29,11.14,4.06,25.58,26.49,37.14,10.79,7.42,31.66,6.0,41.96,12.96,0.46,35.96,0.64,9.07,2.42,0.09,1.32,47.92
2020-08-26,5.93,5.04,0.61,28.07,7.12,19.43,4.47,1.2,28.13,41.23,1.59,27.66,29.52,8.07,2.72,12.13,22.49,41.37,8.48,4.74,31.69,52.62,11.54,4.15,25.81,26.48,36.88,10.83,7.04,31.93,5.87,42.17,12.99,0.46,36.85,0.37,8.9,2.6,0.09,1.38,47.28
2020-08-27,5.72,4.96,0.58,27.69,7.18,19.25,4.34,1.23,29.05,41.08,1.57,27.03,30.32,7.79,2.75,12.06,23.07,41.28,8.26,4.79,32.0,52.43,11.47,4.1,26.36,26.23,36.73,10.68,7.05,31.63,5.9,42.24,13.18,0.49,37.43,0.34,9.04,2.77,0.09,1.35,46.44
2020-08-28,5.75,5.24,0.51,27.64,6.99,19.39,4.35,1.25,28.88,41.48,1.6,26.82,30.1,7.64,2.75,11.74,23.45,41.72,7.95,4.75,31.72,52.55,11.82,3.91,26.64,25.07,37.18,11.11,6.92,32.02,5.46,42.8,12.8,0.46,37.44,0.34,9.54,2.58,0.08,1.33,46.2
2020-08-29,5.87,5.29,0.51,27.77,6.77,19.3,4.3,1.27,28.92,41.04,1.72,27.1,30.14,7.62,2.82,11.88,23.36,41.67,8.0,4.65,32.06,52.11,11.98,3.85,26.39,24.75,37.95,10.91,6.85,31.63,5.45,43.28,12.79,0.46,37.55,0.29,9.67,2.59,0.08,1.29,45.93
2020-08-30,5.71,5.27,0.49,27.76,6.81,19.41,4.31,1.29,28.95,41.06,1.73,27.09,30.12,7.74,2.83,11.85,23.4,41.51,8.02,4.65,32.08,52.0,12.09,3.83,26.58,24.56,37.97,10.89,6.88,31.55,5.53,43.23,12.81,0.44,37.63,0.29,9.71,2.53,0.08,1.24,45.91
2020-08-31,6.33,5.08,0.48,29.6,6.56,19.11,4.47,1.32,27.05,39.95,1.76,29.33,28.96,7.78,2.81,11.55,22.03,41.95,8.35,5.53,33.24,51.31,11.7,3.75,27.21,23.51,37.35,11.93,6.78,31.2,6.75,43.46,11.81,0.36,38.17,0.24,9.33,2.54,0.09,1.3,46.04
2020-09-01,6.57,5.1,0.46,28.07,6.45,20.18,4.8,1.25,27.12,40.84,1.85,28.7,28.61,7.37,2.52,11.59,21.2,42.93,8.56,5.83,32.5,52.3,11.36,3.84,27.08,23.68,36.77,12.47,6.62,30.8,6.99,43.37,12.22,0.33,38.7,0.16,8.92,2.24,0.07,1.2,46.33
2020-09-02,6.9,5.27,0.52,27.62,6.18,19.79,4.51,1.3,27.91,41.14,1.87,29.05,27.94,7.35,2.58,11.78,20.8,42.87,8.75,5.87,32.8,53.03,10.55,3.62,27.14,23.78,36.74,12.34,6.4,29.96,6.77,44.2,12.67,0.29,38.68,0.16,8.88,2.36,0.08,1.18,46.06
2020-09-03,6.83,5.33,0.64,27.34,6.12,20.05,4.06,1.08,28.55,40.77,1.86,30.04,27.33,7.21,2.34,12.58,21.84,41.89,8.44,5.7,32.4,53.36,10.54,3.7,27.33,24.37,37.32,10.98,6.31,30.57,5.58,44.56,12.98,0.31,37.24,0.3,9.21,2.63,0.08,0.98,46.76
2020-09-04,7.59,5.5,0.77,26.3,6.32,20.01,3.54,1.03,28.94,42.78,1.67,28.32,27.23,6.71,2.16,12.12,20.96,43.51,9.27,5.27,31.58,54.12,10.89,3.41,27.51,24.94,37.43,10.12,6.11,31.95,5.66,43.23,13.05,0.34,35.86,0.45,9.14,2.75,0.09,0.97,47.66
2020-09-05,7.62,5.8,0.87,26.19,6.13,20.0,3.59,0.97,28.83,43.02,1.59,28.83,26.56,6.69,2.11,12.48,20.47,43.75,9.1,5.4,31.61,54.22,10.76,3.41,27.43,25.2,37.16,10.21,6.05,31.88,5.65,43.6,12.82,0.39,35.57,0.48,8.93,2.86,0.08,0.99,47.97
2020-09-06,7.62,5.8,0.87,26.18,6.18,19.99,3.6,1.0,28.76,43.09,1.59,28.77,26.55,6.72,2.1,12.49,20.59,43.74,9.07,5.29,31.69,54.09,10.78,3.44,27.64,25.02,37.13,10.21,6.11,31.83,5.62,43.63,12.81,0.36,35.43,0.48,8.94,2.81,0.08,0.98,48.16
2020-09-07,7.67,5.68,0.91,24.93,6.21,20.73,3.83,0.92,29.12,42.83,1.62,29.04,26.51,6.69,2.2,12.16,20.39,43.95,9.18,5.43,31.51,53.79,11.23,3.47,27.31,26.11,36.55,10.03,5.91,32.42,5.97,43.11,12.59,0.52,35.29,0.48,8.51,3.09,0.12,1.17,48.06
2020-09-08,7.81,5.51,1.07,24.12,6.06,20.95,3.89,0.88,29.71,42.48,1.58,29.17,26.77,6.56,2.2,11.87,20.32,44.52,9.16,5.37,31.25,54.58,10.82,3.35,28.38,25.42,36.03,10.17,5.99,32.58,6.15,42.56,12.72,0.55,34.46,0.48,8.48,2.99,0.13,1.19,48.99
2020-09-09,7.74,5.5,1.09,23.78,6.22,21.25,3.85,0.89,29.68,42.85,1.68,28.74,26.73,6.56,2.14,12.03,19.94,44.7,9.29,5.34,31.31,54.61,10.81,3.27,28.28,25.36,36.06,10.3,6.08,32.64,6.14,42.38,12.76,0.54,34.45,0.48,8.58,3.11,0.13,1.21,48.9
2020-09-10,7.81,5.47,1.13,23.44,6.42,21.52,3.74,0.84,29.63,42.94,1.55,28.69,26.82,6.47,2.0,12.04,19.95,45.0,9.19,5.35,31.07,54.97,10.72,3.24,28.05,25.65,35.93,10.37,6.15,32.82,6.1,42.04,12.89,0.54,34.68,0.47,8.33,3.05,0.13,1.23,48.98
2020-09-11,7.61,5.84,1.12,23.65,6.23,21.26,3.91,0.72,29.66,42.02,1.45,29.51,27.02,6.39,1.97,12.09,19.85,45.11,9.45,5.14,31.23,55.01,10.73,3.03,27.88,25.94,36.07,10.11,6.2,32.83,5.71,42.48,12.78,0.55,35.1,0.47,8.45,3.02,0.13,1.27,48.42
2020-09-12,7.66,5.88,1.16,24.07,5.77,21.17,3.95,0.65,29.69,41.79,1.44,29.58,27.19,6.39,1.97,12.01,19.52,45.05,9.52,5.54,31.4,54.82,10.79,2.99,28.37,25.56,36.07,10.0,6.38,32.68,5.9,42.21,12.83,0.53,34.11,0.47,8.95,3.04,0.13,1.33,48.62
2020-09-13,7.67,5.97,1.17,24.02,5.73,21.12,3.97,0.61,29.74,41.92,1.46,29.41,27.21,6.4,1.97,11.98,19.5,45.0,9.6,5.55,31.55,54.69,10.81,2.95,28.33,25.64,36.0,10.03,6.46,32.85,5.75,42.06,12.88,0.53,34.21,0.48,9.03,2.96,0.13,1.34,48.5
2020-09-14,7.56,6.02,1.17,24.24,5.69,20.89,3.99,0.68,29.76,42.11,1.51,29.26,27.12,6.48,2.0,12.08,19.42,45.01,9.55,5.46,31.5,54.74,10.71,3.05,28.43,25.62,35.9,10.05,6.4,32.79,6.06,41.74,13.01,0.53,34.04,0.47,9.08,3.02,0.13,1.32,48.59
2020-09-15,7.63,5.99,1.13,24.0,5.77,21.16,4.09,0.73,29.5,42.19,1.52,29.27,27.02,6.42,2.05,12.0,19.46,45.13,9.45,5.49,31.51,54.81,10.57,3.11,28.73,25.51,35.85,9.91,6.45,32.78,6.0,42.02,12.75,0.51,34.27,0.47,9.23,3.03,0.1,1.3,48.16
2020-09-16,7.71,5.91,1.16,23.9,5.63,21.16,4.04,0.73,29.76,41.93,1.54,29.42,27.11,6.36,2.06,11.79,19.68,45.18,9.54,5.39,31.37,55.03,10.64,2.96,28.93,25.48,35.62,9.97,6.38,32.82,6.19,41.68,12.93,0.51,34.4,0.44,9.21,3.02,0.1,1.23,48.08
2020-09-17,7.77,6.1,1.19,23.5,5.53,21.4,4.18,0.73,29.6,41.99,1.48,29.45,27.08,6.31,2.09,11.86,19.64,45.32,9.28,5.5,31.71,55.15,10.26,2.88,28.84,25.45,35.79,9.92,6.6,32.33,6.37,41.71,12.99,0.51,34.14,0.43,9.3,3.03,0.1,1.13,48.22
2020-09-18,7.9,5.88,1.22,23.27,5.42,21.29,4.34,0.77,29.91,42.11,1.49,29.31,27.09,6.24,2.06,11.79,19.8,45.32,9.37,5.42,31.47,55.55,10.16,2.82,29.03,25.46,35.43,10.08,6.65,32.19,6.54,41.77,12.85,0.54,34.14,0.45,9.49,3.06,0.1,1.1,48.04
2020-09-19,7.82,5.92,1.17,23.34,5.4,21.37,4.41,0.76,29.81,42.2,1.45,29.23,27.12,6.26,2.08,12.09,19.82,44.91,9.46,5.38,31.71,55.18,10.27,2.84,28.95,25.38,35.65,10.02,6.7,31.75,7.03,41.79,12.73,0.58,34.03,0.45,9.47,3.02,0.1,1.11,48.01
2020-09-20,7.82,5.92,1.18,23.33,5.34,21.41,4.46,0.77,29.77,42.29,1.42,29.17,27.12,6.27,2.11,12.08,19.81,44.96,9.41,5.36,31.55,55.39,10.22,2.84,28.9,25.37,35.76,9.97,6.62,31.91,6.97,41.69,12.81,0.56,34.01,0.46,9.38,3.03,0.1,1.12,48.03
2020-09-21,7.59,5.98,1.2,23.71,5.25,21.22,4.54,0.77,29.74,42.39,1.45,29.22,26.94,6.09,2.12,12.28,19.73,45.07,9.47,5.24,31.11,55.92,10.17,2.8,28.96,25.11,35.83,10.1,6.66,31.11,7.41,42.15,12.67,0.63,34.17,0.47,9.62,3.07,0.1,1.08,47.68
2020-09-22,7.59,6.01,1.15,23.77,5.41,21.17,4.54,0.79,29.57,42.37,1.45,29.22,26.96,6.14,2.13,12.27,19.6,45.2,9.34,5.32,31.38,55.73,10.06,2.83,29.19,24.94,35.77,10.1,6.59,31.05,7.58,42.01,12.77,0.59,34.1,0.45,9.6,2.98,0.12,1.07,47.98
2020-09-23,7.5,6.0,1.14,23.86,5.41,20.95,4.73,0.81,29.6,42.51,1.4,29.37,26.72,6.11,2.13,12.28,19.48,45.4,9.36,5.24,31.25,55.78,10.07,2.9,29.1,25.02,35.82,10.06,6.6,31.19,7.82,41.72,12.67,0.61,33.78,0.44,9.59,2.98,0.12,1.03,48.37
2020-09-24,7.6,5.9,1.18,23.7,5.43,21.0,4.7,0.82,29.67,42.61,1.43,29.27,26.69,6.1,2.09,12.26,19.5,45.33,9.43,5.29,31.46,55.68,9.98,2.88,28.94,25.06,36.06,9.94,6.61,31.39,7.79,41.59,12.62,0.64,33.77,0.47,9.63,3.01,0.12,1.03,48.3
2020-09-25,7.54,5.69,1.2,23.77,5.47,21.36,4.51,0.76,29.7,42.68,1.37,29.3,26.65,6.14,2.11,12.24,19.52,45.45,9.27,5.27,31.78,55.39,9.89,2.94,28.68,25.29,36.23,9.8,6.58,31.26,7.74,41.58,12.84,0.61,33.83,0.46,9.49,3.01,0.12,1.01,48.29
2020-09-26,7.33,5.77,1.42,23.14,5.78,21.04,4.51,0.82,30.19,42.54,1.31,29.92,26.23,6.02,1.95,12.28,19.99,45.7,8.81,5.25,31.5,55.72,9.77,3.01,28.68,24.35,36.23,10.74,6.55,31.19,7.67,41.8,12.79,0.59,33.36,0.42,9.13,2.66,0.12,1.02,49.7
2020-09-27,7.32,5.7,1.41,23.29,5.79,21.03,4.5,0.87,30.09,42.35,1.37,30.1,26.18,6.07,1.95,12.28,20.0,45.59,8.83,5.28,31.43,55.76,9.79,3.02,28.68,24.16,36.36,10.8,6.53,31.02,7.85,41.92,12.68,0.6,33.31,0.41,9.05,2.58,0.12,1.01,49.97
2020-09-28,7.37,5.81,1.41,23.24,5.9,20.91,4.49,0.74,30.13,42.84,1.34,29.83,25.99,5.86,1.87,12.33,20.17,45.54,8.87,5.36,31.42,56.06,9.49,3.03,28.74,24.05,36.52,10.69,6.68,31.46,7.62,41.53,12.71,0.6,33.34,0.43,9.03,2.7,0.12,1.1,49.8
2020-09-29,7.46,5.65,1.44,22.75,5.83,21.42,4.4,0.78,30.27,43.2,1.43,29.61,25.76,5.9,1.85,12.07,19.89,46.2,8.95,5.14,30.91,56.12,9.86,3.11,28.73,24.22,36.36,10.69,6.44,31.89,7.54,41.29,12.84,0.65,33.11,0.38,9.36,2.61,0.12,0.97,49.98
2020-09-30,7.61,5.61,1.43,22.72,5.72,21.33,4.49,0.78,30.31,43.08,1.41,29.41,26.1,5.82,1.84,12.08,19.82,46.8,8.63,5.01,30.27,56.6,10.02,3.11,28.25,24.48,36.38,10.89,6.35,32.4,7.54,41.13,12.58,0.67,32.75,0.32,9.53,2.53,0.14,1.01,50.42
2020-10-01,7.6,5.6,1.39,22.37,5.65,21.33,4.68,0.85,30.53,42.23,1.42,29.67,26.68,5.57,1.76,11.76,20.04,47.29,8.64,4.94,30.6,56.37,9.95,3.08,28.27,24.03,36.65,11.05,6.11,32.66,7.38,41.01,12.84,0.62,32.22,0.31,9.48,2.58,0.15,1.02,50.74
2020-10-02,7.59,5.71,1.4,22.4,5.65,21.26,4.67,0.85,30.47,42.36,1.4,29.64,26.6,5.58,1.78,11.71,20.06,47.28,8.68,4.91,30.48,56.47,9.94,3.11,28.22,24.01,36.75,11.02,6.11,32.66,7.39,41.0,12.84,0.61,32.13,0.31,9.47,2.61,0.15,1.01,50.83
2020-10-03,8.0,5.49,1.41,21.86,5.89,21.06,4.84,0.82,30.63,42.18,1.35,29.15,27.32,5.6,1.7,11.56,20.05,47.4,8.8,4.89,30.19,56.8,10.0,3.01,27.84,24.3,36.4,11.46,6.06,32.94,7.4,40.74,12.86,0.49,32.31,0.45,9.47,2.61,0.15,1.01,50.54
2020-10-04,7.98,5.51,1.42,21.9,5.86,21.14,4.85,0.8,30.54,42.22,1.31,29.11,27.36,5.6,1.69,11.64,19.93,47.47,8.78,4.89,30.22,56.79,9.99,3.0,28.04,24.16,36.4,11.4,6.08,32.96,7.4,40.71,12.85,0.49,32.23,0.45,9.47,2.64,0.15,0.97,50.64
2020-10-05,8.05,5.52,1.44,21.8,5.84,21.11,4.75,0.77,30.72,42.26,1.35,28.94,27.45,5.68,1.76,11.53,20.06,47.25,8.83,4.89,30.23,56.75,10.02,3.0,27.83,24.26,36.41,11.5,6.1,32.95,7.39,40.56,13.0,0.52,32.09,0.46,9.48,2.68,0.15,0.99,50.74
2020-10-06,8.11,5.39,1.42,21.04,5.95,21.42,5.04,0.83,30.8,42.45,1.39,28.69,27.47,5.67,1.76,11.43,20.09,47.9,8.35,4.8,30.63,56.02,10.29,3.06,28.09,24.41,36.55,10.95,5.93,32.96,7.77,40.15,13.19,0.55,32.19,0.44,9.63,2.58,0.11,0.94,50.74
2020-10-07,7.69,5.22,1.68,20.57,5.29,21.38,5.27,0.79,32.11,42.17,1.33,29.03,27.47,5.5,1.88,11.76,20.15,48.52,7.55,4.64,30.96,55.75,10.26,3.03,26.98,24.47,37.49,11.06,6.0,33.11,8.31,38.83,13.75,0.54,31.59,0.37,9.7,2.57,0.14,0.87,51.3
2020-10-08,7.74,5.36,1.67,20.24,5.32,21.79,5.35,0.79,31.74,42.5,1.35,29.09,27.06,5.17,1.96,11.89,20.14,49.21,7.53,4.1,30.71,56.45,9.99,2.85,27.55,24.39,37.0,11.06,5.97,33.68,8.45,38.77,13.13,0.53,32.0,0.3,9.39,2.78,0.14,0.87,50.74
2020-10-09,7.55,5.56,1.72,19.68,5.15,22.32,5.36,0.69,31.97,42.82,1.32,28.98,26.88,5.15,1.89,11.96,20.62,48.51,7.7,4.17,30.56,56.54,10.04,2.86,27.74,24.36,36.75,11.15,6.08,33.91,8.22,38.83,12.96,0.77,32.13,0.33,9.07,2.84,0.14,0.88,50.63
2020-10-10,7.45,5.83,1.73,18.83,5.05,23.35,5.62,0.95,31.19,44.49,1.32,27.57,26.62,5.32,1.85,10.59,18.66,50.9,8.52,4.16,28.03,58.14,11.07,2.76,27.77,24.25,36.83,11.15,6.25,35.56,6.52,37.65,14.02,0.74,32.04,0.34,9.17,3.35,0.13,1.06,49.93
2020-10-11,7.39,5.77,1.7,18.86,5.07,23.44,5.51,0.91,31.35,44.51,1.25,27.5,26.74,5.26,1.83,10.6,18.67,50.84,8.59,4.21,27.84,58.37,11.04,2.75,27.81,24.1,36.85,11.24,6.2,35.41,6.54,37.77,14.08,0.75,32.12,0.34,9.12,3.35,0.13,1.09,49.92
2020-10-12,7.19,5.79,1.69,18.66,5.16,23.65,5.4,0.83,31.63,43.63,1.26,27.79,27.32,5.17,1.9,10.52,18.51,51.16,8.37,4.37,28.32,58.12,10.96,2.6,27.22,23.76,37.63,11.39,6.45,35.32,6.21,37.58,14.44,0.8,32.42,0.47,9.37,3.09,0.16,1.03,49.38
2020-10-13,7.19,5.89,1.71,18.72,5.13,23.74,5.27,0.89,31.46,44.05,1.18,27.27,27.5,5.02,1.87,10.18,18.24,51.89,8.48,4.32,28.1,58.57,10.69,2.64,27.95,23.03,37.53,11.49,6.48,35.07,6.31,37.56,14.58,0.7,32.01,0.53,9.47,3.14,0.17,1.09,49.54
2020-10-14,7.22,5.76,1.81,18.25,4.91,24.26,5.31,0.91,31.57,44.58,1.13,27.19,27.1,5.1,1.87,9.88,18.34,51.84,8.39,4.58,27.78,58.42,11.0,2.8,28.15,22.93,37.68,11.24,6.45,35.83,6.52,36.91,14.29,0.69,31.9,0.49,9.61,3.12,0.22,1.04,49.68
2020-10-15,7.14,5.88,1.81,18.12,4.95,23.84,5.4,0.9,31.96,44.01,1.11,27.72,27.16,5.12,1.88,10.07,18.34,51.64,8.37,4.58,27.95,58.35,10.92,2.78,28.04,22.8,37.81,11.35,6.28,35.3,6.47,37.47,14.48,0.74,31.97,0.48,9.61,3.21,0.24,1.01,49.55
2020-10-16,7.2,5.65,1.69,18.3,5.18,24.16,5.38,0.87,31.57,43.99,1.15,27.73,27.13,5.29,1.87,9.96,18.49,51.39,8.38,4.62,28.42,57.66,11.02,2.9,28.22,23.11,37.62,11.05,6.13,35.47,6.5,37.59,14.31,0.74,32.1,0.48,9.48,3.31,0.28,1.01,49.27
2020-10-17,7.03,5.82,1.69,18.31,5.12,23.84,5.72,0.86,31.61,43.99,1.18,27.58,27.25,5.47,1.82,9.99,18.79,51.12,8.31,4.5,28.37,57.67,11.06,2.9,28.63,23.2,37.39,10.78,5.99,35.34,6.49,37.75,14.43,0.74,32.15,0.41,9.39,3.45,0.24,1.0,49.26
2020-10-18,7.09,5.78,1.69,18.4,5.08,23.76,5.71,0.86,31.63,43.97,1.18,27.65,27.2,5.49,1.82,9.93,18.77,51.21,8.31,4.47,28.34,57.7,11.05,2.91,28.74,23.14,37.44,10.68,6.05,35.29,6.59,37.73,14.34,0.71,32.29,0.42,9.52,3.44,0.24,1.01,49.15
2020-10-19,7.21,5.87,1.57,17.25,5.32,24.7,5.78,1.02,31.28,44.77,1.01,27.31,26.91,5.58,2.08,9.8,18.3,51.89,7.93,4.42,28.08,58.53,10.71,2.68,29.49,22.12,37.52,10.87,6.06,35.92,6.23,37.41,14.38,0.91,32.72,0.3,9.14,3.41,0.25,1.05,48.62
2020-10-20,6.72,5.97,1.49,17.52,5.46,24.65,5.42,0.98,31.79,44.96,1.09,27.18,26.77,5.6,2.04,9.72,18.04,52.2,7.71,4.69,28.37,58.16,10.7,2.77,29.48,21.53,37.82,11.17,6.28,35.78,5.84,37.66,14.44,0.7,33.11,0.3,8.72,3.35,0.25,1.08,48.8
2020-10-21,6.52,5.96,1.48,17.42,5.23,25.44,5.38,1.03,31.54,46.55,1.03,25.91,26.51,5.75,2.07,9.65,18.0,52.08,7.61,4.84,27.99,58.77,10.57,2.67,29.39,21.44,38.24,10.93,6.46,36.28,5.53,37.45,14.28,0.71,34.31,0.3,8.79,3.22,0.26,1.01,47.79
2020-10-22,6.68,6.04,1.36,17.15,5.24,24.7,5.58,1.02,32.23,46.03,1.07,26.4,26.5,5.82,2.16,9.77,17.58,51.75,7.64,5.28,27.86,58.48,10.67,2.99,28.36,21.68,38.82,11.14,6.33,36.42,5.38,37.68,14.19,0.68,34.56,0.24,9.11,3.42,0.25,1.05,47.2
2020-10-23,6.52,5.71,1.3,17.24,5.48,25.59,5.72,1.12,31.32,45.73,0.96,26.19,27.12,5.86,2.24,10.01,17.78,51.5,7.09,5.52,28.33,58.27,10.26,3.14,28.54,21.73,38.9,10.83,6.08,36.22,5.52,37.95,14.23,0.74,34.89,0.15,9.1,2.97,0.21,1.1,47.37
2020-10-24,6.5,5.72,1.31,17.16,5.47,25.62,5.72,1.11,31.39,45.67,1.0,26.17,27.16,5.9,2.23,9.95,17.86,51.37,7.1,5.59,28.29,58.26,10.32,3.13,28.45,21.99,38.77,10.79,6.15,36.32,5.46,37.89,14.18,0.73,34.63,0.19,9.11,2.95,0.22,1.09,47.57
2020-10-25,6.53,5.73,1.3,17.13,5.48,25.53,5.74,1.12,31.44,45.56,0.99,26.32,27.13,5.9,2.24,9.98,17.88,51.42,7.03,5.55,28.28,58.32,10.27,3.13,28.43,21.77,38.93,10.87,6.14,36.18,5.51,37.94,14.23,0.75,34.95,0.19,9.06,2.94,0.21,1.12,47.29
2020-10-26,6.51,5.74,1.37,17.5,5.8,25.6,5.74,1.08,30.66,46.03,0.93,26.09,26.95,5.88,2.39,9.73,18.04,51.02,7.42,5.52,27.98,58.46,10.24,3.32,28.57,22.09,38.57,10.77,6.34,35.77,5.57,37.96,14.36,0.74,35.45,0.1,9.77,2.82,0.18,1.06,46.56
2020-10-27,6.33,5.71,1.33,17.49,5.73,25.95,5.73,1.1,30.63,46.31,0.97,25.79,26.93,5.85,2.46,9.67,17.9,51.1,7.51,5.51,28.08,58.29,10.31,3.32,28.65,22.0,38.6,10.75,6.29,35.84,5.51,38.11,14.25,0.74,35.28,0.09,9.84,2.85,0.19,1.08,46.66
2020-10-28,6.59,5.92,1.35,17.49,5.66,25.95,5.7,1.1,30.24,46.27,0.95,25.59,27.19,5.9,2.46,9.5,17.9,51.27,7.49,5.48,28.05,58.3,10.34,3.31,28.44,21.84,38.76,10.96,6.46,36.0,5.39,38.19,13.96,0.7,35.39,0.09,9.84,2.84,0.25,1.04,46.57
2020-10-29,6.68,6.15,1.33,17.56,5.64,25.91,5.53,1.1,30.1,46.42,0.95,25.72,26.91,6.05,2.43,9.59,17.8,51.13,7.54,5.46,28.17,58.53,10.05,3.25,28.74,21.66,38.79,10.81,6.53,35.66,5.44,38.41,13.96,0.75,34.91,0.09,9.81,2.9,0.26,0.93,46.9
2020-10-30,6.61,6.07,1.34,17.49,5.71,26.02,5.54,1.09,30.13,46.35,0.94,25.68,27.03,6.08,2.43,9.6,17.86,51.05,7.55,5.43,28.24,58.46,10.09,3.21,28.83,21.76,38.56,10.85,6.53,35.66,5.4,38.43,13.98,0.71,34.92,0.09,9.85,2.88,0.26,0.95,47.01
2020-10-31,6.51,5.92,1.32,17.6,6.3,25.23,6.45,1.24,29.43,45.92,1.03,26.29,26.76,5.7,2.53,9.88,17.52,51.09,7.73,5.55,27.97,58.27,10.3,3.46,28.76,21.73,38.66,10.85,7.11,34.62,5.81,38.34,14.12,0.75,34.87,0.08,9.84,2.53,0.27,1.0,47.29
2020-11-01,6.51,6.0,1.32,17.68,6.28,25.08,6.39,1.24,29.5,45.85,1.02,26.2,26.93,5.55,2.51,9.85,17.68,51.42,7.67,5.32,27.84,58.49,10.25,3.42,28.78,21.83,38.64,10.75,7.1,34.65,5.74,38.37,14.14,0.75,34.86,0.08,9.88,2.5,0.27,1.0,47.34
2020-11-02,6.92,6.08,1.38,17.34,6.27,24.09,7.18,1.46,29.28,46.06,1.04,25.91,26.99,5.78,2.59,10.03,18.21,49.79,8.15,5.45,27.9,58.39,10.13,3.58,29.6,21.81,38.46,10.13,7.47,34.07,6.07,38.71,13.68,0.77,34.21,0.12,9.9,2.53,0.27,0.87,48.05
2020-11-03,6.85,6.22,1.29,17.35,6.29,24.14,7.26,1.47,29.13,45.75,1.2,26.09,26.96,5.76,2.76,10.2,18.26,49.3,8.06,5.66,27.92,58.38,10.04,3.66,29.83,21.62,38.87,9.68,7.96,33.65,6.12,38.85,13.42,0.75,34.56,0.11,9.78,2.71,0.28,1.16,47.56
2020-11-04,7.29,6.0,1.24,17.0,6.19,24.53,7.03,1.54,29.18,45.41,1.18,26.5,26.91,5.92,2.86,10.13,19.04,49.01,7.71,5.33,27.59,58.81,9.97,3.63,29.34,20.74,39.87,10.05,8.02,33.23,6.38,39.82,12.55,0.7,35.01,0.23,9.79,2.89,0.2,1.14,46.62
2020-11-05,7.62,5.78,1.24,15.78,6.09,23.73,7.78,1.38,30.6,44.99,1.27,26.89,26.85,5.61,2.49,10.95,19.4,48.49,7.34,5.72,28.49,58.17,10.02,3.32,28.82,19.83,40.86,10.49,7.65,33.48,5.99,40.45,12.43,0.62,35.53,0.31,8.43,2.96,0.26,1.1,47.0
2020-11-06,7.42,6.07,1.09,15.52,6.04,24.16,7.92,1.34,30.44,45.06,1.2,26.75,26.99,5.55,2.46,11.08,19.38,48.85,7.15,5.53,28.52,58.09,9.97,3.42,29.11,19.3,41.05,10.54,7.55,33.16,5.81,41.08,12.4,0.59,34.48,0.24,8.45,2.98,0.25,0.97,48.38
2020-11-07,7.61,5.94,1.12,15.82,5.72,24.15,8.17,1.23,30.24,45.55,1.31,26.49,26.65,5.61,2.5,11.23,19.25,48.73,7.19,5.49,28.51,58.25,9.92,3.32,28.32,19.37,41.77,10.54,7.71,32.92,5.18,41.79,12.4,0.58,34.15,0.26,8.83,3.03,0.3,0.9,48.35
2020-11-08,7.66,5.84,1.15,15.84,5.67,24.13,8.15,1.27,30.29,45.48,1.26,26.54,26.72,5.63,2.48,10.97,19.18,49.06,7.2,5.48,28.4,58.36,9.87,3.37,28.32,19.34,41.73,10.61,7.7,32.75,5.16,41.98,12.41,0.59,34.11,0.26,8.88,3.04,0.3,0.89,48.32
2020-11-09,8.23,5.82,1.17,15.52,5.92,24.39,7.5,0.92,30.53,45.52,1.74,26.68,26.06,5.43,2.62,10.78,18.61,49.58,7.03,5.95,27.24,59.7,10.13,2.93,29.4,19.28,40.6,10.72,7.14,32.14,5.86,41.99,12.87,0.45,34.19,0.24,9.45,3.35,0.29,1.05,47.53
2020-11-10,8.1,5.75,1.35,15.46,6.25,24.27,7.56,0.94,30.32,45.54,1.77,26.62,26.07,5.47,2.76,10.93,18.18,49.28,7.13,6.25,27.1,59.94,9.97,2.99,30.06,19.85,39.86,10.23,7.05,32.48,6.16,41.41,12.9,0.48,34.05,0.1,9.32,3.47,0.29,1.21,47.8
2020-11-11,8.19,6.12,1.19,15.67,6.39,23.72,7.51,0.92,30.29,45.99,1.87,25.91,26.23,5.66,2.69,10.82,18.03,49.54,6.9,6.36,27.24,60.43,9.46,2.87,30.68,20.05,39.12,10.15,7.19,32.28,6.14,41.35,13.04,0.51,33.97,0.27,9.42,3.49,0.24,1.17,47.84
2020-11-12,8.66,6.61,1.18,15.23,6.33,24.45,7.36,0.92,29.26,45.29,2.07,26.42,26.22,5.42,2.8,10.84,18.34,49.35,6.67,6.58,28.67,60.16,8.64,2.53,30.46,19.94,39.65,9.95,6.89,31.33,5.79,43.03,12.96,0.6,33.49,0.39,10.13,3.62,0.22,1.09,47.73
2020-11-13,8.72,6.46,1.2,15.3,6.27,24.46,7.32,0.95,29.32,45.27,2.04,26.5,26.19,5.45,2.8,10.8,18.34,49.52,6.59,6.5,28.58,60.23,8.65,2.54,30.58,19.92,39.51,9.99,6.85,31.38,5.8,42.92,13.05,0.61,33.48,0.39,10.08,3.64,0.22,1.08,47.73
2020-11-14,8.67,6.5,1.21,15.37,6.31,24.38,7.31,0.92,29.33,45.22,2.04,26.42,26.32,5.4,2.77,10.78,18.37,49.5,6.64,6.54,28.51,60.3,8.65,2.54,30.49,20.03,39.57,9.91,6.81,31.22,5.84,43.03,13.1,0.61,33.58,0.39,10.04,3.62,0.22,1.14,47.73
2020-11-15,8.69,6.56,1.2,15.37,6.24,24.5,7.3,0.94,29.2,45.24,2.07,26.35,26.34,5.43,2.8,10.81,18.34,49.41,6.62,6.59,28.62,60.14,8.71,2.53,30.64,19.99,39.42,9.95,6.85,31.35,5.82,42.88,13.1,0.61,33.39,0.39,10.11,3.62,0.22,1.14,47.76
2020-11-16,8.7,6.62,1.2,15.35,6.27,24.36,7.32,0.93,29.25,45.23,2.05,26.34,26.38,5.44,2.79,10.83,18.38,49.4,6.61,6.55,28.67,60.22,8.56,2.55,30.66,20.01,39.45,9.88,6.88,31.15,5.82,43.03,13.12,0.61,33.62,0.39,9.98,3.62,0.22,1.15,47.69
2020-11-17,8.21,6.69,1.24,15.4,6.18,24.64,7.07,0.84,29.73,45.65,2.22,26.59,25.54,5.25,2.65,10.94,18.79,49.08,7.13,6.16,28.48,59.7,8.96,2.86,31.5,19.68,39.28,9.54,6.72,31.5,5.92,42.94,12.92,0.51,33.76,0.28,9.6,3.36,0.26,1.0,48.7
2020-11-18,8.24,6.41,1.24,14.82,6.39,24.9,6.78,0.87,30.35,46.51,2.07,26.73,24.69,5.26,2.58,10.82,17.45,50.19,7.28,6.42,28.62,60.09,8.54,2.75,31.13,19.42,40.06,9.39,6.6,31.58,5.44,43.68,12.7,0.48,33.11,0.4,9.95,3.51,0.25,0.97,48.94
2020-11-19,7.49,6.03,1.21,15.24,6.51,24.83,6.62,0.99,31.08,45.76,1.63,27.07,25.54,5.04,2.66,10.99,17.08,50.26,7.84,6.13,29.53,59.02,8.72,2.73,31.19,20.14,39.65,9.02,6.63,31.23,5.16,44.64,12.34,0.43,32.76,0.47,9.84,4.16,0.22,0.98,48.63
2020-11-20,7.59,6.18,1.24,15.12,6.48,24.84,6.56,0.99,31.0,45.77,1.65,26.98,25.6,5.09,2.67,10.97,17.06,50.2,7.91,6.1,29.52,59.09,8.64,2.75,31.4,20.12,39.46,9.02,6.65,31.15,5.14,44.81,12.25,0.44,32.75,0.48,9.85,4.18,0.22,0.97,48.62
2020-11-21,7.26,6.6,1.35,15.36,6.73,24.09,6.71,1.01,30.89,45.61,1.59,27.32,25.48,5.25,2.82,10.85,17.67,49.63,7.78,6.0,29.67,58.52,9.05,2.76,31.22,19.84,39.77,9.17,6.68,30.5,5.29,45.21,12.32,0.47,33.03,0.41,9.69,4.01,0.25,1.07,48.69
2020-11-22,7.38,6.35,1.33,15.3,6.7,24.13,6.72,1.02,31.07,45.54,1.57,27.48,25.41,5.25,2.8,10.94,17.53,49.63,7.79,6.06,29.65,58.53,9.04,2.78,31.02,19.97,39.84,9.17,6.72,30.38,5.25,45.33,12.32,0.5,32.84,0.41,9.66,4.07,0.24,1.08,48.79
2020-11-23,7.0,6.21,1.48,16.2,7.13,23.54,6.8,1.0,30.64,44.94,1.7,27.53,25.83,5.0,2.73,11.14,17.97,49.17,8.07,5.92,29.91,58.4,8.9,2.79,30.87,20.32,39.95,8.86,6.92,29.56,5.54,45.49,12.49,0.43,33.22,0.44,9.57,4.22,0.22,1.1,48.45
2020-11-24,6.64,6.44,1.41,16.75,7.24,22.84,7.42,1.03,30.23,46.19,1.31,26.78,25.72,5.26,2.59,10.65,17.98,49.01,8.75,5.76,29.63,58.47,9.02,2.88,30.54,20.26,40.19,9.01,7.06,30.28,5.49,44.13,13.04,0.38,32.66,0.43,9.37,4.5,0.22,0.98,48.95
2020-11-25,7.0,6.9,1.56,16.5,6.86,22.33,7.07,1.06,30.72,46.67,1.4,25.89,26.04,5.07,2.52,10.51,18.13,49.04,9.33,5.4,29.8,58.81,8.69,2.7,30.7,19.84,40.04,9.42,7.33,30.62,5.47,43.53,13.05,0.27,32.85,0.52,9.54,4.46,0.12,1.21,48.49
2020-11-26,7.31,7.12,1.78,16.69,6.48,21.75,7.17,1.15,30.55,45.74,1.19,25.94,27.13,5.1,2.68,9.91,17.93,49.93,9.13,5.32,30.09,59.07,8.26,2.58,30.3,20.38,40.02,9.3,7.18,31.69,5.36,43.02,12.75,0.31,32.0,0.65,9.52,4.87,0.12,1.23,48.61
2020-11-27,7.61,6.89,1.63,16.72,6.4,22.49,6.19,1.32,30.75,45.81,1.17,25.52,27.5,5.15,2.64,9.43,18.41,50.2,8.98,5.19,30.41,58.86,8.23,2.5,30.29,21.21,39.03,9.47,6.89,31.86,5.92,43.27,12.06,0.29,32.43,0.56,9.68,4.83,0.12,1.31,47.95
2020-11-28,7.53,6.88,1.63,16.69,6.39,22.56,6.2,1.31,30.81,45.84,1.22,25.52,27.42,5.16,2.62,9.41,18.46,50.15,8.99,5.21,30.36,58.87,8.24,2.53,30.29,21.24,39.04,9.43,6.84,31.91,5.88,43.32,12.05,0.29,32.37,0.54,9.62,4.91,0.12,1.3,48.06
2020-11-29,7.57,6.79,1.63,16.73,6.44,22.58,6.19,1.32,30.75,45.85,1.18,25.47,27.5,5.13,2.6,9.52,18.3,50.25,9.0,5.2,30.29,58.93,8.27,2.51,30.25,21.27,39.04,9.44,6.82,31.99,5.91,43.23,12.05,0.29,32.32,0.54,9.72,4.9,0.12,1.31,47.96
2020-11-30,7.56,6.81,1.61,16.77,6.42,22.64,6.19,1.32,30.68,45.85,1.21,25.54,27.4,5.14,2.63,9.51,18.26,50.27,8.97,5.22,30.35,58.9,8.23,2.52,30.29,21.17,39.08,9.46,6.87,31.94,5.89,43.28,12.02,0.29,32.44,0.55,9.66,4.91,0.12,1.29,47.94
2020-12-01,7.63,6.74,1.41,16.62,6.5,23.24,6.11,1.41,30.34,45.64,1.28,25.52,27.56,5.23,2.72,9.32,18.47,49.89,9.01,5.36,30.44,58.78,8.23,2.55,29.82,21.52,39.04,9.62,7.13,31.15,6.46,42.86,12.4,0.3,32.02,0.56,8.89,5.18,0.12,1.43,48.72
2020-12-02,8.06,7.28,1.4,16.83,6.96,23.85,5.81,1.35,28.46,45.64,1.39,25.63,27.34,4.71,2.55,9.75,19.17,49.59,8.31,5.92,30.35,58.81,8.4,2.44,30.39,20.88,38.55,10.18,7.21,30.18,6.28,42.85,13.48,0.27,31.96,0.62,9.33,4.29,0.11,1.36,49.02
2020-12-03,7.63,6.61,1.38,16.32,6.93,24.5,6.6,1.35,28.68,45.96,1.33,25.67,27.04,4.9,2.39,9.94,18.88,49.87,8.04,5.98,29.9,58.08,9.44,2.58,30.98,21.16,37.68,10.18,6.91,30.42,6.23,42.55,13.89,0.36,31.91,0.6,9.56,4.37,0.08,1.4,48.5
2020-12-04,7.57,6.79,1.32,16.09,7.24,24.83,6.42,1.41,28.33,46.19,1.32,25.45,27.04,4.79,2.44,9.59,18.71,50.75,7.5,6.22,29.65,57.63,10.14,2.58,30.89,21.31,37.21,10.59,7.11,30.6,6.23,42.05,14.01,0.4,31.35,0.47,9.38,4.12,0.08,1.35,49.5
2020-12-05,7.07,7.47,1.29,16.12,6.85,25.2,6.31,1.45,28.24,45.81,1.37,25.39,27.43,4.78,2.24,9.87,18.79,50.48,7.64,6.2,29.39,57.98,10.12,2.51,31.61,21.36,37.13,9.9,7.28,30.12,6.22,42.33,14.05,0.44,31.77,0.25,9.01,4.25,0.07,1.33,49.31
2020-12-06,7.19,7.36,1.31,16.09,6.94,25.13,6.29,1.43,28.26,46.0,1.37,25.36,27.27,4.76,2.26,9.91,18.58,50.59,7.7,6.2,29.29,58.12,10.08,2.51,31.39,21.46,37.18,9.97,7.32,30.1,6.22,42.28,14.08,0.44,31.95,0.25,8.96,4.31,0.07,1.32,49.16
2020-12-07,7.21,7.07,1.37,15.98,6.67,24.92,7.03,1.17,28.58,45.47,1.45,26.03,27.05,5.17,2.41,10.35,18.49,49.79,7.77,6.02,29.16,58.23,10.22,2.39,32.17,20.34,37.25,10.24,7.12,30.47,6.14,42.43,13.84,0.49,32.06,0.2,9.06,3.85,0.07,1.22,49.04
2020-12-08,7.47,7.37,1.44,15.71,6.5,24.41,7.06,1.17,28.87,46.0,1.55,25.97,26.48,4.93,2.19,10.34,18.48,50.25,7.67,6.14,28.58,58.95,9.88,2.59,31.7,21.12,37.24,9.94,6.83,30.86,5.89,42.2,14.22,0.65,31.57,0.08,9.16,4.45,0.04,1.24,48.75
2020-12-09,6.92,7.63,1.44,16.03,6.79,23.96,7.18,1.11,28.94,45.04,1.49,25.52,27.95,5.23,2.01,9.9,18.27,50.07,7.9,6.62,28.25,58.82,10.3,2.63,32.78,20.08,37.04,10.1,7.15,31.87,5.29,41.72,13.97,0.76,31.5,0.09,10.28,3.95,0.02,1.26,48.33
2020-12-10,6.89,7.21,1.4,16.35,6.64,24.75,7.53,1.13,28.1,45.0,1.49,25.9,27.61,5.69,1.91,10.11,17.65,49.55,8.46,6.63,28.55,59.01,9.69,2.75,32.54,20.23,37.51,9.72,6.95,32.31,4.87,41.68,14.19,0.89,31.15,0.14,10.25,4.51,0.1,1.43,47.57
2020-12-11,7.44,7.95,1.58,15.22,6.48,25.36,8.11,1.01,26.85,45.52,1.52,24.94,28.02,5.55,2.37,9.78,17.72,49.89,8.31,6.38,29.02,58.65,9.55,2.78,33.47,20.73,37.09,8.71,6.93,32.28,4.9,41.57,14.32,0.7,31.47,0.16,10.03,4.9,0.11,1.58,46.91
2020-12-12,7.17,8.3,1.57,14.79,6.38,25.67,8.45,0.99,26.68,45.59,1.48,24.75,28.18,5.82,2.44,9.81,17.36,49.96,8.25,6.36,30.0,57.97,9.21,2.82,33.64,20.35,36.73,9.28,6.74,32.64,4.91,41.97,13.74,0.65,31.73,0.21,9.57,4.38,0.11,1.53,47.42
2020-12-13,7.09,8.3,1.58,14.72,6.43,25.71,8.42,0.99,26.76,45.67,1.49,24.6,28.24,5.82,2.47,9.79,17.27,49.99,8.28,6.38,30.01,57.95,9.21,2.83,33.69,20.28,36.68,9.35,6.71,32.6,4.93,41.96,13.8,0.65,31.78,0.21,9.62,4.38,0.11,1.53,47.2
2020-12-14,7.5,8.42,1.56,14.1,6.98,25.08,8.59,1.0,26.77,45.43,1.53,25.41,27.63,5.94,2.57,9.92,16.79,49.71,8.23,6.84,30.33,57.53,9.29,2.85,34.45,19.14,37.41,9.0,6.97,32.17,5.12,42.15,13.59,0.65,32.41,0.19,9.83,4.14,0.18,1.56,46.57
2020-12-15,8.1,9.41,1.59,14.0,6.58,25.15,8.91,1.0,25.26,45.25,1.58,26.03,27.14,5.88,2.61,9.71,16.7,50.38,8.65,6.07,31.48,56.86,8.61,3.05,34.58,18.66,37.87,8.89,7.29,31.69,5.34,42.58,13.1,0.64,32.54,0.11,9.38,4.3,0.14,1.51,46.59
2020-12-16,7.88,9.46,1.83,14.27,6.53,25.07,8.67,0.94,25.35,44.66,1.43,26.72,27.19,5.7,2.84,9.4,17.13,49.69,8.87,6.37,31.52,57.08,8.32,3.08,34.61,18.18,38.25,8.96,7.23,31.91,5.36,42.54,12.96,0.69,32.31,0.11,9.37,3.66,0.21,1.54,47.4
2020-12-17,7.99,9.61,1.35,13.93,6.14,24.16,8.63,0.96,27.23,43.98,1.52,27.6,26.9,5.93,2.84,9.26,16.83,49.76,8.58,6.8,31.68,57.16,8.0,3.16,34.77,18.39,38.19,8.65,7.75,31.98,5.76,42.71,11.8,0.42,32.33,0.13,9.47,3.48,0.29,1.31,47.79
2020-12-18,8.0,9.48,1.25,13.52,6.46,24.58,8.16,0.9,27.65,43.15,1.77,27.51,27.57,5.95,2.47,9.26,17.17,50.12,8.06,6.97,31.94,57.0,7.65,3.41,34.07,18.39,38.95,8.59,8.26,32.02,5.86,42.31,11.55,0.49,32.43,0.27,9.61,3.44,0.29,1.28,47.63
2020-12-19,7.91,9.51,1.22,12.96,5.94,24.36,8.52,0.77,28.81,42.51,1.86,27.63,28.0,5.86,2.33,9.21,17.05,50.33,8.13,7.09,31.5,57.76,7.22,3.52,32.18,19.25,39.33,9.24,8.53,31.02,5.89,43.1,11.46,0.47,31.79,0.29,9.27,3.81,0.21,1.29,49.1
2020-12-20,7.9,9.58,1.22,12.94,6.0,24.48,8.34,0.77,28.77,42.58,1.87,27.66,27.89,5.86,2.32,9.19,17.05,50.42,8.02,7.14,31.56,57.73,7.17,3.54,32.32,19.13,39.35,9.2,8.66,30.87,5.88,43.23,11.36,0.46,31.94,0.29,9.34,3.74,0.21,1.26,48.92
2020-12-21,7.91,9.97,1.15,12.96,6.4,23.23,8.45,0.78,29.15,42.26,1.93,27.9,27.91,6.19,2.29,9.75,17.11,49.32,8.38,6.96,32.54,56.64,7.24,3.58,32.87,18.56,38.85,9.72,9.33,30.29,5.43,43.05,11.9,0.52,31.43,0.34,9.18,4.15,0.22,1.23,49.08
2020-12-22,7.77,9.41,1.15,12.59,6.75,22.84,8.56,0.9,30.03,42.82,2.13,26.62,28.43,6.28,2.14,9.23,17.41,49.58,8.19,7.17,31.72,57.56,6.89,3.83,32.74,19.23,38.36,9.67,9.39,30.47,5.53,41.33,13.28,0.67,31.15,0.41,9.66,3.87,0.16,1.27,48.82
2020-12-23,7.2,9.91,1.2,12.11,7.07,23.43,8.4,0.79,29.89,44.0,1.91,25.79,28.3,5.97,2.04,9.11,18.28,49.83,8.4,6.37,30.64,58.25,7.38,3.73,32.88,19.66,37.65,9.81,9.32,30.65,5.41,41.17,13.45,0.47,31.19,0.57,9.42,4.09,0.31,1.33,48.41
2020-12-24,7.39,9.41,1.38,12.17,7.09,24.41,8.41,0.81,28.93,45.17,1.86,25.01,27.96,5.79,2.0,9.45,17.55,50.13,8.54,6.54,30.35,58.45,7.53,3.67,34.27,18.84,37.39,9.5,9.7,30.32,5.32,40.9,13.76,0.52,31.2,0.38,8.93,3.99,0.27,1.28,49.44
2020-12-25,7.35,9.57,1.38,12.19,7.15,24.28,8.43,0.76,28.89,44.95,1.87,25.09,28.09,5.83,2.0,9.44,17.5,50.19,8.47,6.57,30.35,58.39,7.59,3.67,34.37,18.8,37.31,9.52,9.8,30.26,5.39,40.95,13.6,0.51,31.16,0.38,8.99,3.92,0.27,1.28,49.43
2020-12-26,7.38,9.52,1.4,12.19,7.12,24.31,8.47,0.79,28.82,45.07,1.86,25.0,28.07,5.82,1.98,9.42,17.52,50.15,8.51,6.6,30.32,58.44,7.56,3.68,34.49,18.89,37.25,9.37,9.79,30.35,5.35,40.8,13.71,0.51,31.21,0.38,8.84,4.0,0.27,1.3,49.48
2020-12-27,7.34,9.44,1.39,12.19,7.07,24.48,8.43,0.79,28.87,45.05,1.85,25.06,28.04,5.77,1.96,9.44,17.52,50.23,8.5,6.58,30.18,58.57,7.58,3.67,34.36,18.85,37.21,9.58,9.73,30.31,5.42,40.77,13.77,0.51,31.19,0.38,8.84,3.93,0.27,1.28,49.5
2020-12-28,7.31,9.45,1.39,12.19,7.09,24.38,8.51,0.81,28.87,44.99,1.85,25.15,28.01,5.82,1.98,9.43,17.44,50.28,8.5,6.55,30.27,58.49,7.57,3.67,34.26,18.81,37.33,9.6,9.72,30.3,5.48,40.92,13.58,0.5,31.08,0.38,8.96,3.93,0.27,1.28,49.56
2020-12-29,7.35,9.33,1.39,12.19,7.07,24.46,8.45,0.77,28.99,44.99,1.87,25.2,27.94,5.83,1.99,9.43,17.57,50.12,8.51,6.55,30.41,58.4,7.53,3.66,34.28,18.87,37.33,9.52,9.65,30.37,5.45,40.85,13.68,0.51,31.09,0.38,8.99,3.88,0.27,1.27,49.55
2020-12-30,7.38,9.5,1.36,12.3,6.7,24.51,8.6,0.79,28.86,45.21,1.93,24.72,28.14,6.09,2.04,9.2,17.37,50.02,8.94,6.34,30.29,58.28,7.79,3.64,34.92,18.17,37.44,9.47,9.69,29.97,5.25,41.34,13.75,0.5,31.19,0.38,8.7,3.77,0.28,1.28,49.8
2020-12-31,7.34,9.57,1.32,12.23,6.9,24.19,8.67,0.77,29.01,45.2,1.96,24.67,28.17,6.09,2.02,9.1,17.32,50.28,8.85,6.34,30.26,58.24,7.82,3.68,35.04,18.37,37.36,9.23,9.83,30.21,5.27,41.22,13.47,0.5,31.03,0.38,8.86,3.87,0.29,1.24,49.62
2021-01-01,7.24,9.65,1.36,12.94,7.1,24.74,8.52,0.78,27.67,44.75,1.96,24.98,28.31,6.38,2.04,9.31,17.48,49.66,8.58,6.55,29.96,58.21,8.2,3.63,35.26,18.0,37.37,9.37,9.91,30.54,4.82,41.09,13.64,0.63,30.76,0.38,8.8,4.12,0.31,1.28,49.74
2021-01-02,7.95,9.64,1.54,12.88,7.05,25.26,8.19,0.75,26.74,45.0,2.05,25.08,27.87,6.21,2.0,9.4,17.89,49.87,8.13,6.5,29.34,58.33,8.62,3.71,36.05,17.18,37.21,9.56,9.5,30.4,5.0,41.45,13.65,0.6,30.09,0.34,8.69,4.21,0.37,1.24,50.61
2021-01-03,7.94,9.68,1.55,12.91,6.83,25.43,8.12,0.7,26.84,44.79,2.05,25.21,27.95,6.21,2.03,9.44,17.92,49.82,8.11,6.47,29.41,58.29,8.57,3.73,36.04,17.06,37.35,9.55,9.52,30.16,5.08,41.66,13.58,0.58,30.01,0.35,8.67,4.25,0.38,1.17,50.71
2021-01-04,8.37,9.69,1.49,12.79,7.0,25.5,8.06,0.73,26.37,44.39,2.14,25.18,28.29,6.19,2.08,9.55,17.88,49.89,7.95,6.46,30.04,57.68,8.7,3.58,37.01,15.73,37.81,9.45,9.21,29.45,5.25,42.51,13.58,0.63,29.88,0.39,9.1,4.0,0.43,1.2,50.55
2021-01-05,8.52,9.86,1.49,13.33,7.06,25.79,7.67,0.67,25.61,44.0,2.03,25.63,28.34,6.06,2.1,9.66,18.49,49.42,7.72,6.55,30.45,57.38,8.59,3.58,36.09,15.51,38.63,9.77,8.97,29.82,5.15,42.63,13.43,0.65,30.16,0.33,8.81,3.91,0.2,1.16,50.48
2021-01-06,8.1,9.2,1.55,14.21,6.76,25.57,7.25,0.71,26.65,43.79,1.95,26.14,28.12,6.38,2.47,9.59,17.73,49.75,7.83,6.25,30.3,57.25,8.0,4.45,36.13,14.66,38.67,10.54,7.58,30.71,5.8,42.03,13.88,0.58,28.84,0.29,9.3,4.37,0.17,1.48,50.63
2021-01-07,7.96,8.93,1.92,14.22,6.92,24.89,7.57,0.71,26.88,44.71,1.8,25.59,27.9,6.47,2.36,9.42,18.27,49.43,7.67,6.38,29.89,57.19,8.13,4.79,36.28,14.56,38.76,10.4,7.2,30.67,5.96,42.51,13.66,0.59,27.93,0.25,9.31,4.02,0.21,1.42,51.61
2021-01-08,7.06,9.58,1.54,13.38,8.27,24.85,7.87,0.8,26.65,45.48,2.26,24.9,27.36,6.51,2.21,9.42,18.61,50.27,7.96,5.02,30.09,56.63,8.2,5.08,34.9,14.4,39.73,10.97,7.35,30.56,5.45,42.78,13.86,0.72,29.31,0.18,10.08,4.06,0.2,1.46,49.87
2021-01-09,7.4,9.85,1.59,13.56,7.29,25.11,7.98,0.77,26.45,45.21,2.04,24.25,28.5,7.12,2.29,8.85,18.68,50.16,7.93,4.97,30.28,57.17,7.79,4.76,34.41,14.8,39.46,11.33,7.72,31.03,5.44,42.81,13.0,0.85,29.12,0.19,10.19,3.9,0.31,1.06,50.08
2021-01-10,7.43,9.69,1.62,13.5,7.29,25.24,7.95,0.78,26.5,45.29,2.05,24.2,28.46,7.13,2.26,8.83,18.63,50.11,8.07,4.97,30.25,57.2,7.79,4.76,34.35,14.76,39.6,11.29,7.74,30.98,5.43,42.86,12.99,0.84,29.19,0.18,10.11,3.97,0.31,1.05,50.05
2021-01-11,7.77,9.89,1.54,13.43,7.41,25.0,7.84,0.79,26.33,45.93,2.02,24.5,27.55,7.01,2.32,8.75,18.72,50.01,8.1,5.09,30.54,57.13,7.72,4.61,33.5,15.52,40.23,10.75,7.07,31.45,5.36,43.3,12.82,0.89,29.4,0.2,10.28,3.33,0.3,1.13,50.1
2021-01-12,8.33,9.98,1.34,13.37,7.27,24.75,7.86,0.73,26.37,45.72,1.9,24.53,27.85,7.21,2.31,8.46,18.88,49.67,8.51,4.96,30.52,57.85,7.77,3.86,33.9,15.28,40.27,10.55,7.38,30.68,5.15,43.99,12.8,0.87,30.18,0.22,10.18,3.18,0.26,1.2,49.56
2021-01-13,8.76,10.28,1.23,13.37,6.68,23.55,8.16,0.77,27.2,45.52,1.81,24.54,28.13,7.54,2.55,8.31,18.64,49.95,8.09,4.92,31.51,56.97,8.04,3.48,34.52,14.94,40.32,10.22,7.21,30.55,5.5,44.73,12.01,0.91,30.03,0.2,10.53,3.19,0.29,1.12,49.04
2021-01-14,8.44,10.13,0.91,12.82,6.35,24.89,7.92,0.77,27.77,46.37,1.58,24.52,27.53,7.3,2.47,8.0,17.49,52.04,7.83,4.87,30.37,58.77,7.54,3.32,36.1,15.65,39.0,9.25,7.27,31.17,5.26,44.07,12.23,0.83,30.03,0.27,10.98,3.5,0.26,1.21,48.45
2021-01-15,8.54,10.2,0.78,12.65,6.4,25.79,7.62,0.79,27.23,46.55,1.51,25.19,26.75,7.29,2.59,8.01,17.01,52.08,7.8,5.22,30.15,58.64,7.98,3.23,35.77,15.58,39.5,9.15,7.31,30.42,5.02,44.45,12.8,0.85,30.95,0.28,10.65,3.35,0.21,1.21,48.37
2021-01-16,8.37,10.63,0.94,12.04,6.6,26.85,7.93,0.72,25.92,45.67,1.59,25.77,26.97,7.25,2.36,8.44,16.12,53.15,7.28,5.4,29.89,58.37,8.38,3.36,34.98,15.8,40.31,8.91,7.53,30.1,4.79,44.63,12.95,0.82,31.52,0.32,10.3,4.2,0.19,1.24,47.46
2021-01-17,8.33,10.58,0.93,12.09,6.57,26.95,8.04,0.72,25.79,45.64,1.57,25.85,26.94,7.33,2.36,8.43,16.16,53.15,7.26,5.31,30.04,58.22,8.42,3.32,34.91,15.94,40.31,8.84,7.5,30.14,4.83,44.53,13.0,0.81,31.47,0.31,10.29,4.17,0.19,1.23,47.62
2021-01-18,8.55,9.66,0.92,12.1,6.31,27.52,7.72,0.77,26.45,44.89,1.45,26.17,27.49,7.03,2.32,8.83,16.17,51.9,8.03,5.72,30.48,58.51,7.71,3.3,35.04,15.26,40.81,8.89,7.63,29.34,4.14,45.08,13.81,0.71,31.62,0.32,9.9,4.43,0.19,1.17,48.0
2021-01-19,8.37,10.25,1.03,11.77,6.56,27.38,7.83,0.69,26.12,45.4,1.48,25.7,27.42,6.75,2.31,9.17,16.49,51.62,8.11,5.55,29.94,59.01,7.77,3.28,35.23,15.51,40.44,8.82,7.83,30.26,4.13,44.49,13.29,0.58,31.79,0.33,9.71,4.43,0.27,1.21,48.03
2021-01-20,8.74,10.99,1.35,11.67,6.52,26.7,7.6,0.72,25.71,45.17,1.39,25.65,27.79,6.73,2.37,9.21,17.29,50.68,8.11,5.61,29.67,59.18,7.92,3.23,34.84,15.78,40.08,9.3,7.63,30.14,4.3,44.55,13.38,0.52,32.87,0.27,9.64,4.91,0.18,1.11,46.56
2021-01-21,8.75,11.77,1.3,11.57,6.52,25.97,8.19,0.7,25.23,44.97,1.44,26.15,27.44,6.57,2.21,9.39,18.27,50.1,7.96,5.5,30.48,58.57,7.71,3.24,35.49,15.58,39.59,9.34,8.01,30.09,4.08,44.78,13.04,0.46,32.88,0.26,9.34,5.26,0.2,1.05,46.55
2021-01-22,8.38,11.9,1.21,11.38,6.53,26.71,7.96,0.67,25.26,45.67,1.46,25.57,27.3,6.46,2.08,9.14,18.74,50.68,7.59,5.31,30.65,58.87,7.32,3.16,35.32,15.97,39.65,9.06,8.03,30.01,4.06,44.69,13.21,0.41,32.39,0.24,9.5,5.72,0.15,1.05,46.47
2021-01-23,8.54,12.54,1.5,11.05,6.11,26.57,7.5,0.67,25.52,46.16,1.34,25.89,26.61,6.62,2.12,8.91,19.28,49.95,8.02,5.1,30.21,58.78,7.83,3.18,36.11,16.04,38.64,9.21,7.95,30.16,4.16,43.99,13.74,0.8,32.65,0.2,9.47,5.02,0.36,1.06,45.98
2021-01-24,8.44,12.52,1.5,11.23,6.13,26.54,7.55,0.67,25.42,45.91,1.43,25.93,26.73,6.67,2.11,8.81,19.53,49.84,7.94,5.1,30.12,58.86,7.86,3.16,36.01,15.99,38.84,9.16,7.96,30.08,4.14,44.14,13.68,0.79,32.43,0.2,9.45,4.95,0.34,1.06,46.32
2021-01-25,8.36,12.39,1.48,10.56,6.26,27.15,7.65,0.56,25.59,46.26,1.33,25.28,27.13,6.62,2.08,8.75,19.22,50.65,7.51,5.17,29.69,59.35,7.98,2.98,34.77,16.85,38.6,9.78,8.05,29.73,4.31,43.32,14.59,0.73,32.63,0.19,8.84,5.35,0.36,1.16,46.08
2021-01-26,8.38,12.34,1.48,10.61,6.32,27.25,7.58,0.56,25.48,46.25,1.37,25.21,27.17,6.61,2.09,8.79,19.17,50.72,7.45,5.17,29.54,59.53,7.95,2.98,34.79,16.92,38.52,9.77,8.04,29.81,4.33,43.24,14.58,0.81,32.56,0.19,8.9,5.32,0.36,1.18,46.09
2021-01-27,8.15,11.6,1.63,10.35,5.79,27.91,8.38,0.56,25.63,46.47,1.4,25.36,26.77,6.86,1.96,8.99,18.69,50.9,7.51,5.09,29.78,59.51,7.8,2.91,35.29,16.08,38.32,10.31,7.6,29.2,4.4,43.84,14.96,0.83,32.76,0.18,8.96,5.12,0.4,1.14,46.22
2021-01-28,8.42,11.36,1.62,10.09,5.93,27.89,8.41,0.5,25.78,46.47,1.38,24.87,27.28,6.81,1.9,9.12,18.72,50.96,7.69,4.8,30.71,58.83,7.54,2.92,35.13,15.7,38.74,10.43,7.11,29.48,4.36,43.64,15.41,0.82,31.97,0.17,9.06,5.31,0.34,1.1,46.6
2021-01-29,8.43,11.22,1.56,10.05,6.05,28.28,8.23,0.5,25.68,46.17,1.41,25.04,27.38,6.93,1.99,9.0,18.67,51.24,7.37,4.8,30.48,59.26,7.35,2.91,34.7,15.74,39.22,10.34,7.11,29.56,4.58,43.25,15.5,0.84,32.18,0.17,9.1,5.39,0.37,1.08,46.3
2021-01-30,8.75,10.89,1.59,9.9,5.9,28.28,8.21,0.49,25.99,46.27,1.25,25.27,27.21,6.86,1.97,8.99,18.8,51.15,7.35,4.88,30.28,59.42,7.4,2.9,34.58,15.91,39.0,10.51,7.03,29.58,4.64,42.99,15.76,0.82,31.97,0.17,9.28,5.47,0.37,1.09,46.38
2021-01-31,8.75,10.98,1.57,9.83,5.9,28.43,8.18,0.5,25.86,46.33,1.24,25.39,27.04,6.83,1.98,9.06,18.74,51.14,7.4,4.85,30.52,59.22,7.37,2.89,34.48,15.88,39.13,10.51,7.03,29.53,4.61,43.05,15.78,0.84,31.88,0.17,9.33,5.46,0.37,1.07,46.38
2021-02-01,8.78,10.81,1.55,9.67,5.91,28.71,8.15,0.51,25.91,46.52,1.31,25.09,27.08,6.84,1.95,9.1,18.69,51.04,7.51,4.87,30.42,59.35,7.37,2.86,34.66,16.03,38.82,10.49,7.17,29.68,4.56,43.0,15.59,0.87,32.04,0.17,9.27,5.43,0.37,1.05,46.33
2021-02-02,8.67,11.21,1.59,9.25,6.01,28.69,8.37,0.5,25.71,46.54,1.23,24.76,27.47,6.72,1.95,8.97,18.66,51.58,7.41,4.71,30.7,59.37,7.2,2.73,35.01,15.79,38.85,10.35,7.24,29.72,4.52,42.81,15.71,0.85,32.11,0.17,9.15,5.46,0.37,1.07,46.43
2021-02-03,8.67,11.22,1.59,9.28,6.01,28.71,8.35,0.49,25.68,46.43,1.26,24.75,27.56,6.37,1.92,9.24,18.87,51.23,7.85,4.52,31.36,58.82,7.12,2.7,35.02,15.86,38.68,10.44,7.16,29.77,4.48,42.86,15.73,0.84,32.15,0.17,9.13,5.43,0.37,1.06,46.44
2021-02-04,8.5,11.06,1.48,9.24,5.8,28.31,8.78,0.53,26.3,46.85,1.22,24.6,27.33,6.43,1.82,9.42,18.7,51.32,7.81,4.5,31.21,58.81,7.37,2.61,34.43,16.22,39.12,10.23,7.4,29.65,4.57,42.7,15.68,0.76,31.78,0.17,9.53,4.76,0.36,0.99,47.03
2021-02-05,8.5,10.94,1.14,8.69,5.61,28.47,9.23,0.53,26.89,45.82,1.25,24.52,28.41,6.43,1.95,9.19,18.44,51.39,7.78,4.82,30.66,59.59,7.18,2.57,33.54,16.4,39.83,10.23,7.34,29.76,3.96,42.84,16.1,0.75,31.74,0.22,9.55,4.46,0.13,1.11,47.7
2021-02-06,8.55,10.82,1.15,8.72,5.62,28.47,9.31,0.53,26.83,45.95,1.3,24.49,28.26,6.48,1.91,9.2,18.47,51.39,7.74,4.81,30.67,59.57,7.21,2.55,33.75,16.36,39.7,10.19,7.13,29.87,4.03,42.76,16.21,0.75,31.74,0.22,9.59,4.52,0.13,1.11,47.58
2021-02-07,8.53,10.73,1.15,8.67,5.64,28.59,9.31,0.53,26.85,46.04,1.26,24.42,28.28,6.49,1.93,9.15,18.51,51.46,7.67,4.79,30.73,59.58,7.15,2.54,33.64,16.34,39.76,10.26,7.17,29.9,3.96,42.79,16.18,0.75,31.67,0.22,9.6,4.53,0.13,1.1,47.63
2021-02-08,8.45,10.59,1.11,8.27,5.61,28.01,9.39,0.53,28.04,46.35,1.39,25.19,27.07,6.38,2.0,9.38,18.13,52.14,7.05,4.92,31.21,58.78,7.35,2.66,33.41,16.53,39.65,10.41,7.25,29.36,4.64,43.19,15.56,0.43,32.12,0.28,9.89,4.43,0.13,1.0,47.8
2021-02-09,8.37,10.71,1.09,8.22,5.48,28.13,9.57,0.51,27.92,46.81,1.28,25.36,26.55,6.29,2.05,9.4,18.09,52.45,6.91,4.81,31.05,59.15,7.12,2.68,33.4,16.74,39.22,10.64,7.33,29.39,4.46,43.37,15.45,0.41,32.67,0.27,10.22,4.24,0.12,1.02,47.06
2021-02-10,8.51,10.99,1.01,7.97,5.93,27.77,9.74,0.5,27.58,47.62,1.23,24.49,26.66,6.13,2.07,9.57,17.84,52.49,7.13,4.77,30.96,59.62,6.89,2.53,33.26,17.55,38.49,10.7,7.62,30.28,4.24,42.44,15.42,0.37,32.73,0.27,9.76,4.16,0.12,1.12,47.44
2021-02-11,7.99,11.43,1.11,7.89,6.03,27.29,9.92,0.58,27.76,47.05,1.31,24.56,27.08,6.35,2.02,9.48,18.11,52.64,6.99,4.41,30.81,58.92,7.72,2.55,32.57,17.44,39.88,10.11,7.93,28.89,4.17,43.33,15.68,0.3,32.65,0.25,10.12,4.12,0.24,1.09,47.41
2021-02-12,8.19,11.28,1.06,8.21,6.32,26.51,9.93,0.52,27.98,46.66,1.32,25.04,26.98,6.29,2.01,9.75,18.27,51.88,7.49,4.31,30.63,59.25,7.29,2.83,31.24,18.45,39.99,10.32,7.76,28.95,4.21,43.4,15.68,0.34,32.84,0.18,10.37,4.17,0.3,1.27,46.48
2021-02-13,7.89,11.2,1.15,8.28,6.59,26.88,10.49,0.52,27.0,44.76,1.28,25.76,28.2,5.92,1.9,10.19,19.08,51.42,7.14,4.35,31.29,58.86,7.03,2.82,31.24,18.05,39.38,11.33,7.97,28.68,4.45,43.16,15.74,0.33,32.46,0.17,9.91,4.13,0.29,1.22,46.93
2021-02-14,7.91,11.27,1.13,8.31,6.64,26.67,10.5,0.53,27.04,44.81,1.31,25.77,28.11,5.87,1.9,10.18,19.07,51.33,7.19,4.46,31.12,58.99,7.08,2.81,31.27,18.08,39.4,11.25,7.92,28.6,4.38,43.21,15.89,0.33,32.33,0.17,9.9,4.12,0.29,1.23,47.05
2021-02-15,8.23,12.0,1.23,8.26,6.41,26.37,10.76,0.66,26.08,44.97,1.27,25.55,28.21,6.04,1.62,10.27,19.43,51.11,6.94,4.59,31.71,58.75,6.41,3.13,33.0,16.62,38.79,11.59,7.59,28.56,4.31,43.2,16.34,0.44,31.4,0.17,9.11,3.75,0.29,1.38,47.92
2021-02-16,7.97,11.84,1.27,8.41,6.6,27.06,11.34,0.71,24.8,44.54,1.34,25.72,28.4,5.83,1.65,10.05,19.53,51.51,6.71,4.72,32.11,58.23,6.43,3.23,33.89,16.3,38.47,11.34,7.79,28.76,4.28,43.23,15.94,0.65,30.36,0.17,9.01,3.63,0.28,1.49,48.52
2021-02-17,7.85,12.06,1.32,8.38,6.26,26.61,11.72,0.77,25.03,46.22,1.42,25.35,27.01,5.64,1.56,9.26,19.51,52.09,7.1,4.84,31.68,58.73,6.45,3.14,34.65,16.79,37.76,10.8,8.12,29.48,4.11,41.85,16.44,0.69,31.44,0.17,9.02,3.96,0.28,1.53,47.53
2021-02-18,7.92,12.27,1.18,8.0,5.95,26.55,12.75,0.75,24.63,46.38,1.32,25.78,26.52,5.63,1.61,8.78,19.34,52.51,7.16,4.97,30.48,60.06,6.39,3.07,34.47,16.79,37.67,11.07,8.13,29.62,4.39,41.78,16.08,0.72,32.16,0.18,9.18,3.93,0.25,1.72,46.38
2021-02-19,7.83,11.39,1.1,7.89,6.65,26.25,13.28,0.64,24.97,46.29,1.38,26.6,25.73,4.89,1.6,9.15,19.44,53.02,7.3,4.6,29.87,60.74,6.48,2.91,34.2,17.84,37.25,10.71,7.86,30.33,4.36,41.03,16.42,0.37,33.39,0.17,9.09,3.88,0.27,1.6,46.44
2021-02-20,8.02,10.86,1.05,7.49,6.44,26.58,13.98,0.61,24.97,46.66,1.34,26.29,25.71,4.82,1.71,9.21,19.47,53.47,6.84,4.48,30.43,60.73,6.21,2.63,35.13,17.96,36.6,10.31,8.42,30.87,3.89,40.73,16.09,0.33,34.0,0.17,8.87,3.78,0.28,1.51,46.37
2021-02-21,8.1,10.97,1.04,7.42,6.46,26.48,13.93,0.61,24.99,46.62,1.37,26.36,25.65,4.79,1.7,9.24,19.48,53.32,6.95,4.52,30.46,60.64,6.26,2.64,35.1,17.87,36.75,10.28,8.54,30.76,3.83,40.68,16.19,0.33,33.92,0.17,8.98,3.77,0.28,1.53,46.38
2021-02-22,7.97,10.45,1.02,7.78,6.5,26.52,15.06,0.67,24.03,46.54,1.32,26.13,26.01,4.94,1.61,9.27,18.75,54.06,6.91,4.46,29.83,61.14,6.31,2.72,35.26,18.36,36.05,10.33,8.4,30.84,4.16,40.26,16.34,0.33,34.82,0.17,8.69,3.59,0.28,1.65,46.0
2021-02-23,8.1,9.92,1.09,7.99,6.48,25.86,15.43,0.63,24.5,47.11,1.13,24.48,27.28,5.28,1.63,9.12,19.72,53.11,6.84,4.3,30.02,60.33,6.8,2.85,34.46,18.5,36.0,11.04,7.9,31.68,4.36,40.48,15.58,0.43,34.06,0.14,8.97,3.57,0.25,1.5,46.6
2021-02-24,8.01,9.74,1.16,8.26,6.85,25.22,15.43,0.58,24.75,48.09,1.02,23.69,27.2,4.95,1.72,9.12,19.85,52.86,7.17,4.33,30.39,60.71,6.28,2.62,34.37,19.08,36.18,10.37,7.75,32.05,4.1,40.08,16.02,0.6,34.24,0.13,9.57,3.43,0.29,1.4,45.72
2021-02-25,7.7,9.63,1.06,8.07,6.89,25.47,15.69,0.71,24.78,47.91,1.03,23.84,27.22,5.02,1.67,9.4,19.63,52.9,7.12,4.26,30.16,61.04,6.19,2.61,33.88,19.5,36.0,10.62,7.36,32.51,4.1,40.23,15.8,0.56,34.4,0.15,9.53,3.45,0.3,1.4,45.79
2021-02-26,7.54,9.6,1.33,8.36,6.78,24.52,15.77,0.75,25.35,47.65,1.03,24.21,27.11,5.05,1.78,9.31,19.83,52.67,7.1,4.26,29.62,61.59,6.13,2.66,33.08,19.6,36.87,10.45,7.11,31.72,4.39,40.98,15.8,0.56,35.51,0.16,9.35,3.32,0.29,1.21,45.78
2021-02-27,8.11,9.38,1.48,8.59,6.89,23.89,16.42,0.58,24.66,47.42,1.03,24.25,27.3,4.97,1.87,9.44,19.98,52.21,6.94,4.59,29.72,60.71,6.68,2.89,33.28,20.35,36.47,9.9,7.3,32.63,4.64,40.16,15.27,0.56,34.72,0.15,9.79,3.35,0.28,1.24,45.58
2021-02-28,7.98,9.29,1.49,8.69,6.76,24.05,16.49,0.59,24.66,47.59,1.01,24.19,27.21,5.0,1.87,9.42,20.01,52.05,6.95,4.7,29.75,60.6,6.63,3.02,33.45,20.33,36.34,9.88,7.29,32.67,4.64,40.05,15.35,0.56,34.68,0.15,9.76,3.3,0.26,1.18,45.77
2021-03-01,7.97,9.19,1.52,8.9,6.45,24.37,16.26,0.58,24.76,47.61,0.98,23.82,27.59,5.16,1.97,9.84,19.44,52.17,6.72,4.7,29.67,60.88,6.3,3.15,33.78,20.76,36.0,9.46,7.35,32.76,4.58,39.95,15.36,0.48,35.09,0.2,9.64,3.41,0.33,1.14,45.27
2021-03-02,7.9,8.86,1.55,8.49,6.77,24.66,16.38,0.66,24.73,47.59,1.03,24.08,27.3,5.02,2.04,9.59,19.39,52.77,6.61,4.58,29.2,61.64,6.34,2.82,33.07,21.25,36.0,9.68,7.1,33.62,4.57,40.01,14.7,0.54,35.64,0.25,9.23,3.24,0.3,1.3,45.3
2021-03-03,7.98,9.31,1.54,8.29,7.26,24.34,16.72,0.66,23.9,47.73,0.95,23.68,27.64,4.77,2.09,9.27,19.54,53.66,6.17,4.5,28.84,62.2,6.2,2.76,33.07,21.94,35.32,9.67,7.01,33.63,4.5,39.76,15.1,0.6,36.42,0.21,9.3,3.08,0.29,1.09,44.65
2021-03-04,7.78,9.72,1.49,8.19,7.08,24.02,16.69,0.69,24.34,46.71,0.98,24.2,28.11,4.67,2.12,8.93,20.22,53.39,6.46,4.21,28.31,62.7,6.21,2.78,31.69,22.66,35.4,10.25,6.83,33.36,4.84,40.02,14.95,0.54,35.69,0.27,9.85,3.65,0.27,1.21,43.92
2021-03-05,7.87,9.91,1.41,7.82,7.07,22.99,17.09,0.77,25.07,46.25,0.99,24.47,28.29,4.72,2.15,8.62,20.2,53.46,6.71,4.14,27.85,63.52,5.84,2.79,32.9,21.41,35.39,10.3,6.55,32.09,5.06,41.14,15.16,0.62,35.75,0.23,9.44,3.91,0.27,1.16,43.92
2021-03-06,7.81,9.65,1.37,8.15,6.97,23.36,17.44,0.74,24.51,47.46,1.1,23.36,28.08,4.83,2.11,7.88,20.07,53.36,7.78,3.97,27.37,63.84,6.17,2.62,33.39,22.01,34.78,9.82,6.92,32.44,5.12,41.18,14.34,0.6,34.61,0.18,10.02,4.89,0.31,1.27,43.21
2021-03-07,7.78,9.58,1.36,8.16,7.08,23.39,17.4,0.74,24.51,47.44,1.1,23.37,28.09,4.84,2.07,7.91,20.11,53.28,7.7,4.09,27.4,63.79,6.14,2.67,33.26,22.06,34.88,9.8,6.93,32.4,5.09,41.22,14.36,0.59,34.65,0.18,10.04,4.92,0.31,1.27,43.16
2021-03-08,7.8,9.36,1.21,8.0,6.62,23.23,18.52,0.84,24.42,47.65,1.18,23.35,27.82,5.28,2.04,7.74,19.93,52.89,7.88,4.24,26.43,64.89,6.17,2.51,33.14,22.33,34.82,9.71,7.37,33.0,5.4,40.25,13.98,0.72,33.98,0.18,9.89,4.83,0.32,1.45,44.0
2021-03-09,7.93,9.15,1.5,7.81,6.06,22.95,18.54,0.78,25.28,47.64,1.18,23.5,27.68,5.05,2.14,7.95,19.79,53.36,7.31,4.4,26.53,64.48,6.52,2.47,32.81,22.43,35.18,9.58,7.32,31.91,6.02,40.18,14.57,0.76,34.24,0.23,9.69,4.84,0.29,1.28,44.17
2021-03-10,7.97,9.04,1.39,7.95,6.29,22.67,18.39,0.58,25.72,47.49,1.16,23.35,28.0,4.92,2.23,7.88,20.44,53.07,6.89,4.57,26.97,63.98,6.73,2.32,33.96,21.41,34.76,9.87,7.34,31.59,6.14,39.95,14.98,0.74,34.84,0.23,9.67,4.2,0.29,1.32,45.0
2021-03-11,7.88,8.97,1.27,7.94,5.89,22.28,19.28,0.57,25.92,47.47,1.19,23.79,27.55,4.95,2.28,8.21,20.87,52.59,6.45,4.65,27.34,63.7,6.65,2.31,33.99,20.78,35.46,9.77,7.28,31.56,6.24,40.1,14.82,0.78,35.62,0.25,9.72,4.39,0.26,1.31,43.99
2021-03-12,7.71,8.78,1.28,8.1,6.34,22.66,18.9,0.57,25.66,47.18,1.14,24.29,27.39,4.87,2.32,8.31,20.92,51.99,6.68,4.91,27.55,63.77,6.52,2.16,33.92,20.31,35.49,10.28,7.6,32.13,6.51,38.44,15.32,0.75,35.08,0.27,9.71,4.21,0.26,1.41,44.43
2021-03-13,7.53,8.97,1.33,8.49,6.56,22.81,18.92,0.59,24.8,47.38,1.45,24.17,27.0,5.07,2.16,8.47,21.13,52.34,6.18,4.65,28.23,63.69,5.98,2.1,33.97,20.28,36.05,9.7,7.33,32.93,6.23,37.64,15.87,0.69,35.58,0.25,9.87,3.4,0.26,1.05,44.8
2021-03-14,7.52,8.96,1.33,8.47,6.55,22.82,19.03,0.58,24.74,47.62,1.46,24.13,26.79,5.08,2.15,8.5,21.18,52.29,6.14,4.66,28.19,63.67,5.99,2.15,34.05,20.32,35.88,9.75,7.27,33.05,6.23,37.62,15.83,0.7,35.64,0.28,9.91,3.43,0.26,1.04,44.73
2021-03-15,7.49,9.2,1.22,8.49,6.61,22.73,18.78,0.64,24.84,48.06,1.46,24.01,26.47,5.04,2.18,8.67,20.73,52.85,5.87,4.66,28.55,63.53,5.9,2.02,34.09,20.01,35.85,10.05,7.01,33.22,6.27,37.56,15.94,0.62,35.84,0.27,10.02,3.24,0.26,1.09,44.37
2021-03-16,7.43,8.7,1.22,9.29,7.0,22.12,19.18,0.55,24.51,46.94,1.44,24.2,27.42,5.25,1.95,8.89,21.28,52.24,5.96,4.43,28.89,62.61,6.26,2.24,34.62,19.98,35.61,9.79,6.86,32.94,6.06,38.06,16.08,0.67,35.15,0.27,9.54,3.36,0.25,1.07,45.34
2021-03-17,7.5,8.83,1.18,10.34,7.06,21.81,18.75,0.42,24.11,47.17,1.44,24.73,26.66,5.14,2.26,8.92,20.82,52.53,5.69,4.64,29.3,61.84,6.55,2.31,35.05,20.35,34.96,9.64,6.97,32.32,5.95,38.32,16.44,0.66,35.0,0.3,10.06,3.06,0.24,1.1,44.98
2021-03-18,7.41,8.52,1.17,11.02,6.81,21.34,18.53,0.41,24.79,46.84,1.36,24.85,26.95,4.98,2.23,9.29,20.44,52.62,5.91,4.53,29.19,62.03,6.26,2.52,34.76,20.9,35.0,9.34,6.9,32.59,6.33,37.8,16.38,0.59,34.66,0.28,9.77,2.95,0.26,1.13,45.85
2021-03-19,7.43,8.2,1.3,11.76,6.72,21.68,18.29,0.44,24.18,46.94,1.3,24.85,26.91,4.97,2.28,9.44,20.77,52.72,5.54,4.28,28.68,62.88,6.22,2.22,34.51,20.88,35.72,8.89,6.59,33.22,6.33,38.08,15.78,0.42,34.47,0.37,9.65,2.93,0.26,1.34,46.24
2021-03-20,7.19,8.16,1.45,12.59,5.82,20.87,18.63,0.45,24.84,46.22,1.18,25.89,26.71,4.5,2.28,9.59,20.48,52.14,6.25,4.76,28.72,62.89,6.34,2.05,34.94,20.78,35.65,8.63,6.73,33.15,5.94,38.98,15.2,0.37,34.49,0.38,9.59,3.22,0.24,1.38,45.91
2021-03-21,7.2,8.1,1.45,12.68,5.78,20.87,18.46,0.46,25.0,46.12,1.21,25.97,26.7,4.51,2.32,9.64,20.43,52.13,6.22,4.75,28.79,62.8,6.35,2.06,35.09,20.74,35.51,8.66,6.75,33.12,5.9,39.07,15.16,0.37,34.38,0.38,9.53,3.22,0.24,1.39,45.97
2021-03-22,7.3,8.4,1.44,12.62,6.0,20.6,18.19,0.41,25.04,46.34,1.2,25.86,26.6,4.69,2.27,9.4,20.91,52.04,6.12,4.57,28.32,63.46,6.05,2.17,34.87,21.03,35.28,8.82,6.69,32.74,5.89,39.76,14.92,0.46,34.49,0.41,9.52,3.64,0.22,1.39,45.29
2021-03-23,7.59,8.26,1.48,12.46,5.82,20.49,18.29,0.36,25.25,46.52,1.22,25.36,26.9,4.25,2.15,8.95,21.24,52.67,6.4,4.34,27.65,64.69,5.62,2.04,34.98,21.76,34.15,9.11,7.06,32.72,5.99,39.22,15.01,0.54,34.47,0.43,9.47,3.66,0.24,1.65,45.48
2021-03-24,7.58,7.79,1.43,12.97,5.34,19.99,17.93,0.39,26.58,47.83,1.26,24.58,26.33,4.48,1.88,8.67,20.56,53.52,6.68,4.21,27.37,64.56,5.89,2.18,34.61,22.2,34.38,8.81,7.33,33.22,6.02,39.5,13.93,0.5,34.62,0.42,9.03,3.76,0.16,1.95,45.61
2021-03-25,7.74,7.97,1.42,13.42,5.17,19.92,17.2,0.37,26.79,48.35,1.34,24.38,25.93,4.54,1.88,8.44,20.11,53.72,7.09,4.22,27.33,64.43,6.11,2.13,35.33,22.65,33.32,8.7,7.73,33.35,6.14,38.83,13.95,0.54,34.64,0.35,8.8,3.59,0.16,2.15,46.22
2021-03-26,7.56,7.36,1.01,13.67,4.77,21.07,16.59,0.38,27.59,48.81,1.13,23.48,26.58,4.47,1.8,8.56,19.26,54.25,6.83,4.83,27.05,64.68,6.17,2.1,34.81,23.19,33.34,8.66,7.6,34.35,5.73,38.55,13.77,0.46,34.81,0.34,8.92,3.78,0.2,1.99,46.06
2021-03-27,7.31,7.32,1.02,14.0,4.75,20.99,16.61,0.38,27.62,49.44,1.09,22.97,26.5,4.35,1.77,8.46,19.1,54.37,7.1,4.85,26.92,64.84,6.15,2.09,34.9,23.06,33.35,8.69,7.78,34.58,5.55,38.16,13.93,0.55,34.63,0.35,8.73,3.96,0.2,1.96,45.96
2021-03-28,7.31,7.31,0.99,13.97,4.79,20.97,16.52,0.39,27.75,49.35,1.05,23.11,26.49,4.36,1.8,8.49,19.17,54.37,6.95,4.86,26.93,64.83,6.13,2.11,34.94,23.05,33.27,8.74,7.64,34.61,5.54,38.25,13.96,0.56,34.75,0.35,8.7,3.89,0.2,1.98,46.01
2021-03-29,7.32,7.29,0.97,14.01,4.74,21.07,16.46,0.39,27.75,49.31,1.09,23.18,26.42,4.32,1.77,8.46,19.15,54.34,7.07,4.89,26.86,64.86,6.18,2.1,35.04,23.12,33.15,8.69,7.69,34.62,5.51,38.2,13.98,0.56,34.74,0.35,8.75,3.88,0.2,1.97,45.92
2021-03-30,7.43,7.45,1.15,13.62,4.66,21.08,16.84,0.37,27.4,48.76,1.12,23.13,26.99,4.65,1.99,8.9,19.34,53.51,6.77,4.84,26.27,65.63,5.99,2.11,32.04,24.49,35.09,8.38,7.45,35.4,4.87,38.64,13.64,0.43,35.87,0.32,8.76,4.01,0.21,1.86,45.15
2021-03-31,7.55,7.53,1.18,13.64,4.55,21.6,16.67,0.35,26.93,49.12,1.3,22.7,26.88,4.79,2.0,8.85,19.0,53.87,6.54,4.95,26.45,65.48,5.97,2.1,32.31,24.42,34.55,8.72,7.22,35.57,4.78,38.8,13.63,0.55,35.78,0.28,8.68,3.86,0.21,1.83,45.4
2021-04-01,7.21,7.84,1.0,13.98,4.76,21.78,16.09,0.38,26.96,48.52,1.32,22.79,27.37,4.9,2.02,8.87,18.66,53.83,6.59,5.13,25.92,66.14,5.91,2.03,31.83,24.0,35.17,9.0,7.22,35.62,4.52,39.04,13.6,0.67,35.41,0.3,8.61,3.58,0.21,1.65,45.94
2021-04-02,6.8,8.17,1.04,13.65,4.79,22.76,15.78,0.33,26.68,48.34,1.31,23.94,26.41,5.05,2.03,9.28,17.54,54.64,6.46,5.0,26.28,65.17,6.08,2.47,32.54,23.63,34.86,8.97,7.61,35.96,4.44,38.24,13.75,0.75,34.55,0.17,9.38,4.01,0.17,1.01,46.07
2021-04-03,6.98,8.25,1.02,13.96,5.13,22.68,15.7,0.37,25.91,48.09,1.64,23.74,26.53,5.02,2.1,9.14,17.77,54.11,6.83,5.03,25.74,65.89,5.87,2.5,32.5,23.36,35.22,8.92,7.74,35.48,4.52,38.1,14.16,0.75,35.08,0.2,9.32,4.02,0.2,0.99,45.24
2021-04-04,6.98,7.91,1.03,13.91,5.09,22.6,15.74,0.37,26.37,48.34,1.32,23.83,26.51,4.9,2.06,9.17,17.88,54.15,6.83,5.01,25.74,65.87,5.92,2.47,32.36,23.45,35.29,8.9,7.47,35.57,4.56,38.26,14.14,0.76,35.22,0.21,9.34,4.05,0.2,0.99,45.36
2021-04-05,6.99,8.5,1.04,14.31,5.19,22.65,15.13,0.41,25.78,47.89,1.75,24.03,26.33,4.73,2.04,9.36,18.14,53.94,6.72,5.07,26.22,65.62,5.74,2.42,32.87,23.62,34.58,8.93,7.75,35.21,4.41,37.95,14.68,0.8,35.3,0.18,9.29,4.21,0.2,0.97,44.7
2021-04-06,7.32,8.41,0.98,14.41,5.39,23.13,14.77,0.42,25.17,47.47,1.78,24.1,26.65,4.78,1.93,9.51,18.11,53.24,7.49,4.94,26.08,65.64,5.86,2.42,32.99,23.26,34.73,9.02,7.7,35.93,4.73,37.42,14.22,0.88,35.0,0.17,9.77,4.26,0.18,0.94,44.52
2021-04-07,7.28,7.96,1.02,14.89,5.47,22.81,14.72,0.44,25.41,48.28,1.3,24.12,26.3,4.74,2.05,9.29,18.62,52.96,7.51,4.83,25.71,66.28,5.65,2.36,32.83,23.83,34.2,9.14,7.68,36.6,5.09,36.79,13.84,0.84,36.17,0.15,9.38,4.56,0.22,1.05,43.73
2021-04-08,7.44,7.89,0.87,15.34,5.47,22.31,14.86,0.47,25.35,48.27,1.5,23.59,26.64,4.67,1.95,9.74,18.24,52.97,7.11,5.32,25.41,66.15,5.8,2.64,32.99,24.03,33.6,9.38,7.95,36.51,5.23,36.59,13.72,0.78,35.62,0.17,9.56,4.53,0.21,1.11,43.96
2021-04-09,6.77,7.46,0.89,16.23,5.54,22.33,15.26,0.47,25.05,48.71,1.45,22.73,27.11,4.28,1.89,9.29,18.37,51.34,8.3,6.53,25.58,65.92,5.75,2.75,33.78,24.64,32.61,8.97,9.24,36.97,4.89,35.0,13.9,0.78,36.2,0.13,9.74,4.38,0.21,1.13,43.28
2021-04-10,6.59,7.45,0.94,17.16,5.59,22.23,14.87,0.52,24.65,48.83,1.46,22.94,26.77,4.56,1.79,9.56,17.84,51.55,8.16,6.54,25.99,65.48,5.82,2.71,34.12,24.26,32.64,8.98,9.36,36.56,5.11,34.72,14.25,0.78,35.56,0.07,9.99,4.53,0.22,1.29,43.32
2021-04-11,6.57,7.46,0.89,17.23,5.59,22.23,14.84,0.52,24.67,48.8,1.46,22.97,26.77,4.53,1.75,9.46,17.9,51.41,8.33,6.62,25.91,65.52,5.88,2.69,34.01,24.42,32.69,8.88,9.3,36.56,5.14,34.77,14.23,0.77,35.55,0.07,9.98,4.55,0.22,1.3,43.35
2021-04-12,6.51,7.6,0.89,17.0,5.74,22.36,14.9,0.56,24.44,49.15,1.38,22.28,27.19,4.6,1.68,9.23,18.05,51.73,8.09,6.62,25.64,66.09,5.69,2.58,33.67,25.08,32.3,8.95,9.23,36.47,5.47,34.69,14.14,0.87,35.96,0.11,9.57,4.69,0.3,1.36,43.06
2021-04-13,6.71,7.47,0.84,16.97,5.78,22.37,15.01,0.5,24.35,49.55,1.32,22.1,27.03,4.57,1.63,8.94,18.36,51.99,7.82,6.69,25.33,66.69,5.76,2.22,33.81,25.39,31.75,9.05,8.99,37.2,5.61,34.09,14.11,1.0,35.73,0.11,9.63,4.65,0.3,1.38,43.08
2021-04-14,6.8,7.32,0.78,17.38,5.83,21.77,15.08,0.58,24.46,49.88,1.34,21.67,27.11,4.54,1.76,9.06,18.74,51.32,8.03,6.55,25.63,66.67,5.46,2.24,33.57,25.43,32.09,8.91,9.16,36.82,5.64,34.05,14.33,1.07,35.46,0.09,9.76,4.52,0.26,1.48,43.43
2021-04-15,7.52,7.19,0.72,18.76,5.28,21.41,15.28,0.59,23.25,50.13,1.37,22.05,26.45,4.7,1.86,9.28,18.6,51.37,7.89,6.3,25.54,66.24,6.1,2.12,32.83,26.25,31.97,8.95,8.99,38.15,6.19,33.01,13.66,0.82,35.13,0.09,9.52,4.38,0.26,1.71,44.26
2021-04-16,7.88,6.73,0.71,19.69,5.03,20.83,15.39,0.52,23.22,51.08,1.44,21.44,26.04,4.85,1.92,9.69,17.86,51.47,7.98,6.23,25.41,66.25,6.22,2.12,33.68,26.52,31.01,8.79,9.12,38.53,6.27,32.64,13.44,0.92,35.96,0.09,9.1,4.24,0.26,1.76,43.73
2021-04-17,7.5,6.49,0.64,21.15,5.4,20.42,15.89,0.46,22.05,51.13,1.5,21.63,25.74,4.74,2.0,9.06,18.48,52.39,7.74,5.59,25.15,66.8,6.0,2.05,32.6,27.77,30.77,8.86,7.99,40.11,6.0,32.55,13.35,0.96,35.47,0.1,9.23,4.18,0.25,1.7,44.07
2021-04-18,7.51,6.43,0.68,21.1,5.42,20.79,15.69,0.45,21.93,51.2,1.44,21.65,25.71,4.69,1.95,9.08,18.5,52.44,7.76,5.58,25.22,66.75,5.99,2.04,32.61,27.7,30.79,8.9,8.03,40.1,5.92,32.59,13.36,0.97,35.36,0.1,9.22,4.19,0.25,1.72,44.16
2021-04-19,7.57,6.58,0.69,22.41,5.36,20.2,15.26,0.42,21.51,50.87,1.35,21.82,25.96,4.98,1.96,9.02,18.6,52.44,7.42,5.58,25.22,66.57,6.11,2.1,32.4,27.84,30.76,9.0,7.68,40.95,5.78,31.99,13.6,0.94,34.57,0.11,9.05,4.01,0.22,1.74,45.12
2021-04-20,7.85,6.61,0.72,23.66,5.32,19.73,14.31,0.4,21.4,51.17,1.38,21.44,26.01,5.07,1.84,9.34,18.3,53.16,6.87,5.42,25.25,66.35,6.08,2.32,32.22,27.78,31.14,8.86,7.36,41.44,5.83,31.84,13.53,1.02,34.9,0.11,8.97,3.8,0.25,1.68,45.27
2021-04-21,7.98,6.38,0.77,24.46,5.46,19.6,13.67,0.37,21.31,51.53,1.19,21.2,26.08,4.91,1.84,8.93,18.6,53.62,6.7,5.4,24.91,66.39,6.36,2.34,32.09,28.59,30.68,8.64,7.23,42.46,5.46,31.41,13.44,1.12,35.17,0.06,9.0,3.61,0.23,1.94,44.89
2021-04-22,8.03,5.91,0.87,25.41,5.5,19.82,12.75,0.36,21.35,51.79,1.2,20.77,26.24,4.69,1.82,8.68,17.93,54.47,6.71,5.7,24.82,66.42,6.41,2.35,33.05,28.63,29.65,8.67,7.96,42.83,5.64,30.48,13.09,1.04,35.85,0.06,9.37,3.69,0.23,1.8,44.19
2021-04-23,7.55,6.11,0.84,26.3,5.36,19.6,12.79,0.36,21.09,51.35,1.03,20.16,27.46,4.7,1.59,9.08,18.01,53.9,7.31,5.41,24.8,66.54,6.42,2.24,33.0,29.3,29.28,8.42,8.04,43.34,5.66,29.92,13.04,1.19,35.78,0.1,9.63,3.67,0.25,1.33,44.38
2021-04-24,7.67,6.15,0.79,27.43,5.26,18.56,12.8,0.32,21.02,52.12,0.95,19.57,27.36,4.36,1.37,9.01,17.44,54.48,7.55,5.79,24.48,66.92,6.51,2.09,32.05,30.56,28.79,8.6,8.08,44.53,5.3,29.39,12.7,1.04,36.32,0.15,9.76,3.66,0.25,1.45,43.94
2021-04-25,7.54,6.17,0.83,27.49,5.25,18.66,12.82,0.28,20.96,52.15,0.93,19.76,27.16,4.67,1.36,8.98,17.5,54.16,7.53,5.8,24.21,67.15,6.55,2.09,32.06,30.38,29.02,8.54,8.07,44.31,5.29,29.47,12.86,1.05,36.25,0.15,9.68,3.66,0.25,1.44,44.06
2021-04-26,7.55,6.28,0.73,28.15,5.01,18.58,12.55,0.27,20.88,52.4,0.94,19.59,27.07,4.27,1.33,8.23,17.22,55.2,7.92,5.83,24.07,67.08,6.67,2.18,32.49,30.75,27.77,8.99,7.51,45.85,5.06,28.79,12.79,1.14,36.24,0.12,9.63,4.09,0.22,1.35,43.78
2021-04-27,7.58,5.89,0.85,28.75,5.18,18.5,12.56,0.26,20.43,51.92,0.97,19.39,27.72,4.18,1.25,8.02,17.54,55.09,8.31,5.61,23.9,66.7,7.13,2.27,32.63,31.04,27.19,9.14,7.22,46.41,4.98,28.52,12.87,1.12,35.94,0.17,9.69,4.04,0.22,1.4,43.98
2021-04-28,7.62,5.87,0.78,28.74,5.26,18.11,12.62,0.25,20.75,52.24,0.96,19.13,27.67,4.26,1.15,7.94,17.66,55.19,7.96,5.84,24.04,66.88,6.82,2.26,32.87,30.83,27.08,9.22,7.34,46.45,5.1,28.41,12.7,1.07,35.6,0.21,9.91,4.2,0.28,1.45,43.94
2021-04-29,7.85,5.83,0.8,29.96,5.13,18.42,11.88,0.23,19.9,52.32,1.08,18.84,27.76,4.35,1.24,7.9,17.78,54.92,7.26,6.55,24.24,66.4,7.17,2.19,34.01,30.05,26.69,9.25,7.25,46.86,5.18,28.08,12.63,1.07,35.66,0.22,9.92,4.03,0.29,1.52,43.82
2021-04-30,7.79,5.59,0.8,30.4,5.18,17.84,11.73,0.3,20.37,52.21,1.05,18.85,27.89,4.83,1.3,7.84,18.26,54.26,6.89,6.62,23.83,66.44,7.42,2.31,33.63,30.35,27.01,9.01,7.11,47.55,5.68,27.71,11.95,0.96,35.16,0.23,10.68,3.6,0.28,1.35,44.28
2021-05-01,8.0,5.83,0.7,31.19,4.91,17.55,11.1,0.29,20.43,52.46,1.12,18.66,27.76,4.9,1.3,7.08,17.96,55.04,6.86,6.86,23.49,66.74,7.54,2.23,33.79,30.1,27.24,8.87,7.3,47.51,5.68,27.51,12.0,0.84,35.28,0.22,10.82,3.7,0.24,1.18,44.27
2021-05-02,8.0,5.8,0.7,31.23,4.93,17.44,11.12,0.29,20.49,52.68,1.11,18.58,27.63,4.91,1.27,7.11,17.99,55.07,6.88,6.77,23.39,66.96,7.38,2.27,33.82,30.15,27.29,8.74,7.21,47.74,5.71,27.37,11.97,0.87,35.28,0.22,10.83,3.74,0.24,1.19,44.3
2021-05-03,7.93,5.84,0.76,30.4,5.6,17.3,11.22,0.28,20.67,53.04,1.23,18.41,27.32,4.93,1.24,7.11,18.62,55.04,6.58,6.48,23.22,67.17,7.38,2.23,33.95,30.56,26.69,8.8,7.11,48.03,5.54,27.22,12.1,0.89,35.7,0.2,10.45,3.44,0.22,1.21,44.35
2021-05-04,7.32,5.86,0.7,31.07,5.27,17.83,10.68,0.33,20.94,53.11,1.17,17.92,27.8,5.48,1.45,6.99,18.7,53.63,7.36,6.39,23.36,66.95,7.4,2.29,33.5,30.53,27.05,8.92,7.2,48.2,5.69,26.31,12.6,1.12,35.4,0.22,10.22,3.15,0.29,1.37,44.43
2021-05-05,6.61,6.13,0.74,31.14,5.17,18.18,10.6,0.37,21.06,53.45,1.18,17.76,27.61,5.54,1.57,7.13,18.14,53.8,7.57,6.25,23.07,66.05,8.45,2.43,33.66,30.69,26.95,8.7,7.41,49.36,5.65,25.74,11.84,0.92,36.32,0.09,9.3,3.33,0.3,1.36,44.48
2021-05-06,6.57,6.31,0.72,31.9,5.06,17.97,10.31,0.35,20.81,53.57,1.15,17.98,27.3,5.42,1.48,7.26,17.96,53.64,7.81,6.43,22.44,67.03,7.91,2.62,33.49,31.3,26.26,8.95,7.53,49.98,5.65,25.15,11.69,0.92,35.26,0.13,9.46,3.29,0.2,1.3,45.4
2021-05-07,6.66,6.28,0.8,32.11,4.98,17.82,10.42,0.35,20.58,53.24,1.07,17.78,27.91,5.32,1.26,7.26,18.16,53.81,7.55,6.64,23.13,66.48,7.61,2.78,33.48,31.42,26.1,9.0,7.55,49.91,5.78,25.04,11.72,0.81,35.53,0.13,9.4,3.22,0.2,1.21,45.35
2021-05-08,6.67,6.28,0.77,32.25,4.97,17.84,10.42,0.34,20.46,53.26,1.07,17.65,28.02,4.92,1.26,7.18,18.01,54.2,7.66,6.77,23.14,66.04,7.84,2.98,33.33,31.5,26.05,9.12,7.56,49.94,5.72,24.96,11.82,0.9,35.35,0.13,9.46,3.25,0.2,1.27,45.32
2021-05-09,6.68,6.32,0.79,32.23,4.92,17.69,10.46,0.35,20.56,53.2,1.07,17.84,27.89,4.95,1.27,7.13,17.98,54.33,7.76,6.58,23.16,66.02,7.84,2.98,33.57,31.37,26.05,9.01,7.61,49.85,5.72,25.02,11.8,0.82,35.65,0.13,9.51,3.19,0.2,1.09,45.3
2021-05-10,6.78,6.16,0.92,33.79,4.84,16.7,10.74,0.35,19.72,53.7,1.18,17.74,27.38,4.97,1.33,6.65,18.08,54.21,8.01,6.75,23.39,65.9,7.59,3.12,33.13,31.96,26.04,8.87,7.59,50.49,6.01,24.59,11.32,0.91,36.05,0.19,9.33,3.36,0.25,1.13,44.37
2021-05-11,7.01,5.9,0.97,34.48,4.7,16.81,10.71,0.26,19.16,53.85,1.1,17.73,27.32,5.32,1.28,6.49,17.79,53.91,8.5,6.71,23.12,66.22,7.62,3.04,32.8,32.02,26.33,8.85,7.44,51.5,6.05,23.76,11.25,0.87,35.6,0.19,9.33,3.54,0.29,1.18,44.44
2021-05-12,7.51,6.36,0.96,34.42,4.57,16.33,10.55,0.32,18.98,53.54,1.02,17.5,27.94,5.11,1.18,6.66,17.13,54.93,8.69,6.3,23.11,66.59,7.38,2.92,32.18,32.35,25.71,9.76,8.14,51.16,5.71,23.89,11.1,0.68,35.04,0.16,9.07,3.42,0.24,1.15,45.11
2021-05-13,7.82,6.4,0.89,34.94,4.52,16.71,10.27,0.32,18.13,54.09,1.06,17.4,27.45,5.1,1.13,6.7,17.48,55.31,8.28,6.0,23.29,66.9,7.15,2.66,32.46,31.62,26.35,9.57,8.39,51.81,5.84,23.47,10.49,0.43,35.75,0.08,8.78,3.46,0.19,1.25,45.3
2021-05-14,7.84,6.46,0.9,34.92,4.49,16.72,10.24,0.31,18.12,54.23,1.06,17.35,27.36,5.07,1.14,6.72,17.32,55.45,8.27,6.03,23.13,67.11,7.11,2.65,32.42,31.76,26.25,9.57,8.32,51.82,5.91,23.45,10.5,0.44,35.62,0.08,8.76,3.41,0.19,1.25,45.36
2021-05-15,8.11,6.18,0.67,35.55,4.58,16.43,9.89,0.3,18.29,53.71,1.09,17.51,27.69,4.79,1.02,6.56,17.8,55.21,8.57,6.05,23.73,67.23,6.53,2.51,31.32,32.21,26.67,9.8,8.07,52.03,5.77,23.69,10.44,0.4,34.97,0.08,8.88,3.55,0.23,1.25,45.85
2021-05-16,8.16,6.15,0.67,35.48,4.54,16.51,9.9,0.31,18.28,53.74,1.1,17.47,27.69,4.81,1.01,6.56,17.71,55.27,8.57,6.07,23.7,67.26,6.54,2.5,31.29,32.32,26.59,9.8,8.02,51.95,5.88,23.68,10.47,0.39,34.96,0.08,8.89,3.59,0.23,1.26,45.76
2021-05-17,8.16,6.41,0.66,35.11,4.52,16.86,9.09,0.24,18.95,53.75,1.12,17.56,27.57,4.78,1.02,6.55,17.63,55.05,8.7,6.27,23.65,66.97,6.88,2.5,31.5,31.92,26.66,9.92,8.23,51.71,6.21,23.82,10.03,0.36,34.44,0.09,8.89,2.97,0.18,1.15,47.08
2021-05-18,7.9,6.26,0.59,35.12,4.63,17.59,9.05,0.23,18.63,53.45,1.13,17.46,27.96,4.81,1.05,6.76,17.64,55.58,8.05,6.11,23.91,66.7,6.89,2.5,31.72,31.48,26.79,10.01,7.77,52.12,6.04,24.18,9.89,0.52,34.1,0.08,9.22,3.0,0.18,1.11,47.43
2021-05-19,8.1,6.27,0.54,35.13,4.72,17.26,8.9,0.22,18.86,54.07,0.97,17.18,27.78,5.08,1.06,6.26,17.8,55.8,8.1,5.9,23.48,67.33,6.95,2.24,33.35,30.77,26.08,9.8,7.37,52.96,6.09,23.96,9.62,0.5,33.45,0.05,9.12,2.98,0.16,1.21,48.0
2021-05-20,7.87,6.19,0.56,35.59,4.63,17.23,9.28,0.17,18.48,54.27,0.92,17.06,27.75,5.84,1.18,6.15,16.7,55.24,8.8,6.09,22.64,67.11,7.35,2.9,33.65,30.33,26.48,9.54,7.1,53.33,6.02,24.14,9.41,0.55,33.16,0.05,9.5,3.38,0.16,1.07,47.58
2021-05-21,7.6,5.77,0.63,35.93,4.64,17.2,9.34,0.19,18.7,54.11,0.89,17.12,27.88,5.9,1.27,6.03,16.65,54.85,9.1,6.2,22.94,67.0,7.25,2.81,34.49,29.78,26.52,9.21,6.99,53.43,6.2,24.16,9.22,0.57,32.88,0.05,9.72,3.44,0.17,1.23,47.46
2021-05-22,6.92,5.92,0.59,35.86,4.58,17.28,10.51,0.21,18.13,54.27,0.97,17.23,27.53,5.75,1.42,5.92,15.81,55.03,10.01,6.06,22.56,66.84,7.7,2.9,34.79,28.65,27.24,9.32,7.25,53.07,6.58,23.81,9.29,0.64,32.76,0.18,10.19,3.8,0.14,1.17,46.63
2021-05-23,6.88,6.01,0.58,35.88,4.6,17.32,10.37,0.19,18.17,54.25,1.01,17.22,27.52,5.71,1.42,5.97,15.67,55.23,9.97,6.03,22.52,66.97,7.66,2.85,34.77,28.55,27.33,9.35,7.31,53.15,6.63,23.79,9.12,0.57,32.92,0.18,10.19,3.81,0.15,1.17,46.48
2021-05-24,6.71,6.16,0.61,35.95,4.65,17.27,10.42,0.19,18.04,55.57,1.11,16.58,26.74,5.23,1.52,5.92,14.69,55.01,10.64,6.99,22.14,67.24,7.56,3.06,35.25,28.37,26.99,9.39,7.32,54.14,6.45,23.02,9.07,0.6,33.78,0.18,9.72,3.65,0.17,1.08,45.75
2021-05-25,7.26,5.83,0.56,36.11,4.8,16.26,10.02,0.2,18.96,55.05,1.02,16.32,27.61,4.85,1.43,5.84,14.9,56.38,9.5,7.1,21.32,68.41,7.67,2.6,34.39,28.44,28.09,9.08,6.88,54.15,6.37,22.98,9.62,0.67,35.65,0.03,8.8,3.43,0.16,1.0,45.71
2021-05-26,6.91,6.01,0.58,35.7,4.76,16.96,10.19,0.17,18.72,54.76,0.99,16.39,27.86,5.02,1.45,5.75,15.76,55.5,9.46,7.06,21.59,68.02,7.7,2.69,34.73,28.85,27.41,9.01,7.0,53.77,6.4,23.03,9.8,0.69,35.63,0.01,8.53,3.21,0.27,1.13,46.1
2021-05-27,6.33,6.23,0.55,36.14,4.74,16.8,10.26,0.17,18.78,54.45,0.95,16.17,28.43,5.26,1.28,5.99,16.05,54.96,9.19,7.27,22.27,66.88,7.99,2.86,35.17,28.6,26.92,9.31,6.96,52.99,6.82,23.08,10.15,0.74,35.0,0.07,8.21,3.23,0.32,1.24,46.73
2021-05-28,6.57,5.96,0.54,35.88,4.4,17.25,9.98,0.18,19.24,55.6,0.92,16.05,27.43,5.44,1.35,5.77,15.67,54.56,9.51,7.7,21.65,67.05,8.51,2.79,35.22,28.6,27.0,9.18,6.69,53.08,6.86,23.47,9.9,0.53,34.34,0.13,7.93,2.89,0.4,1.39,47.83
2021-05-29,6.36,5.95,0.63,36.08,4.86,16.73,9.83,0.17,19.39,55.95,0.92,16.2,26.93,5.57,1.4,5.9,15.62,54.23,9.56,7.72,21.99,67.2,8.19,2.62,34.13,29.13,27.49,9.25,6.4,53.44,6.88,23.48,9.8,0.57,34.32,0.15,8.0,3.05,0.3,1.34,47.73
2021-05-30,6.34,5.94,0.63,36.16,4.83,16.76,9.77,0.17,19.4,55.76,0.95,16.29,27.0,5.55,1.43,5.92,15.6,54.21,9.57,7.72,21.99,67.18,8.21,2.62,34.18,29.04,27.48,9.3,6.47,53.27,6.88,23.69,9.69,0.57,34.29,0.15,7.96,3.09,0.3,1.3,47.77
2021-05-31,6.4,5.98,0.6,35.98,4.85,16.89,9.81,0.17,19.32,55.96,0.89,16.23,26.92,5.43,1.43,5.98,15.65,54.19,9.58,7.74,22.03,67.17,8.16,2.64,34.3,29.1,27.33,9.27,6.49,53.47,6.77,23.55,9.72,0.58,34.19,0.15,8.05,3.05,0.37,1.35,47.66
2021-06-01,6.42,5.81,0.61,35.98,4.92,16.97,9.66,0.18,19.45,55.59,0.83,16.75,26.83,5.23,1.44,5.91,16.28,54.06,9.43,7.65,22.0,67.07,8.42,2.51,32.97,29.54,27.84,9.65,6.41,53.13,6.74,23.95,9.77,0.59,35.42,0.16,7.57,3.25,0.28,1.19,47.49
2021-06-02,5.98,6.02,0.57,34.06,5.2,17.45,9.66,0.18,20.88,54.82,0.89,17.61,26.68,5.32,1.52,6.29,16.42,53.06,9.42,7.97,22.42,66.36,8.63,2.59,33.46,28.94,27.75,9.85,6.41,52.37,6.5,24.77,9.95,0.52,35.45,0.15,8.15,3.52,0.35,1.24,46.94
2021-06-03,5.48,6.33,0.58,32.96,5.39,18.11,9.88,0.11,21.16,55.18,0.83,17.52,26.47,5.17,1.53,5.97,16.98,52.66,9.2,8.49,22.11,66.9,8.44,2.55,32.81,29.83,27.49,9.87,6.46,52.2,6.66,24.93,9.75,0.5,35.71,0.15,8.2,3.49,0.43,1.3,46.55
2021-06-04,5.97,6.32,0.57,32.31,5.0,19.13,9.96,0.1,20.64,54.47,1.27,17.31,26.95,5.23,1.48,5.83,18.23,52.15,8.9,8.18,22.41,66.34,8.25,3.0,32.89,28.95,28.55,9.61,6.65,51.2,7.26,24.73,10.16,0.44,36.67,0.09,8.81,3.4,0.32,1.47,45.62
2021-06-05,5.74,6.02,0.65,32.76,5.05,19.01,9.86,0.1,20.81,54.46,1.44,17.27,26.83,5.6,1.44,5.96,18.59,51.73,8.42,8.26,22.89,66.01,8.07,3.03,32.36,29.26,28.59,9.79,6.54,50.61,7.61,24.92,10.32,0.48,36.64,0.1,8.7,3.05,0.33,1.67,46.04
2021-06-06,5.78,5.93,0.68,32.81,4.97,19.13,9.91,0.1,20.69,54.47,1.4,17.25,26.88,5.66,1.44,6.33,18.4,52.14,8.17,7.86,22.9,65.33,8.42,3.35,32.33,29.21,28.57,9.89,6.5,50.53,7.63,24.98,10.36,0.47,36.63,0.1,8.63,3.06,0.34,1.64,46.09
2021-06-07,6.07,6.07,0.58,31.66,4.51,19.31,9.07,0.14,22.59,54.44,1.01,17.83,26.72,5.41,1.21,6.45,18.15,52.3,8.73,7.75,22.87,65.58,8.44,3.11,33.45,27.6,28.8,10.15,6.91,49.36,7.05,26.51,10.17,0.67,37.09,0.1,9.24,3.45,0.35,1.55,43.93
2021-06-08,5.98,5.76,0.57,31.28,4.76,19.13,9.14,0.14,23.24,54.94,1.04,16.72,27.3,5.4,1.15,6.17,17.98,52.84,9.05,7.41,22.52,65.92,8.28,3.28,33.95,27.1,28.78,10.17,6.8,50.56,6.41,26.26,9.97,0.72,37.68,0.11,9.44,3.49,0.29,1.4,43.06
2021-06-09,5.9,5.29,0.78,30.91,4.66,19.36,9.32,0.14,23.64,54.98,0.74,17.24,27.04,5.23,1.35,6.05,17.99,53.4,8.98,7.0,22.59,65.91,8.3,3.2,33.08,27.05,29.65,10.22,6.56,49.56,6.74,26.57,10.57,0.77,38.25,0.11,9.74,3.28,0.31,1.25,42.92
2021-06-10,6.04,5.03,0.77,30.22,4.85,19.94,9.65,0.16,23.34,55.1,0.72,17.37,26.81,4.95,1.37,6.37,17.6,53.32,9.04,7.35,22.38,66.31,8.46,2.85,32.09,27.12,30.26,10.53,6.38,49.65,6.98,26.78,10.21,0.75,38.48,0.07,9.71,3.52,0.23,1.14,42.83
2021-06-11,5.99,5.02,0.72,30.02,4.79,20.2,9.53,0.16,23.57,54.95,0.76,17.51,26.78,4.83,1.45,6.38,17.25,53.97,8.87,7.25,22.37,66.38,8.52,2.73,31.96,27.28,30.26,10.5,6.23,49.7,6.86,27.07,10.14,0.66,39.3,0.07,9.77,3.55,0.23,1.2,41.91
2021-06-12,5.74,4.83,0.73,29.5,4.76,20.47,9.7,0.14,24.13,54.86,0.71,17.69,26.74,4.56,1.57,5.99,17.66,54.11,8.73,7.38,21.79,66.92,8.61,2.68,32.29,26.89,30.15,10.67,6.43,48.93,6.81,27.01,10.82,0.73,40.49,0.08,9.83,3.03,0.21,1.21,41.42
2021-06-13,5.69,4.68,0.72,29.75,4.77,20.35,9.65,0.14,24.25,54.91,0.71,17.53,26.85,4.54,1.55,6.33,17.57,53.98,8.67,7.36,21.92,66.77,8.63,2.68,32.32,27.07,29.98,10.63,6.34,49.12,6.75,27.01,10.78,0.73,40.49,0.08,9.76,2.98,0.2,1.21,41.62
2021-06-14,5.73,5.0,0.82,28.84,5.03,20.01,11.01,0.1,23.46,54.97,0.75,17.43,26.85,4.75,1.7,6.25,17.85,53.19,9.1,7.16,22.23,66.35,8.64,2.78,32.78,26.42,29.52,11.28,6.02,49.71,7.33,26.47,10.47,0.9,40.98,0.12,9.68,3.02,0.28,1.13,41.23
2021-06-15,5.69,5.18,0.95,28.13,4.87,20.1,11.95,0.12,23.01,54.6,0.7,17.83,26.87,4.64,1.7,6.55,18.39,53.03,8.36,7.33,22.51,66.67,8.35,2.47,34.04,26.3,28.88,10.78,6.11,49.32,7.3,26.83,10.44,0.59,41.32,0.15,9.12,3.02,0.27,1.21,41.5
2021-06-16,5.89,5.4,0.88,27.36,5.6,20.85,11.55,0.16,22.31,54.11,0.75,18.61,26.53,4.39,1.94,6.84,18.25,53.54,8.01,7.03,22.68,66.65,7.91,2.76,33.27,27.49,28.68,10.56,6.09,48.72,7.34,27.23,10.62,0.64,40.67,0.17,8.34,3.34,0.29,1.13,42.57
2021-06-17,6.09,5.66,0.74,27.1,5.64,20.91,11.18,0.17,22.51,54.6,0.9,18.51,25.99,4.22,1.92,6.32,18.1,54.35,8.43,6.66,22.95,66.41,7.89,2.75,33.2,28.24,28.0,10.56,5.73,48.83,6.93,27.36,11.15,0.66,41.03,0.15,8.05,3.39,0.31,1.27,42.3
2021-06-18,5.98,5.41,0.62,26.31,6.04,20.69,11.74,0.18,23.03,55.26,0.86,18.33,25.55,4.15,1.83,6.29,18.06,54.35,8.81,6.51,22.82,66.61,7.82,2.75,32.96,28.2,28.15,10.69,5.97,48.58,6.89,27.09,11.47,0.8,41.25,0.17,8.23,3.43,0.27,1.17,41.73
2021-06-19,5.88,5.82,0.63,26.81,6.08,20.23,11.81,0.19,22.55,55.81,0.91,17.86,25.42,4.43,1.69,5.91,17.21,55.1,9.37,6.29,23.02,66.08,8.18,2.72,32.18,28.18,29.32,10.32,6.29,48.39,7.16,27.22,10.94,0.75,40.0,0.2,8.69,3.74,0.22,1.11,42.06
2021-06-20,5.93,5.8,0.65,26.78,6.02,20.21,11.76,0.19,22.66,55.72,0.95,17.95,25.38,4.45,1.74,5.92,17.24,55.1,9.36,6.19,23.03,66.19,8.03,2.75,32.16,28.13,29.43,10.28,6.28,48.43,7.12,27.3,10.87,0.77,39.93,0.2,8.64,3.76,0.22,1.1,42.15
2021-06-21,5.84,5.79,0.65,26.77,6.0,20.26,11.87,0.2,22.62,55.93,0.94,17.88,25.25,4.41,1.7,5.93,17.26,55.17,9.37,6.16,23.06,66.16,8.06,2.72,32.24,28.09,29.4,10.27,6.32,48.23,7.16,27.37,10.92,0.77,39.97,0.21,8.71,3.75,0.22,1.11,42.07
2021-06-22,6.0,5.8,0.77,26.22,6.06,19.83,11.43,0.24,23.65,56.05,0.82,17.73,25.4,4.62,1.65,5.73,17.23,55.17,9.6,6.0,23.33,65.93,8.15,2.59,32.06,27.84,29.73,10.37,6.55,47.37,6.8,27.8,11.48,0.71,39.73,0.15,9.01,3.95,0.18,1.16,41.96
2021-06-23,6.19,5.5,0.76,26.39,6.27,19.83,11.43,0.19,23.44,56.1,0.67,17.8,25.43,4.57,1.55,5.72,17.45,55.51,9.41,5.79,23.11,66.17,8.22,2.5,31.88,28.01,29.44,10.67,6.36,46.78,7.11,27.98,11.77,0.76,39.71,0.11,8.94,3.96,0.18,1.19,42.12
2021-06-24,6.13,5.7,0.77,25.2,5.73,19.83,12.57,0.23,23.84,56.63,0.7,17.74,24.93,4.73,1.26,5.68,16.89,55.71,9.55,6.18,23.31,65.73,8.43,2.53,31.9,27.08,30.61,10.41,6.47,46.54,6.9,28.74,11.35,0.69,40.01,0.16,9.57,3.92,0.19,1.28,41.18
2021-06-25,6.4,5.5,0.79,24.2,5.8,19.37,13.22,0.22,24.5,56.6,0.82,17.37,25.21,4.8,1.16,5.32,16.56,56.68,9.19,6.29,23.26,65.57,8.79,2.38,32.17,27.12,30.08,10.63,6.46,46.75,6.77,28.56,11.46,0.63,40.05,0.17,9.51,3.76,0.15,1.25,41.49
2021-06-26,6.46,5.35,0.81,23.43,5.65,19.68,13.97,0.21,24.44,56.39,0.7,17.16,25.75,4.8,1.04,5.39,17.1,56.48,9.2,5.99,22.95,65.78,8.5,2.77,32.34,27.07,30.24,10.35,6.37,46.58,6.62,28.75,11.68,0.62,40.35,0.17,9.76,4.03,0.23,1.33,40.94
2021-06-27,6.39,5.26,0.81,23.69,5.68,19.68,13.92,0.2,24.37,56.47,0.7,17.08,25.75,4.81,1.02,5.35,17.2,56.31,9.14,6.17,22.97,65.61,8.65,2.77,32.2,27.1,30.31,10.39,6.27,46.47,6.59,28.79,11.88,0.63,40.22,0.17,9.82,4.04,0.24,1.31,41.01
2021-06-28,6.39,5.3,0.73,22.9,5.24,20.14,14.6,0.24,24.46,56.03,0.82,17.05,26.1,4.82,0.93,5.51,17.23,56.67,8.69,6.15,23.36,65.12,8.61,2.91,32.93,26.23,30.34,10.5,6.34,46.23,6.54,28.45,12.44,0.65,40.82,0.2,9.27,3.36,0.23,1.46,41.43
2021-06-29,6.74,5.14,0.71,22.97,4.97,19.83,14.86,0.34,24.44,55.35,0.7,17.28,26.67,5.06,0.87,5.58,17.54,56.42,8.67,5.86,23.75,64.77,8.81,2.67,32.27,26.52,30.58,10.63,6.31,45.55,6.54,28.7,12.9,0.61,41.1,0.18,9.22,3.47,0.23,1.48,41.16
2021-06-30,6.87,4.88,0.71,22.86,4.75,20.0,15.32,0.35,24.26,55.38,0.69,17.83,26.1,5.19,0.91,5.7,18.0,55.55,8.84,5.81,23.33,65.05,8.95,2.67,32.13,26.47,30.74,10.66,6.09,46.52,6.22,28.02,13.15,0.57,41.86,0.15,8.74,3.4,0.2,1.57,41.06
2021-07-01,6.87,5.07,0.74,22.3,4.97,19.54,15.62,0.4,24.49,55.15,0.86,17.72,26.27,5.2,0.96,5.74,18.08,55.34,8.55,6.13,23.25,64.89,9.03,2.83,31.88,26.29,31.19,10.64,6.31,45.83,6.25,28.03,13.58,0.53,41.64,0.17,8.8,3.4,0.21,1.37,41.19
2021-07-02,7.26,5.35,0.64,21.42,5.09,18.93,16.25,0.43,24.63,54.38,0.96,17.68,26.98,5.1,0.97,6.08,18.22,54.91,8.64,6.08,22.96,65.55,9.03,2.46,32.62,26.02,31.24,10.12,6.51,45.72,6.72,26.99,14.06,0.52,41.73,0.21,8.85,2.96,0.21,1.43,41.61
2021-07-03,6.76,5.44,0.51,21.87,4.92,19.52,16.16,0.5,24.32,54.64,0.99,17.43,26.94,4.91,1.14,6.33,17.88,54.44,9.24,6.06,24.04,64.57,8.78,2.61,33.03,25.58,31.3,10.09,6.9,45.31,6.48,27.03,14.28,0.49,41.45,0.24,8.85,3.12,0.18,1.21,41.74
2021-07-04,6.8,5.42,0.53,22.03,5.1,19.43,15.97,0.5,24.22,54.55,0.97,17.46,27.02,4.95,1.14,6.32,17.86,54.39,9.22,6.12,24.11,64.49,8.74,2.66,33.12,25.44,31.33,10.11,6.99,45.09,6.57,27.02,14.33,0.49,41.41,0.24,8.88,3.04,0.17,1.25,41.79
2021-07-05,6.57,5.46,0.5,22.13,4.78,19.19,16.49,0.5,24.38,54.22,1.05,18.19,26.54,4.76,1.15,6.62,17.84,54.64,8.86,6.13,24.25,64.4,8.68,2.67,32.73,25.83,31.29,10.15,7.1,44.86,6.76,27.29,13.99,0.38,41.48,0.29,8.47,3.06,0.19,1.28,41.82
2021-07-06,6.53,5.33,0.51,22.21,4.71,19.31,16.51,0.51,24.38,54.43,1.06,18.02,26.49,4.75,1.16,6.58,17.94,54.54,8.87,6.16,24.22,64.33,8.77,2.68,32.89,25.77,31.18,10.16,7.12,44.97,6.77,27.22,13.92,0.39,41.25,0.28,8.41,3.1,0.19,1.29,42.06
2021-07-07,6.24,5.9,0.65,21.69,4.66,19.37,17.37,0.56,23.56,55.24,1.08,17.93,25.75,4.42,1.13,6.07,17.35,55.5,9.29,6.24,24.15,64.44,8.7,2.71,33.23,26.24,30.43,10.1,7.51,45.8,6.7,26.64,13.35,0.41,40.3,0.3,8.46,3.43,0.21,1.19,42.15
2021-07-08,6.02,6.2,0.65,22.02,4.39,19.55,17.66,0.51,23.0,55.21,1.07,17.96,25.76,4.38,1.27,5.94,17.28,55.82,8.99,6.32,24.37,63.8,9.04,2.79,34.35,25.29,30.8,9.56,7.93,44.93,7.08,26.46,13.6,0.49,40.15,0.3,8.97,3.49,0.26,1.25,41.45
2021-07-09,5.65,6.16,0.69,22.04,4.58,19.31,17.75,0.46,23.36,55.37,1.0,18.3,25.33,4.38,1.24,5.91,17.37,56.09,8.63,6.38,24.28,63.9,9.05,2.77,34.67,25.38,30.52,9.43,8.1,44.99,6.86,26.72,13.33,0.37,40.16,0.28,8.91,3.4,0.26,1.2,41.44
2021-07-10,5.69,6.33,0.77,21.78,4.75,18.99,18.05,0.47,23.17,55.41,1.08,18.42,25.09,4.44,1.24,5.72,17.38,56.38,8.57,6.27,24.26,63.88,9.11,2.75,34.97,25.5,30.11,9.42,8.17,45.33,6.75,26.66,13.09,0.38,39.83,0.32,8.99,3.45,0.21,1.21,41.58
2021-07-11,5.7,6.28,0.76,21.68,4.86,19.06,18.0,0.47,23.19,55.56,1.09,18.33,25.02,4.48,1.23,5.68,17.33,56.33,8.65,6.3,24.36,63.81,9.1,2.73,35.14,25.42,29.93,9.51,8.22,45.37,6.73,26.64,13.04,0.39,39.77,0.32,9.0,3.31,0.21,1.22,41.7
2021-07-12,5.73,6.49,0.75,20.72,5.27,18.55,18.81,0.36,23.32,55.53,1.14,18.48,24.85,4.43,1.03,6.06,17.81,57.0,7.35,6.32,23.53,64.78,8.95,2.74,35.93,25.4,29.33,9.34,7.57,46.78,6.67,26.2,12.78,0.37,39.42,0.28,9.39,3.39,0.26,1.41,41.2
2021-07-13,5.66,6.89,0.69,20.62,5.29,19.38,18.6,0.34,22.53,54.49,1.23,19.16,25.12,4.17,1.13,6.36,17.41,56.79,7.68,6.46,23.63,64.48,8.85,3.04,36.02,24.71,29.76,9.51,7.54,46.32,6.9,26.55,12.69,0.4,38.65,0.3,9.64,3.58,0.25,1.32,41.67
2021-07-14,5.8,6.38,0.75,20.0,5.42,19.89,18.79,0.34,22.63,54.52,1.24,18.83,25.41,4.01,1.11,6.29,17.4,57.03,7.62,6.54,23.31,64.78,8.91,3.0,34.8,25.46,30.12,9.62,6.99,47.22,7.06,25.92,12.81,0.34,39.22,0.29,9.4,3.46,0.24,1.37,41.62
2021-07-15,5.99,5.65,0.75,19.86,5.47,19.43,19.15,0.28,23.42,53.73,1.39,19.17,25.71,4.37,1.09,6.1,17.64,56.73,7.86,6.21,22.85,65.13,8.7,3.32,34.32,25.4,30.4,9.88,6.99,47.41,7.24,25.85,12.51,0.35,39.62,0.22,9.15,3.16,0.42,1.32,41.58
2021-07-16,6.07,5.42,0.81,19.73,5.44,19.44,20.13,0.29,22.67,53.34,1.38,19.66,25.62,4.45,1.05,6.36,17.6,56.66,7.74,6.14,23.18,64.63,8.82,3.37,34.19,25.8,30.04,9.97,6.88,47.78,7.09,26.13,12.12,0.33,39.35,0.27,8.97,3.66,0.4,1.28,41.63
2021-07-17,6.1,5.34,0.75,19.96,5.54,19.33,19.83,0.27,22.88,53.27,1.56,19.85,25.32,4.45,1.11,6.28,18.1,56.19,7.93,5.94,23.22,64.36,8.97,3.45,33.8,26.12,30.07,10.01,7.28,47.55,7.16,25.88,12.13,0.34,39.91,0.27,8.98,3.55,0.35,1.29,41.18
2021-07-18,6.01,5.37,0.74,20.01,5.5,19.41,19.87,0.27,22.82,53.14,1.54,19.83,25.49,4.47,1.13,6.27,18.05,56.21,7.96,5.91,23.28,64.26,9.0,3.46,33.87,26.0,30.1,10.03,7.3,47.38,7.2,25.82,12.3,0.29,39.76,0.27,8.95,3.58,0.35,1.29,41.35
2021-07-19,6.06,5.58,0.81,20.12,5.43,19.05,19.69,0.28,22.98,53.5,1.53,19.81,25.16,4.65,1.17,6.26,17.84,56.2,7.93,5.95,23.17,64.45,8.68,3.7,33.64,26.1,30.25,10.01,7.39,47.67,6.93,25.87,12.14,0.34,39.51,0.32,8.46,3.64,0.37,1.28,41.56
2021-07-20,6.31,5.69,0.78,20.02,5.18,18.39,20.42,0.34,22.87,53.56,1.54,19.75,25.15,4.49,1.0,6.44,17.81,56.19,8.15,5.92,22.64,64.86,8.57,3.93,33.46,25.66,30.68,10.2,7.2,47.32,7.16,26.0,12.32,0.31,38.86,0.36,8.59,3.84,0.43,1.32,41.89
2021-07-21,6.29,5.67,0.79,20.08,5.15,18.52,20.37,0.31,22.82,53.58,1.55,19.74,25.13,4.54,1.0,6.46,17.96,56.11,8.16,5.77,22.78,64.85,8.46,3.91,33.61,25.58,30.63,10.18,7.27,47.41,7.1,26.01,12.21,0.31,39.05,0.37,8.54,3.86,0.44,1.3,41.78
2021-07-22,6.35,6.11,0.91,19.2,5.55,19.51,19.56,0.28,22.53,53.12,1.62,20.09,25.17,4.6,1.41,7.06,17.83,54.97,8.17,5.96,22.86,64.5,9.04,3.6,33.19,26.03,30.4,10.38,7.32,46.86,6.98,26.19,12.65,0.29,40.07,0.55,9.31,3.57,0.31,0.92,40.76
2021-07-23,6.82,6.18,1.11,18.95,5.09,19.33,19.49,0.25,22.78,53.41,1.59,19.79,25.21,4.47,1.47,7.13,17.5,54.89,8.65,5.89,22.57,64.79,9.17,3.47,32.76,26.64,30.38,10.22,7.19,46.97,7.23,26.35,12.26,0.31,40.06,0.52,9.28,3.94,0.27,0.9,40.13
2021-07-24,6.41,6.26,1.1,18.93,5.19,19.45,19.51,0.23,22.92,53.53,1.67,19.51,25.29,4.65,1.51,7.14,17.37,54.6,8.78,5.95,22.8,64.82,9.07,3.31,33.24,26.54,30.26,9.96,7.3,46.96,7.43,26.18,12.13,0.31,40.11,0.53,9.38,3.89,0.25,0.83,40.17
2021-07-25,6.4,6.09,1.12,18.98,5.15,19.53,19.63,0.23,22.87,53.49,1.65,19.6,25.26,4.66,1.52,7.14,17.34,54.58,8.82,5.94,22.84,64.88,8.97,3.31,33.19,26.5,30.35,9.96,7.27,46.83,7.54,26.19,12.17,0.32,40.29,0.54,9.4,3.89,0.26,0.83,40.12
2021-07-26,6.32,6.01,1.01,18.4,5.43,19.89,19.98,0.26,22.7,53.6,1.62,20.0,24.78,4.71,1.42,7.25,17.5,54.45,8.85,5.82,22.41,65.24,8.96,3.39,33.55,26.95,29.45,10.05,7.59,46.96,7.51,25.88,12.06,0.38,40.73,0.57,8.69,3.32,0.28,0.86,40.83
2021-07-27,6.41,5.96,1.19,18.74,5.13,19.61,20.07,0.29,22.6,53.62,1.63,20.35,24.4,4.87,1.41,7.23,17.75,54.03,9.06,5.65,22.18,65.43,8.99,3.4,33.64,26.98,28.97,10.41,7.81,47.48,7.32,25.8,11.59,0.38,40.91,0.64,8.66,3.63,0.2,0.97,40.32
2021-07-28,6.41,6.13,1.18,18.42,5.3,19.84,19.19,0.22,23.31,54.1,1.53,20.25,24.12,4.53,1.61,7.63,17.44,53.73,9.31,5.75,21.97,65.39,9.49,3.15,33.63,26.5,29.58,10.29,7.56,46.95,6.94,26.65,11.9,0.4,40.32,0.56,9.04,3.31,0.25,1.17,40.56
2021-07-29,6.28,6.54,1.01,18.02,5.6,19.88,19.42,0.31,22.94,54.25,1.46,20.45,23.84,4.47,1.85,7.68,16.89,54.25,9.12,5.74,21.42,65.72,9.76,3.1,33.54,26.82,29.39,10.25,7.04,47.4,7.27,26.77,11.52,0.43,40.81,0.6,9.16,3.55,0.22,1.15,40.09
2021-07-30,6.04,6.55,0.97,18.18,5.73,19.59,19.77,0.37,22.8,54.1,1.55,20.66,23.69,4.6,1.89,7.66,17.02,54.36,9.0,5.47,21.58,66.1,9.32,3.0,34.11,26.05,29.5,10.34,7.22,46.96,7.32,27.72,10.78,0.44,40.63,0.47,9.17,3.64,0.19,1.15,40.2
2021-07-31,6.18,6.43,1.02,17.72,5.67,20.2,19.83,0.38,22.57,53.87,1.61,20.73,23.79,4.54,1.92,7.63,17.24,54.21,8.98,5.48,22.07,64.97,9.86,3.1,34.16,25.91,29.55,10.38,6.95,46.53,7.27,28.24,11.01,0.39,40.77,0.41,9.44,3.6,0.21,1.2,40.05
2021-08-01,6.21,6.41,0.99,17.84,5.66,20.16,19.77,0.38,22.58,53.99,1.63,20.69,23.69,4.6,1.92,7.73,16.93,54.22,9.13,5.47,21.94,65.44,9.56,3.06,34.14,25.97,29.51,10.38,6.93,46.58,7.24,28.2,11.05,0.39,40.66,0.4,9.43,3.59,0.21,1.19,40.09
2021-08-02,6.18,6.3,0.93,18.02,5.39,19.66,19.8,0.38,23.34,53.69,1.61,20.69,24.01,4.43,1.67,7.23,17.07,54.63,9.58,5.39,21.88,65.68,9.37,3.07,33.79,26.85,29.8,9.56,6.76,46.3,6.96,28.61,11.37,0.38,42.65,0.36,8.97,3.35,0.28,1.06,39.06
2021-08-03,6.53,6.36,0.89,18.89,5.31,19.25,19.03,0.52,23.22,53.79,1.68,20.3,24.23,4.21,1.5,7.78,17.13,54.09,9.2,6.09,22.11,65.43,9.74,2.72,34.22,27.22,29.59,8.97,7.47,45.87,6.56,27.46,12.64,0.4,42.3,0.33,9.34,3.29,0.4,0.93,39.65
2021-08-04,6.28,6.4,0.81,19.12,5.16,19.4,19.43,0.51,22.89,53.82,1.78,19.9,24.5,4.22,1.38,7.8,16.85,54.15,9.65,5.95,22.12,65.52,9.66,2.7,33.98,27.31,29.67,9.04,7.41,45.86,6.51,27.53,12.69,0.43,42.45,0.34,9.28,3.22,0.41,0.94,39.43
2021-08-05,6.27,6.41,0.89,19.04,5.23,19.36,19.73,0.43,22.64,53.31,1.76,19.95,24.98,4.18,1.39,7.54,17.4,53.92,9.85,5.72,21.79,66.19,9.45,2.57,34.24,27.13,29.51,9.12,7.98,45.24,6.21,27.93,12.64,0.42,42.54,0.31,8.84,3.23,0.41,1.19,39.66
2021-08-06,6.79,6.63,0.89,19.17,5.2,18.84,19.4,0.53,22.55,53.51,1.7,20.08,24.71,4.09,1.21,7.55,17.6,53.47,9.93,6.15,21.75,66.41,9.37,2.47,33.76,27.6,29.42,9.22,7.92,44.35,6.05,28.19,13.49,0.45,41.64,0.34,9.21,3.33,0.45,1.12,40.24
2021-08-07,6.68,6.58,0.92,19.03,5.25,18.92,19.35,0.48,22.79,53.22,1.68,20.09,25.01,3.95,1.26,7.51,17.94,53.63,9.52,6.19,21.74,66.05,9.67,2.54,33.93,27.62,29.46,8.99,7.85,44.99,5.64,28.06,13.46,0.51,41.75,0.34,9.11,3.28,0.45,1.15,40.12
2021-08-08,6.77,6.62,0.91,19.05,5.27,18.98,19.29,0.48,22.63,53.24,1.78,20.0,24.98,3.95,1.27,7.42,17.9,53.56,9.61,6.29,21.69,66.01,9.66,2.64,34.01,27.56,29.53,8.9,7.93,44.95,5.57,28.01,13.54,0.5,41.67,0.34,9.13,3.29,0.45,1.1,40.19
2021-08-09,6.81,6.66,0.86,18.61,5.34,19.31,19.02,0.47,22.92,53.23,1.7,19.91,25.16,3.94,1.27,7.49,17.7,53.58,9.71,6.31,21.66,65.84,9.91,2.59,34.1,27.81,29.31,8.78,7.94,45.19,5.59,27.69,13.59,0.54,42.04,0.34,8.71,3.2,0.45,1.01,40.4
2021-08-10,6.72,6.51,0.8,18.93,5.2,18.94,19.17,0.48,23.25,53.12,1.76,20.01,25.11,3.85,1.3,7.72,17.9,53.06,9.91,6.26,21.59,65.78,9.95,2.68,34.12,27.69,29.36,8.83,8.04,44.66,5.52,27.82,13.96,0.55,41.99,0.37,8.52,3.09,0.36,1.02,40.47
2021-08-11,6.74,6.45,0.82,19.05,5.25,18.88,19.36,0.48,22.97,53.1,1.73,19.88,25.29,4.07,1.3,7.5,18.19,52.73,9.97,6.24,21.37,65.93,9.98,2.72,34.29,27.41,29.29,9.01,8.21,44.46,5.37,27.81,14.15,0.51,42.05,0.4,8.38,3.32,0.33,1.09,40.18
2021-08-12,7.04,6.67,0.74,18.62,5.29,19.54,19.5,0.46,22.14,54.08,1.74,19.87,24.31,3.96,1.2,7.66,17.89,52.7,10.22,6.37,21.4,65.2,10.67,2.73,34.14,26.72,29.95,9.19,8.64,44.18,5.25,27.88,14.05,0.6,41.1,0.4,8.91,3.27,0.33,1.25,40.27
2021-08-13,6.97,6.5,0.75,18.22,5.45,19.84,19.45,0.45,22.37,54.11,1.71,19.7,24.48,3.94,1.2,7.57,18.13,52.56,10.08,6.52,21.7,65.11,10.43,2.76,33.87,26.99,29.93,9.21,8.66,43.9,5.28,28.18,13.98,0.54,40.75,0.39,9.1,3.23,0.35,1.34,40.31
2021-08-14,7.07,6.5,0.69,18.13,5.31,20.12,19.34,0.45,22.39,54.19,1.68,19.79,24.34,4.12,1.22,7.51,17.96,52.56,10.11,6.52,21.84,65.17,10.37,2.62,33.85,27.06,29.72,9.37,8.63,43.89,5.22,28.15,14.11,0.55,40.85,0.4,8.99,3.29,0.33,1.37,40.07
2021-08-15,7.02,6.61,0.69,17.9,5.33,20.07,19.39,0.45,22.54,54.32,1.74,19.69,24.25,4.1,1.23,7.44,17.93,52.68,10.15,6.47,21.84,65.13,10.37,2.66,33.9,26.94,29.82,9.34,8.65,43.87,5.2,28.21,14.07,0.54,40.89,0.4,9.02,3.3,0.33,1.39,39.97
2021-08-16,7.05,6.64,0.78,17.62,5.31,19.75,19.5,0.39,22.96,54.73,1.67,19.56,24.04,4.14,1.21,7.32,18.07,53.06,9.87,6.33,22.15,64.99,10.16,2.7,33.82,26.8,29.96,9.42,8.78,43.8,5.09,28.43,13.9,0.54,41.31,0.4,9.0,3.22,0.34,1.41,39.67
2021-08-17,7.2,6.29,0.86,17.14,5.27,19.97,19.71,0.32,23.24,54.81,1.7,19.51,23.98,4.12,1.21,7.32,18.34,52.94,10.0,6.07,22.02,65.11,10.12,2.75,33.23,27.3,30.17,9.3,8.9,44.12,5.04,28.2,13.74,0.6,41.06,0.37,9.13,3.39,0.35,1.38,39.74
2021-08-18,6.5,6.26,0.83,15.67,5.01,19.79,20.71,0.22,25.01,54.92,1.68,18.96,24.44,4.29,1.32,6.42,18.37,54.13,10.31,5.16,22.92,63.98,10.33,2.77,32.06,26.43,31.61,9.9,8.54,44.53,4.79,29.26,12.88,0.66,39.99,0.67,9.52,3.18,0.28,1.33,39.93
2021-08-19,6.53,6.35,0.9,15.91,5.1,19.67,20.79,0.22,24.53,55.23,1.6,19.03,24.14,4.36,1.28,6.08,18.35,54.43,10.56,4.94,23.28,63.85,9.97,2.9,31.8,26.8,31.38,10.02,8.53,44.54,4.71,29.46,12.76,0.66,39.62,0.65,10.02,3.05,0.29,1.34,39.94
2021-08-20,6.61,6.4,0.91,15.89,5.1,19.47,20.96,0.2,24.46,54.84,1.62,19.13,24.41,4.5,1.25,6.25,18.2,54.23,10.71,4.86,23.48,63.65,9.96,2.91,32.13,26.48,31.36,10.03,8.57,44.52,4.66,29.32,12.93,0.61,39.4,0.66,10.06,3.04,0.32,1.36,40.16
2021-08-21,6.69,6.25,0.91,15.78,5.15,19.55,20.66,0.23,24.78,54.97,1.56,18.99,24.48,4.56,1.18,6.55,17.99,54.58,10.19,4.95,23.47,63.36,10.22,2.95,32.7,26.51,30.83,9.96,8.47,44.61,4.85,29.16,12.91,0.61,40.2,0.64,9.92,3.05,0.33,1.41,39.42
2021-08-22,6.57,6.25,0.91,15.86,5.14,19.66,20.59,0.24,24.78,55.05,1.57,18.89,24.49,4.58,1.18,6.54,18.05,54.45,10.23,4.97,23.59,63.26,10.18,2.97,32.62,26.54,30.95,9.89,8.59,44.67,4.82,29.12,12.8,0.61,40.29,0.65,9.94,3.02,0.33,1.4,39.25
2021-08-23,6.72,6.22,0.9,15.71,4.97,19.63,20.68,0.23,24.94,54.96,1.56,18.87,24.61,4.6,1.18,6.72,18.27,53.59,10.67,4.97,23.41,63.13,10.51,2.95,32.72,26.07,31.38,9.83,8.57,43.96,4.89,29.64,12.94,0.61,40.51,0.63,9.42,3.01,0.28,1.38,39.57
2021-08-24,6.92,6.01,0.89,15.73,5.17,19.51,21.02,0.24,24.51,55.06,1.57,18.59,24.78,4.61,1.1,6.82,18.09,53.89,10.77,4.72,23.45,63.15,10.51,2.89,32.82,26.2,30.97,10.01,8.64,43.96,4.93,29.53,12.94,0.62,40.21,0.6,9.73,3.12,0.31,1.28,39.57
2021-08-25,6.65,5.97,0.88,15.73,5.0,19.65,21.04,0.23,24.85,55.36,1.53,18.44,24.67,4.68,1.07,6.96,18.27,53.61,10.8,4.61,23.5,63.16,10.44,2.9,33.05,25.91,31.02,10.02,8.68,44.19,4.69,29.49,12.95,0.63,40.51,0.61,9.77,3.24,0.31,1.28,39.13
2021-08-26,6.75,6.01,0.93,15.74,5.07,19.47,21.04,0.34,24.65,55.36,1.54,18.24,24.86,4.61,1.1,6.98,18.45,53.51,10.9,4.45,23.55,63.1,10.38,2.97,32.96,26.0,31.01,10.03,8.69,44.19,4.75,29.35,13.02,0.62,40.4,0.57,9.78,3.32,0.31,1.26,39.19
2021-08-27,6.79,6.04,0.84,15.61,5.01,19.58,21.02,0.42,24.69,55.23,1.5,18.22,25.05,4.51,1.29,6.83,18.45,53.43,10.99,4.5,23.78,62.96,10.29,2.97,33.26,25.54,30.93,10.27,8.67,43.96,4.94,29.31,13.12,0.6,39.98,0.55,9.68,3.26,0.29,1.28,39.64
2021-08-28,6.78,5.87,0.9,15.97,4.85,19.63,21.23,0.43,24.34,55.17,1.56,18.03,25.24,4.37,1.07,6.87,18.87,53.11,11.21,4.5,23.59,63.58,9.98,2.85,33.46,25.46,30.5,10.58,8.56,43.86,5.02,29.22,13.34,0.6,39.87,0.63,9.64,3.27,0.31,1.29,39.42
2021-08-29,6.75,5.93,0.9,15.92,4.89,19.6,21.33,0.43,24.25,55.19,1.53,18.07,25.21,4.4,1.12,6.84,18.85,53.09,11.18,4.52,23.58,63.57,9.99,2.86,33.37,25.43,30.58,10.62,8.57,43.79,5.03,29.27,13.34,0.6,39.94,0.64,9.65,3.24,0.3,1.26,39.36
2021-08-30,6.78,5.85,0.9,16.03,4.93,19.65,21.36,0.43,24.07,55.07,1.57,18.13,25.23,4.39,1.1,6.88,18.96,53.05,11.11,4.51,23.75,63.48,9.95,2.82,33.35,25.2,30.77,10.68,8.71,43.66,4.98,29.39,13.26,0.62,40.0,0.64,9.69,3.27,0.31,1.29,39.19
2021-08-31,6.63,6.1,0.88,16.18,4.75,19.57,21.22,0.42,24.25,55.2,1.56,18.06,25.18,4.51,1.11,6.69,19.05,52.96,11.2,4.48,23.59,63.7,10.0,2.71,33.59,25.14,30.59,10.68,8.6,43.62,5.09,29.25,13.44,0.6,39.99,0.67,9.64,3.18,0.31,1.36,39.38
2021-09-01,6.73,6.33,1.2,14.96,4.7,20.8,21.32,0.47,23.49,54.08,1.44,19.05,25.43,4.43,1.26,7.37,20.15,51.45,10.77,4.57,23.9,63.48,9.51,3.11,32.59,24.51,31.91,10.99,8.52,42.52,5.19,30.5,13.27,0.52,39.72,0.69,9.54,3.22,0.27,1.39,39.99
2021-09-02,6.79,6.27,1.25,14.61,4.88,20.49,20.87,0.58,24.26,53.38,1.4,19.32,25.9,4.56,1.15,8.07,20.49,50.85,10.6,4.28,23.88,64.03,9.03,3.06,32.13,24.09,32.13,11.65,8.02,41.81,5.18,30.93,14.06,0.51,39.76,0.76,9.39,3.19,0.24,1.12,40.34
2021-09-03,6.37,6.25,1.35,14.23,4.74,20.87,21.5,0.61,24.08,52.26,1.29,20.42,26.03,4.46,1.09,8.61,20.82,50.4,10.43,4.19,24.2,63.67,9.06,3.07,31.64,24.01,32.95,11.4,7.71,40.95,5.05,31.22,15.07,0.46,39.85,0.82,9.48,3.31,0.23,1.21,40.18
2021-09-04,6.31,6.14,1.23,13.7,4.88,21.0,22.68,0.65,23.41,49.72,1.22,21.98,27.08,4.26,1.16,9.28,22.1,49.44,9.35,4.41,24.56,63.19,9.09,3.16,31.65,24.02,33.6,10.73,7.54,39.58,4.79,32.62,15.47,0.46,38.92,0.85,9.23,3.82,0.27,1.37,40.27
2021-09-05,6.26,6.18,1.23,13.75,4.92,21.07,22.55,0.64,23.4,49.69,1.23,21.93,27.15,4.32,1.17,9.29,22.1,49.35,9.37,4.4,24.65,63.15,9.05,3.15,31.64,24.01,33.64,10.71,7.5,39.61,4.78,32.64,15.47,0.46,38.83,0.85,9.3,3.8,0.27,1.4,40.24
2021-09-06,5.87,6.57,1.27,13.07,5.14,21.49,22.49,0.63,23.47,48.52,1.28,22.88,27.32,4.41,1.24,9.82,21.91,49.86,8.71,4.05,24.17,63.89,8.75,3.19,32.0,23.62,33.76,10.62,7.4,39.02,4.82,32.72,16.04,0.6,39.13,0.59,9.05,3.93,0.21,1.42,40.48
2021-09-07,5.85,6.33,1.29,12.68,4.9,22.2,22.84,0.77,23.14,48.11,1.15,23.12,27.62,4.36,1.19,10.08,21.94,49.95,8.4,4.08,23.74,64.35,8.78,3.13,31.88,23.39,34.34,10.39,7.17,38.53,4.9,33.14,16.26,0.62,39.66,0.65,9.13,3.8,0.2,1.38,40.05
2021-09-08,6.0,6.77,1.4,12.21,4.63,22.39,22.81,0.8,22.99,47.34,1.27,23.71,27.68,4.95,1.31,10.26,21.5,50.29,7.68,4.01,24.58,63.74,8.56,3.12,31.9,22.47,35.25,10.38,7.27,37.3,5.11,33.88,16.44,0.56,39.26,0.7,8.78,3.89,0.23,1.59,40.71
2021-09-09,5.78,6.68,1.28,11.85,4.66,22.67,22.78,0.82,23.48,47.0,1.11,24.4,27.49,4.87,1.33,9.84,21.82,50.79,7.55,3.8,25.14,63.44,8.51,2.91,31.15,22.65,35.45,10.75,7.25,37.5,4.8,33.83,16.62,0.65,38.88,0.6,8.78,3.87,0.28,1.94,40.67
2021-09-10,5.84,6.7,1.06,12.5,4.73,22.27,22.14,0.85,23.91,46.87,1.11,24.53,27.49,4.71,1.33,9.68,22.42,50.29,7.73,3.84,24.23,63.64,9.28,2.85,32.45,21.98,35.06,10.51,7.29,37.31,4.69,34.14,16.57,0.68,38.92,0.63,8.78,4.18,0.31,1.85,40.21
2021-09-11,6.12,7.17,1.05,12.29,4.76,22.51,21.51,0.91,23.68,46.93,1.19,24.74,27.14,4.49,1.45,9.23,22.04,51.42,7.36,4.01,24.31,63.71,9.22,2.76,32.35,22.76,34.19,10.7,7.24,36.42,5.0,34.65,16.69,0.68,39.08,0.74,8.6,3.7,0.35,1.82,40.75
2021-09-12,6.07,7.1,1.04,12.25,4.74,22.49,21.66,0.9,23.75,46.94,1.12,24.77,27.17,4.48,1.45,9.22,22.08,51.41,7.38,3.98,24.42,63.68,9.19,2.71,32.49,22.71,34.14,10.66,7.23,36.34,4.98,34.83,16.62,0.68,39.12,0.75,8.63,3.67,0.33,1.78,40.72
2021-09-13,5.25,6.98,1.1,12.3,4.98,22.74,21.64,0.91,24.1,47.76,1.18,24.7,26.36,4.39,1.27,9.36,21.84,52.0,7.32,3.82,23.8,64.62,8.94,2.64,32.37,23.18,33.99,10.46,7.03,36.74,5.06,34.55,16.62,0.82,38.22,0.78,8.95,3.32,0.33,1.89,41.27
2021-09-14,5.4,7.1,1.18,12.22,5.19,21.97,21.56,0.91,24.47,48.77,1.42,24.27,25.54,4.34,1.35,9.18,21.68,51.62,8.21,3.62,24.36,63.79,9.31,2.54,32.28,23.3,34.07,10.35,7.22,36.8,5.56,33.91,16.51,0.74,38.2,0.68,9.03,3.13,0.31,1.87,41.52
2021-09-15,5.1,6.8,1.05,12.24,5.28,22.1,21.98,1.02,24.43,49.19,1.41,24.29,25.11,4.23,1.47,9.09,21.31,52.0,8.24,3.66,24.76,63.52,9.21,2.51,32.4,24.0,33.64,9.96,7.18,37.02,5.24,33.69,16.87,0.73,37.62,0.76,8.8,3.14,0.33,1.93,42.18
2021-09-16,5.44,6.92,0.93,12.97,5.25,21.57,21.74,1.1,24.08,48.93,1.29,24.36,25.42,3.95,1.56,9.21,21.77,51.75,7.86,3.9,25.23,63.13,9.17,2.47,32.17,24.13,34.01,9.69,7.13,37.67,5.02,33.7,16.48,0.51,37.83,0.88,9.23,3.26,0.31,1.94,41.74
2021-09-17,5.44,6.92,1.06,12.53,5.48,21.81,21.14,1.15,24.47,48.56,1.38,24.77,25.29,4.17,1.53,9.21,21.77,51.17,8.18,3.97,25.39,63.52,8.77,2.32,32.27,24.06,33.96,9.71,7.02,38.44,4.89,34.3,15.35,0.68,38.07,0.94,8.7,3.62,0.36,1.95,41.21
2021-09-18,5.34,6.95,1.03,12.32,5.06,21.88,21.11,1.3,25.01,48.89,1.48,24.42,25.21,4.2,1.33,9.03,22.81,50.71,8.15,3.77,25.04,63.96,8.65,2.35,32.47,23.86,33.7,9.97,7.13,38.47,4.87,34.44,15.09,0.6,38.07,0.89,8.84,3.71,0.34,2.14,40.49
2021-09-19,5.25,6.99,0.99,12.31,5.03,21.95,21.11,1.29,25.08,49.04,1.47,24.39,25.1,4.19,1.39,9.0,22.83,50.55,8.22,3.82,25.12,63.92,8.65,2.31,32.55,23.82,33.6,10.03,7.16,38.55,4.82,34.21,15.26,0.6,38.17,0.9,8.89,3.69,0.34,2.11,40.41
2021-09-20,5.27,7.11,1.11,12.85,4.97,21.51,20.5,1.1,25.58,48.85,1.62,24.73,24.8,4.35,1.34,9.02,22.94,50.49,7.68,4.18,24.55,64.1,8.81,2.54,32.58,23.86,33.71,9.85,7.63,38.34,4.62,34.42,14.99,0.71,38.48,0.98,8.58,3.65,0.39,2.15,39.89
2021-09-21,5.34,7.6,1.12,13.01,5.0,21.57,20.24,0.98,25.14,48.52,1.62,25.4,24.46,4.18,1.35,8.97,22.73,51.46,7.21,4.1,24.59,64.31,8.52,2.58,32.97,22.76,34.13,10.14,7.84,37.45,4.79,34.64,15.28,0.62,39.08,0.94,8.62,4.01,0.47,1.71,39.75
2021-09-22,5.48,7.6,1.14,12.96,4.9,21.87,19.61,0.97,25.47,48.08,1.59,25.39,24.94,4.09,1.35,9.14,22.7,51.15,7.26,4.31,24.83,64.27,8.33,2.57,33.16,21.99,35.19,9.66,7.83,37.54,4.88,34.06,15.69,0.96,39.34,0.92,8.54,3.87,0.51,1.67,39.64
2021-09-23,5.42,8.09,1.16,12.97,4.87,21.44,19.98,1.1,24.97,48.0,1.59,25.5,24.91,4.14,1.54,9.39,21.93,50.73,7.77,4.5,25.22,64.0,8.13,2.65,33.06,21.68,35.57,9.69,7.73,37.18,4.82,34.63,15.64,0.96,39.9,0.96,8.22,3.74,0.52,1.62,39.71
2021-09-24,5.5,8.03,1.16,12.8,4.95,21.21,19.85,1.06,25.44,48.3,1.51,25.46,24.73,4.04,1.62,9.24,21.75,51.33,7.49,4.53,25.06,64.12,8.13,2.69,33.41,21.71,35.26,9.62,7.75,37.42,4.96,34.45,15.42,0.95,39.57,0.9,8.29,3.8,0.51,1.36,40.31
2021-09-25,5.57,8.24,1.08,12.68,5.11,21.12,19.79,1.08,25.33,48.45,1.6,25.09,24.86,4.16,1.7,9.18,22.01,51.04,7.52,4.39,25.19,64.34,7.84,2.63,33.53,21.47,35.52,9.48,7.76,36.95,4.89,34.74,15.66,0.93,39.66,0.85,8.35,3.86,0.53,1.38,39.64
2021-09-26,5.58,8.14,1.09,12.57,5.12,21.13,19.84,1.08,25.45,48.49,1.62,25.1,24.79,4.09,1.68,9.15,21.97,51.1,7.62,4.39,25.14,64.35,7.87,2.64,33.45,21.66,35.4,9.49,7.87,37.05,4.82,34.61,15.65,0.93,39.6,0.84,8.34,3.77,0.53,1.34,39.81
2021-09-27,5.71,8.07,1.09,12.61,4.92,20.83,19.78,1.07,25.92,49.05,1.6,24.6,24.75,3.93,1.72,8.97,21.99,51.37,7.65,4.37,24.91,64.52,7.9,2.67,33.64,21.9,35.06,9.4,7.7,37.1,4.78,34.54,15.88,1.0,39.65,0.91,8.3,3.92,0.49,1.33,39.56
2021-09-28,5.83,7.9,1.08,12.19,4.92,20.97,20.14,1.17,25.8,49.47,1.62,24.27,24.64,4.25,1.67,8.78,21.98,51.04,7.7,4.58,24.71,64.82,7.9,2.57,32.75,22.43,35.54,9.28,7.35,36.93,4.42,34.78,16.52,1.22,39.77,1.03,8.17,3.43,0.35,1.36,39.83
2021-09-29,6.05,7.96,1.09,12.1,4.88,20.91,19.94,1.21,25.86,49.5,1.57,24.24,24.69,4.15,1.75,8.68,22.32,50.94,7.57,4.59,24.56,64.86,8.0,2.58,33.0,22.41,35.29,9.3,7.31,37.19,4.42,34.43,16.65,1.22,40.13,1.03,8.31,3.41,0.35,1.36,39.36
2021-09-30,6.27,7.75,1.04,11.95,4.89,21.18,19.97,1.18,25.77,49.56,1.65,24.02,24.77,4.07,1.81,8.64,22.63,50.66,7.61,4.58,24.0,65.14,8.33,2.53,32.77,22.36,35.68,9.19,6.95,36.66,4.72,34.98,16.69,1.27,40.32,1.05,8.48,3.47,0.35,1.22,38.94
2021-10-01,6.23,7.66,1.07,12.16,4.99,21.47,19.82,1.23,25.37,49.63,1.71,23.52,25.14,4.12,1.75,8.79,22.79,49.96,7.67,4.92,24.01,65.26,8.28,2.45,33.2,22.36,35.35,9.09,6.87,36.29,4.8,34.92,17.12,1.27,40.11,1.0,8.41,3.59,0.33,1.3,39.22
2021-10-02,6.23,7.58,1.08,12.13,4.98,21.45,19.88,1.24,25.43,49.7,1.7,23.57,25.03,4.14,1.76,8.81,22.78,49.92,7.7,4.89,24.0,65.26,8.29,2.45,33.16,22.29,35.46,9.09,6.91,36.29,4.8,34.97,17.03,1.28,40.22,1.0,8.36,3.6,0.33,1.31,39.17
2021-10-03,6.2,7.68,1.05,12.16,5.02,21.47,19.86,1.23,25.33,49.54,1.72,23.59,25.15,4.15,1.78,8.76,22.77,49.96,7.7,4.88,24.04,65.21,8.28,2.47,33.1,22.42,35.39,9.09,6.96,36.32,4.78,34.92,17.02,1.27,40.17,1.01,8.41,3.59,0.33,1.3,39.26
2021-10-04,6.44,8.13,1.01,11.89,4.87,21.58,20.63,1.16,24.29,50.06,1.58,22.93,25.43,4.09,1.98,8.48,22.9,49.74,8.1,4.71,23.51,65.74,8.23,2.52,33.63,21.93,35.27,9.17,6.8,36.61,5.11,34.11,17.37,1.09,40.21,1.04,8.77,3.73,0.33,1.32,39.13
2021-10-05,6.69,8.09,1.0,11.64,4.98,21.41,20.49,1.17,24.53,50.07,1.58,22.85,25.5,4.1,2.01,8.38,23.12,49.65,8.08,4.66,23.13,66.1,8.32,2.45,33.68,22.33,35.14,8.85,6.74,36.51,5.17,34.11,17.47,1.05,40.03,1.07,8.75,3.67,0.36,1.34,39.17
2021-10-06,6.89,7.92,1.01,11.59,4.98,21.52,20.56,1.12,24.41,50.45,1.58,22.58,25.39,4.07,1.9,8.42,22.83,49.76,8.21,4.81,22.87,66.31,8.27,2.55,33.59,22.33,35.1,8.98,6.74,36.65,5.19,33.92,17.5,1.0,40.27,1.07,8.74,3.56,0.35,1.29,39.32
2021-10-07,6.8,8.14,1.01,11.81,5.09,21.26,20.93,1.06,23.9,50.6,1.52,22.6,25.28,4.04,1.92,8.46,22.82,49.6,8.26,4.9,22.75,66.36,8.37,2.52,33.53,22.25,35.08,9.14,6.88,36.41,5.19,33.82,17.7,0.97,39.81,1.08,8.96,3.65,0.35,1.21,39.4
2021-10-08,6.77,8.26,1.07,11.56,5.04,21.17,20.81,1.07,24.25,50.57,1.55,22.68,25.2,4.14,1.79,8.6,22.81,49.27,8.35,5.04,22.9,66.35,8.28,2.47,33.72,22.54,34.39,9.35,6.74,36.55,5.04,33.92,17.75,0.98,39.86,1.05,8.87,3.55,0.41,1.13,39.62
2021-10-09,6.73,8.01,1.09,11.37,4.99,21.45,21.12,1.06,24.18,50.75,1.54,22.51,25.2,4.15,1.81,8.67,22.8,49.24,8.12,5.21,22.79,66.34,8.36,2.51,34.11,22.31,34.41,9.17,6.77,36.46,5.02,34.2,17.55,0.99,40.05,1.07,8.91,3.6,0.4,1.07,39.45
2021-10-10,6.67,8.1,1.1,11.42,4.95,21.37,21.23,1.06,24.1,50.8,1.55,22.47,25.18,4.16,1.85,8.56,22.7,49.16,8.34,5.23,22.71,66.42,8.37,2.5,33.92,22.28,34.36,9.44,6.76,36.41,5.05,34.13,17.65,1.0,39.95,1.08,8.83,3.62,0.4,1.1,39.55
2021-10-11,6.7,7.93,1.13,11.02,4.98,21.49,21.53,1.06,24.16,50.37,1.59,22.4,25.64,4.33,1.83,8.59,22.67,49.5,8.02,5.06,23.01,66.15,8.38,2.46,34.1,22.28,34.21,9.41,6.83,36.42,5.14,34.07,17.54,0.96,40.09,1.01,8.86,3.7,0.42,1.18,39.46
2021-10-12,6.68,7.67,1.2,10.59,5.0,21.87,21.8,1.12,24.07,50.16,1.53,22.33,25.98,4.24,1.76,8.77,22.46,49.62,8.16,4.99,22.77,66.63,8.39,2.21,33.91,22.17,34.54,9.38,6.66,36.05,5.08,34.46,17.75,1.04,39.94,1.12,8.92,3.73,0.41,1.24,39.11
2021-10-13,6.83,7.73,1.21,10.48,5.03,21.72,21.95,1.12,23.93,50.27,1.5,22.3,25.93,4.3,1.83,8.9,22.25,49.5,8.23,4.99,22.84,66.36,8.57,2.23,34.14,22.11,34.24,9.51,6.76,35.93,5.1,34.47,17.74,1.1,39.7,1.13,9.04,3.74,0.43,1.23,39.22
2021-10-14,6.85,7.6,1.23,10.48,5.07,21.83,21.74,1.12,24.08,50.4,1.51,22.08,26.01,4.34,1.81,8.77,22.21,49.83,8.04,5.0,22.89,66.55,8.29,2.27,34.06,21.95,34.42,9.57,6.74,36.19,5.05,34.28,17.74,1.07,39.87,1.13,8.83,3.71,0.41,1.24,39.35
2021-10-15,6.78,7.61,1.22,10.56,5.03,21.76,21.81,1.13,24.1,50.38,1.52,21.99,26.11,4.25,1.76,8.76,22.35,49.86,8.05,4.97,22.85,66.66,8.25,2.24,34.17,21.91,34.33,9.59,6.64,36.2,5.07,34.32,17.77,1.04,39.86,1.12,8.84,3.69,0.41,1.26,39.3
2021-10-16,6.79,7.67,1.24,10.55,5.08,21.73,21.85,1.13,23.96,50.36,1.54,22.12,25.98,4.33,1.8,8.77,22.43,49.75,8.01,4.91,23.03,66.37,8.35,2.25,34.03,21.86,34.52,9.59,6.6,36.23,5.09,34.46,17.62,1.06,39.78,1.12,8.76,3.73,0.43,1.22,39.53
2021-10-17,6.78,7.69,1.22,10.7,5.0,21.59,21.93,1.13,23.96,50.55,1.54,21.99,25.92,4.28,1.73,8.77,22.46,49.77,8.05,4.94,22.86,66.6,8.3,2.24,33.95,22.16,34.29,9.6,6.51,36.28,5.08,34.45,17.68,1.07,39.77,1.11,8.84,3.7,0.41,1.25,39.37
2021-10-18,6.8,7.6,1.22,10.43,5.11,21.87,21.85,1.13,23.99,50.33,1.49,22.31,25.87,4.29,1.8,9.02,22.41,49.8,7.9,4.78,23.18,66.34,8.34,2.14,34.17,22.1,34.15,9.58,6.63,36.13,5.08,34.55,17.61,1.06,39.68,1.11,9.08,3.61,0.41,1.24,39.46
2021-10-19,6.79,7.59,1.21,10.37,5.07,21.92,22.26,1.09,23.7,50.62,1.62,22.13,25.63,4.29,1.76,8.95,22.36,49.85,7.98,4.81,22.9,66.51,8.36,2.23,34.17,22.33,34.05,9.45,6.6,36.14,5.08,34.47,17.71,1.09,39.55,1.12,9.09,3.62,0.42,1.27,39.51
2021-10-20,6.8,7.65,1.24,10.47,5.06,21.71,22.25,1.11,23.71,50.33,1.56,22.33,25.78,4.34,1.74,8.92,22.55,49.66,8.01,4.78,22.87,66.59,8.38,2.16,34.14,22.38,34.0,9.48,6.69,36.04,5.12,34.44,17.71,1.11,39.62,1.12,9.21,3.62,0.43,1.26,39.3
2021-10-21,6.71,7.7,1.18,10.48,5.06,21.65,22.07,1.15,24.0,50.4,1.63,22.02,25.95,4.5,1.77,8.63,22.64,49.79,7.92,4.75,22.84,66.6,8.27,2.29,33.98,22.08,34.52,9.42,6.83,36.24,5.05,34.28,17.6,1.03,39.57,1.11,9.04,3.58,0.42,1.22,39.72
2021-10-22,6.73,7.84,1.19,10.51,4.96,21.68,22.41,1.13,23.55,50.46,1.76,21.89,25.89,4.36,1.85,8.68,22.84,49.64,7.87,4.76,22.99,66.41,8.29,2.31,33.75,22.33,34.48,9.44,7.01,35.64,5.17,34.37,17.81,1.05,38.76,1.12,9.24,3.74,0.4,1.23,40.1
2021-10-23,6.67,7.84,1.25,10.43,5.06,21.92,22.12,1.15,23.56,50.61,1.76,22.0,25.63,4.26,1.87,8.76,22.68,49.47,7.96,5.0,22.98,66.09,8.65,2.28,34.05,22.35,34.4,9.2,6.86,35.91,5.2,34.34,17.69,1.09,38.59,1.15,9.27,3.8,0.41,1.22,40.11
2021-10-24,6.7,7.89,1.23,10.36,5.02,21.96,22.15,1.15,23.54,50.52,1.75,21.92,25.81,4.3,1.89,8.75,22.7,49.56,7.79,5.01,22.96,66.13,8.61,2.3,34.15,22.28,34.42,9.15,6.84,35.97,5.22,34.26,17.71,1.09,38.46,1.16,9.32,3.77,0.4,1.2,40.24
2021-10-25,6.67,7.88,1.27,10.24,5.22,21.72,22.36,1.2,23.44,51.17,1.76,21.52,25.55,4.28,1.89,8.61,22.46,50.21,7.72,4.83,23.19,66.17,8.32,2.32,34.06,22.42,34.32,9.2,6.86,36.33,5.12,34.1,17.59,1.08,38.58,1.17,9.2,3.71,0.4,1.19,40.29
2021-10-26,6.71,7.92,1.31,10.06,5.33,21.49,22.27,1.21,23.7,51.03,1.76,21.79,25.42,4.29,1.85,8.75,22.56,49.92,7.85,4.78,23.28,65.92,8.43,2.37,34.16,22.54,33.99,9.31,6.96,36.52,5.06,33.96,17.5,1.1,38.53,1.23,9.3,3.6,0.4,1.25,40.24
2021-10-27,6.44,7.88,1.32,10.28,5.24,21.47,22.4,1.25,23.72,51.1,1.76,21.92,25.22,4.3,1.87,8.69,22.32,50.32,7.77,4.73,23.17,65.99,8.47,2.37,33.98,22.46,33.99,9.57,6.99,36.53,4.98,33.94,17.56,1.05,38.54,1.2,9.2,3.61,0.41,1.32,40.22
2021-10-28,6.46,7.82,1.33,10.25,5.22,21.48,22.64,1.22,23.58,51.13,1.88,21.71,25.28,4.42,1.81,8.56,22.15,50.61,7.68,4.77,23.32,66.04,8.41,2.23,33.79,22.46,34.35,9.4,7.01,36.41,5.17,33.91,17.5,1.09,38.76,1.19,9.2,3.7,0.41,1.19,40.02
2021-10-29,6.37,7.73,1.32,10.26,5.31,21.51,22.75,1.22,23.53,51.09,1.84,21.66,25.41,4.32,1.78,8.56,22.06,50.9,7.71,4.67,23.38,66.02,8.34,2.26,33.89,22.37,34.23,9.51,7.04,36.42,5.01,33.98,17.55,1.08,38.73,1.19,9.16,3.57,0.42,1.26,40.19
2021-10-30,6.41,7.33,1.33,9.84,5.5,21.99,23.45,1.23,22.92,51.13,1.81,21.31,25.75,4.27,2.06,8.24,21.89,51.22,7.68,4.64,22.94,65.99,8.84,2.23,33.83,22.89,33.69,9.59,7.15,36.02,5.21,33.92,17.7,0.88,38.86,1.17,9.46,3.66,0.35,1.32,39.97
2021-10-31,6.37,7.49,1.34,9.81,5.5,22.04,23.48,1.2,22.77,51.14,1.84,21.46,25.56,4.29,1.98,8.31,21.82,51.2,7.72,4.68,23.04,65.95,8.8,2.21,33.77,22.98,33.73,9.52,7.09,36.09,5.17,34.02,17.63,0.9,38.84,1.16,9.45,3.71,0.42,1.28,39.89
2021-11-01,6.32,7.32,1.33,9.89,5.49,21.88,23.61,1.29,22.87,51.2,1.82,21.27,25.71,4.29,1.93,8.29,21.74,51.33,7.81,4.61,23.27,65.79,8.77,2.17,33.86,22.74,33.93,9.47,7.18,36.23,5.09,33.65,17.85,0.89,38.85,1.17,9.24,3.72,0.35,1.34,40.17
2021-11-02,6.23,7.34,1.29,10.03,5.45,21.83,23.76,1.18,22.89,51.55,1.84,21.38,25.23,4.22,1.96,8.31,21.74,51.78,7.47,4.52,23.39,65.58,8.87,2.16,33.74,22.74,33.88,9.64,7.25,36.21,4.92,33.74,17.88,0.87,38.76,1.11,9.34,3.74,0.35,1.28,40.23
2021-11-03,6.15,7.26,1.33,10.11,5.57,21.83,23.89,1.3,22.56,51.58,1.87,21.38,25.17,4.17,1.94,8.24,21.68,51.81,7.65,4.51,23.1,65.88,8.86,2.16,33.86,22.56,33.78,9.8,7.15,36.47,4.86,33.73,17.79,0.88,38.79,1.12,9.32,3.78,0.36,1.27,40.17
2021-11-04,6.19,7.36,1.33,10.04,5.58,21.67,23.84,1.29,22.7,51.54,1.91,21.38,25.17,4.17,2.0,8.17,21.62,51.9,7.57,4.57,23.04,65.87,8.93,2.16,33.88,22.58,33.75,9.79,7.24,36.41,4.85,33.72,17.78,0.9,38.85,1.09,9.27,3.8,0.35,1.28,40.18
2021-11-05,6.2,7.32,1.34,10.12,5.58,21.92,23.63,1.26,22.63,51.57,1.84,21.52,25.07,4.15,2.01,8.15,21.8,52.09,7.27,4.53,22.94,65.95,8.94,2.17,33.92,22.56,33.7,9.82,7.2,36.19,4.91,33.88,17.82,0.9,38.84,1.1,9.36,3.79,0.35,1.3,40.04
2021-11-06,6.1,7.59,1.33,10.15,5.57,21.66,23.66,1.29,22.65,51.41,1.89,21.54,25.16,4.14,1.92,8.32,21.58,51.86,7.62,4.56,23.29,65.74,8.82,2.15,33.87,22.43,33.92,9.78,7.25,36.33,4.82,33.91,17.69,0.89,39.07,1.08,9.22,3.84,0.35,1.26,40.06
2021-11-07,6.21,7.33,1.34,10.14,5.54,21.84,23.64,1.26,22.7,51.62,1.89,21.46,25.03,4.21,1.95,8.12,21.79,52.02,7.3,4.61,23.06,65.84,8.93,2.17,33.86,22.66,33.67,9.81,7.24,36.23,4.88,33.88,17.77,0.9,38.89,1.1,9.34,3.84,0.36,1.31,39.92
2021-11-08,6.43,7.45,1.21,10.03,5.66,22.05,23.26,1.09,22.82,51.27,1.87,21.64,25.22,4.23,2.07,7.94,21.71,52.64,7.08,4.33,22.61,66.33,8.73,2.33,34.4,22.39,33.65,9.56,7.06,36.23,4.77,33.6,18.34,0.84,38.75,1.1,9.56,3.58,0.39,1.25,40.03
2021-11-09,6.42,7.37,1.22,9.98,5.72,22.09,23.39,1.07,22.74,51.26,1.84,21.69,25.21,4.28,2.08,7.81,21.68,52.69,7.17,4.29,22.67,66.24,8.78,2.31,34.43,22.17,33.78,9.62,7.01,36.2,4.84,33.72,18.23,0.87,38.72,1.1,9.55,3.53,0.38,1.28,40.03
2021-11-10,6.38,7.48,1.11,9.88,5.55,22.25,23.49,1.1,22.76,51.21,1.79,21.71,25.29,4.29,2.05,8.02,21.7,52.31,7.27,4.36,22.61,66.24,8.79,2.36,34.61,22.07,33.57,9.75,7.27,36.41,4.94,33.41,17.97,0.84,38.57,1.11,9.41,3.73,0.39,1.22,40.27
2021-11-11,6.49,7.47,1.09,9.83,5.72,22.02,23.7,1.05,22.63,51.04,1.71,21.84,25.41,4.24,2.05,8.09,21.63,52.2,7.42,4.37,22.83,66.05,8.78,2.34,34.69,21.82,33.66,9.83,7.13,36.16,4.95,33.81,17.95,0.87,38.68,1.04,9.38,3.6,0.38,1.18,40.2
2021-11-12,6.64,7.6,1.09,9.84,5.72,21.56,24.01,1.04,22.5,50.67,1.69,22.35,25.29,4.11,1.9,8.21,22.23,51.92,7.3,4.33,23.03,66.16,8.49,2.32,35.09,21.94,33.38,9.59,7.11,36.01,4.89,33.84,18.15,0.86,38.42,1.03,9.12,3.76,0.42,1.21,40.58
2021-11-13,6.54,7.4,1.08,9.65,5.67,21.34,24.37,1.03,22.92,50.74,1.57,22.5,25.19,4.06,1.83,8.38,22.13,52.07,7.28,4.25,22.99,66.38,8.35,2.28,34.72,22.22,33.19,9.87,7.14,35.5,5.02,34.0,18.34,0.86,38.28,1.02,9.19,3.78,0.42,1.27,40.55
2021-11-14,6.55,7.42,1.09,9.76,5.68,21.19,24.26,1.04,23.01,50.42,1.56,22.68,25.34,4.07,1.82,8.41,22.1,51.99,7.37,4.24,22.91,66.49,8.32,2.28,34.83,21.88,33.4,9.89,7.13,35.49,5.03,34.1,18.25,0.86,38.19,0.95,9.24,3.84,0.42,1.28,40.61
2021-11-15,6.54,7.49,1.15,9.58,5.7,21.14,24.48,1.04,22.88,50.37,1.57,22.46,25.6,4.24,1.85,8.42,22.18,51.85,7.22,4.24,23.07,66.27,8.35,2.31,34.96,21.85,33.34,9.85,7.14,35.29,5.12,33.85,18.6,0.82,38.54,1.02,9.29,3.78,0.48,1.29,40.17
2021-11-16,6.56,7.54,1.12,9.53,5.67,21.46,24.39,0.93,22.8,50.21,1.37,22.53,25.89,4.21,1.79,8.57,22.31,51.69,7.31,4.12,23.2,66.27,8.29,2.24,34.68,21.8,33.56,9.96,7.14,35.34,5.15,33.88,18.49,0.79,38.4,1.02,9.46,3.7,0.46,1.36,40.11
2021-11-17,6.62,7.45,1.14,9.64,5.75,21.53,24.36,0.91,22.6,50.04,1.2,22.58,26.18,4.24,1.82,8.43,22.39,51.69,7.3,4.13,23.35,66.25,8.25,2.15,34.51,21.77,33.52,10.2,6.95,35.31,5.08,34.2,18.46,0.76,38.42,0.97,9.52,3.67,0.47,1.35,40.14
2021-11-18,6.54,7.35,1.06,9.58,5.84,21.72,24.48,0.83,22.6,49.96,1.1,22.82,26.12,4.21,1.86,8.51,22.39,51.78,7.25,4.0,23.66,66.02,8.2,2.12,34.31,21.68,33.83,10.18,6.92,35.12,5.16,34.47,18.33,0.79,38.48,1.02,9.3,3.74,0.46,1.31,40.27
2021-11-19,6.61,7.23,1.08,9.6,5.68,21.83,24.68,0.82,22.47,49.68,1.04,22.67,26.61,4.13,1.78,8.38,22.19,52.16,7.35,4.01,23.62,66.18,8.12,2.08,34.52,21.74,33.81,9.93,7.17,35.2,5.09,34.33,18.21,0.81,38.37,1.03,9.34,3.82,0.46,1.29,40.17
2021-11-20,6.57,7.17,1.05,9.74,5.69,21.77,25.11,0.77,22.13,49.23,0.85,22.99,26.93,3.97,1.86,8.5,22.61,51.81,7.26,3.99,23.78,66.36,7.87,1.99,34.15,21.87,34.14,9.84,7.0,34.81,4.71,35.3,18.18,0.69,38.17,1.03,9.18,3.88,0.49,1.32,40.44
2021-11-21,6.53,7.14,1.07,9.86,5.7,21.89,25.14,0.77,21.9,49.37,0.9,22.94,26.79,3.92,1.85,8.51,22.51,51.97,7.24,4.0,23.61,66.49,7.93,1.97,33.99,22.05,34.26,9.7,7.05,34.93,4.63,35.31,18.08,0.68,38.37,1.01,9.14,3.86,0.5,1.32,40.43
2021-11-22,6.62,7.21,0.96,9.72,5.8,21.6,25.1,0.81,22.18,49.55,0.82,22.7,26.93,3.93,1.81,8.75,22.63,51.84,7.19,3.85,23.84,66.45,7.8,1.91,33.59,22.18,34.26,9.97,6.65,34.83,4.72,35.46,18.34,0.71,38.49,0.98,9.23,3.81,0.48,1.43,40.15
2021-11-23,6.62,6.94,1.01,9.74,5.61,22.12,25.06,0.88,22.02,49.81,0.85,22.62,26.72,3.87,1.88,8.69,22.68,51.91,7.21,3.76,24.12,66.23,7.83,1.82,33.31,22.59,34.11,9.99,6.58,34.94,4.85,35.37,18.26,0.76,38.45,0.96,9.39,3.95,0.46,1.37,40.09
2021-11-24,6.84,7.03,1.05,9.43,5.61,21.55,25.27,0.94,22.28,50.13,0.72,22.33,26.82,3.94,1.75,8.7,22.26,52.28,7.51,3.56,24.24,66.49,7.49,1.78,33.61,22.87,33.42,10.1,6.7,35.15,4.83,35.26,18.06,0.75,38.59,0.98,9.3,3.75,0.46,1.41,39.95
2021-11-25,6.74,6.94,1.04,9.45,5.71,21.96,25.33,0.96,21.87,50.56,0.72,22.14,26.58,3.78,1.81,8.78,22.26,52.5,7.48,3.39,23.65,67.11,7.61,1.63,33.69,22.56,33.98,9.77,6.95,34.74,4.88,35.34,18.09,0.75,38.57,0.87,9.34,3.89,0.39,1.34,40.15
2021-11-26,6.6,6.96,1.03,9.48,5.89,21.84,25.19,0.91,22.1,50.63,0.73,22.07,26.57,3.79,1.8,8.9,22.5,52.38,7.33,3.3,23.54,67.3,7.58,1.58,33.82,22.53,33.93,9.72,6.91,34.87,4.8,35.36,18.06,0.76,38.47,0.87,9.33,4.02,0.4,1.44,40.2
2021-11-27,6.82,6.98,1.0,9.51,5.85,22.11,24.88,0.91,21.94,51.17,0.74,21.75,26.34,3.72,1.82,8.71,22.27,52.86,7.34,3.28,23.39,67.29,7.72,1.6,33.7,22.76,33.81,9.73,6.69,35.34,4.74,35.12,18.11,0.76,38.3,0.89,9.43,4.06,0.4,1.36,40.29
2021-11-28,6.77,6.97,1.0,9.45,5.8,22.22,24.93,0.9,21.96,51.11,0.71,21.85,26.33,3.77,1.83,8.8,22.07,52.82,7.43,3.28,23.44,67.24,7.74,1.58,33.72,22.59,34.02,9.67,6.78,35.25,4.79,35.2,17.98,0.76,38.6,0.88,9.39,3.99,0.39,1.35,40.35
2021-11-29,7.21,6.69,0.92,9.85,5.81,22.38,23.95,0.86,22.33,50.71,0.69,21.92,26.68,3.72,1.84,9.12,21.7,53.46,7.04,3.12,23.7,67.28,7.42,1.6,33.27,22.32,34.7,9.71,6.56,35.43,4.79,34.91,18.31,0.49,38.5,0.82,9.53,4.14,0.4,1.34,40.68
2021-11-30,7.09,6.6,0.93,9.97,5.74,22.32,23.92,0.91,22.52,50.64,0.69,21.89,26.78,3.71,1.85,9.15,21.46,53.74,7.01,3.08,23.77,66.55,8.07,1.61,33.22,22.52,34.49,9.77,6.5,35.5,4.89,34.69,18.42,0.43,38.76,0.74,9.43,4.19,0.38,1.32,40.67
2021-12-01,7.27,6.68,0.93,10.08,5.67,22.02,23.9,0.9,22.55,50.67,0.73,21.81,26.79,3.63,1.84,9.09,21.74,53.64,6.96,3.1,23.61,66.66,8.11,1.62,33.08,22.58,34.44,9.9,6.53,35.33,4.89,34.58,18.67,0.47,38.71,0.67,9.51,4.26,0.38,1.33,40.61
2021-12-02,7.43,6.38,0.93,10.42,5.62,22.33,23.6,0.92,22.37,51.11,0.66,21.27,26.96,3.66,1.55,9.03,21.5,54.2,6.86,3.2,23.61,66.24,8.5,1.65,33.44,22.45,34.3,9.81,6.45,35.54,5.03,34.31,18.67,0.51,38.41,0.66,9.64,4.18,0.36,1.34,41.02
2021-12-03,7.4,6.39,0.93,10.37,5.67,22.16,23.55,0.95,22.58,51.17,0.66,21.15,27.02,3.68,1.59,8.97,21.83,54.18,6.57,3.18,23.62,66.08,8.75,1.55,33.69,22.35,34.02,9.94,6.51,35.69,5.11,34.35,18.34,0.49,37.94,0.65,9.25,4.15,0.37,1.62,41.69
2021-12-04,7.51,6.32,0.89,10.58,5.62,22.23,23.16,0.99,22.7,50.94,0.7,21.23,27.13,3.74,1.53,9.02,21.74,54.46,6.34,3.17,23.39,66.33,8.68,1.6,33.75,22.05,34.1,10.1,6.7,35.57,5.14,34.19,18.4,0.48,37.82,0.63,9.33,4.23,0.37,1.66,41.72
2021-12-05,7.59,6.38,0.88,10.52,5.62,22.05,23.17,1.03,22.76,50.95,0.66,21.27,27.12,3.7,1.57,9.02,21.82,54.35,6.37,3.17,23.35,66.35,8.71,1.59,33.64,22.09,34.21,10.06,6.78,35.4,5.08,34.28,18.46,0.48,37.87,0.63,9.22,4.25,0.35,1.65,41.77
2021-12-06,7.51,6.16,0.91,10.72,5.49,22.17,23.36,0.98,22.7,51.09,0.78,21.27,26.86,3.74,1.63,9.12,21.86,54.43,5.95,3.27,23.17,66.49,8.81,1.53,33.51,22.41,33.9,10.18,6.74,35.58,4.83,34.39,18.46,0.42,37.61,0.62,9.26,4.37,0.36,1.66,42.0
2021-12-07,7.71,6.21,0.86,10.93,5.43,21.98,22.25,1.03,23.6,50.42,0.75,21.17,27.66,4.09,1.65,9.72,21.9,53.71,5.79,3.14,23.81,66.1,8.55,1.54,33.46,22.04,34.23,10.27,6.81,35.49,4.79,34.38,18.53,0.45,37.59,0.63,8.98,4.32,0.39,1.75,42.1
2021-12-08,7.87,6.16,0.83,10.63,5.31,21.41,21.83,0.94,25.02,49.48,0.74,21.46,28.32,4.17,1.76,10.13,22.2,52.81,5.7,3.23,24.62,65.75,8.22,1.41,32.7,22.27,34.46,10.57,6.9,35.08,4.78,34.73,18.51,0.54,36.86,0.62,9.13,4.19,0.37,1.74,42.84
2021-12-09,7.97,6.04,0.86,10.66,5.55,21.28,21.69,0.95,25.0,49.66,0.81,21.66,27.87,4.03,1.65,9.74,22.6,52.77,5.96,3.25,24.64,65.45,8.61,1.3,32.49,22.2,34.76,10.55,6.87,34.97,4.74,34.8,18.62,0.51,36.62,0.57,9.27,4.55,0.41,1.7,42.54
2021-12-10,7.91,6.1,0.89,10.5,5.49,21.47,21.75,0.96,24.93,49.79,0.84,21.57,27.8,4.03,1.65,9.67,22.49,52.75,6.03,3.38,24.57,65.44,8.67,1.32,32.74,22.15,34.56,10.55,7.0,34.63,4.71,34.83,18.83,0.51,36.48,0.62,9.24,4.52,0.47,1.72,42.56
2021-12-11,7.81,6.09,0.86,10.71,5.47,21.38,21.66,0.95,25.07,49.6,0.88,21.58,27.94,4.08,1.66,9.7,22.35,52.79,6.04,3.38,24.53,65.42,8.68,1.37,32.79,22.01,34.65,10.55,6.97,34.51,4.69,34.97,18.86,0.51,36.5,0.64,9.09,4.55,0.45,1.73,42.61
2021-12-12,7.88,6.2,0.86,10.62,5.43,21.31,21.68,0.97,25.05,49.46,0.97,21.6,27.97,4.06,1.67,9.62,22.48,52.75,6.0,3.42,24.69,65.34,8.62,1.35,32.88,21.9,34.71,10.51,7.02,34.32,4.68,34.98,19.0,0.51,36.46,0.64,9.05,4.58,0.47,1.72,42.61
2021-12-13,7.8,6.2,0.84,10.7,5.44,21.48,21.53,0.94,25.07,49.33,0.87,21.82,27.98,4.22,1.65,9.76,22.23,52.64,6.04,3.46,24.87,65.23,8.58,1.32,32.68,21.84,34.79,10.69,7.03,34.44,4.74,35.11,18.68,0.51,36.47,0.65,9.21,4.57,0.44,1.71,42.5
2021-12-14,7.85,6.08,0.83,10.87,5.47,21.55,21.46,0.96,24.93,49.52,0.84,21.62,28.02,4.15,1.68,9.59,22.38,52.58,6.12,3.5,24.81,65.25,8.61,1.33,32.77,21.85,34.85,10.53,7.09,34.34,4.67,35.05,18.85,0.52,36.13,0.65,9.35,4.61,0.44,1.74,42.45
2021-12-15,7.74,6.16,0.78,10.5,5.56,21.35,21.7,0.99,25.22,49.7,0.89,21.3,28.11,4.32,1.71,9.73,21.95,52.67,6.13,3.49,24.96,65.04,8.74,1.26,33.04,21.51,34.87,10.58,7.07,34.57,4.74,34.72,18.9,0.56,36.08,0.65,9.46,4.63,0.39,1.82,42.43
2021-12-16,8.12,5.96,0.72,10.98,5.62,20.88,21.87,0.96,24.89,49.38,0.88,21.44,28.3,4.23,1.73,9.84,22.37,52.43,6.13,3.27,24.9,65.43,8.42,1.25,33.48,21.44,34.56,10.52,7.17,34.1,4.64,35.36,18.73,0.57,35.83,0.65,9.4,4.58,0.37,1.73,42.42
2021-12-17,8.42,6.03,0.69,10.66,5.55,21.02,21.7,0.94,24.99,49.57,0.92,21.66,27.85,4.17,1.71,10.01,22.01,52.77,6.08,3.25,25.07,65.28,8.42,1.23,33.2,21.4,34.84,10.56,7.07,34.35,4.71,35.2,18.67,0.56,35.96,0.65,9.59,4.6,0.39,1.76,42.06
2021-12-18,8.27,6.03,0.7,10.74,5.58,20.7,21.83,0.96,25.19,49.36,0.88,21.75,28.01,4.4,1.68,9.91,22.3,52.47,6.0,3.24,25.27,65.08,8.43,1.22,33.13,21.39,34.84,10.64,7.06,34.28,4.67,35.41,18.58,0.58,35.73,0.62,9.75,4.68,0.36,1.72,41.96
2021-12-19,8.34,5.91,0.69,10.69,5.59,20.73,21.97,0.93,25.15,49.2,0.9,21.62,28.28,4.3,1.68,9.91,22.25,52.7,6.01,3.15,25.23,65.15,8.39,1.23,33.1,21.43,34.88,10.59,7.09,34.21,4.67,35.41,18.62,0.58,35.82,0.63,9.75,4.67,0.36,1.75,41.89
2021-12-20,8.33,6.01,0.71,10.9,5.58,20.71,21.7,0.92,25.14,49.18,0.94,21.87,28.01,4.35,1.71,10.09,22.4,52.46,5.87,3.12,25.3,65.17,8.31,1.22,33.31,21.33,34.81,10.55,7.02,34.09,4.8,35.58,18.51,0.58,35.77,0.66,9.64,4.7,0.38,1.75,41.83
2021-12-21,8.38,5.97,0.7,10.8,5.63,20.53,21.78,0.91,25.3,49.02,0.92,22.07,27.99,4.34,1.75,10.08,22.09,52.81,5.74,3.19,25.41,65.1,8.27,1.22,33.39,21.47,34.6,10.54,7.01,34.21,4.8,35.66,18.32,0.58,35.96,0.67,9.6,4.76,0.34,1.74,41.8
2021-12-22,8.28,5.83,0.61,10.92,5.54,20.53,21.92,0.85,25.52,48.9,0.92,21.93,28.25,4.36,1.79,10.05,21.97,52.84,5.86,3.13,25.02,65.61,8.11,1.26,33.76,21.59,34.32,10.33,6.99,34.09,4.84,35.51,18.57,0.59,36.13,0.7,9.51,4.73,0.35,1.73,41.6
2021-12-23,8.27,5.87,0.61,10.81,5.54,20.35,22.07,0.85,25.63,48.88,0.92,21.98,28.22,4.28,1.88,10.12,21.98,52.79,5.83,3.12,24.83,65.83,8.03,1.31,34.02,21.47,34.26,10.25,7.12,34.14,4.87,35.56,18.31,0.57,36.25,0.57,9.62,4.73,0.35,1.68,41.69
2021-12-24,8.18,5.91,0.63,10.88,5.6,19.92,22.47,0.81,25.6,49.05,0.88,21.79,28.28,4.28,1.94,10.06,21.87,52.94,5.76,3.15,24.79,65.92,7.94,1.35,33.97,21.43,34.26,10.34,7.21,34.1,4.72,35.57,18.4,0.56,36.49,0.57,9.64,4.77,0.35,1.76,41.31
2021-12-25,8.2,6.03,0.62,10.88,5.61,19.81,22.47,0.8,25.58,48.95,0.91,21.82,28.32,4.23,1.95,10.04,21.87,53.08,5.73,3.1,24.88,65.83,7.94,1.35,34.1,21.41,34.19,10.3,7.25,34.05,4.75,35.56,18.39,0.54,36.31,0.57,9.64,4.84,0.35,1.77,41.45
2021-12-26,8.19,5.91,0.63,10.84,5.59,20.01,22.43,0.86,25.54,48.94,0.93,21.77,28.36,4.3,1.93,10.03,21.91,52.98,5.78,3.07,24.83,65.9,7.91,1.36,34.01,21.32,34.32,10.35,7.16,34.08,4.76,35.59,18.41,0.56,36.41,0.57,9.59,4.82,0.35,1.74,41.38
2021-12-27,8.28,5.93,0.62,10.88,5.54,19.87,22.37,0.92,25.59,49.0,0.93,21.84,28.23,4.29,1.91,10.07,22.04,52.98,5.6,3.11,24.95,65.78,7.83,1.44,34.08,21.3,34.35,10.27,7.27,33.72,4.63,35.71,18.67,0.55,36.42,0.59,9.4,4.8,0.33,1.73,41.39
2021-12-28,8.22,5.85,0.63,10.73,5.61,20.2,22.29,0.92,25.55,49.05,0.89,21.85,28.21,4.36,1.94,10.26,21.79,52.99,5.59,3.07,25.06,65.67,7.83,1.44,34.12,21.22,34.62,10.04,7.32,33.61,4.75,35.75,18.57,0.56,36.25,0.63,9.43,4.85,0.35,1.77,41.36
2021-12-29,8.24,5.93,0.63,10.75,5.65,20.04,22.34,0.9,25.52,49.28,0.93,21.7,28.09,4.35,1.95,10.09,21.75,53.15,5.62,3.09,25.0,65.74,7.83,1.43,34.19,21.24,34.64,9.93,7.43,33.65,4.68,35.68,18.56,0.56,36.5,0.63,9.39,4.78,0.34,1.79,41.2
2021-12-30,8.42,5.93,0.63,10.71,5.52,20.15,22.15,0.97,25.52,49.22,0.88,21.67,28.23,4.4,1.93,10.14,21.81,53.05,5.58,3.09,24.98,65.76,7.82,1.44,34.28,21.24,34.54,9.94,7.37,33.53,4.71,35.85,18.54,0.56,36.35,0.62,9.36,4.85,0.36,1.78,41.38
2021-12-31,8.0,5.93,0.7,10.33,5.51,20.71,21.7,0.83,26.29,49.93,0.98,21.29,27.8,4.43,1.9,10.2,22.46,52.26,5.99,2.76,25.6,65.1,7.81,1.49,34.06,21.42,34.68,9.84,7.35,34.1,4.83,35.97,17.75,0.52,35.65,0.58,9.51,4.85,0.3,1.87,41.81
2022-01-01,8.04,5.93,0.7,10.36,5.46,20.83,21.62,0.83,26.23,50.02,1.01,21.37,27.6,4.42,1.89,10.29,22.28,52.25,6.06,2.81,25.47,65.2,7.81,1.52,33.93,21.53,34.71,9.83,7.37,34.14,4.86,35.93,17.7,0.53,35.58,0.58,9.46,4.9,0.29,1.86,41.83
2022-01-02,7.99,5.97,0.7,10.36,5.44,20.79,21.62,0.83,26.3,49.97,0.99,21.3,27.74,4.45,1.9,10.23,22.28,52.25,6.07,2.82,25.54,65.07,7.88,1.51,34.05,21.43,34.7,9.82,7.41,34.06,4.87,36.06,17.6,0.53,35.61,0.57,9.51,4.85,0.3,1.86,41.87
2022-01-03,8.1,5.58,0.69,10.48,5.55,21.09,21.62,0.78,26.11,49.26,0.99,21.74,28.01,4.67,1.95,10.24,22.54,51.54,6.27,2.79,25.31,65.2,8.01,1.48,34.58,20.91,34.88,9.63,7.37,34.85,4.82,35.66,17.3,0.51,35.61,0.56,9.53,4.91,0.31,1.9,41.61
2022-01-04,7.87,5.84,0.69,10.35,5.44,21.24,21.44,0.82,26.31,49.12,0.99,22.02,27.87,4.79,1.95,10.2,22.87,51.13,6.27,2.79,25.57,65.57,7.39,1.47,34.2,21.25,35.22,9.33,7.2,35.25,4.55,35.83,17.17,0.49,36.16,0.53,9.31,4.9,0.31,1.96,41.48
2022-01-05,7.35,5.84,0.7,10.28,5.3,21.98,20.88,0.81,26.86,48.65,1.15,22.56,27.64,4.85,1.94,10.32,23.23,50.49,6.21,2.96,26.04,64.78,7.52,1.66,34.24,21.52,35.36,8.88,7.03,34.97,4.66,36.07,17.27,0.46,35.62,0.51,9.09,5.01,0.33,1.96,42.03
2022-01-06,7.6,5.79,0.7,9.9,5.2,21.81,20.88,0.84,27.28,48.28,1.15,22.7,27.87,4.53,1.77,10.4,22.41,51.48,6.05,3.36,25.51,65.37,7.34,1.78,33.63,22.32,35.31,8.74,6.87,34.45,4.66,36.25,17.77,0.43,36.06,0.53,9.89,4.95,0.29,1.46,41.61
2022-01-07,7.13,5.88,0.75,10.36,5.13,21.53,21.59,0.86,26.77,48.97,1.19,22.48,27.36,4.61,1.82,10.12,22.57,51.62,5.66,3.6,24.92,65.72,7.54,1.82,33.2,22.65,35.27,8.88,6.52,35.0,4.83,35.43,18.22,0.71,36.78,0.49,9.39,4.62,0.27,1.2,41.98
2022-01-08,7.12,5.89,0.81,10.61,5.05,22.31,21.19,0.77,26.25,49.06,1.27,22.56,27.11,4.77,1.93,9.79,22.83,51.44,5.6,3.64,24.47,65.91,7.76,1.86,33.29,22.77,35.0,8.94,6.44,34.89,4.86,35.33,18.48,0.75,36.66,0.61,9.55,4.63,0.25,1.24,41.94
2022-01-09,7.13,5.74,0.79,10.59,5.08,22.2,21.32,0.79,26.36,49.07,1.25,22.46,27.22,4.78,1.94,9.67,22.78,51.52,5.66,3.65,24.46,65.92,7.75,1.87,33.19,22.87,34.92,9.02,6.37,35.2,4.85,35.22,18.36,0.75,36.69,0.59,9.46,4.68,0.25,1.27,41.95
2022-01-10,7.11,5.52,0.82,10.68,5.23,22.72,21.0,0.75,26.17,48.73,1.19,22.79,27.29,4.54,2.0,9.89,22.35,51.81,5.75,3.66,24.25,66.21,7.59,1.95,32.62,23.14,35.02,9.22,6.37,34.96,4.95,35.29,18.43,0.84,36.59,0.65,9.61,4.44,0.32,1.24,42.09
2022-01-11,7.19,5.37,0.85,10.99,5.05,22.49,20.71,0.73,26.62,48.58,1.16,22.69,27.57,4.82,2.07,9.83,22.91,51.42,5.49,3.46,24.33,66.13,7.67,1.87,32.69,22.9,35.38,9.03,6.3,35.15,4.9,35.4,18.25,0.85,36.21,0.64,9.76,4.56,0.34,1.29,42.44
2022-01-12,7.44,5.04,0.8,11.51,5.49,22.26,20.41,0.75,26.3,48.47,1.27,22.71,27.55,4.65,2.05,9.84,22.4,51.96,5.58,3.52,23.62,66.91,7.48,1.99,32.43,22.89,35.53,9.15,6.45,35.43,4.86,34.87,18.39,0.84,36.31,0.6,9.8,4.41,0.29,1.35,42.35
2022-01-13,7.61,5.06,0.83,11.69,5.58,22.48,20.47,0.73,25.55,48.64,1.32,22.72,27.32,4.58,2.03,9.83,22.43,51.93,5.7,3.5,23.74,66.83,7.36,2.07,33.24,22.34,35.03,9.39,6.54,35.09,5.15,34.95,18.27,0.87,36.39,0.55,9.86,4.42,0.29,1.37,42.19
2022-01-14,7.65,5.07,0.81,11.59,5.55,22.38,20.62,0.73,25.6,48.62,1.33,22.85,27.2,4.52,2.0,9.83,22.39,52.09,5.74,3.43,23.94,66.72,7.27,2.07,32.87,22.76,34.99,9.38,6.46,35.08,5.24,34.75,18.47,0.88,36.06,0.54,9.8,4.43,0.29,1.45,42.52
2022-01-15,7.84,5.49,0.85,11.79,5.53,22.49,20.59,0.73,24.69,48.06,1.39,23.33,27.22,4.61,1.95,10.0,21.73,52.71,5.65,3.35,23.81,66.96,7.14,2.09,32.66,22.11,35.33,9.9,7.05,34.77,5.06,34.51,18.61,0.88,36.23,0.54,9.88,4.32,0.37,1.49,42.12
2022-01-16,7.87,5.42,0.84,11.7,5.62,22.58,20.49,0.73,24.75,48.0,1.32,23.26,27.42,4.62,1.93,10.04,21.78,52.61,5.65,3.37,23.63,67.09,7.16,2.12,32.78,22.1,35.17,9.95,7.0,34.81,5.0,34.47,18.72,0.88,36.23,0.54,9.84,4.41,0.36,1.5,42.1
2022-01-17,7.83,5.37,0.89,13.21,5.64,21.94,20.88,0.66,23.58,47.83,1.4,23.41,27.36,4.91,2.0,10.11,21.96,52.75,4.97,3.3,24.69,65.96,7.21,2.14,31.95,22.04,35.92,10.09,7.17,34.08,5.14,35.11,18.5,1.02,36.1,0.56,10.23,4.12,0.27,1.56,42.16
2022-01-18,7.82,5.22,0.78,14.95,5.33,22.18,19.78,0.62,23.32,47.46,1.39,23.68,27.47,5.28,2.19,10.39,21.96,51.51,5.6,3.07,26.06,64.69,7.28,1.97,31.56,22.08,36.53,9.83,7.16,33.34,5.4,35.51,18.59,1.09,36.03,0.51,9.77,4.23,0.28,1.69,42.42
2022-01-19,8.0,5.1,0.86,16.32,5.44,21.77,19.39,0.66,22.46,46.08,1.44,24.34,28.14,5.51,2.33,10.73,21.69,51.23,5.61,2.9,27.05,63.82,7.26,1.87,32.28,21.78,35.79,10.15,7.08,32.33,5.62,35.94,19.03,0.87,36.14,0.46,9.52,4.07,0.22,1.69,42.54
2022-01-20,7.94,5.26,0.86,16.68,5.41,21.67,19.2,0.65,22.33,45.94,1.41,24.57,28.08,5.34,2.36,10.89,21.92,50.81,5.76,2.92,27.45,63.68,7.11,1.76,31.89,21.88,36.26,9.97,7.13,32.31,5.74,35.98,18.84,0.9,36.04,0.45,9.69,4.11,0.21,1.6,42.42
2022-01-21,7.93,5.22,0.83,16.57,5.2,22.16,19.08,0.63,22.38,46.05,1.39,24.55,28.01,5.44,2.34,10.91,21.98,50.78,5.74,2.81,27.68,63.47,7.13,1.72,32.15,22.09,36.06,9.7,6.99,32.29,5.77,36.05,18.9,0.83,35.64,0.46,9.62,4.28,0.21,1.62,42.88
2022-01-22,7.82,5.55,0.86,16.6,5.22,21.85,18.87,0.66,22.57,45.98,1.32,24.32,28.38,5.39,2.26,10.9,22.7,50.35,5.67,2.73,27.24,64.03,7.04,1.69,32.55,22.34,35.29,9.82,7.25,32.42,5.53,35.59,19.21,0.83,35.48,0.55,9.62,4.52,0.22,1.6,42.76
2022-01-23,7.77,5.49,0.85,16.65,5.24,22.04,18.74,0.66,22.56,45.99,1.39,24.31,28.31,5.44,2.3,10.82,22.62,50.42,5.65,2.75,27.47,63.69,7.14,1.7,32.33,22.25,35.61,9.81,7.23,32.36,5.8,35.39,19.22,0.81,35.43,0.55,9.62,4.54,0.21,1.58,42.85
2022-01-24,7.79,5.71,0.89,16.31,5.3,21.99,18.9,0.66,22.45,45.97,1.39,24.17,28.47,5.43,2.22,10.89,22.48,50.72,5.7,2.56,26.89,64.32,7.09,1.7,32.27,22.61,35.24,9.88,7.42,32.16,5.6,35.46,19.36,0.77,35.45,0.56,9.76,4.53,0.25,1.53,42.58
2022-01-25,7.78,5.63,0.86,16.55,5.28,21.71,18.65,0.63,22.91,46.43,1.33,23.86,28.38,5.29,2.08,10.73,22.6,51.11,5.68,2.51,26.85,64.26,7.2,1.69,32.72,22.48,35.42,9.38,7.21,32.13,5.62,35.66,19.38,0.7,35.86,0.59,9.43,4.61,0.27,1.54,42.5
2022-01-26,7.79,5.57,0.86,16.62,5.29,21.78,18.69,0.61,22.79,46.62,1.31,23.81,28.26,5.25,2.09,10.7,22.62,51.13,5.72,2.49,26.93,64.26,7.05,1.76,32.75,22.51,35.38,9.36,7.29,32.2,5.6,35.54,19.37,0.71,35.76,0.59,9.32,4.66,0.26,1.49,42.71
2022-01-27,7.7,5.61,0.85,16.31,5.49,22.04,18.44,0.64,22.92,47.02,1.38,23.74,27.86,5.19,2.0,10.59,22.45,51.64,5.66,2.47,26.53,64.74,7.07,1.66,32.65,22.9,35.25,9.2,7.32,32.37,5.48,35.47,19.36,0.63,35.92,0.6,9.3,4.84,0.26,1.53,42.41
2022-01-28,7.62,5.52,0.82,16.47,5.33,21.64,18.6,0.63,23.37,46.66,1.24,24.09,28.01,5.31,1.99,10.76,22.37,51.62,5.53,2.42,26.79,64.46,7.07,1.68,32.58,22.67,35.29,9.46,7.21,32.2,5.57,35.61,19.41,0.64,35.95,0.6,9.21,4.87,0.2,1.55,42.54
2022-01-29,7.78,5.45,0.86,16.53,5.38,21.27,18.52,0.6,23.61,46.72,1.3,24.27,27.71,5.28,1.98,10.87,22.09,51.83,5.53,2.42,27.28,64.42,6.77,1.53,32.52,22.27,35.64,9.57,6.97,32.45,5.46,35.71,19.41,0.62,36.61,0.56,8.93,4.99,0.19,1.48,42.35
2022-01-30,7.8,5.33,0.89,16.48,5.38,21.31,18.51,0.62,23.68,46.72,1.3,24.25,27.73,5.18,1.99,10.85,22.2,51.75,5.61,2.42,27.24,64.41,6.84,1.51,32.6,22.18,35.71,9.51,7.01,32.48,5.45,35.66,19.4,0.57,36.7,0.56,8.93,4.98,0.19,1.48,42.33
2022-01-31,8.22,5.24,0.92,16.28,5.08,21.35,17.89,0.75,24.27,45.0,1.52,25.1,28.38,5.35,1.93,10.9,22.23,51.9,5.51,2.18,28.02,62.92,7.3,1.76,32.81,21.39,36.33,9.47,7.49,32.52,5.4,34.71,19.88,0.59,37.33,0.5,7.98,4.81,0.19,1.35,43.53
2022-02-01,7.75,5.75,0.95,15.47,5.16,23.07,16.85,0.78,24.22,45.3,1.68,25.42,27.6,5.26,1.9,10.79,21.95,52.6,5.21,2.29,27.31,63.66,7.23,1.8,33.67,22.09,35.3,8.94,8.05,32.63,5.6,33.77,19.95,0.63,36.76,0.54,8.31,4.83,0.18,1.37,43.6
2022-02-02,7.77,5.6,0.82,15.16,5.52,24.17,16.57,0.79,23.6,44.3,1.69,25.68,28.33,5.29,1.84,10.93,21.94,52.16,5.42,2.42,27.94,63.29,6.87,1.9,33.41,21.81,35.92,8.86,7.54,33.65,5.43,34.04,19.34,0.6,36.56,0.59,8.08,4.66,0.18,1.55,43.96
2022-02-03,7.73,5.42,0.84,13.83,5.98,24.22,16.56,0.79,24.63,44.01,1.61,26.01,28.37,5.49,1.79,11.17,21.81,51.85,5.39,2.5,27.65,63.81,6.53,2.01,33.33,21.62,35.78,9.27,7.25,34.91,5.08,34.2,18.56,0.54,36.99,0.48,8.09,4.57,0.18,1.65,43.6
2022-02-04,7.67,5.6,0.9,13.89,6.33,23.73,16.58,0.68,24.62,43.73,1.85,26.58,27.84,5.49,1.74,11.75,22.17,50.97,5.43,2.45,28.13,63.58,6.36,1.93,33.62,21.44,35.97,8.97,7.31,35.09,4.25,34.48,18.87,0.48,37.08,0.44,8.3,4.62,0.26,1.66,43.26
2022-02-05,7.73,5.86,1.0,13.52,6.1,23.77,16.53,0.72,24.77,43.28,1.93,27.24,27.55,5.46,1.67,11.82,21.58,51.5,5.31,2.66,27.67,63.96,6.21,2.16,33.28,21.35,36.41,8.96,7.5,35.75,3.76,34.48,18.51,0.49,37.86,0.51,7.88,4.72,0.23,1.65,42.57
2022-02-06,7.55,5.85,1.0,13.56,6.07,23.8,16.49,0.75,24.93,43.59,1.94,27.16,27.31,5.8,1.71,11.79,21.52,51.32,5.23,2.63,27.59,64.1,6.18,2.13,33.51,21.21,36.3,8.98,7.39,35.61,4.02,34.38,18.6,0.48,37.62,0.5,7.86,4.74,0.24,1.7,42.88
2022-02-07,8.33,5.85,1.01,13.83,6.02,23.64,16.14,0.66,24.52,43.72,1.83,26.76,27.69,5.14,1.63,12.06,21.46,51.84,5.15,2.72,28.24,63.47,6.1,2.19,32.44,21.67,36.82,9.07,7.57,35.72,3.84,34.52,18.35,0.43,38.37,0.42,8.04,4.83,0.35,1.6,41.65
2022-02-08,8.12,6.14,1.22,13.06,6.14,24.21,16.4,0.56,24.15,43.95,1.86,26.37,27.82,5.19,1.5,12.03,21.8,51.82,4.91,2.75,28.26,63.19,6.07,2.48,32.85,21.46,36.43,9.26,7.64,36.01,4.05,33.92,18.38,0.53,38.48,0.37,7.95,4.85,0.32,1.66,41.88
2022-02-09,7.77,5.84,1.27,12.0,5.89,24.96,16.09,0.5,25.68,44.99,1.88,25.75,27.38,5.11,1.48,11.63,21.83,52.44,4.75,2.76,27.49,64.14,5.9,2.47,32.7,21.46,37.11,8.73,7.55,36.93,4.07,33.36,18.09,0.59,39.64,0.3,7.77,4.58,0.33,1.72,41.28
2022-02-10,7.32,5.48,1.32,11.94,5.43,25.06,17.22,0.55,25.68,45.67,1.69,25.05,27.59,4.87,1.81,10.84,21.85,53.39,4.52,2.72,27.13,64.61,5.86,2.4,32.4,21.5,37.04,9.06,7.21,37.12,4.32,33.04,18.31,0.6,37.9,0.3,8.77,4.32,0.3,1.72,42.17
2022-02-11,7.18,5.6,1.29,11.67,5.34,25.13,17.22,0.48,26.09,46.48,1.44,24.76,27.32,4.83,1.93,10.71,21.52,53.67,4.7,2.64,26.76,64.95,5.83,2.46,33.35,21.81,36.35,8.49,6.93,36.94,4.36,33.2,18.57,0.62,37.77,0.38,8.69,4.13,0.33,1.56,42.39
2022-02-12,7.31,5.3,1.28,11.36,5.49,25.51,16.92,0.66,26.17,45.78,1.57,25.47,27.18,4.45,2.03,11.22,21.49,53.19,4.86,2.76,27.01,64.84,5.67,2.48,32.85,21.38,36.99,8.78,6.34,36.86,4.6,34.03,18.17,0.72,37.58,0.49,8.64,4.06,0.36,1.54,42.78
2022-02-13,7.28,5.55,1.26,11.55,5.49,25.44,16.88,0.68,25.87,45.96,1.54,25.49,27.01,4.44,2.0,11.18,21.62,53.18,4.81,2.77,26.87,65.04,5.64,2.45,32.74,21.45,36.97,8.84,6.46,36.66,4.57,33.88,18.43,0.74,37.53,0.48,8.82,3.99,0.35,1.52,42.81
2022-02-14,7.07,5.63,1.3,11.35,5.39,24.83,17.0,0.6,26.83,46.52,1.46,25.93,26.09,4.67,1.94,11.64,21.76,52.61,4.59,2.79,27.0,64.68,5.88,2.44,32.39,21.17,37.88,8.56,6.27,36.4,4.85,34.59,17.89,0.82,37.08,0.56,8.47,3.84,0.38,1.51,43.81
2022-02-15,6.87,5.96,1.33,10.4,4.85,25.0,17.83,0.62,27.14,46.1,1.43,26.64,25.83,4.79,1.96,11.81,21.91,52.18,4.7,2.65,27.13,64.55,5.95,2.37,32.14,20.58,38.35,8.93,6.14,36.45,5.19,34.33,17.89,0.72,37.62,0.49,8.33,4.11,0.36,1.43,43.62
2022-02-16,6.77,5.88,1.37,9.57,4.81,25.2,17.64,0.62,28.14,46.1,1.33,26.27,26.3,4.73,2.11,11.71,22.22,51.91,4.87,2.45,28.75,62.68,6.15,2.42,32.62,19.46,39.37,8.55,5.9,36.29,4.69,35.34,17.78,0.6,37.85,0.36,8.74,3.72,0.39,1.39,43.46
2022-02-17,6.9,6.06,1.51,9.32,5.26,25.45,17.5,0.66,27.34,46.16,1.2,25.39,27.25,4.61,2.1,11.21,22.46,51.79,5.31,2.52,28.47,62.96,6.51,2.06,32.46,19.56,39.18,8.8,5.97,36.69,4.24,35.12,17.98,0.51,37.59,0.31,8.98,4.23,0.44,1.53,42.89
2022-02-18,6.5,5.86,1.61,9.35,5.02,26.09,18.07,0.61,26.89,45.68,1.2,26.53,26.59,5.09,2.06,11.99,21.72,51.55,5.01,2.58,28.72,61.74,7.48,2.06,31.5,19.62,39.56,9.32,5.61,36.63,4.27,35.41,18.08,0.48,38.54,0.41,9.26,4.67,0.39,1.3,41.52
2022-02-19,6.2,5.98,1.59,9.73,5.44,26.23,17.5,0.61,26.72,44.92,1.12,27.22,26.74,5.04,1.98,11.77,22.08,51.83,4.76,2.54,28.03,62.72,7.21,2.04,31.07,19.74,40.5,8.69,5.63,36.69,4.57,36.06,17.05,0.81,39.18,0.43,8.51,4.63,0.42,1.3,41.29
2022-02-20,6.26,5.89,1.59,9.74,5.45,26.22,17.45,0.61,26.79,45.08,1.01,27.1,26.81,4.96,1.97,11.82,22.19,51.8,4.77,2.49,28.0,62.79,7.22,1.99,31.08,19.63,40.62,8.67,5.72,36.69,4.51,35.99,17.09,0.81,39.22,0.41,8.45,4.61,0.41,1.29,41.37
2022-02-21,6.48,6.25,1.64,10.02,5.43,26.13,17.03,0.55,26.47,45.25,1.02,27.32,26.41,4.75,1.62,11.47,21.93,52.56,5.21,2.46,27.93,62.94,7.18,1.95,31.45,19.21,40.22,9.12,5.65,37.23,4.39,35.64,17.09,1.02,39.1,0.38,8.72,4.68,0.49,1.36,40.87
2022-02-22,6.89,6.02,1.69,9.89,5.26,26.25,16.98,0.59,26.43,44.93,0.8,28.0,26.27,4.79,1.66,11.72,22.79,51.22,5.37,2.45,28.37,62.43,7.16,2.04,30.54,19.5,41.31,8.65,5.51,36.68,4.82,36.1,16.89,1.05,40.33,0.5,8.61,4.54,0.49,1.15,39.98
2022-02-23,6.52,6.48,1.8,9.5,5.75,26.4,16.3,0.59,26.66,44.86,0.9,28.18,26.06,4.65,1.75,11.73,22.94,51.17,5.11,2.65,28.41,62.39,7.11,2.09,30.3,19.57,41.09,9.04,5.43,36.54,5.01,36.52,16.5,0.84,39.73,0.42,8.5,4.35,0.44,1.18,41.26
2022-02-24,6.37,7.04,1.97,9.57,6.04,25.6,15.94,0.76,26.71,44.53,0.97,28.18,26.32,4.94,1.94,12.16,22.27,51.34,4.79,2.56,28.92,61.94,6.94,2.2,30.31,20.81,39.87,9.01,5.43,37.03,5.38,35.55,16.61,1.06,39.3,0.6,8.49,4.99,0.43,1.26,40.59
2022-02-25,6.34,6.7,1.96,10.82,6.06,24.92,15.3,0.76,27.14,43.9,0.99,28.63,26.48,4.56,1.84,12.75,22.77,50.61,5.1,2.37,29.25,61.93,6.64,2.18,29.27,21.9,39.43,9.4,5.67,36.2,5.58,35.37,17.18,1.0,40.33,0.7,8.69,4.53,0.43,1.32,39.87
2022-02-26,6.48,6.74,1.84,9.91,5.81,25.12,16.23,0.61,27.26,44.31,0.86,28.3,26.53,4.53,1.87,12.25,23.33,50.77,5.05,2.2,29.26,62.0,6.63,2.11,28.73,22.92,38.72,9.63,5.72,36.73,5.14,34.67,17.74,0.96,41.28,0.54,8.56,4.28,0.47,1.25,39.87
2022-02-27,6.5,6.73,1.87,9.91,5.81,25.09,16.2,0.62,27.27,44.34,0.9,28.3,26.46,4.53,1.89,12.24,23.42,50.7,5.03,2.19,29.18,62.08,6.65,2.09,28.71,22.88,38.71,9.7,5.69,36.84,5.14,34.59,17.74,0.96,41.26,0.54,8.56,4.3,0.48,1.14,39.94
2022-02-28,6.57,6.43,1.95,10.38,5.43,24.64,16.87,0.58,27.15,44.18,0.76,28.4,26.66,4.43,1.91,13.22,22.79,50.29,5.03,2.33,29.72,61.82,6.3,2.16,28.87,22.01,39.45,9.67,5.63,36.59,4.91,35.37,17.5,1.02,42.52,0.4,8.58,4.27,0.36,1.26,38.69
2022-03-01,6.56,6.43,1.94,10.38,5.35,24.72,16.9,0.59,27.13,44.24,0.76,28.35,26.65,4.46,1.94,13.25,22.69,50.33,4.96,2.37,29.7,61.73,6.39,2.18,28.76,21.95,39.56,9.73,5.56,36.57,4.85,35.44,17.58,1.02,42.38,0.4,8.59,4.24,0.36,1.26,38.91
2022-03-02,6.49,6.22,1.99,10.39,5.26,25.14,16.64,0.62,27.25,43.27,0.68,28.88,27.17,4.49,1.99,13.61,23.25,49.3,5.13,2.23,29.68,61.94,6.22,2.16,28.57,22.2,39.75,9.48,5.82,35.97,4.92,35.72,17.57,1.01,42.13,0.44,8.4,4.11,0.34,1.25,39.35
2022-03-03,6.4,6.31,1.88,10.41,5.19,24.98,17.1,0.65,27.08,44.4,0.64,27.56,27.4,4.44,2.04,13.45,23.2,49.38,5.29,2.2,29.85,61.96,5.95,2.24,28.55,22.32,39.47,9.66,6.1,35.73,5.08,35.39,17.7,0.97,42.52,0.38,8.43,3.65,0.31,1.24,39.69
2022-03-04,6.56,6.67,1.86,9.95,4.96,25.63,17.2,0.56,26.61,44.62,0.63,27.33,27.42,4.25,2.09,12.88,23.78,49.23,5.66,2.11,29.38,62.47,5.9,2.25,27.98,23.07,39.01,9.94,6.19,35.42,4.91,35.3,18.18,0.84,42.62,0.42,8.39,3.39,0.27,1.11,40.14
2022-03-05,6.53,6.62,1.71,9.47,4.87,25.96,17.32,0.6,26.92,44.99,0.57,27.47,26.97,4.34,2.16,12.47,24.17,49.52,5.3,2.04,28.44,63.48,5.85,2.23,27.93,22.95,38.75,10.37,6.08,36.1,4.77,34.96,18.09,0.96,43.37,0.39,8.27,3.48,0.19,0.93,39.5
2022-03-06,6.57,6.61,1.71,9.48,4.91,25.94,17.35,0.61,26.82,45.03,0.6,27.48,26.89,4.32,2.17,12.57,24.16,49.47,5.28,2.03,28.55,63.4,5.83,2.22,27.84,22.99,38.82,10.35,6.04,36.0,4.82,34.97,18.17,0.96,43.32,0.38,8.25,3.49,0.2,0.91,39.55
2022-03-07,6.77,6.49,1.76,8.69,4.6,25.56,18.73,0.59,26.81,45.05,0.61,27.03,27.31,4.34,2.13,12.1,24.79,49.64,4.85,2.15,28.77,63.52,5.6,2.11,27.65,23.3,38.46,10.59,5.96,35.14,5.06,36.37,17.47,0.91,43.45,0.24,8.37,3.74,0.21,1.01,39.08
2022-03-08,7.07,5.9,1.54,8.14,4.4,25.05,19.81,0.68,27.41,44.33,0.55,27.49,27.63,3.93,1.99,12.83,24.35,49.79,5.0,2.11,28.16,64.2,5.37,2.27,28.42,23.17,37.07,11.34,5.92,34.23,5.52,36.79,17.54,0.84,42.59,0.36,8.34,3.71,0.25,1.29,39.24
2022-03-09,6.76,6.98,1.7,7.35,4.45,24.61,20.72,0.67,26.76,41.18,0.66,28.88,29.28,3.81,2.5,14.2,24.16,48.19,4.89,2.25,27.99,63.75,6.11,2.15,28.16,22.27,38.78,10.79,5.85,31.74,4.63,39.62,18.16,0.98,40.27,0.48,9.37,3.53,0.19,1.52,40.18
2022-03-10,6.69,6.88,1.57,7.01,4.35,24.49,21.52,0.74,26.75,40.65,0.64,29.58,29.13,3.76,2.49,14.32,23.87,48.35,5.0,2.21,28.22,63.16,6.32,2.3,27.65,22.47,39.6,10.28,5.5,30.54,4.68,40.42,18.86,0.95,40.66,0.57,9.24,3.66,0.19,1.54,39.58
2022-03-11,6.32,6.98,1.55,6.74,4.3,24.9,21.66,0.73,26.82,40.03,0.71,29.45,29.81,4.02,2.68,14.67,24.42,47.2,4.66,2.35,27.84,63.38,6.42,2.36,27.39,21.46,40.87,10.28,5.38,29.59,4.39,41.01,19.63,0.88,40.59,0.56,9.52,3.68,0.18,1.77,39.24
2022-03-12,6.3,6.99,1.52,6.79,4.31,24.83,21.53,0.73,27.0,39.96,0.7,29.52,29.82,4.02,2.63,14.68,24.38,47.32,4.63,2.34,27.79,63.45,6.44,2.32,27.5,21.31,40.94,10.25,5.38,29.49,4.42,41.0,19.71,0.88,40.63,0.56,9.57,3.68,0.18,1.77,39.26
2022-03-13,6.38,6.92,1.54,6.81,4.31,24.95,21.59,0.7,26.8,39.95,0.67,29.58,29.8,4.05,2.64,14.79,24.5,47.01,4.65,2.36,27.93,63.29,6.42,2.36,27.41,21.47,40.8,10.32,5.4,29.38,4.43,41.09,19.7,0.88,40.59,0.57,9.53,3.64,0.18,1.77,39.29
2022-03-14,6.33,7.03,1.51,6.76,4.3,24.97,21.58,0.7,26.82,40.0,0.69,29.53,29.78,4.01,2.64,14.68,24.42,47.22,4.68,2.35,27.87,63.33,6.46,2.34,27.48,21.4,40.87,10.25,5.38,29.59,4.43,40.96,19.64,0.89,40.57,0.57,9.53,3.67,0.18,1.77,39.29
2022-03-15,6.59,7.0,1.73,6.6,4.34,24.67,21.23,0.73,27.11,40.92,0.77,28.93,29.38,3.88,2.5,14.62,24.74,47.72,4.17,2.37,27.22,64.04,6.31,2.43,27.59,21.62,40.09,10.7,5.33,29.19,4.58,41.29,19.61,0.87,41.31,0.53,8.52,3.73,0.17,1.64,39.74
2022-03-16,6.5,7.43,1.95,6.36,4.21,23.65,21.92,0.72,27.26,41.26,0.88,29.1,28.76,3.72,2.46,14.56,24.32,48.07,4.39,2.48,27.28,64.19,6.13,2.4,27.95,21.23,39.91,10.91,5.94,28.23,4.34,42.08,19.41,0.92,40.42,0.57,8.67,3.97,0.19,1.77,39.65
2022-03-17,6.26,8.13,2.19,6.59,4.36,24.53,20.99,0.75,26.2,41.37,1.99,27.62,29.02,3.74,2.1,12.94,25.72,47.45,4.19,3.86,27.31,63.99,5.41,3.29,28.59,21.49,39.22,10.7,7.65,27.49,4.01,42.02,18.83,0.8,39.22,0.73,8.24,4.27,0.27,1.66,39.83
2022-03-18,6.29,8.11,2.18,6.58,4.33,24.69,20.91,0.74,26.17,41.35,1.98,27.51,29.16,3.8,2.11,12.93,25.71,47.38,4.2,3.87,27.26,63.94,5.48,3.32,28.53,21.41,39.25,10.81,7.65,27.62,3.84,42.0,18.89,0.79,39.29,0.74,8.23,4.25,0.26,1.71,39.82
2022-03-19,6.26,8.17,2.17,6.59,4.35,24.52,20.97,0.75,26.22,41.49,2.01,27.51,28.99,3.74,2.11,12.94,25.59,47.57,4.22,3.83,27.39,63.91,5.42,3.28,28.61,21.54,39.22,10.63,7.63,27.46,4.05,42.01,18.85,0.78,39.26,0.74,8.26,4.27,0.26,1.69,39.75
2022-03-20,6.27,8.19,2.17,6.62,4.29,24.42,20.97,0.75,26.32,41.26,1.96,27.66,29.12,3.76,2.1,12.89,25.65,47.62,4.15,3.83,27.3,63.89,5.49,3.32,28.67,21.39,39.28,10.66,7.79,27.33,4.08,41.96,18.84,0.77,39.36,0.72,8.3,4.27,0.26,1.7,39.65
2022-03-21,6.28,7.23,1.82,6.39,5.03,22.87,21.93,1.25,27.2,40.32,0.86,28.76,30.06,3.96,2.39,12.48,26.75,47.46,4.43,2.53,27.87,62.82,6.74,2.57,25.38,23.07,40.43,11.12,7.24,27.86,4.01,42.16,18.73,0.81,38.78,0.63,9.84,4.72,0.27,1.64,39.93
2022-03-22,5.97,7.41,1.8,5.58,4.72,23.8,22.6,1.09,27.03,40.17,0.88,30.15,28.8,3.89,2.41,12.84,27.59,45.85,5.02,2.4,27.25,63.4,7.14,2.21,24.44,23.32,40.78,11.46,6.6,27.16,3.9,43.17,19.17,0.62,38.86,0.55,9.2,4.33,0.38,1.56,41.25
2022-03-23,6.1,7.14,1.67,5.31,4.93,22.7,22.56,1.14,28.45,39.88,0.74,30.33,29.05,4.53,1.93,13.66,27.86,45.22,4.56,2.24,26.56,64.18,7.21,2.05,22.89,24.1,41.13,11.88,6.75,26.28,4.18,43.47,19.32,0.5,40.07,0.47,9.23,4.09,0.31,1.38,41.12
2022-03-24,5.91,7.53,1.8,5.44,5.31,21.41,24.89,0.82,26.89,39.11,0.82,29.7,30.37,4.63,1.33,14.65,27.39,45.87,3.82,2.31,26.03,63.47,8.58,1.92,23.43,24.46,40.75,11.36,6.63,26.09,3.33,43.79,20.16,0.87,39.63,0.33,8.97,4.23,0.23,1.39,41.52
2022-03-25,5.86,8.07,1.85,5.3,5.61,21.48,24.98,0.73,26.12,38.59,0.81,29.78,30.82,4.33,1.3,14.81,27.57,46.14,3.66,2.19,26.5,63.54,8.05,1.91,24.36,23.66,40.31,11.67,6.38,26.35,3.2,43.67,20.4,0.75,39.91,0.33,8.96,4.46,0.26,1.11,40.89
2022-03-26,6.27,7.89,1.98,5.42,5.25,22.1,24.74,0.77,25.58,38.59,0.83,30.15,30.43,3.99,1.39,14.85,27.15,46.53,3.77,2.32,26.58,63.53,8.01,1.88,24.76,23.81,40.2,11.23,6.14,25.17,3.46,44.83,20.4,0.81,37.89,0.31,8.95,4.9,0.23,1.2,42.29
2022-03-27,6.25,7.88,1.99,5.46,5.32,22.15,24.63,0.77,25.55,38.72,0.84,30.03,30.41,4.0,1.39,14.72,27.22,46.6,3.77,2.3,26.65,63.5,8.0,1.85,24.81,23.79,40.14,11.26,6.22,25.08,3.46,44.71,20.53,0.81,37.92,0.31,9.05,4.92,0.23,1.22,42.06
2022-03-28,5.89,8.24,2.18,4.9,5.16,24.57,24.48,0.79,23.79,38.8,0.82,30.12,30.26,4.29,1.64,13.83,27.01,46.23,3.81,3.19,27.38,63.9,6.92,1.8,24.13,23.77,40.49,11.61,5.96,25.56,3.44,45.54,19.5,0.43,38.99,0.4,9.35,5.01,0.34,1.59,40.06
2022-03-29,5.91,8.7,2.51,4.79,5.16,24.3,25.23,0.8,22.6,39.01,0.84,29.94,30.21,4.39,1.74,13.8,27.57,45.62,3.79,3.09,27.25,63.33,7.58,1.84,24.23,23.48,40.5,11.79,5.41,26.07,3.19,46.09,19.24,0.47,38.37,0.35,9.14,4.39,0.39,1.58,41.42
2022-03-30,5.77,7.9,2.78,4.98,5.55,23.86,26.03,0.85,22.28,40.08,0.88,30.18,28.86,4.51,1.77,13.62,27.2,46.51,3.56,2.83,26.86,64.34,6.85,1.95,23.58,24.42,40.03,11.97,5.47,25.68,3.62,45.75,19.48,0.51,39.04,0.42,8.81,4.02,0.2,1.7,41.82
2022-03-31,6.12,7.56,2.67,5.0,5.74,22.65,27.49,0.84,21.93,39.87,0.78,28.58,30.77,4.43,1.83,13.39,27.81,46.87,3.33,2.34,26.2,64.97,6.89,1.94,21.86,26.03,39.99,12.12,5.78,25.8,4.32,44.71,19.39,0.61,39.06,0.28,7.96,4.75,0.21,1.87,42.11
2022-04-01,6.07,7.49,2.26,4.94,5.74,22.2,28.69,0.91,21.7,40.49,0.69,28.55,30.27,4.22,1.48,13.55,26.65,48.41,3.43,2.26,25.77,65.34,6.98,1.91,21.2,26.51,40.07,12.22,5.57,25.61,4.71,44.96,19.15,0.83,38.24,0.3,7.89,4.68,0.27,2.2,43.01
2022-04-02,5.97,7.22,2.2,4.79,5.26,21.17,30.48,0.94,21.97,41.79,0.82,27.71,29.68,4.06,1.27,13.61,26.59,48.79,3.49,2.19,26.73,63.79,7.5,1.98,23.29,26.88,38.46,11.37,6.1,26.29,4.63,42.95,20.03,0.97,39.93,0.26,8.65,4.27,0.27,1.85,41.44
2022-04-03,5.8,7.21,2.34,4.74,5.18,21.26,30.42,0.94,22.11,41.82,0.86,27.69,29.63,4.04,1.27,13.63,26.66,48.66,3.52,2.22,26.94,63.69,7.42,1.95,23.25,26.69,38.53,11.53,6.04,26.28,4.5,43.1,20.08,0.96,40.09,0.26,8.67,4.16,0.24,1.86,41.3
2022-04-04,5.68,7.07,2.19,4.52,5.19,20.89,30.99,0.84,22.63,41.44,1.04,27.55,29.97,3.95,1.56,13.37,25.97,49.46,3.57,2.12,27.21,63.72,7.2,1.87,23.7,26.75,37.44,12.11,6.02,26.6,4.34,42.49,20.55,1.15,39.24,0.25,8.3,4.47,0.24,1.39,42.53
2022-04-05,5.51,6.69,2.31,4.47,5.2,21.2,31.44,0.87,22.31,42.35,1.04,27.43,29.18,3.82,1.57,13.7,26.1,49.14,3.73,1.94,27.13,63.66,7.36,1.85,24.41,27.05,36.97,11.57,6.36,27.12,4.34,41.78,20.4,1.2,38.58,0.25,8.43,4.32,0.29,1.53,42.63
2022-04-06,5.59,7.1,1.98,4.0,5.32,21.03,31.92,0.94,22.12,42.23,1.19,27.43,29.15,4.15,1.59,13.62,26.07,48.75,3.73,2.09,27.28,63.49,7.44,1.79,25.34,26.27,37.16,11.23,6.55,27.28,4.01,41.71,20.45,1.09,39.2,0.3,8.47,4.35,0.27,1.7,41.86
2022-04-07,5.75,7.2,1.91,4.05,5.34,20.83,31.12,0.86,22.94,42.05,0.86,28.2,28.89,4.12,1.67,13.7,26.26,48.63,3.63,1.99,27.53,64.14,6.67,1.66,24.67,26.79,37.44,11.1,6.06,27.83,3.93,41.86,20.32,1.03,38.81,0.3,8.86,4.31,0.27,1.59,41.72
2022-04-08,5.52,7.53,1.96,3.91,5.31,21.33,30.7,0.82,22.92,40.59,0.66,28.77,29.98,4.44,1.9,13.53,27.33,47.7,3.18,1.92,27.66,64.42,6.22,1.7,22.49,28.64,37.52,11.35,6.05,28.9,4.0,41.81,19.24,1.13,38.15,0.53,9.35,4.17,0.27,1.44,41.79
2022-04-09,5.48,7.76,1.93,4.03,5.27,20.81,31.28,0.84,22.6,40.6,0.66,28.2,30.54,4.29,1.86,13.71,28.14,46.98,3.17,1.85,27.55,64.33,6.41,1.71,22.35,28.56,37.5,11.59,5.84,29.07,3.98,41.55,19.56,1.15,38.54,0.55,9.62,4.41,0.27,1.42,40.83
2022-04-10,5.46,7.71,1.9,4.02,5.21,20.84,31.34,0.84,22.68,40.58,0.64,28.2,30.58,4.3,1.84,13.75,28.22,46.92,3.14,1.83,27.66,64.29,6.35,1.7,22.42,28.51,37.56,11.51,5.79,29.2,4.01,41.68,19.32,1.17,38.59,0.55,9.75,4.38,0.27,1.46,40.6
2022-04-11,5.69,7.98,1.9,4.01,5.21,20.74,32.11,0.74,21.62,39.42,0.66,29.39,30.53,4.63,1.72,13.55,28.58,46.25,3.52,1.75,27.11,64.29,6.88,1.72,22.54,28.38,37.11,11.97,5.81,29.8,3.71,41.76,18.92,0.97,39.39,0.57,9.1,4.63,0.16,1.41,40.73
2022-04-12,5.46,8.14,1.97,3.66,5.06,21.2,32.03,0.64,21.84,39.23,0.72,29.58,30.47,4.51,1.81,13.65,29.1,45.48,3.61,1.84,27.05,63.98,7.19,1.78,23.1,28.79,35.88,12.23,5.82,29.94,3.37,41.85,19.02,1.0,40.29,0.52,9.13,4.54,0.18,1.17,40.11
2022-04-13,5.44,7.7,2.17,3.56,5.33,20.66,32.52,0.58,22.04,39.32,0.84,29.85,29.99,4.75,1.73,13.83,27.29,46.1,3.52,2.78,27.51,63.68,7.23,1.58,22.91,28.98,36.53,11.58,6.32,28.98,3.85,41.48,19.37,1.09,40.98,0.27,8.47,4.93,0.18,1.51,39.96
2022-04-14,5.28,7.91,2.01,3.74,5.08,20.93,32.76,0.64,21.65,38.96,0.8,30.44,29.8,4.72,1.64,14.0,27.82,45.43,3.39,3.0,27.19,64.43,6.79,1.59,23.81,28.89,35.9,11.4,6.12,28.37,4.24,41.72,19.55,1.17,41.21,0.3,8.44,4.97,0.18,1.46,39.72
2022-04-15,5.08,7.63,2.05,3.57,5.15,20.83,33.07,0.57,22.05,39.69,0.87,30.29,29.15,4.71,1.57,13.97,27.61,45.69,3.45,3.0,27.04,65.0,6.4,1.56,23.68,29.38,35.34,11.6,6.13,27.71,4.36,41.75,20.05,1.04,41.52,0.23,8.54,4.94,0.21,1.62,39.42
2022-04-16,5.28,7.5,1.99,3.62,4.96,20.86,33.37,0.44,21.98,39.38,0.84,30.46,29.32,4.72,1.68,14.03,27.7,45.24,3.62,3.01,26.79,64.99,6.6,1.62,23.67,28.93,35.1,12.3,5.76,27.45,4.73,42.05,20.01,1.05,40.51,0.27,8.65,5.33,0.18,1.7,39.71
2022-04-17,5.26,7.48,2.01,3.66,4.96,20.95,33.25,0.42,22.01,39.31,0.9,30.41,29.38,4.72,1.65,14.04,27.79,45.14,3.63,3.03,26.85,64.93,6.62,1.6,23.64,29.03,35.05,12.28,5.78,27.59,4.71,42.01,19.91,1.06,40.55,0.27,8.54,5.36,0.18,1.7,39.77
2022-04-18,5.27,7.53,1.97,3.59,5.05,20.92,32.98,0.39,22.3,39.26,0.88,30.2,29.66,4.77,1.81,14.14,27.85,44.79,3.5,3.14,26.82,64.8,6.62,1.76,23.77,29.1,34.84,12.29,5.76,27.43,4.82,41.88,20.11,1.04,40.79,0.26,8.65,5.22,0.18,1.62,39.69
2022-04-19,5.62,7.77,1.99,3.76,4.8,21.03,32.88,0.38,21.77,39.37,0.98,30.06,29.59,4.87,1.95,14.34,27.68,44.54,3.57,3.05,26.53,65.22,6.58,1.67,23.63,29.63,34.5,12.24,5.98,27.23,4.92,42.02,19.85,0.84,40.25,0.25,8.97,5.02,0.19,1.76,40.16
2022-04-20,5.46,8.09,1.95,3.66,4.48,21.04,33.04,0.39,21.89,40.31,0.92,28.71,30.06,5.26,1.78,14.71,29.19,42.79,3.86,2.41,26.13,65.35,6.64,1.88,23.21,30.74,34.09,11.96,6.32,28.33,5.68,39.71,19.96,1.38,40.41,0.25,9.28,4.99,0.2,1.29,39.52
2022-04-21,5.57,7.89,1.76,3.63,4.69,20.98,33.35,0.46,21.67,41.27,0.87,28.48,29.38,5.0,2.05,15.18,28.93,42.5,3.97,2.37,26.62,65.14,6.46,1.78,22.55,31.4,34.78,11.27,6.02,28.98,5.96,39.66,19.38,1.21,39.97,0.3,9.09,5.01,0.23,1.42,39.96
2022-04-22,5.93,7.74,1.56,3.76,4.8,21.37,33.25,0.45,21.14,40.83,0.78,28.51,29.88,4.38,1.88,16.05,30.32,40.64,4.27,2.46,26.97,64.6,6.49,1.94,22.92,31.1,35.58,10.4,5.74,29.08,5.94,39.17,20.07,1.2,40.02,0.3,8.85,4.72,0.27,1.18,40.46
2022-04-23,6.04,7.84,1.58,3.21,5.08,21.09,33.19,0.47,21.5,40.98,0.73,28.96,29.33,3.91,1.75,15.64,30.6,42.37,3.65,2.08,26.39,65.78,6.15,1.68,23.53,30.45,35.71,10.31,5.53,29.91,5.55,38.68,20.33,0.74,39.24,0.38,9.31,5.15,0.17,1.12,40.42
2022-04-24,6.13,7.87,1.53,3.23,5.09,20.76,33.19,0.49,21.71,41.03,0.76,29.01,29.2,3.88,1.76,15.74,30.71,42.21,3.64,2.06,26.41,65.77,6.12,1.7,23.62,30.32,35.69,10.37,5.51,29.83,5.62,38.7,20.34,0.77,39.35,0.38,9.18,5.15,0.17,1.1,40.4
2022-04-25,6.42,8.16,1.48,3.48,4.93,20.6,33.1,0.61,21.22,39.44,0.74,29.76,30.06,3.68,1.7,15.34,31.88,42.33,2.99,2.08,26.6,66.07,5.74,1.59,24.06,30.1,35.05,10.79,5.63,29.72,4.77,39.27,20.61,0.47,39.31,0.43,8.61,5.22,0.21,0.92,41.08
2022-04-26,6.29,7.68,1.46,3.62,4.99,20.78,33.42,0.63,21.13,39.31,0.6,29.76,30.33,3.72,2.03,15.13,30.85,42.87,3.14,2.26,26.97,65.85,5.52,1.66,24.6,30.46,34.12,10.82,5.73,29.21,5.04,39.63,20.39,0.5,39.38,0.41,8.9,4.7,0.21,0.91,40.81
2022-04-27,6.35,7.61,1.4,3.56,5.1,20.93,33.3,0.62,21.13,39.33,0.59,29.64,30.44,3.79,2.04,15.15,30.75,42.89,3.17,2.21,26.57,66.26,5.5,1.67,24.72,30.59,33.99,10.7,5.57,29.39,4.92,39.68,20.44,0.52,39.45,0.38,8.69,4.81,0.15,0.94,40.79
2022-04-28,5.95,7.78,1.7,3.14,5.11,20.51,33.88,0.59,21.34,38.59,0.58,29.76,31.07,4.16,2.02,15.09,31.12,41.97,3.39,2.25,27.52,65.65,5.17,1.66,24.98,30.65,33.86,10.51,5.38,30.15,4.67,40.07,19.73,0.53,39.28,0.33,8.35,4.29,0.16,1.0,41.82
2022-04-29,5.85,7.86,1.81,3.23,5.06,20.1,34.01,0.56,21.52,38.38,0.55,30.13,30.94,4.13,2.03,15.59,30.78,41.96,3.44,2.07,27.57,65.81,4.98,1.64,24.9,30.7,34.07,10.33,5.54,30.1,4.64,39.92,19.8,0.56,38.85,0.34,8.13,4.05,0.22,0.88,42.65
2022-04-30,5.79,7.8,1.86,3.29,5.01,20.16,33.9,0.57,21.62,38.15,0.58,30.21,31.06,4.0,2.01,15.97,30.5,42.15,3.31,2.06,27.69,65.68,5.01,1.62,24.85,30.22,34.25,10.68,5.49,29.57,4.7,40.38,19.86,0.51,39.24,0.4,7.91,4.14,0.1,0.84,42.49
2022-05-01,5.81,7.76,1.89,3.3,4.97,20.28,33.81,0.58,21.6,38.2,0.59,30.25,30.96,4.02,2.0,16.02,30.58,42.03,3.28,2.07,27.63,65.7,5.05,1.62,24.94,30.29,34.17,10.6,5.47,29.62,4.7,40.39,19.82,0.51,39.39,0.39,7.94,4.12,0.1,0.84,42.41
2022-05-02,6.01,7.57,1.99,3.42,5.32,20.49,33.12,0.48,21.6,38.05,0.49,30.42,31.04,3.77,2.09,15.84,31.03,42.04,3.09,2.14,27.54,65.6,5.38,1.48,25.2,30.56,33.95,10.29,5.34,29.41,4.76,40.38,20.11,0.57,39.64,0.42,7.86,4.37,0.13,0.86,41.83
2022-05-03,6.07,7.44,1.95,3.4,5.36,20.5,33.06,0.5,21.72,38.12,0.49,30.39,31.0,3.76,2.05,15.95,30.88,42.14,3.04,2.18,27.4,65.79,5.36,1.45,25.27,30.51,34.04,10.18,5.32,29.46,4.74,40.27,20.21,0.58,39.59,0.41,7.92,4.37,0.12,0.87,41.84
2022-05-04,6.1,7.44,1.84,3.54,5.41,20.61,32.42,0.54,22.1,38.33,0.54,29.92,31.21,3.75,1.86,16.3,29.85,42.99,2.85,2.4,28.22,65.02,5.28,1.48,26.48,29.38,34.2,9.94,5.33,29.24,4.57,39.9,20.96,0.54,39.56,0.42,7.6,4.68,0.15,1.04,41.41
2022-05-05,5.91,7.24,1.91,3.56,5.27,21.46,32.25,0.56,21.84,37.98,0.5,30.47,31.05,3.72,1.72,16.45,30.04,42.81,2.77,2.49,28.1,64.92,5.48,1.5,25.82,29.62,34.88,9.68,5.52,28.98,4.65,40.2,20.65,0.61,39.83,0.42,7.43,4.7,0.16,1.05,41.66
2022-05-06,5.82,6.87,2.15,3.53,5.45,22.36,31.73,0.5,21.59,38.11,0.56,30.39,30.94,3.63,1.68,16.29,30.02,42.91,2.85,2.62,28.2,64.63,5.67,1.5,26.16,29.26,34.99,9.59,5.54,28.8,4.85,40.56,20.25,0.63,39.5,0.44,7.9,4.9,0.16,1.09,41.05
2022-05-07,5.77,6.84,2.18,3.4,5.57,22.53,30.8,0.49,22.42,37.69,0.7,30.65,30.96,3.54,1.59,16.53,30.24,42.28,3.24,2.58,28.52,64.25,5.63,1.6,26.63,29.07,34.74,9.56,5.47,29.0,4.93,40.25,20.35,0.63,38.86,0.44,8.48,4.94,0.16,1.12,41.2
2022-05-08,5.76,6.82,2.2,3.37,5.61,22.44,30.85,0.44,22.51,37.78,0.7,30.57,30.95,3.55,1.58,16.48,30.23,42.31,3.27,2.58,28.34,64.4,5.65,1.61,26.72,28.96,34.74,9.58,5.41,29.16,4.9,40.23,20.3,0.62,38.96,0.44,8.46,5.01,0.16,1.11,41.1
2022-05-09,5.75,6.86,2.46,3.25,5.26,22.75,31.0,0.44,22.23,38.11,0.77,30.79,30.33,3.69,1.59,15.65,31.06,42.05,3.48,2.48,27.38,65.41,5.67,1.54,27.15,28.49,34.9,9.46,5.53,28.14,5.05,40.09,21.19,0.64,38.76,0.42,8.28,4.7,0.18,1.95,40.94
2022-05-10,5.89,7.04,2.55,2.96,4.94,23.06,31.27,0.5,21.79,36.53,0.62,31.63,31.22,3.76,1.58,16.0,30.53,42.32,3.5,2.31,27.63,64.87,6.13,1.37,26.13,28.34,35.77,9.76,5.96,29.8,4.8,40.04,19.4,0.52,39.73,0.3,8.68,5.41,0.23,1.35,40.13
2022-05-11,5.68,7.59,2.24,2.83,4.84,22.32,30.92,0.58,23.0,37.94,0.67,29.51,31.88,3.98,1.55,16.47,29.04,43.02,3.34,2.6,27.63,64.4,6.67,1.3,25.79,28.99,34.58,10.64,6.12,29.94,5.04,40.64,18.26,0.42,38.54,0.38,9.42,4.63,0.17,1.15,41.32
2022-05-12,5.78,7.44,2.45,2.7,4.64,22.94,30.99,0.49,22.57,37.99,0.61,28.73,32.67,4.02,1.68,16.04,28.69,43.73,3.47,2.37,26.9,65.54,6.31,1.25,25.89,28.94,34.34,10.83,6.21,29.45,4.96,41.01,18.37,0.51,38.6,0.38,9.49,4.67,0.13,1.14,41.44
2022-05-13,5.83,7.66,2.43,2.75,4.9,22.28,32.1,0.45,21.6,38.01,0.57,29.33,32.09,3.78,1.5,16.9,28.86,43.14,3.11,2.71,27.4,65.23,6.18,1.19,25.49,28.44,35.11,10.96,5.82,29.88,4.78,41.23,18.29,0.44,38.59,0.33,9.54,5.06,0.09,1.36,41.02
2022-05-14,5.49,7.93,2.25,3.09,4.82,21.81,32.27,0.39,21.95,38.41,0.55,28.49,32.55,3.8,1.38,17.1,29.13,43.15,2.81,2.63,27.89,65.17,5.55,1.39,24.66,29.33,34.82,11.19,6.09,29.75,4.56,40.56,19.04,0.74,38.93,0.29,9.01,4.8,0.1,1.61,41.11
2022-05-15,5.52,7.89,2.26,3.08,4.81,21.92,32.11,0.41,22.0,38.3,0.61,28.41,32.68,3.8,1.36,17.07,29.09,43.22,2.83,2.63,28.03,65.09,5.5,1.38,24.64,29.41,34.74,11.21,5.96,29.8,4.7,40.53,19.01,0.75,38.9,0.29,9.02,4.82,0.1,1.61,41.12
2022-05-16,5.51,8.54,2.22,2.95,4.96,21.61,31.97,0.41,21.83,39.17,0.5,29.07,31.26,4.02,1.3,17.25,29.08,42.89,2.85,2.61,27.55,65.54,5.54,1.37,23.83,30.43,35.26,10.48,5.94,29.06,4.55,40.8,19.65,0.86,39.36,0.29,8.83,4.83,0.1,1.41,41.18
2022-05-17,5.67,8.53,2.2,2.94,5.1,21.54,31.66,0.47,21.89,39.31,0.5,28.83,31.36,3.95,1.29,17.15,29.1,42.94,2.96,2.61,27.59,65.59,5.46,1.36,23.82,30.61,35.2,10.37,5.88,29.03,4.53,40.73,19.83,0.85,39.19,0.26,8.64,4.87,0.1,1.42,41.56
2022-05-18,5.4,8.03,2.46,2.93,4.88,21.67,32.09,0.38,22.16,38.73,0.48,28.49,32.3,4.25,1.32,16.02,28.98,43.71,3.49,2.23,27.09,65.13,6.44,1.34,22.98,31.61,34.2,11.21,5.65,29.0,4.36,40.52,20.47,0.96,39.28,0.23,8.44,4.85,0.11,1.52,41.74
2022-05-19,5.4,7.69,2.6,2.47,4.92,22.17,32.66,0.41,21.68,39.03,0.64,28.77,31.56,4.58,1.36,16.07,28.48,44.01,3.63,1.87,26.97,65.29,6.38,1.36,22.43,31.77,34.41,11.39,5.79,29.27,5.09,39.92,19.93,0.82,39.37,0.23,8.6,5.16,0.07,1.18,41.34
2022-05-20,5.85,7.16,2.86,2.74,4.57,21.98,32.39,0.4,22.05,39.9,0.66,28.92,30.52,4.54,1.4,16.94,28.69,43.23,3.12,2.08,25.58,65.87,6.99,1.56,22.82,31.1,34.71,11.37,5.82,30.52,4.55,39.92,19.19,0.61,40.63,0.21,9.06,4.56,0.07,1.21,40.23
2022-05-21,5.66,7.74,2.72,3.3,4.65,21.7,32.27,0.33,21.63,39.65,0.59,29.55,30.21,4.64,1.38,16.31,28.73,43.93,3.03,1.98,25.45,65.89,7.05,1.61,24.03,30.5,34.59,10.88,5.86,30.36,4.11,40.56,19.11,0.75,41.01,0.2,9.55,3.76,0.14,1.41,38.99
2022-05-22,5.67,7.66,2.75,3.28,4.76,21.65,32.26,0.33,21.64,39.65,0.61,29.5,30.24,4.61,1.35,16.25,28.93,43.85,3.02,1.99,25.39,65.92,7.07,1.62,24.23,30.37,34.51,10.89,5.82,30.46,4.13,40.43,19.16,0.69,40.95,0.2,9.55,3.75,0.14,1.41,39.07
2022-05-23,5.31,8.12,2.81,3.29,4.26,21.27,33.62,0.3,21.02,38.67,0.51,29.83,30.99,4.26,1.58,16.38,28.02,44.81,3.09,1.86,25.03,66.31,7.13,1.53,24.01,29.85,34.78,11.36,5.86,30.5,4.18,40.69,18.77,0.65,39.81,0.1,10.05,4.28,0.18,1.31,39.49
2022-05-24,5.61,6.97,2.71,2.67,4.26,21.57,33.03,0.57,22.61,37.83,0.45,29.3,32.42,3.46,2.01,16.93,28.38,43.89,2.88,2.45,24.63,66.65,6.88,1.84,23.93,30.07,34.44,11.56,5.43,29.43,4.69,40.45,20.0,0.52,41.8,0.16,9.61,4.91,0.22,2.21,37.67
2022-05-25,5.63,6.88,2.52,2.76,4.36,22.35,31.91,0.5,23.09,37.31,0.62,29.8,32.27,2.82,1.94,16.58,29.31,43.8,3.3,2.25,24.4,67.0,6.7,1.9,23.58,29.95,34.58,11.89,5.64,29.06,4.63,41.32,19.35,0.85,39.92,0.15,9.38,5.17,0.27,2.14,39.04
2022-05-26,5.13,8.55,2.48,2.59,4.96,22.77,32.24,0.59,20.69,36.47,0.89,30.5,32.14,3.21,1.88,16.13,29.56,43.41,3.33,2.48,25.71,65.38,7.12,1.79,24.63,27.97,34.96,12.44,5.74,28.57,4.56,41.44,19.69,0.84,39.17,0.08,9.63,5.14,0.3,1.25,40.64
2022-05-27,4.82,8.72,2.63,2.58,4.58,23.18,32.31,0.66,20.52,36.97,0.79,30.07,32.17,4.27,1.96,16.04,29.29,42.14,3.36,2.94,25.83,66.27,6.28,1.62,24.18,28.26,35.74,11.82,5.39,27.71,4.91,42.12,19.87,1.1,39.59,0.11,10.73,4.8,0.24,1.57,38.79
2022-05-28,5.26,8.22,2.43,2.47,4.65,23.16,32.12,0.51,21.18,37.87,0.95,29.4,31.78,4.47,1.96,15.73,30.31,41.26,3.59,2.68,26.52,65.39,6.66,1.43,23.19,28.94,36.41,11.46,5.07,28.48,4.65,42.23,19.57,0.99,40.39,0.11,10.1,5.5,0.14,1.52,38.19
2022-05-29,5.24,8.29,2.4,2.47,4.63,23.14,32.11,0.48,21.24,37.71,0.91,29.5,31.88,4.51,1.98,15.73,30.31,41.21,3.59,2.67,26.56,65.32,6.7,1.42,23.2,28.92,36.43,11.45,5.08,28.46,4.65,42.22,19.59,0.99,40.42,0.11,10.06,5.48,0.14,1.48,38.2
2022-05-30,5.36,8.45,2.41,2.12,4.65,22.97,32.46,0.48,21.1,37.38,0.96,29.71,31.95,4.73,2.06,16.5,30.23,40.37,3.67,2.44,26.88,64.63,7.03,1.46,22.96,28.94,36.42,11.68,5.01,28.06,4.34,42.78,19.81,1.0,39.26,0.07,10.11,6.41,0.11,1.27,38.83
2022-05-31,5.68,8.59,2.27,1.98,5.41,22.87,31.25,0.5,21.45,35.43,0.82,31.27,32.48,4.78,2.02,16.77,31.59,39.4,3.25,2.19,27.0,64.59,6.95,1.46,22.86,27.67,37.18,12.29,5.05,28.21,4.35,42.34,20.05,0.8,39.37,0.18,9.85,7.24,0.2,1.63,37.97
2022-06-01,6.06,8.0,2.31,2.19,6.1,22.28,29.63,0.58,22.85,35.12,0.95,31.33,32.6,3.67,1.76,17.29,30.73,41.55,3.21,1.79,27.58,63.2,7.75,1.47,23.03,25.68,38.84,12.45,5.08,28.02,4.59,41.78,20.53,0.71,40.56,0.31,10.06,6.12,0.25,1.35,37.67
2022-06-02,5.94,7.26,2.41,2.03,6.25,23.1,29.46,0.67,22.88,35.63,0.98,31.07,32.32,3.62,1.63,16.93,31.26,41.43,3.33,1.8,27.6,63.22,7.86,1.32,23.35,25.67,38.51,12.47,4.91,28.51,4.5,41.71,20.37,0.78,40.49,0.3,9.79,5.69,0.31,1.29,38.39
2022-06-03,5.83,7.29,2.46,2.4,6.5,22.77,28.89,0.67,23.19,36.27,0.81,30.0,32.92,3.8,1.55,15.95,31.18,42.36,3.48,1.68,27.02,63.3,8.14,1.54,23.44,25.6,38.12,12.84,4.81,28.48,4.44,41.46,20.81,0.76,40.52,0.13,9.29,4.96,0.23,1.21,40.07
2022-06-04,6.23,7.04,2.56,2.39,6.33,21.36,29.37,0.63,24.09,36.29,0.85,30.35,32.51,3.63,1.77,16.41,31.22,41.82,3.46,1.69,27.29,63.29,7.77,1.65,24.2,25.13,38.16,12.51,4.91,28.11,4.72,41.29,20.97,0.67,41.04,0.22,9.04,5.07,0.15,1.28,39.29
2022-06-05,6.19,7.02,2.56,2.38,6.36,21.4,29.31,0.64,24.14,36.36,0.81,30.34,32.49,3.69,1.78,16.44,31.16,41.81,3.45,1.67,27.29,63.28,7.8,1.63,24.18,25.12,38.18,12.52,4.88,28.13,4.72,41.21,21.06,0.66,41.04,0.22,9.05,5.05,0.15,1.29,39.27
2022-06-06,6.08,7.37,2.6,2.61,5.8,21.56,29.73,0.68,23.57,37.38,0.78,30.0,31.84,3.79,1.88,16.18,30.63,42.51,3.28,1.73,27.17,63.42,7.73,1.68,25.2,23.58,38.16,13.06,5.04,27.55,5.18,40.68,21.55,0.78,40.47,0.17,8.78,5.54,0.1,1.5,39.34
2022-06-07,6.02,6.99,2.73,2.07,5.41,22.05,30.45,0.69,23.59,37.93,0.95,29.69,31.43,4.01,1.66,15.61,29.53,43.39,3.38,2.42,26.55,65.08,6.48,1.89,27.11,23.49,36.51,12.89,5.42,27.26,4.94,41.44,20.94,0.74,40.47,0.16,8.88,5.38,0.1,1.56,39.8
2022-06-08,5.97,7.63,2.9,1.94,4.99,22.06,30.62,0.56,23.33,36.47,0.98,30.37,32.18,3.72,1.55,16.71,29.38,43.24,2.85,2.55,26.66,64.68,6.53,2.13,28.02,23.39,35.52,13.07,5.45,27.52,4.75,42.28,20.0,0.67,40.46,0.37,9.27,5.27,0.2,1.79,38.78
2022-06-09,6.13,8.01,2.72,2.21,5.23,22.58,29.45,0.67,23.0,36.24,0.93,30.91,31.92,3.65,1.66,17.42,28.57,43.11,2.81,2.78,26.95,64.23,6.62,2.2,27.81,23.99,35.95,12.25,5.76,26.7,4.64,41.76,21.14,0.7,40.35,0.34,9.31,5.08,0.23,1.85,38.87
2022-06-10,6.37,7.93,3.08,1.99,5.36,22.52,29.36,0.8,22.59,36.23,0.8,31.46,31.51,3.67,1.55,17.82,28.67,42.71,2.98,2.6,26.6,64.17,7.15,2.08,27.33,24.82,35.77,12.08,5.71,26.16,4.56,42.21,21.36,0.76,39.83,0.35,9.62,4.6,0.28,1.67,39.54
2022-06-11,6.22,8.11,3.13,2.04,5.63,22.83,28.83,0.88,22.33,36.27,0.81,31.72,31.2,3.64,1.42,17.91,28.24,42.99,3.08,2.72,26.72,63.84,7.32,2.12,27.59,25.31,35.32,11.78,5.44,26.39,4.42,42.33,21.42,0.82,39.78,0.29,9.94,4.76,0.25,1.63,39.17
2022-06-12,6.28,8.29,3.2,2.02,5.56,22.79,28.95,0.89,22.02,36.33,0.86,31.98,30.83,3.65,1.43,17.99,27.79,43.28,3.06,2.8,26.81,63.63,7.33,2.23,27.56,25.14,35.39,11.91,5.56,26.28,4.44,42.45,21.27,0.81,39.34,0.3,10.06,4.74,0.25,1.6,39.39
2022-06-13,6.18,8.23,3.18,2.01,5.51,22.8,28.76,0.89,22.44,36.18,0.79,32.1,30.93,3.54,1.4,17.97,28.09,42.79,3.01,3.2,26.55,63.47,7.7,2.28,27.64,24.88,35.64,11.84,5.47,26.22,4.37,42.76,21.18,0.81,39.21,0.3,10.28,4.87,0.26,1.67,39.21
2022-06-14,6.31,7.95,3.29,2.05,5.49,23.16,28.61,0.87,22.27,36.16,0.93,31.85,31.06,3.45,1.37,18.2,28.16,42.84,3.03,2.95,26.75,63.56,7.23,2.46,27.09,24.95,35.97,11.99,4.96,25.75,4.43,43.36,21.5,0.76,39.91,0.24,9.95,4.45,0.27,1.66,39.42
2022-06-15,6.32,7.98,3.26,2.02,5.43,23.19,28.61,0.86,22.33,36.25,0.93,31.78,31.04,3.42,1.35,18.23,28.05,43.14,2.95,2.86,26.57,63.77,7.21,2.45,27.18,24.96,36.14,11.72,5.01,25.62,4.59,43.33,21.45,0.75,40.16,0.25,9.77,4.53,0.25,1.66,39.31
2022-06-16,6.33,7.85,3.29,2.02,5.42,23.51,28.32,0.83,22.43,36.02,0.9,31.79,31.29,3.4,1.38,18.17,28.31,42.66,2.89,3.19,26.64,63.69,7.23,2.44,27.05,25.36,36.18,11.41,4.96,26.09,4.62,43.35,20.98,0.73,40.52,0.25,9.79,4.55,0.25,1.66,38.91
2022-06-17,6.47,8.0,3.21,2.11,5.38,23.65,28.16,0.84,22.18,35.88,0.91,31.88,31.33,3.6,1.4,18.07,28.31,42.55,2.82,3.25,26.51,63.6,7.36,2.53,27.47,25.35,35.75,11.43,5.24,26.05,4.5,43.35,20.86,0.8,40.48,0.23,9.65,4.46,0.25,1.51,39.34
2022-06-18,6.32,8.11,2.94,2.14,5.4,23.86,27.77,0.84,22.62,35.65,1.0,31.9,31.45,3.66,1.51,18.34,28.06,42.14,2.86,3.43,26.96,63.0,7.45,2.59,27.37,25.4,35.8,11.43,5.23,25.75,4.54,43.41,21.07,0.81,40.25,0.23,9.71,4.31,0.25,1.47,39.74
2022-06-19,6.3,7.5,3.02,2.11,5.4,23.83,27.99,0.84,23.01,36.07,0.99,31.37,31.57,3.67,1.53,18.12,28.25,42.02,2.87,3.54,26.78,63.15,7.43,2.64,27.57,25.69,35.13,11.61,5.27,25.96,4.61,42.87,21.29,0.82,40.74,0.23,9.81,4.29,0.25,1.46,39.09
2022-06-20,6.21,7.53,2.95,2.21,5.43,24.46,27.48,0.91,22.82,36.23,0.98,31.71,31.08,3.63,1.74,17.82,28.43,41.71,3.2,3.47,26.93,63.06,7.41,2.6,27.56,26.04,35.29,11.11,5.47,26.67,4.52,42.19,21.15,0.75,40.63,0.19,9.59,4.19,0.25,1.53,39.51
2022-06-21,6.36,7.49,2.85,2.1,5.3,24.96,27.19,0.86,22.89,36.4,1.03,31.66,30.91,3.66,1.78,17.82,28.32,41.69,3.14,3.59,27.03,62.88,7.51,2.58,27.92,25.88,35.11,11.09,5.34,26.69,4.57,42.21,21.19,0.7,40.85,0.12,9.58,4.07,0.27,1.52,39.42
2022-06-22,6.16,7.59,2.49,2.0,5.6,26.29,25.92,0.81,23.14,36.95,1.12,31.45,30.48,3.32,1.83,17.08,28.82,41.73,3.71,3.51,26.98,63.36,7.4,2.26,27.62,26.01,36.39,9.98,5.6,28.18,4.68,41.41,20.13,0.78,42.16,0.08,8.92,4.04,0.29,1.59,38.63
2022-06-23,6.11,7.8,2.24,2.18,5.65,26.81,25.11,0.87,23.23,36.75,1.02,31.71,30.52,3.55,2.07,16.52,30.47,41.23,3.6,2.56,28.36,62.98,6.8,1.86,26.4,26.5,36.88,10.22,5.64,28.36,5.42,41.19,19.39,0.85,44.06,0.14,7.97,3.85,0.33,1.77,37.28
2022-06-24,5.84,6.89,2.41,2.03,6.1,26.19,25.52,0.72,24.3,35.84,1.04,30.55,32.57,3.84,2.27,16.51,30.14,41.99,3.36,1.89,27.71,63.49,7.16,1.64,25.27,26.92,36.93,10.88,4.99,28.92,5.23,41.14,19.72,1.06,44.13,0.18,8.4,4.02,0.31,1.89,37.01
2022-06-25,5.75,6.93,2.38,1.77,6.34,26.29,25.76,0.72,24.06,35.23,0.96,30.89,32.92,3.8,2.23,16.52,31.25,41.23,3.1,1.87,28.29,63.12,7.07,1.52,24.67,27.09,37.29,10.95,4.78,29.24,5.15,41.54,19.29,1.05,44.23,0.22,8.5,4.15,0.27,1.8,36.71
2022-06-26,5.78,6.92,2.36,1.8,6.28,26.25,25.64,0.72,24.25,35.39,0.91,30.77,32.93,3.83,2.23,16.47,31.07,41.39,3.14,1.87,28.27,63.13,7.08,1.52,24.65,26.94,37.5,10.91,4.69,29.26,5.09,41.53,19.43,1.04,44.28,0.22,8.48,4.17,0.26,1.82,36.73
2022-06-27,5.85,6.95,2.41,1.78,6.62,26.22,25.67,0.69,23.81,35.22,0.91,30.94,32.93,3.81,2.51,16.26,31.42,41.12,3.1,1.78,28.11,62.9,7.29,1.7,24.39,26.48,37.95,11.18,4.48,28.88,5.09,42.45,19.1,0.95,44.97,0.23,8.46,4.62,0.27,1.71,35.74
2022-06-28,5.81,7.27,2.5,1.79,6.63,26.23,25.38,0.73,23.66,34.76,0.88,30.93,33.43,3.9,2.46,16.68,31.55,40.53,3.14,1.74,28.19,62.35,7.7,1.76,24.35,26.23,38.14,11.28,4.46,28.64,5.25,42.5,19.15,0.97,45.18,0.22,8.44,4.69,0.3,1.7,35.32
2022-06-29,5.88,7.26,2.9,1.82,6.67,26.85,24.31,0.81,23.5,33.64,0.86,31.73,33.77,3.65,2.58,17.29,31.2,40.01,3.54,1.73,28.86,61.46,7.98,1.7,24.05,25.56,38.75,11.64,4.48,28.64,5.69,42.35,18.84,0.91,46.07,0.26,7.93,4.59,0.32,1.66,35.46
2022-06-30,6.13,7.29,2.78,1.78,6.05,27.73,23.44,0.91,23.89,33.96,0.83,32.45,32.76,3.57,2.57,16.75,32.1,39.63,3.89,1.49,29.93,60.93,7.34,1.8,24.08,25.37,39.21,11.34,4.7,28.31,6.1,42.18,18.71,0.56,46.77,0.21,7.98,4.37,0.29,1.42,35.73
2022-07-01,6.28,7.42,2.77,1.75,5.55,28.21,23.4,0.9,23.72,33.74,0.77,32.53,32.96,3.54,2.55,17.9,31.33,39.44,3.72,1.52,30.49,60.79,6.88,1.84,24.21,25.07,38.95,11.77,4.68,27.76,6.52,41.82,19.22,0.49,47.44,0.24,7.74,4.22,0.28,1.27,35.45
2022-07-02,6.24,6.96,2.68,2.04,5.47,27.83,23.52,0.95,24.31,34.64,0.57,32.24,32.55,3.87,2.49,17.58,30.93,39.75,3.73,1.65,30.54,60.24,7.38,1.84,23.41,25.47,38.88,12.24,4.74,27.8,6.49,41.61,19.36,0.47,47.23,0.22,7.78,4.22,0.32,1.24,35.6
2022-07-03,6.08,6.9,2.71,2.06,5.5,28.12,23.47,0.94,24.22,34.35,0.58,32.45,32.62,3.81,2.49,17.83,30.82,39.73,3.69,1.63,30.61,60.2,7.34,1.85,23.53,25.29,38.91,12.27,4.76,27.7,6.53,41.76,19.25,0.46,47.18,0.22,7.8,4.18,0.32,1.23,35.66
2022-07-04,6.27,7.16,2.52,2.09,5.56,28.19,23.2,0.94,24.07,35.82,0.51,31.41,32.26,4.11,2.61,17.12,30.37,40.22,3.96,1.61,30.58,59.97,7.65,1.8,23.41,26.19,38.25,12.15,4.72,27.87,6.51,40.81,20.09,0.47,47.9,0.23,7.57,4.1,0.32,1.11,35.39
2022-07-05,6.16,7.19,2.56,2.07,5.61,27.51,22.99,0.99,24.92,36.24,0.46,31.36,31.94,4.44,2.82,16.33,30.49,40.39,3.88,1.65,30.25,60.18,7.83,1.74,24.14,26.26,37.86,11.74,4.59,28.04,6.31,40.19,20.87,0.61,46.73,0.24,8.29,4.29,0.23,1.08,35.72
2022-07-06,6.0,6.88,2.49,2.31,5.48,28.36,22.61,0.99,24.88,37.0,0.55,31.13,31.32,4.47,2.68,16.19,30.38,40.9,3.7,1.68,30.44,60.54,7.39,1.63,24.35,26.1,37.95,11.6,4.34,28.35,5.78,39.74,21.79,0.66,45.94,0.23,7.99,4.6,0.19,1.23,36.69
2022-07-07,5.65,6.71,2.48,2.15,5.77,28.06,22.98,1.05,25.15,37.43,0.58,30.75,31.24,4.38,2.86,16.18,30.12,41.1,3.87,1.49,30.57,60.4,7.46,1.57,24.65,26.07,38.08,11.2,4.41,28.06,5.74,39.74,22.05,0.65,46.74,0.22,8.02,4.5,0.13,1.18,36.14
2022-07-08,5.69,6.41,2.47,2.28,5.78,27.83,22.64,0.99,25.91,37.19,0.68,30.3,31.83,4.15,2.63,17.0,29.36,41.24,4.04,1.58,29.73,61.11,7.57,1.59,24.68,25.97,38.45,10.9,4.59,28.0,5.09,39.39,22.93,0.65,47.18,0.21,8.36,4.37,0.09,1.05,35.72
2022-07-09,5.81,6.34,2.55,2.29,5.72,27.74,22.59,0.95,26.01,36.71,0.53,30.28,32.48,4.35,2.4,16.31,30.14,41.22,3.94,1.64,29.26,61.2,7.61,1.93,25.03,25.37,38.51,11.09,4.52,27.88,5.36,38.95,23.29,0.64,46.3,0.21,8.49,4.81,0.13,1.11,35.84
2022-07-10,5.75,6.23,2.53,2.3,5.7,27.82,22.63,0.93,26.11,36.72,0.59,30.24,32.45,4.32,2.38,16.31,30.13,41.33,3.89,1.64,29.18,61.23,7.65,1.94,25.0,25.42,38.51,11.07,4.5,27.92,5.35,38.95,23.28,0.62,46.28,0.21,8.48,4.85,0.13,1.1,35.88
2022-07-11,6.36,6.17,2.87,2.06,5.19,27.69,22.88,0.85,25.93,36.12,0.65,30.72,32.51,4.61,2.61,16.89,30.26,40.17,3.76,1.7,29.85,60.16,8.06,1.93,25.65,24.8,38.18,11.37,4.52,29.0,5.18,39.04,22.26,0.59,45.04,0.22,8.94,5.33,0.08,1.28,36.03
2022-07-12,7.27,6.74,2.81,2.17,5.82,25.28,22.62,0.91,26.38,35.27,0.65,30.77,33.31,4.7,2.56,16.49,29.37,41.29,3.9,1.69,29.25,59.35,9.45,1.95,24.05,26.02,39.04,10.89,4.32,29.59,5.81,39.8,20.48,0.77,47.44,0.28,8.41,4.9,0.11,1.15,34.14
2022-07-13,6.95,7.21,2.65,1.91,5.85,25.05,23.45,0.91,26.02,34.78,0.59,31.15,33.48,4.87,2.28,16.86,30.37,40.18,3.82,1.62,30.34,58.67,9.41,1.58,23.0,25.66,39.98,11.36,4.16,29.28,5.6,41.06,19.9,0.64,47.79,0.29,8.11,5.01,0.11,1.23,34.22
2022-07-14,6.69,7.09,2.61,1.79,5.41,26.71,23.56,0.8,25.34,35.16,0.64,30.15,34.05,4.57,2.07,16.51,30.15,41.07,3.9,1.73,30.99,58.24,9.24,1.53,21.69,26.83,40.08,11.4,4.29,30.15,5.8,40.1,19.66,0.63,48.13,0.28,8.24,5.38,0.09,1.19,33.51
2022-07-15,5.87,7.72,2.01,1.53,5.36,26.68,24.02,0.92,25.89,34.55,0.6,31.11,33.74,4.15,2.55,17.28,28.84,40.76,4.2,2.22,31.11,58.6,8.71,1.58,22.15,25.54,40.23,12.08,4.46,28.69,5.98,41.09,19.78,0.75,46.76,0.26,8.32,4.42,0.09,1.34,35.5
2022-07-16,6.16,7.33,1.96,1.78,5.23,25.9,24.69,0.99,25.96,34.46,0.61,31.05,33.88,3.97,2.51,17.57,28.76,40.69,3.74,2.76,30.32,59.36,8.84,1.48,22.05,25.16,40.74,12.05,4.34,27.26,5.19,42.46,20.75,0.73,46.35,0.29,8.21,4.72,0.11,1.5,35.7
2022-07-17,6.11,7.44,1.98,1.76,5.22,25.91,24.75,0.99,25.84,34.55,0.58,31.13,33.74,3.98,2.49,17.46,28.82,40.71,3.77,2.77,30.18,59.57,8.77,1.48,21.91,25.19,40.73,12.17,4.32,27.13,5.23,42.5,20.82,0.74,46.42,0.29,8.15,4.7,0.11,1.49,35.72
2022-07-18,6.11,7.48,2.07,2.05,5.44,25.48,24.72,0.93,25.72,34.89,0.63,31.41,33.07,4.16,2.55,16.97,28.95,41.09,3.77,2.51,29.31,60.42,8.85,1.42,22.22,25.75,40.3,11.73,4.44,27.71,5.02,41.94,20.89,0.67,46.09,0.17,8.04,4.67,0.13,1.6,36.17
2022-07-19,5.76,7.84,2.44,2.07,5.67,24.34,25.0,0.99,25.89,35.1,0.8,31.16,32.94,4.52,2.31,17.55,29.28,40.67,3.75,1.92,28.2,61.15,9.1,1.55,24.69,24.35,39.63,11.33,4.22,28.41,4.92,42.26,20.19,0.66,45.81,0.15,7.98,4.28,0.12,1.32,36.29
2022-07-20,5.41,7.73,2.24,2.18,5.67,24.16,26.35,0.89,25.37,36.14,0.73,30.59,32.54,4.32,2.2,18.08,29.61,40.73,3.11,1.95,27.18,62.23,8.75,1.84,23.35,26.06,39.03,11.56,4.41,29.13,5.67,41.74,19.05,0.84,45.24,0.2,7.64,5.19,0.14,1.05,36.11
2022-07-21,5.01,7.78,2.01,2.25,6.13,24.13,26.34,0.78,25.57,35.95,0.89,29.81,33.35,3.94,2.04,18.68,29.93,40.99,2.7,1.72,27.58,62.08,8.46,1.88,22.73,27.11,38.24,11.92,4.87,29.49,5.6,41.48,18.56,0.87,46.28,0.25,8.01,4.96,0.16,1.08,35.68
2022-07-22,4.86,7.17,2.14,2.46,6.23,24.69,25.94,0.83,25.68,37.52,1.02,29.16,32.3,3.72,2.13,18.65,30.93,39.75,2.75,2.07,28.29,62.3,7.86,1.55,22.1,27.17,38.28,12.45,4.82,28.66,6.36,41.56,18.6,0.76,48.59,0.2,8.26,4.89,0.15,0.99,33.62
2022-07-23,4.92,6.71,2.4,2.46,5.93,24.02,27.65,0.95,24.96,35.95,0.99,29.17,33.89,3.62,1.98,19.04,30.67,39.29,3.3,2.1,27.44,62.87,8.14,1.55,21.47,26.94,38.47,13.12,4.86,28.99,5.6,40.78,19.77,0.65,49.59,0.14,8.28,4.02,0.19,1.12,33.69
2022-07-24,4.9,6.69,2.38,2.42,6.28,23.87,27.39,0.94,25.13,36.35,1.05,28.87,33.73,3.6,1.98,18.79,30.6,39.7,3.24,2.09,27.41,62.94,8.12,1.53,21.46,27.22,38.36,12.96,4.78,29.3,5.6,40.62,19.7,0.67,49.43,0.14,8.25,4.05,0.19,1.12,33.9
2022-07-25,4.88,7.2,2.76,1.81,5.49,24.69,27.36,0.76,25.05,34.77,1.01,31.07,33.15,3.66,2.15,18.86,30.85,39.66,2.83,1.99,28.87,60.14,9.51,1.48,21.66,26.19,39.28,12.87,4.43,27.75,5.42,42.81,19.59,0.68,47.27,0.25,8.54,4.26,0.25,1.07,35.31
2022-07-26,5.15,7.68,2.85,1.7,5.37,24.2,25.7,0.69,26.66,34.75,0.98,31.39,32.88,3.65,2.43,17.84,30.63,40.68,3.17,1.6,29.35,59.8,9.36,1.49,23.05,26.4,38.69,11.86,3.76,28.73,5.35,42.96,19.2,0.79,46.71,0.25,9.17,4.62,0.19,1.08,35.06
2022-07-27,5.78,8.01,2.85,2.06,5.6,23.65,25.99,0.76,25.3,35.56,0.78,30.22,33.44,3.79,2.39,16.9,30.81,40.83,3.52,1.76,28.07,60.43,10.01,1.49,24.58,25.65,37.59,12.18,3.77,28.51,5.64,43.0,19.08,0.95,45.27,0.29,8.83,5.26,0.25,1.37,35.15
2022-07-28,5.7,7.88,2.3,1.94,5.24,23.63,26.89,0.87,25.55,34.92,0.61,30.31,34.16,3.86,2.42,16.37,32.01,39.93,3.75,1.66,27.41,61.37,9.76,1.46,24.97,25.41,37.36,12.26,3.68,27.77,5.48,43.46,19.61,0.86,45.07,0.25,8.44,5.35,0.25,1.1,35.68
2022-07-29,5.74,7.48,2.09,1.98,4.79,24.44,28.06,0.81,24.61,34.57,0.62,30.04,34.77,3.97,2.03,16.3,31.7,40.04,4.08,1.88,27.16,62.73,8.59,1.52,25.78,25.28,37.3,11.64,3.99,27.89,5.62,42.43,20.07,0.85,44.58,0.28,8.66,5.68,0.23,1.24,35.23
2022-07-30,6.05,7.16,2.6,2.03,5.28,24.44,27.33,0.88,24.23,36.42,0.54,29.25,33.79,4.3,1.96,16.74,30.89,39.96,4.47,1.68,26.7,63.45,8.67,1.18,25.3,27.05,36.05,11.6,3.88,28.08,5.56,42.69,19.79,0.8,44.77,0.3,8.12,6.26,0.24,1.1,35.38
2022-07-31,6.17,7.13,2.57,2.02,5.24,24.47,27.26,0.87,24.27,36.42,0.53,29.28,33.77,4.32,1.96,16.77,30.84,39.94,4.47,1.7,26.67,63.47,8.69,1.17,25.23,27.08,36.12,11.57,3.87,28.06,5.59,42.67,19.81,0.82,44.78,0.3,8.14,6.27,0.23,1.1,35.37
2022-08-01,5.54,7.6,2.65,1.61,4.93,25.26,26.88,0.82,24.71,36.83,0.37,29.61,33.19,4.3,1.75,16.29,30.01,41.78,3.75,2.12,27.31,63.09,8.45,1.15,23.51,28.16,36.39,11.94,4.06,28.55,5.38,41.5,20.51,0.96,45.17,0.35,7.76,5.36,0.23,1.05,35.88
2022-08-02,5.78,8.0,2.18,1.72,5.37,23.94,26.89,0.85,25.27,36.91,0.5,30.24,32.35,4.29,1.89,16.64,29.49,42.59,2.97,2.13,26.91,63.01,9.08,1.0,21.95,28.27,37.7,12.08,4.3,28.26,5.88,42.25,19.31,0.79,44.12,0.37,8.82,5.01,0.23,0.91,36.51
2022-08-03,5.98,7.77,2.21,1.73,5.69,23.27,27.02,0.82,25.51,37.04,0.43,29.8,32.73,3.89,2.06,16.97,29.42,42.52,3.36,1.78,26.64,62.37,10.19,0.8,21.98,28.39,37.16,12.47,4.2,27.53,5.74,43.37,19.16,0.64,43.63,0.45,8.46,5.14,0.32,0.86,37.43
2022-08-04,6.28,7.74,2.4,1.76,5.75,22.95,27.16,0.64,25.32,36.66,0.46,30.49,32.39,3.9,2.22,17.08,30.32,41.85,3.11,1.52,27.16,62.12,9.74,0.98,22.87,28.35,37.17,11.61,4.17,27.66,5.66,42.75,19.76,0.68,43.94,0.48,8.19,4.9,0.3,0.85,37.69
2022-08-05,5.83,8.13,2.76,1.72,6.37,22.75,27.22,0.83,24.39,37.06,0.57,30.66,31.71,3.73,2.38,16.57,31.14,41.57,3.01,1.6,27.76,62.18,8.97,1.09,23.2,27.9,37.4,11.5,4.26,27.44,5.93,42.28,20.09,0.59,43.59,0.36,8.61,5.8,0.22,1.05,37.06
2022-08-06,6.26,7.83,2.99,1.82,5.71,23.13,28.35,1.18,22.73,34.72,0.48,32.1,32.7,3.83,2.71,16.22,33.13,39.41,3.08,1.62,28.29,61.13,9.34,1.24,24.14,27.99,36.67,11.2,4.74,28.04,5.47,41.29,20.46,0.75,41.73,0.41,8.79,5.06,0.25,1.51,38.9
2022-08-07,6.28,7.92,2.96,1.81,5.59,23.01,28.18,1.19,23.06,34.79,0.41,32.03,32.77,3.86,2.71,16.22,33.09,39.46,3.08,1.58,28.17,61.24,9.38,1.21,24.05,27.94,36.59,11.42,4.72,28.11,5.51,41.14,20.52,0.75,41.87,0.41,8.81,5.04,0.25,1.51,38.74
2022-08-08,5.76,8.16,2.46,1.53,4.93,23.02,29.34,1.09,23.71,36.04,0.59,30.98,32.39,4.65,2.43,15.94,32.01,40.0,3.16,1.81,27.44,61.81,9.49,1.26,25.14,28.29,34.88,11.69,5.31,28.29,5.82,39.93,20.65,0.81,42.15,0.37,8.09,4.8,0.21,1.23,39.32
2022-08-09,5.76,8.19,2.55,1.54,4.82,23.26,29.3,1.08,23.5,35.9,0.6,30.99,32.51,4.6,2.48,15.95,32.15,39.92,3.1,1.8,27.35,61.89,9.49,1.27,25.09,28.13,34.91,11.87,5.36,28.14,5.77,40.12,20.61,0.79,42.09,0.37,8.14,4.86,0.21,1.26,39.27
2022-08-10,6.02,8.25,2.56,1.41,4.62,23.69,29.48,0.74,23.23,36.55,0.61,30.04,32.8,4.67,2.25,16.04,30.89,40.95,3.25,1.95,27.23,61.76,9.69,1.32,25.4,27.32,35.31,11.97,5.33,26.42,5.98,42.06,20.21,0.79,41.95,0.33,9.11,5.4,0.29,1.35,37.7
2022-08-11,6.08,8.21,2.54,1.41,4.69,23.7,29.31,0.73,23.33,36.59,0.56,29.98,32.87,4.69,2.26,15.96,30.9,40.97,3.26,1.96,27.26,61.77,9.66,1.31,25.55,27.21,35.24,12.0,5.42,26.31,5.96,42.06,20.25,0.79,42.13,0.33,9.18,5.44,0.29,1.32,37.49
2022-08-12,5.65,8.28,2.61,1.54,5.16,24.18,28.35,0.67,23.56,36.62,0.73,29.81,32.84,4.67,2.3,15.97,30.35,41.75,2.98,1.98,27.73,61.21,9.57,1.49,25.61,27.14,35.65,11.6,5.28,25.34,5.84,43.15,20.39,0.9,42.24,0.43,8.18,5.85,0.36,1.08,37.82
2022-08-13,5.6,8.22,2.63,1.48,5.2,24.14,28.52,0.67,23.54,36.47,0.71,29.83,32.99,4.66,2.26,15.95,30.46,41.65,3.04,1.98,27.67,61.17,9.65,1.51,25.64,27.04,35.6,11.72,5.25,25.29,5.72,43.24,20.5,0.89,42.27,0.43,8.28,5.83,0.36,1.05,37.75
2022-08-14,5.59,8.33,2.66,1.51,5.15,24.13,28.44,0.66,23.53,36.68,0.73,29.73,32.86,4.64,2.27,16.08,30.37,41.64,3.01,1.99,27.64,61.26,9.6,1.5,25.67,27.11,35.6,11.62,5.29,25.35,5.82,43.07,20.47,0.89,42.16,0.43,8.28,5.82,0.36,1.07,37.85
2022-08-15,5.56,8.31,2.64,1.49,5.15,24.12,28.53,0.66,23.54,36.63,0.77,29.78,32.82,4.65,2.31,16.09,30.38,41.57,3.01,1.99,27.76,61.16,9.58,1.5,25.65,27.03,35.6,11.72,5.24,25.32,5.76,43.22,20.46,0.87,42.13,0.43,8.29,5.82,0.36,1.03,37.93
2022-08-16,5.57,8.62,2.23,1.61,5.43,24.31,27.54,0.79,23.9,36.15,0.71,30.34,32.8,4.86,2.5,16.99,30.39,40.58,3.24,1.44,28.01,60.87,9.51,1.61,25.27,25.99,37.2,11.54,5.21,24.02,5.46,45.01,20.3,0.79,43.44,0.52,9.01,5.75,0.36,1.05,36.57
2022-08-17,5.92,7.32,2.82,1.52,5.75,23.23,27.92,0.8,24.72,36.83,0.57,30.46,32.14,5.27,2.19,17.4,30.36,40.36,2.79,1.63,26.85,63.07,8.72,1.36,23.96,27.11,37.49,11.44,5.46,24.6,5.06,42.52,22.36,1.14,42.89,0.45,8.09,6.09,0.23,1.14,37.29
2022-08-18,5.94,7.31,2.57,1.14,5.43,24.3,27.09,0.92,25.3,35.72,0.78,29.81,33.69,5.24,2.1,17.55,29.76,40.27,3.08,2.0,28.04,62.36,8.09,1.51,25.68,26.64,36.74,10.94,4.77,25.44,5.71,41.64,22.44,0.86,44.9,0.46,7.01,5.41,0.14,1.14,36.22
2022-08-19,6.01,7.25,2.61,1.12,5.42,24.11,27.11,0.92,25.45,35.66,0.66,29.97,33.71,5.23,2.12,17.44,29.88,40.26,3.06,2.01,28.09,62.25,8.15,1.51,25.51,26.69,36.84,10.96,4.81,25.36,5.75,41.84,22.24,0.87,44.92,0.47,7.06,5.31,0.14,1.14,36.3
2022-08-20,6.59,7.24,2.5,1.41,5.76,24.17,28.41,0.9,23.02,35.06,0.58,31.2,33.16,5.14,2.57,17.21,30.53,39.51,2.95,2.09,26.91,63.61,8.1,1.38,24.74,27.47,36.39,11.4,4.77,25.73,4.82,41.46,23.22,0.86,43.86,0.41,7.62,5.63,0.22,1.32,36.63
2022-08-21,6.57,7.21,2.51,1.45,5.97,24.22,28.33,0.92,22.82,35.26,0.58,31.01,33.15,5.09,2.59,17.17,30.56,39.51,3.01,2.07,26.84,63.69,8.1,1.37,24.76,27.5,36.36,11.38,4.7,26.02,4.69,41.36,23.23,0.84,43.95,0.41,7.65,5.67,0.21,1.34,36.46
2022-08-22,6.73,7.9,2.27,1.51,6.05,24.68,26.23,0.75,23.88,35.1,0.45,31.8,32.65,5.45,2.64,17.7,30.05,39.37,2.93,1.86,26.82,64.0,7.73,1.45,23.04,28.33,37.23,11.4,4.18,26.21,4.32,42.46,22.83,0.74,42.87,0.41,8.52,6.73,0.2,1.62,35.99
2022-08-23,6.47,8.17,2.09,1.22,5.6,24.46,26.85,0.57,24.57,34.97,0.5,31.23,33.3,5.28,2.32,16.99,30.63,40.0,2.97,1.81,26.92,63.88,7.51,1.69,23.64,27.96,36.9,11.5,3.91,26.99,4.89,41.5,22.71,0.6,43.51,0.36,8.5,6.21,0.08,1.49,36.01
2022-08-24,5.82,8.05,2.51,1.41,5.66,22.38,27.31,0.51,26.35,35.83,0.73,30.29,33.15,5.25,2.0,16.1,30.12,41.57,2.79,2.17,26.68,64.13,7.66,1.53,24.95,27.48,36.3,11.27,4.72,28.02,4.84,40.32,22.1,0.6,43.26,0.26,8.5,5.0,0.1,1.39,37.67
2022-08-25,5.76,8.15,2.39,1.56,5.79,22.37,26.28,0.49,27.21,34.78,0.7,31.28,33.24,5.58,2.06,16.28,30.78,40.41,2.67,2.22,26.63,65.13,6.97,1.27,25.08,27.49,35.98,11.45,4.18,26.42,4.65,40.74,24.01,0.61,41.98,0.24,8.21,5.56,0.21,1.35,38.25
2022-08-26,6.28,8.6,2.56,1.48,5.66,20.81,27.21,0.54,26.86,34.77,0.54,31.03,33.66,5.18,1.93,16.35,31.97,39.78,2.56,2.23,26.7,64.76,7.03,1.51,24.78,27.2,36.44,11.58,4.53,25.99,4.07,41.6,23.81,0.74,43.78,0.15,8.07,4.87,0.32,1.24,37.34
2022-08-27,6.77,8.78,2.31,1.37,5.46,21.13,27.36,0.54,26.28,38.21,0.46,30.57,30.76,4.11,2.45,16.02,31.83,40.16,3.21,2.22,26.45,65.3,6.67,1.58,23.98,28.13,35.99,11.9,4.69,26.8,4.17,41.16,23.18,0.89,43.8,0.3,8.21,4.93,0.29,1.22,37.23
2022-08-28,6.83,8.69,2.31,1.38,5.41,21.03,27.49,0.55,26.31,38.11,0.47,30.58,30.84,4.12,2.44,16.05,31.9,40.04,3.25,2.2,26.42,65.36,6.67,1.55,23.95,28.15,36.03,11.87,4.65,26.91,4.12,41.17,23.15,0.89,43.79,0.31,8.21,4.91,0.29,1.2,37.33
2022-08-29,7.21,9.04,2.03,1.45,6.38,21.23,26.46,0.52,25.68,38.44,0.61,30.53,30.42,4.07,2.76,15.34,31.92,40.8,3.0,2.11,25.82,65.0,7.53,1.65,24.45,28.77,34.79,11.99,4.71,26.93,4.01,41.63,22.72,0.89,43.37,0.3,7.96,4.86,0.26,1.22,37.92
2022-08-30,7.12,7.97,1.87,1.34,6.31,23.01,26.24,0.75,25.39,36.27,0.66,30.18,32.89,4.69,2.29,16.23,31.6,40.28,2.96,1.95,26.56,64.09,8.01,1.34,23.46,28.35,35.76,12.43,4.03,27.78,3.93,42.69,21.57,0.88,42.79,0.1,7.43,4.59,0.31,1.56,38.88
2022-08-31,6.73,8.53,2.09,1.57,6.83,23.21,25.95,0.68,24.41,35.72,0.7,30.99,32.59,4.67,2.43,15.7,31.84,40.73,2.93,1.7,27.44,63.32,7.86,1.38,23.34,26.74,37.5,12.42,4.19,26.75,4.28,43.42,21.36,0.79,42.19,0.14,8.88,4.81,0.26,1.83,38.11
2022-09-01,6.16,8.67,2.78,1.43,6.91,22.55,25.99,0.82,24.69,35.16,0.67,30.62,33.55,4.59,2.38,15.33,31.99,41.19,2.75,1.77,27.44,63.53,7.85,1.18,23.33,27.46,36.85,12.36,3.71,26.83,4.11,43.12,22.23,0.91,43.84,0.25,9.18,4.71,0.23,1.18,36.82
2022-09-02,6.39,8.72,2.66,1.67,6.89,21.77,25.4,0.65,25.85,33.94,0.7,31.39,33.97,4.74,2.04,16.25,31.28,41.16,2.69,1.84,26.95,64.52,7.34,1.19,23.66,27.25,37.13,11.96,3.94,26.05,4.32,42.91,22.78,1.21,43.05,0.37,9.38,5.32,0.29,1.19,36.03
2022-09-03,6.99,7.7,2.32,1.66,7.06,21.67,26.09,0.57,25.94,36.31,0.53,29.76,33.4,4.61,2.22,16.63,31.27,40.7,2.76,1.81,26.88,64.71,7.36,1.05,23.51,27.26,38.32,10.91,4.43,25.04,5.89,42.67,21.97,1.16,43.83,0.44,8.47,4.5,0.25,1.1,36.98
2022-09-04,6.99,7.61,2.33,1.66,7.04,21.67,26.07,0.57,26.06,36.44,0.55,29.59,33.42,4.62,2.21,16.66,31.24,40.69,2.76,1.82,26.94,64.71,7.29,1.06,23.5,27.17,38.37,10.96,4.46,24.97,5.89,42.62,22.06,1.16,43.95,0.44,8.46,4.46,0.26,1.1,37.05
2022-09-05,6.53,8.04,2.35,1.28,6.64,21.58,27.76,0.46,25.36,35.98,0.48,30.12,33.42,4.61,2.31,16.77,30.01,41.53,3.12,1.65,25.74,64.48,8.62,1.16,22.97,27.8,38.41,10.82,4.9,25.43,5.81,42.14,21.72,1.15,45.45,0.29,9.07,4.65,0.17,1.09,34.93
2022-09-06,6.19,7.84,2.28,1.21,6.43,22.04,28.37,0.44,25.2,36.63,0.53,29.75,33.09,4.8,2.47,16.62,28.57,42.69,3.17,1.68,25.65,64.21,8.96,1.18,22.87,27.39,38.53,11.21,5.07,26.19,5.61,41.71,21.42,0.99,45.58,0.3,8.76,4.97,0.24,0.96,35.53
2022-09-07,6.31,8.28,1.96,1.36,5.8,23.4,27.76,0.52,24.61,36.27,0.55,30.52,32.66,5.08,2.56,17.0,28.6,42.41,2.75,1.6,26.46,63.89,8.5,1.15,23.89,27.24,37.62,11.25,4.91,26.03,5.5,41.17,22.39,1.2,46.04,0.46,7.7,5.18,0.18,0.99,35.6
2022-09-08,6.11,7.27,2.2,1.42,5.23,23.84,26.18,0.88,26.87,36.73,0.54,29.86,32.87,4.64,2.27,16.47,28.99,42.72,3.24,1.67,25.96,64.82,8.22,1.0,25.03,28.26,35.69,11.02,4.02,27.38,5.4,40.9,22.3,1.05,46.09,0.45,8.26,4.7,0.47,1.0,35.26
2022-09-09,6.07,7.92,2.24,1.39,5.43,21.86,27.1,0.69,27.3,37.6,0.61,30.55,31.24,4.48,2.19,16.78,29.4,41.71,3.36,2.08,26.31,64.29,8.33,1.07,23.21,27.75,38.01,11.03,3.38,26.49,5.12,41.72,23.29,0.99,46.47,0.38,8.13,4.1,0.28,0.99,36.28
2022-09-10,6.18,8.79,2.0,1.37,5.56,21.98,26.77,0.71,26.64,37.79,0.53,30.0,31.68,4.7,2.34,16.79,29.77,40.57,3.48,2.35,27.07,62.67,9.04,1.22,22.02,28.16,38.34,11.48,3.77,27.29,4.7,40.28,23.96,1.12,45.82,0.23,8.01,4.1,0.24,1.26,36.96
2022-09-11,6.17,8.53,2.03,1.39,5.75,22.08,26.87,0.7,26.48,37.79,0.48,30.02,31.71,4.74,2.35,16.82,29.83,40.49,3.51,2.26,27.11,62.68,9.06,1.15,21.92,28.3,38.31,11.47,3.68,27.29,4.68,40.26,24.09,1.11,45.9,0.24,7.97,4.09,0.27,1.24,37.0
2022-09-12,6.27,8.0,2.22,1.34,6.03,21.56,28.62,0.69,25.27,37.34,0.54,29.89,32.23,4.62,2.33,16.46,30.21,40.6,3.42,2.36,27.14,62.87,8.74,1.25,21.51,28.99,37.48,12.02,3.59,28.04,4.34,39.74,24.29,0.86,46.51,0.23,7.32,4.11,0.25,1.51,36.78
2022-09-13,5.73,7.48,2.58,1.38,6.17,21.83,30.32,1.0,23.51,36.02,0.68,29.83,33.47,4.41,2.39,16.72,30.54,40.32,3.54,2.08,27.35,61.95,9.11,1.59,21.75,30.03,36.78,11.44,4.02,27.18,4.69,39.95,24.16,1.12,45.72,0.33,7.07,4.71,0.36,1.19,36.17
2022-09-14,6.28,6.89,2.5,1.19,5.91,22.56,29.02,0.74,24.91,35.44,0.7,30.34,33.52,4.84,1.98,15.53,31.35,41.41,3.09,1.8,26.39,63.22,8.9,1.49,22.26,30.27,36.19,11.28,4.31,26.02,5.14,40.36,24.17,1.37,43.83,0.52,7.66,5.7,0.29,1.09,36.61
2022-09-15,6.52,7.73,1.94,0.81,6.03,22.44,28.32,0.6,25.61,36.49,0.75,30.04,32.72,4.56,2.02,16.51,30.93,40.43,3.17,2.38,26.21,62.85,9.29,1.65,21.76,30.45,36.92,10.87,3.93,27.54,5.34,40.61,22.58,1.02,45.55,0.35,7.61,5.59,0.23,0.99,35.88
2022-09-16,6.04,8.32,2.08,0.77,6.02,23.58,27.79,0.74,24.66,35.59,0.61,29.9,33.9,4.93,1.9,17.56,30.59,39.57,3.06,2.39,27.17,61.42,10.07,1.34,20.99,28.86,38.26,11.89,3.85,27.96,4.95,41.63,21.61,1.07,44.88,0.2,8.31,4.9,0.28,1.14,36.46
2022-09-17,5.78,8.84,2.0,0.71,5.91,23.96,28.16,0.8,23.84,35.67,0.67,29.39,34.27,5.0,1.96,17.5,30.46,39.81,2.86,2.41,26.87,61.33,10.33,1.47,21.13,29.24,37.92,11.71,4.17,27.88,5.04,41.72,21.19,1.06,44.57,0.19,8.33,5.07,0.37,1.26,36.38
2022-09-18,5.85,8.77,2.03,0.72,5.97,23.95,28.19,0.79,23.73,35.52,0.7,29.45,34.33,5.1,1.94,17.51,30.31,39.87,2.87,2.4,26.83,61.38,10.3,1.49,20.94,29.36,38.04,11.66,4.11,28.12,5.1,41.62,21.05,1.08,44.52,0.19,8.51,5.14,0.37,1.21,36.16
2022-09-19,6.08,8.44,2.37,0.65,5.95,23.97,27.63,0.89,24.02,35.78,0.62,30.25,33.35,5.0,2.09,17.77,30.05,39.69,2.88,2.52,27.22,60.55,10.63,1.6,20.83,28.98,38.17,12.02,4.1,27.98,5.13,41.76,21.03,1.12,45.66,0.16,8.38,5.41,0.29,1.2,35.05
2022-09-20,5.76,8.47,2.31,0.61,5.9,24.16,27.43,0.81,24.55,35.27,0.52,30.91,33.3,4.98,2.36,17.55,29.85,39.92,2.94,2.4,26.72,61.09,10.74,1.45,20.54,28.55,38.35,12.56,4.09,27.68,5.07,41.06,22.1,1.25,45.26,0.19,8.33,5.53,0.4,1.34,35.08
2022-09-21,5.9,8.05,2.34,0.66,5.79,24.32,27.21,0.89,24.84,34.86,0.53,30.67,33.94,4.98,2.16,17.89,30.89,38.65,2.91,2.52,25.76,61.82,11.17,1.25,19.88,28.87,38.45,12.8,3.85,28.4,4.88,39.76,23.11,1.25,45.01,0.47,8.83,5.36,0.46,1.27,35.06
2022-09-22,5.54,8.11,2.39,0.61,6.04,23.93,27.33,0.72,25.33,33.81,0.47,30.76,34.96,4.72,2.17,17.49,32.39,37.8,2.73,2.7,26.17,61.6,10.8,1.43,20.59,27.4,38.07,13.94,3.83,27.62,4.72,40.02,23.81,1.57,44.03,0.62,9.37,5.09,0.41,1.29,35.64
2022-09-23,5.47,7.65,2.73,0.96,6.15,24.69,25.84,0.71,25.8,34.87,0.57,30.71,33.85,4.72,2.19,17.75,31.14,38.47,3.19,2.54,25.22,63.13,10.07,1.58,20.7,26.72,38.98,13.6,4.34,27.14,4.91,40.99,22.62,1.33,44.1,0.47,8.93,4.92,0.36,1.66,35.92
2022-09-24,5.6,7.21,3.04,0.89,5.87,25.18,26.13,1.13,24.95,35.61,0.55,29.42,34.42,4.5,2.61,17.35,28.85,41.65,3.01,2.03,24.69,64.03,9.73,1.55,20.5,28.53,38.28,12.69,4.35,28.79,4.19,39.76,22.91,1.25,44.59,0.61,8.63,5.14,0.36,1.45,35.4
2022-09-25,5.54,7.26,2.99,0.89,5.9,25.13,26.07,1.12,25.1,35.56,0.56,29.46,34.42,4.47,2.6,17.33,28.85,41.73,3.01,2.01,24.79,63.93,9.72,1.56,20.42,28.53,38.26,12.79,4.33,28.8,4.2,39.84,22.83,1.23,44.73,0.61,8.7,5.08,0.36,1.5,35.22
2022-09-26,5.64,7.31,2.89,1.01,6.09,24.94,25.95,1.14,25.03,36.33,0.57,29.34,33.76,4.93,2.38,16.75,29.26,41.57,3.05,2.06,25.85,62.92,9.77,1.46,20.56,28.88,39.0,11.56,4.05,28.83,4.31,40.02,22.79,1.55,44.88,0.57,8.04,4.98,0.3,1.63,35.78
2022-09-27,5.4,7.75,2.98,0.98,6.4,25.56,25.27,1.1,24.56,37.09,0.48,28.56,33.87,5.06,2.25,16.85,29.63,41.22,3.12,1.87,25.87,62.76,9.99,1.38,21.03,29.47,37.42,12.08,4.0,28.78,4.4,40.2,22.62,1.22,44.78,0.6,7.97,5.45,0.22,1.61,36.05
2022-09-28,5.78,7.84,2.9,1.09,6.15,25.11,25.21,1.04,24.88,35.69,0.52,28.71,35.08,4.69,2.0,17.4,31.47,39.51,2.93,2.0,26.03,62.22,10.27,1.48,21.01,29.2,38.09,11.7,4.16,27.89,4.48,40.44,23.03,1.31,45.25,0.51,8.03,4.85,0.27,1.52,36.38
2022-09-29,6.31,6.94,2.84,1.1,6.02,24.39,25.74,1.2,25.46,36.19,0.68,28.6,34.53,4.44,1.79,16.78,30.85,40.85,2.99,2.3,25.72,62.91,9.86,1.51,20.46,29.42,38.01,12.11,4.23,27.85,4.41,40.93,22.58,1.18,45.35,0.3,8.19,4.99,0.55,1.32,36.24
2022-09-30,6.81,6.57,2.77,1.22,5.22,24.22,25.7,0.9,26.59,37.71,0.5,29.01,32.78,4.32,2.2,16.9,29.62,41.62,3.16,2.18,26.82,61.92,9.94,1.32,20.73,28.67,37.85,12.75,4.71,27.92,5.05,41.23,21.09,1.51,45.17,0.35,7.86,4.91,0.54,1.5,36.2
2022-10-01,6.34,6.7,2.61,1.18,4.59,25.34,26.46,1.12,25.66,37.82,0.72,30.01,31.45,4.69,2.37,16.46,29.13,42.24,3.17,1.94,26.13,62.16,10.3,1.41,21.38,28.85,38.01,11.76,4.63,26.55,5.05,40.54,23.23,1.52,44.36,0.48,8.17,5.59,0.36,1.28,35.81
2022-10-02,6.4,6.68,2.66,1.18,4.57,25.3,26.54,1.13,25.54,37.77,0.71,30.05,31.47,4.67,2.38,16.38,29.2,42.3,3.14,1.93,26.05,62.23,10.31,1.41,21.49,28.77,38.01,11.73,4.67,26.55,4.97,40.58,23.23,1.52,44.32,0.45,8.18,5.59,0.36,1.26,35.87
2022-10-03,6.1,6.7,2.29,1.2,4.75,25.28,26.77,1.11,25.8,36.09,0.53,31.17,32.21,4.53,2.39,17.3,30.12,40.8,3.21,1.65,25.25,62.33,11.03,1.39,20.0,29.26,38.59,12.15,4.4,26.57,4.98,41.04,23.01,1.62,44.97,0.42,8.3,4.9,0.3,1.23,36.0
2022-10-04,6.13,7.35,2.34,1.05,4.7,25.85,25.65,1.25,25.68,36.12,0.51,31.45,31.92,4.49,2.08,17.64,30.31,40.58,3.25,1.65,24.35,63.12,11.06,1.47,19.45,28.89,39.11,12.55,4.72,26.29,4.98,40.82,23.19,1.78,44.26,0.37,8.46,5.7,0.35,1.11,35.79
2022-10-05,6.21,7.44,2.34,1.04,4.65,25.66,25.61,1.26,25.79,36.19,0.52,31.41,31.88,4.48,2.08,17.65,30.3,40.6,3.22,1.67,24.26,63.14,11.14,1.46,19.53,29.01,38.91,12.55,4.7,26.25,5.01,40.76,23.28,1.78,44.11,0.36,8.48,5.68,0.35,1.14,35.84
2022-10-06,5.53,7.82,2.49,0.97,4.8,25.8,25.05,1.32,26.22,33.13,0.55,32.79,33.53,4.36,2.02,18.38,30.24,40.46,2.88,1.66,26.02,61.98,10.62,1.38,19.64,28.24,38.9,13.22,4.17,25.8,5.18,41.79,23.06,1.78,42.39,0.47,8.5,5.59,0.36,1.39,37.02
2022-10-07,5.61,8.05,2.46,0.92,5.14,25.3,25.35,1.17,26.0,32.47,0.56,32.17,34.8,4.66,2.1,17.92,30.78,39.59,3.09,1.86,25.43,62.11,11.04,1.42,20.08,28.19,37.97,13.76,4.12,25.78,5.28,41.58,23.24,1.83,41.56,0.38,8.52,5.86,0.27,1.48,37.41
2022-10-08,5.22,7.52,2.8,1.1,5.56,25.2,26.18,0.97,25.45,33.32,0.58,31.71,34.39,4.65,2.35,17.65,29.96,40.51,3.08,1.8,25.54,62.06,10.92,1.48,20.77,28.05,38.26,12.92,4.55,26.63,4.75,41.72,22.35,1.68,41.5,0.47,9.03,6.56,0.34,1.38,36.3
2022-10-09,5.21,7.36,2.81,1.08,5.63,25.27,26.13,0.97,25.54,33.43,0.6,31.74,34.23,4.59,2.35,17.7,29.88,40.62,3.08,1.78,25.63,61.96,10.93,1.48,20.82,28.09,38.24,12.85,4.6,26.72,4.74,41.55,22.39,1.68,41.36,0.47,8.95,6.52,0.34,1.36,36.57
2022-10-10,5.16,6.9,3.07,1.1,5.88,23.92,26.43,0.92,26.62,33.66,0.3,31.19,34.85,4.43,2.11,17.21,30.82,39.29,4.16,1.98,25.52,62.16,10.94,1.38,20.6,27.67,38.46,13.27,4.14,27.61,4.52,41.91,21.82,1.51,42.73,0.35,8.96,5.44,0.27,1.31,36.86
2022-10-11,4.71,7.5,2.51,0.79,6.06,23.59,26.52,0.85,27.47,34.11,0.3,30.97,34.62,4.27,2.05,17.06,31.5,39.24,4.05,1.83,24.68,62.8,11.26,1.26,19.84,27.81,38.37,13.98,3.8,27.98,4.09,41.13,23.0,1.16,42.88,0.45,9.12,5.24,0.33,1.16,36.81
2022-10-12,4.82,6.98,2.35,0.67,6.62,23.98,25.38,0.84,28.36,34.15,0.42,31.48,33.95,4.3,2.07,18.25,31.05,38.43,3.94,1.96,24.64,62.12,11.97,1.27,18.98,28.14,39.12,13.76,3.88,27.37,4.7,41.31,22.74,1.38,43.96,0.46,8.1,5.26,0.28,1.1,37.08
2022-10-13,5.17,6.63,2.58,0.66,6.19,24.89,25.61,0.7,27.57,34.36,0.5,30.26,34.88,3.89,1.87,18.24,31.28,40.14,2.94,1.64,26.01,61.81,10.88,1.3,18.4,28.36,38.73,14.51,3.97,27.22,4.14,41.31,23.36,1.31,45.71,0.53,7.98,4.95,0.32,1.38,35.32
2022-10-14,4.99,6.13,2.85,0.7,6.4,25.22,25.58,0.75,27.38,34.82,0.53,30.47,34.18,4.18,2.0,18.7,31.39,39.08,3.03,1.62,25.86,61.54,11.29,1.31,17.64,28.57,38.98,14.81,3.76,27.45,4.13,41.33,23.33,1.39,45.89,0.44,8.31,4.84,0.24,1.36,35.1
2022-10-15,4.72,5.82,3.22,0.7,6.72,25.92,25.96,0.79,26.15,33.85,0.5,31.03,34.62,4.23,2.39,18.7,32.92,36.83,2.93,2.0,26.8,60.87,10.99,1.34,16.44,28.61,40.54,14.41,3.76,26.02,4.28,42.11,23.83,1.22,46.16,0.41,9.31,4.65,0.2,1.48,34.58
2022-10-16,4.74,5.85,3.25,0.7,6.7,25.72,26.04,0.79,26.21,33.78,0.48,31.08,34.66,4.26,2.4,18.75,32.93,36.79,2.93,1.94,26.8,60.89,10.97,1.34,16.42,28.59,40.48,14.51,3.77,25.92,4.36,42.1,23.85,1.14,46.23,0.42,9.3,4.69,0.22,1.45,34.62
2022-10-17,4.53,5.58,3.23,0.77,6.21,26.87,26.09,0.89,25.83,33.36,0.54,31.21,34.89,4.33,2.54,18.0,33.5,36.72,2.56,2.35,26.99,61.02,10.45,1.54,15.62,29.45,40.52,14.41,4.06,26.69,4.74,41.18,23.33,1.22,47.66,0.48,8.81,4.78,0.18,1.54,33.58
2022-10-18,4.72,5.45,2.97,0.79,5.94,27.01,25.54,1.05,26.53,35.01,0.66,31.32,33.01,4.58,2.52,17.83,32.39,38.16,2.64,1.88,27.2,60.75,10.57,1.48,15.37,29.48,40.86,14.29,3.56,26.68,4.72,41.34,23.7,1.22,46.15,0.44,9.16,4.7,0.26,1.47,35.03
2022-10-19,4.65,5.45,2.9,0.82,6.01,26.35,27.15,1.11,25.56,34.86,0.6,31.04,33.5,4.58,3.05,17.12,31.61,39.2,2.62,1.82,27.58,60.71,10.24,1.47,15.1,30.32,40.39,14.19,3.47,26.58,4.98,42.17,22.8,1.13,46.05,0.28,8.61,5.35,0.25,1.36,35.4
2022-10-20,4.8,5.59,2.84,0.6,5.91,25.82,26.85,1.16,26.43,34.84,0.55,30.9,33.71,4.11,2.8,17.12,31.15,40.18,2.62,2.02,26.85,60.14,11.65,1.36,14.66,29.93,40.42,14.99,3.49,26.97,5.18,41.97,22.39,0.96,46.93,0.29,8.7,4.72,0.5,1.15,35.23
2022-10-21,4.8,5.6,2.78,0.61,5.7,25.81,27.07,1.15,26.48,34.83,0.62,30.94,33.61,4.14,2.79,17.1,31.15,40.2,2.58,2.04,26.95,59.97,11.66,1.42,14.8,29.86,40.38,14.96,3.59,26.97,5.14,41.92,22.38,0.97,46.72,0.29,8.7,4.73,0.49,1.29,35.3
2022-10-22,4.56,5.66,3.17,0.7,5.8,26.36,26.19,1.26,26.3,35.14,0.45,31.02,33.39,4.55,2.67,17.44,29.85,40.76,2.89,1.84,26.89,60.36,11.67,1.08,14.78,29.56,40.73,14.93,3.75,26.73,5.01,42.33,22.18,0.82,47.49,0.23,8.79,5.01,0.42,1.1,34.95
2022-10-23,4.56,5.71,3.18,0.7,5.78,26.39,26.28,1.24,26.16,35.11,0.51,31.01,33.37,4.54,2.67,17.46,29.91,40.68,2.88,1.86,26.85,60.37,11.7,1.08,14.75,29.58,40.7,14.97,3.75,26.63,5.08,42.29,22.25,0.83,47.45,0.23,8.69,4.99,0.41,1.1,35.05
2022-10-24,4.56,5.65,3.16,0.69,5.87,26.0,26.21,1.23,26.63,35.28,0.45,31.05,33.22,4.57,2.65,17.43,30.23,40.4,2.87,1.85,26.88,60.57,11.48,1.07,14.72,29.32,40.68,15.28,3.68,26.32,5.05,42.53,22.42,0.82,47.44,0.23,8.59,5.0,0.41,1.09,35.22
2022-10-25,4.56,5.73,3.21,0.69,5.78,26.05,26.13,1.25,26.6,35.32,0.49,31.03,33.16,4.62,2.67,17.43,30.18,40.33,2.9,1.87,26.89,60.55,11.49,1.07,14.75,29.14,40.84,15.27,3.69,26.24,5.09,42.73,22.25,0.83,47.44,0.23,8.68,5.06,0.41,1.1,35.1
2022-10-26,4.95,5.99,2.97,0.62,5.65,25.96,25.23,1.21,27.42,35.09,0.55,32.45,31.91,4.89,2.27,18.36,29.65,39.84,3.22,1.77,26.06,60.51,12.27,1.16,17.09,27.8,40.48,14.63,3.74,26.09,4.63,42.47,23.07,0.8,47.27,0.32,8.74,4.99,0.34,1.18,35.07
2022-10-27,5.0,5.9,3.0,0.61,5.68,25.85,25.2,1.23,27.53,35.17,0.55,32.3,31.98,4.88,2.26,18.37,29.6,39.89,3.21,1.79,26.06,60.51,12.27,1.16,17.12,27.78,40.48,14.62,3.8,26.05,4.62,42.47,23.06,0.8,47.32,0.32,8.75,5.02,0.35,1.18,35.0
2022-10-28,5.26,6.01,2.69,0.67,5.83,26.34,25.17,1.12,26.91,35.61,0.55,32.47,31.37,5.2,2.2,17.93,29.55,39.86,3.44,1.82,25.77,60.74,12.32,1.17,17.96,27.97,39.79,14.28,3.98,25.34,4.84,42.95,22.89,0.83,47.53,0.22,8.73,5.4,0.31,1.12,34.52
2022-10-29,5.31,5.99,2.6,0.72,5.86,26.56,24.6,1.13,27.23,34.82,0.46,32.1,32.62,4.84,2.08,17.61,29.38,40.72,3.49,1.88,25.54,60.26,12.96,1.24,18.03,28.17,39.31,14.49,3.44,26.04,4.52,42.87,23.13,0.85,46.17,0.18,8.85,5.19,0.33,1.22,35.96
2022-10-30,5.25,5.97,2.76,0.74,5.89,26.47,24.48,1.15,27.29,34.59,0.49,32.09,32.83,4.99,2.07,17.58,29.36,40.64,3.46,1.9,25.64,60.24,12.88,1.24,17.97,28.2,39.43,14.4,3.52,26.0,4.51,42.87,23.1,0.85,46.26,0.18,8.87,5.17,0.33,1.22,35.86
2022-10-31,5.79,6.68,2.84,0.65,5.79,25.62,24.86,1.01,26.76,34.62,0.51,32.44,32.43,4.74,2.37,17.42,29.58,40.91,3.29,1.69,27.15,59.61,12.1,1.14,17.61,28.03,40.55,13.81,3.24,26.46,4.0,43.19,23.11,0.73,47.05,0.32,7.93,5.3,0.35,1.12,36.09
2022-11-01,5.34,6.72,2.67,0.6,6.14,24.97,25.17,0.94,27.45,34.63,0.48,32.0,32.89,4.79,2.37,17.64,29.33,40.74,3.52,1.61,26.95,59.9,11.93,1.22,17.51,28.1,40.68,13.71,3.29,26.32,4.37,43.4,22.62,0.92,47.48,0.29,7.75,5.33,0.36,1.08,35.58
2022-11-02,5.69,6.73,2.65,0.63,6.12,25.01,24.75,0.95,27.47,35.42,0.45,32.03,32.1,4.8,2.39,17.59,28.71,41.4,3.5,1.61,26.73,60.04,11.98,1.25,17.42,27.73,40.91,13.94,3.38,26.55,4.53,43.03,22.51,0.86,47.58,0.31,7.47,5.46,0.36,1.07,35.66
2022-11-03,5.58,6.68,2.46,0.56,6.19,25.7,24.67,0.89,27.27,35.06,0.3,32.56,32.08,4.58,2.52,17.58,28.79,41.38,3.59,1.56,26.56,60.13,12.04,1.27,17.96,26.98,41.04,14.02,3.16,26.35,4.37,43.36,22.76,0.9,46.61,0.34,7.39,5.63,0.42,1.0,36.47
2022-11-04,5.71,6.58,2.5,0.55,6.21,25.61,24.67,0.92,27.25,34.7,0.39,32.69,32.22,4.72,2.55,17.31,28.94,41.26,3.69,1.53,26.52,60.48,11.83,1.17,18.16,26.55,41.0,14.29,3.16,26.23,4.57,43.59,22.45,0.96,45.98,0.36,7.85,5.59,0.33,1.11,36.55
2022-11-05,6.14,6.79,2.38,0.56,6.03,25.73,24.27,0.9,27.2,34.31,0.44,33.09,32.16,4.54,2.48,17.42,29.02,41.24,3.73,1.57,26.75,59.88,12.17,1.2,18.09,26.39,41.06,14.46,3.17,25.98,4.74,44.18,21.93,1.03,45.59,0.37,7.87,5.64,0.31,1.02,36.83
2022-11-06,6.15,6.78,2.39,0.54,6.01,25.74,24.37,0.9,27.12,34.34,0.47,32.99,32.2,4.53,2.47,17.44,29.02,41.25,3.72,1.57,26.74,59.94,12.14,1.18,18.12,26.45,40.97,14.46,3.24,25.86,4.81,44.13,21.96,1.03,45.67,0.37,7.83,5.64,0.31,1.03,36.83
2022-11-07,6.21,6.6,2.39,0.6,6.34,25.65,24.3,0.92,26.99,33.63,0.42,33.53,32.42,4.59,2.45,17.42,28.48,41.54,3.94,1.58,26.57,59.83,12.42,1.18,17.7,26.32,41.53,14.45,3.17,26.02,4.84,43.87,22.1,1.14,45.34,0.38,7.58,5.37,0.36,1.01,37.35
2022-11-08,6.42,6.7,2.29,0.55,6.28,25.94,24.15,0.91,26.76,33.29,0.32,33.6,32.79,4.76,2.42,17.59,28.21,41.42,4.01,1.59,27.14,59.41,12.2,1.25,18.09,26.0,41.42,14.49,3.28,25.57,4.76,44.76,21.63,1.14,45.72,0.35,7.21,5.32,0.35,1.05,37.55
2022-11-09,6.43,7.0,2.6,0.57,6.34,25.55,23.67,1.0,26.84,32.53,0.33,34.18,32.96,4.72,2.47,17.49,28.24,41.45,3.77,1.86,27.86,59.53,11.43,1.18,18.41,26.38,41.11,14.1,2.97,26.24,5.07,44.02,21.7,1.19,44.31,0.31,7.42,5.36,0.19,0.94,38.76
2022-11-10,6.0,7.63,2.52,0.91,6.11,25.82,23.23,1.02,26.76,32.9,0.37,33.44,33.29,4.72,2.41,18.0,27.57,41.48,3.51,2.31,28.17,59.81,10.73,1.29,18.14,26.15,41.7,14.01,3.2,26.21,4.96,43.77,21.86,1.25,44.73,0.32,7.91,4.84,0.26,0.95,38.25
2022-11-11,5.74,7.79,2.57,0.94,6.33,25.66,22.97,0.97,27.03,33.11,0.28,33.71,32.9,5.17,2.33,18.22,27.98,40.37,3.46,2.47,28.09,59.97,10.62,1.32,18.44,25.64,41.69,14.23,3.31,25.42,4.63,44.82,21.82,1.24,44.84,0.15,7.85,4.79,0.42,0.98,38.18
2022-11-12,5.64,7.0,2.5,0.88,6.43,25.89,23.57,0.93,27.16,33.12,0.37,33.73,32.78,5.13,2.22,18.17,27.8,40.88,3.37,2.43,27.41,60.94,10.27,1.38,17.91,25.57,42.51,14.01,3.77,25.82,4.62,44.41,21.38,1.08,44.86,0.17,8.06,4.71,0.39,0.93,38.24
2022-11-13,5.63,7.04,2.56,0.9,6.51,25.83,23.64,0.91,26.98,33.17,0.37,33.75,32.71,5.08,2.26,18.14,27.87,40.85,3.39,2.41,27.62,60.65,10.35,1.38,17.92,25.45,42.69,13.94,3.7,25.69,4.67,44.53,21.41,1.07,44.88,0.17,8.09,4.67,0.35,0.94,38.26
2022-11-14,5.67,7.22,2.47,0.9,6.56,25.88,23.06,0.84,27.4,33.02,0.41,34.38,32.19,5.1,2.77,18.06,27.98,40.25,3.67,2.17,28.12,60.65,9.9,1.33,18.22,24.79,42.59,14.4,3.86,25.14,5.04,45.07,20.89,1.06,44.75,0.11,8.24,4.71,0.4,1.06,37.87
2022-11-15,5.61,7.23,2.43,0.84,6.71,25.56,23.68,0.81,27.13,33.08,0.38,34.41,32.13,5.12,2.75,17.72,28.59,40.13,3.52,2.17,27.4,61.0,10.26,1.34,18.26,24.72,42.72,14.3,3.7,25.57,4.97,44.91,20.85,1.08,44.87,0.11,8.46,5.27,0.39,1.01,36.97
2022-11-16,5.38,7.09,2.39,0.75,6.88,25.14,23.88,0.79,27.7,33.0,0.33,34.74,31.93,5.03,2.53,17.77,29.39,39.73,3.6,1.95,27.45,60.45,10.62,1.48,17.95,24.47,42.87,14.71,3.44,25.76,4.97,44.79,21.04,1.0,45.71,0.2,7.77,5.14,0.45,0.88,36.98
2022-11-17,5.77,6.93,2.37,0.7,6.6,25.8,23.52,0.67,27.64,33.13,0.34,35.21,31.32,4.97,2.69,18.43,30.1,38.56,3.35,1.9,27.65,60.12,10.82,1.41,16.6,24.97,43.38,15.05,2.95,24.58,5.17,45.37,21.93,1.1,46.25,0.26,8.29,5.28,0.35,0.95,35.87
2022-11-18,5.87,6.78,2.55,0.63,6.47,25.82,23.92,0.62,27.34,33.14,0.34,35.04,31.48,5.24,2.7,18.44,29.07,39.07,3.42,2.06,27.18,60.77,10.54,1.51,16.52,24.91,43.81,14.76,2.82,24.43,4.46,46.55,21.74,1.27,46.0,0.18,8.33,5.32,0.42,0.94,36.04
2022-11-19,5.83,6.91,2.47,0.39,5.83,27.22,23.46,0.59,27.3,32.44,0.28,35.65,31.63,5.69,2.55,19.12,29.74,37.54,3.36,2.0,26.68,61.29,10.52,1.51,16.38,24.75,43.39,15.48,2.69,23.66,4.34,46.36,22.95,1.23,46.16,0.17,8.15,5.35,0.35,0.99,36.07
2022-11-20,5.82,6.85,2.46,0.38,6.01,27.09,23.43,0.63,27.33,32.49,0.26,35.66,31.59,5.62,2.53,19.04,29.5,37.92,3.34,2.05,26.86,61.13,10.5,1.51,16.32,24.8,43.38,15.5,2.71,23.63,4.28,46.29,23.09,1.18,46.05,0.16,8.18,5.34,0.35,0.98,36.27
2022-11-21,6.01,6.43,2.57,0.31,5.88,26.69,23.69,0.76,27.66,32.15,0.23,36.03,31.59,5.54,2.66,19.21,29.68,38.04,3.06,1.81,26.48,61.86,10.14,1.52,16.51,25.62,42.47,15.4,2.66,24.23,4.56,46.48,22.07,1.51,46.26,0.22,8.57,4.91,0.32,1.21,35.52
2022-11-22,6.05,6.35,2.59,0.32,5.34,26.47,24.17,0.81,27.9,32.01,0.24,35.39,32.36,5.51,2.54,19.02,30.19,38.07,2.88,1.79,26.03,62.47,10.02,1.48,17.08,25.58,41.85,15.49,3.05,24.9,4.76,45.41,21.88,1.28,46.44,0.18,8.21,4.96,0.42,1.34,35.78
2022-11-23,5.92,6.49,2.6,0.33,5.38,26.3,24.33,0.77,27.88,32.29,0.26,34.73,32.72,5.49,2.49,18.85,29.2,39.28,2.81,1.88,25.64,62.45,10.39,1.52,17.4,25.6,42.04,14.96,3.03,24.66,4.92,45.45,21.94,1.24,46.35,0.17,8.62,4.82,0.45,1.44,35.51
2022-11-24,5.73,6.54,2.53,0.32,5.73,26.49,24.7,0.76,27.2,32.04,0.23,35.03,32.7,5.22,2.26,18.94,29.05,39.52,3.1,1.91,25.58,62.68,10.42,1.32,17.51,25.56,42.18,14.75,3.3,24.53,5.04,45.51,21.62,1.33,46.62,0.19,8.17,4.96,0.41,1.4,35.42
2022-11-25,5.73,6.4,2.47,0.29,5.99,26.88,24.39,0.79,27.06,31.82,0.25,35.06,32.87,5.1,2.2,19.14,29.39,39.24,3.08,1.85,25.3,62.93,10.41,1.36,17.5,25.42,42.47,14.61,3.11,24.46,5.41,45.45,21.57,1.43,47.26,0.21,8.12,5.03,0.35,1.25,34.92
2022-11-26,5.97,6.51,2.39,0.29,5.79,26.91,24.43,0.8,26.91,31.5,0.24,35.29,32.97,5.09,2.37,19.24,29.55,38.97,3.0,1.78,25.14,63.25,10.25,1.36,17.47,26.09,42.1,14.34,3.5,24.87,5.22,45.17,21.24,1.4,46.72,0.23,8.03,5.13,0.37,1.34,35.48
2022-11-27,5.94,6.53,2.38,0.29,5.8,26.92,24.28,0.81,27.05,31.83,0.28,35.09,32.8,5.06,2.34,19.23,29.42,39.15,2.99,1.81,25.07,63.24,10.3,1.39,17.63,26.0,42.04,14.33,3.46,24.72,5.41,45.11,21.3,1.4,46.68,0.23,8.09,5.1,0.36,1.33,35.43
2022-11-28,5.85,6.57,2.59,0.29,5.74,27.19,24.71,0.74,26.32,31.25,0.28,35.23,33.24,5.08,2.35,19.42,29.67,39.13,2.66,1.69,25.32,62.81,10.6,1.27,17.28,26.12,42.1,14.5,3.43,25.17,5.11,45.3,20.99,1.36,46.71,0.2,8.38,4.96,0.33,1.28,35.49
2022-11-29,5.73,6.66,2.67,0.3,5.93,27.2,24.42,0.79,26.3,30.92,0.36,34.87,33.85,5.13,2.28,18.84,30.36,38.93,2.79,1.67,25.86,62.42,10.42,1.3,17.41,25.77,42.37,14.45,3.17,25.05,5.31,45.2,21.27,1.44,46.36,0.22,8.18,4.95,0.26,1.2,36.05
2022-11-30,5.46,6.64,2.68,0.54,5.75,27.4,24.1,0.74,26.69,30.46,0.45,34.69,34.4,5.07,2.34,18.94,30.52,38.58,2.87,1.68,26.71,61.44,10.49,1.36,17.17,26.38,42.15,14.3,3.12,25.19,4.69,45.69,21.31,1.38,45.84,0.23,8.12,4.88,0.4,1.26,36.6
2022-12-01,5.47,6.56,2.63,0.53,5.84,27.33,24.22,0.76,26.66,31.27,0.27,34.06,34.4,4.85,2.2,18.75,29.77,39.75,2.93,1.75,26.67,60.79,11.24,1.3,17.23,26.27,42.44,14.06,3.19,25.24,4.54,45.68,21.35,1.35,45.23,0.23,8.48,5.08,0.35,1.25,36.73
2022-12-02,5.49,6.53,3.13,0.53,5.69,26.94,24.33,0.72,26.64,30.77,0.35,33.99,34.89,4.95,2.12,18.85,30.63,39.07,2.66,1.72,26.4,61.58,10.68,1.34,17.05,26.45,42.16,14.34,3.35,24.71,4.69,45.78,21.47,1.4,45.17,0.25,8.75,4.85,0.43,1.26,36.72
2022-12-03,5.44,6.29,2.88,0.53,5.93,27.46,24.24,0.75,26.48,30.57,0.36,34.33,34.74,4.63,2.14,18.41,31.03,39.31,2.75,1.73,26.46,61.42,10.86,1.26,17.8,25.77,42.12,14.31,3.51,25.1,4.58,45.3,21.51,1.45,45.39,0.17,8.73,4.82,0.38,1.18,36.7
2022-12-04,5.55,6.27,2.88,0.57,5.95,27.35,24.08,0.74,26.61,30.96,0.26,34.13,34.65,4.88,2.08,18.32,30.59,39.63,2.85,1.65,26.56,61.22,10.94,1.28,17.16,25.93,42.38,14.53,3.53,24.72,4.5,45.73,21.52,1.45,45.18,0.2,8.76,4.84,0.38,1.28,36.83
2022-12-05,5.34,6.41,3.04,0.54,5.8,27.57,24.24,0.8,26.26,31.07,0.35,34.01,34.57,4.59,2.15,18.5,31.03,39.02,3.03,1.68,27.06,60.81,10.99,1.14,17.81,26.05,41.89,14.25,3.56,25.15,4.34,45.7,21.25,1.4,45.08,0.19,8.65,4.84,0.53,1.21,36.95
2022-12-06,5.41,6.46,3.28,0.6,5.93,27.56,23.51,0.81,26.44,31.76,0.34,33.58,34.32,4.5,2.43,17.91,30.2,39.56,3.41,1.99,26.88,60.89,10.97,1.26,17.06,26.24,42.67,14.03,3.16,25.64,4.48,45.41,21.31,1.52,45.65,0.23,8.84,4.85,0.34,1.16,36.2
2022-12-07,5.59,6.56,3.21,0.6,5.74,27.55,23.16,0.92,26.67,32.1,0.37,34.04,33.49,4.65,2.24,18.08,29.69,39.7,3.33,2.31,27.43,60.55,10.83,1.19,16.51,26.49,42.5,14.5,3.5,25.68,4.43,45.63,20.76,1.44,45.1,0.21,8.82,5.3,0.26,1.21,36.28
2022-12-08,5.48,6.49,3.38,0.57,6.02,27.78,22.97,0.99,26.32,31.92,0.27,34.36,33.45,4.57,2.39,17.95,29.81,39.97,3.07,2.24,27.67,60.24,10.59,1.5,16.91,26.51,42.42,14.16,3.59,25.83,4.33,45.05,21.2,1.32,45.41,0.28,8.47,5.35,0.35,1.21,36.27
2022-12-09,5.37,6.61,3.19,0.61,5.86,27.51,23.07,0.88,26.9,31.39,0.34,33.99,34.28,4.65,2.29,17.74,29.82,40.02,3.36,2.12,27.89,60.14,10.61,1.36,16.58,26.22,42.42,14.78,3.08,25.59,4.36,45.21,21.76,1.29,45.1,0.27,8.84,5.1,0.34,1.24,36.54
2022-12-10,5.73,6.7,3.06,0.65,5.83,26.95,23.1,0.93,27.05,31.37,0.4,34.62,33.61,4.52,2.39,18.08,29.47,40.31,3.09,2.14,27.36,60.36,10.96,1.32,16.5,26.61,42.21,14.68,3.33,24.67,4.53,45.21,22.26,1.29,45.94,0.27,8.66,5.12,0.3,1.1,35.83
2022-12-11,5.78,6.65,3.08,0.66,5.91,26.85,23.1,0.94,27.03,31.44,0.43,34.57,33.56,4.49,2.39,18.06,29.49,40.37,3.06,2.14,27.41,60.3,10.98,1.31,16.45,26.62,42.19,14.74,3.31,24.83,4.51,45.11,22.24,1.3,45.96,0.27,8.68,5.11,0.3,1.11,35.79
2022-12-12,5.78,6.6,3.11,0.65,5.88,26.88,23.12,0.94,27.04,31.38,0.4,34.49,33.73,4.55,2.41,18.02,29.37,40.41,3.11,2.13,27.45,60.3,10.9,1.35,16.53,26.73,42.26,14.48,3.31,24.87,4.51,45.14,22.17,1.23,46.04,0.27,8.62,5.15,0.3,1.09,35.79
2022-12-13,5.45,7.07,3.07,0.66,5.78,27.14,23.09,0.9,26.84,31.72,0.36,34.1,33.82,4.2,2.46,18.07,29.87,39.94,3.08,2.38,28.29,60.0,10.39,1.32,16.62,27.13,42.25,14.0,3.45,24.18,4.48,45.87,22.02,1.31,45.51,0.24,8.99,5.36,0.29,1.29,35.55
2022-12-14,5.34,6.97,3.12,0.62,5.69,27.46,23.03,0.89,26.88,31.37,0.44,34.58,33.61,4.3,2.52,18.43,29.9,39.34,3.22,2.29,28.31,59.61,10.78,1.3,16.19,26.65,42.92,14.24,3.77,23.52,4.76,46.11,21.84,1.15,45.75,0.25,8.45,5.57,0.31,1.33,35.81
2022-12-15,5.65,6.85,3.06,0.65,5.67,27.67,22.52,0.91,27.02,31.67,0.38,34.8,33.15,4.32,2.6,18.22,29.8,39.48,3.3,2.28,28.57,59.76,10.59,1.08,16.87,26.49,42.45,14.19,3.57,23.92,4.86,46.11,21.54,1.07,45.83,0.26,8.8,5.58,0.14,1.39,35.59
2022-12-16,5.89,7.4,2.85,0.67,5.94,27.76,22.05,0.88,26.56,31.33,0.31,35.09,33.27,4.08,2.38,18.8,30.28,38.49,3.65,2.32,28.87,59.21,10.59,1.33,16.96,26.3,42.44,14.3,3.41,23.93,4.61,45.88,22.17,1.01,45.41,0.27,8.56,5.67,0.26,1.48,35.97
2022-12-17,6.18,7.8,2.78,0.67,5.97,27.45,21.97,0.87,26.31,30.9,0.31,35.12,33.67,4.15,2.57,18.58,29.96,38.82,3.55,2.37,29.24,58.54,10.72,1.5,16.79,25.58,42.82,14.81,3.75,23.47,4.29,46.14,22.35,1.03,45.63,0.28,8.59,5.6,0.25,1.4,35.91
2022-12-18,6.17,7.87,2.76,0.66,5.92,27.56,21.89,0.87,26.3,30.78,0.32,35.2,33.7,4.16,2.57,18.62,29.99,38.77,3.54,2.35,29.34,58.47,10.72,1.47,16.82,25.58,42.81,14.79,3.82,23.46,4.31,46.19,22.22,1.0,45.62,0.27,8.63,5.58,0.25,1.4,35.86
2022-12-19,6.14,7.29,2.96,0.65,5.77,27.61,21.63,0.99,26.96,30.55,0.3,35.33,33.82,4.38,2.45,18.53,30.46,38.06,3.75,2.37,28.9,58.78,10.91,1.41,17.2,25.42,42.54,14.84,3.88,22.97,4.5,46.83,21.82,0.93,46.14,0.22,8.26,5.3,0.17,1.44,36.16
2022-12-20,5.9,7.27,2.92,0.61,6.01,27.31,21.82,1.01,27.15,31.3,0.35,35.43,32.92,4.38,2.35,18.36,30.01,38.22,4.19,2.49,28.42,59.59,10.66,1.33,17.22,26.21,41.68,14.89,3.71,23.44,4.28,46.86,21.71,0.9,46.07,0.22,8.4,5.67,0.17,1.46,35.67
2022-12-21,5.86,7.22,2.96,0.58,6.08,27.14,22.02,0.99,27.15,31.04,0.38,35.42,33.16,4.34,2.37,18.29,30.26,38.05,4.39,2.3,28.59,59.63,10.56,1.22,17.12,26.08,41.74,15.06,3.77,23.51,4.34,46.98,21.4,0.84,46.13,0.22,8.19,5.88,0.18,1.51,35.62
2022-12-22,5.7,7.74,3.09,0.73,6.25,26.83,21.54,1.04,27.08,31.26,0.55,35.69,32.5,4.43,2.48,18.61,30.06,37.79,4.23,2.4,28.65,59.73,10.24,1.38,17.56,25.61,41.82,15.01,3.79,23.28,4.47,46.91,21.55,0.78,45.64,0.25,7.96,5.96,0.27,1.56,35.96
2022-12-23,5.65,7.9,3.07,0.97,6.16,26.04,21.64,0.93,27.64,31.65,0.66,35.17,32.52,4.28,2.4,18.52,30.03,37.87,4.38,2.52,27.78,59.84,10.8,1.58,18.33,25.37,41.3,15.0,4.21,23.38,4.36,46.19,21.86,0.77,46.25,0.25,7.81,6.12,0.22,1.62,35.05
2022-12-24,5.72,7.55,3.1,1.59,6.09,26.34,21.66,0.85,27.1,31.51,0.67,34.91,32.91,4.35,2.39,17.96,30.43,38.12,4.36,2.39,28.02,59.54,10.71,1.73,18.14,25.06,41.89,14.91,4.45,22.94,4.19,46.3,22.12,0.83,45.66,0.27,8.14,6.03,0.18,1.62,35.26
2022-12-25,5.63,7.51,3.12,1.59,6.08,26.42,21.75,0.82,27.08,31.57,0.69,35.01,32.73,4.31,2.39,18.06,30.33,38.14,4.35,2.42,27.97,59.43,10.86,1.74,18.22,25.11,42.05,14.62,4.47,22.97,4.08,46.34,22.14,0.86,45.6,0.26,8.18,6.11,0.18,1.58,35.24
2022-12-26,5.51,7.44,2.83,2.28,6.12,26.9,21.68,0.75,26.49,31.87,0.72,34.5,32.91,4.59,2.44,17.62,30.67,37.79,4.68,2.21,27.9,59.54,10.67,1.89,17.97,25.4,42.23,14.4,4.43,22.96,4.15,46.01,22.45,0.99,45.3,0.28,8.45,6.07,0.19,1.61,35.16
2022-12-27,5.29,7.2,2.68,2.78,6.37,26.48,21.54,0.82,26.84,32.6,0.7,33.94,32.76,4.65,2.37,17.78,30.3,37.96,4.83,2.11,27.61,59.85,10.95,1.59,18.39,25.68,41.65,14.28,4.58,22.9,4.41,45.8,22.31,1.14,44.9,0.24,8.76,6.09,0.26,1.57,35.12
2022-12-28,5.42,7.3,2.63,3.28,6.06,26.18,21.62,0.77,26.74,32.16,0.7,34.31,32.83,4.7,2.51,17.39,30.25,38.48,4.59,2.08,27.8,59.56,10.93,1.71,18.73,25.33,41.65,14.29,4.81,22.85,4.3,45.07,22.97,1.25,45.48,0.24,8.27,5.94,0.22,1.56,35.04
2022-12-29,5.49,7.51,2.93,3.87,5.96,25.8,21.5,0.76,26.18,31.93,0.64,34.03,33.4,4.65,2.52,17.02,30.54,38.59,4.47,2.21,27.76,59.45,11.01,1.78,18.45,24.7,42.05,14.8,4.75,22.27,4.3,45.49,23.19,1.37,45.44,0.28,8.03,6.25,0.21,1.65,34.66
2022-12-30,5.41,7.75,2.84,4.31,6.33,25.38,21.51,0.63,25.84,31.92,0.64,33.54,33.9,4.59,2.57,16.59,30.75,38.6,4.45,2.45,27.2,59.96,11.03,1.81,18.46,24.55,41.45,15.54,4.65,22.99,4.38,45.1,22.88,1.39,44.68,0.26,7.74,6.5,0.19,1.83,34.9
2022-12-31,5.45,7.77,2.87,4.26,6.49,25.15,21.44,0.65,25.92,31.95,0.63,33.82,33.6,4.42,2.56,16.64,30.71,38.67,4.5,2.5,27.56,59.8,10.9,1.74,18.62,24.49,41.5,15.39,4.53,22.85,4.46,45.21,22.95,1.43,44.64,0.27,7.86,6.38,0.22,1.85,34.76
2023-01-01,5.46,7.71,2.86,4.26,6.59,24.91,21.59,0.67,25.95,31.86,0.73,33.85,33.56,4.3,2.53,16.58,30.8,38.75,4.48,2.56,27.49,59.87,10.93,1.71,18.92,24.48,41.29,15.31,4.46,22.96,4.41,45.46,22.71,1.44,44.44,0.3,7.94,6.38,0.22,1.84,34.86
2023-01-02,5.98,7.75,2.83,4.72,6.66,24.63,21.24,0.63,25.56,31.77,0.82,33.74,33.67,4.26,2.52,16.82,30.18,39.27,4.34,2.61,27.57,60.0,10.67,1.76,18.34,24.71,41.53,15.42,4.35,22.6,4.64,45.39,23.02,1.43,44.87,0.32,8.15,6.19,0.25,1.89,34.62
2023-01-03,6.13,7.45,2.87,4.88,6.9,25.13,20.96,0.65,25.03,32.43,0.71,33.54,33.32,4.23,2.55,16.97,30.16,39.37,4.23,2.49,27.67,60.03,10.5,1.8,18.39,25.42,41.09,15.1,4.34,22.69,4.72,44.71,23.54,1.45,45.74,0.23,8.01,6.03,0.27,1.96,34.21
2023-01-04,6.04,7.67,3.12,4.21,6.9,24.95,21.47,0.65,24.99,33.38,0.72,33.37,32.53,4.24,2.83,17.58,29.91,39.25,3.71,2.48,28.16,59.67,10.42,1.75,18.1,25.15,41.43,15.32,4.43,22.66,4.69,45.22,23.0,1.37,45.7,0.24,8.18,5.84,0.25,1.92,34.26
2023-01-05,6.1,7.31,3.1,4.16,6.74,25.19,21.63,0.68,25.09,33.1,0.71,33.76,32.43,4.37,2.94,17.88,30.1,38.58,3.58,2.55,28.23,59.33,10.84,1.6,18.32,24.77,41.79,15.12,4.02,22.29,4.71,45.81,23.17,1.22,45.13,0.22,7.98,5.91,0.22,1.9,35.01
2023-01-06,6.03,7.12,3.04,4.06,6.37,25.74,21.56,0.71,25.37,33.31,0.67,34.5,31.52,4.44,3.06,17.53,30.27,38.8,3.33,2.57,28.19,59.47,10.82,1.52,18.33,25.11,41.61,14.95,3.94,22.51,4.76,45.88,22.91,1.25,44.95,0.13,8.08,5.77,0.25,1.73,35.48
2023-01-07,6.13,7.27,3.06,4.11,6.5,25.99,20.94,0.72,25.28,33.43,0.73,34.44,31.4,4.57,3.05,17.71,29.98,38.95,3.23,2.51,28.18,59.46,10.79,1.57,18.56,25.3,41.4,14.74,4.04,22.65,4.84,45.88,22.59,1.19,45.08,0.2,8.28,5.53,0.27,1.72,35.23
2023-01-08,6.21,7.12,3.12,4.18,6.49,25.67,21.1,0.7,25.41,33.78,0.72,34.14,31.36,4.46,2.91,17.7,29.77,39.4,3.24,2.52,28.31,59.49,10.67,1.53,18.77,25.48,40.93,14.82,3.77,22.79,4.87,45.84,22.73,1.22,45.13,0.19,8.23,5.58,0.26,1.7,35.2
2023-01-09,5.95,7.19,2.99,4.16,6.23,25.75,21.68,0.67,25.38,33.88,0.71,34.04,31.37,4.47,2.83,17.67,30.07,39.28,3.33,2.35,28.23,59.69,10.4,1.68,18.86,25.73,40.63,14.78,3.5,23.26,4.92,45.65,22.67,1.24,45.34,0.18,8.28,5.55,0.26,1.78,34.81
2023-01-10,5.89,7.17,2.93,4.07,6.26,25.77,21.92,0.71,25.28,33.23,0.76,34.27,31.74,4.46,3.07,17.58,29.7,39.41,3.29,2.49,28.47,59.44,10.49,1.6,18.77,25.36,41.18,14.69,3.66,22.8,5.09,45.69,22.76,1.23,45.42,0.19,8.21,5.45,0.24,1.74,35.16
2023-01-11,5.85,7.41,2.8,4.06,6.24,25.53,21.93,0.7,25.48,33.41,0.67,34.31,31.61,4.39,3.07,17.72,29.98,39.04,3.47,2.33,28.35,59.61,10.37,1.67,19.01,25.44,41.01,14.54,3.7,22.99,4.91,45.99,22.41,1.25,45.98,0.31,8.3,5.65,0.2,1.71,34.16
2023-01-12,5.88,7.38,2.89,3.92,6.28,25.38,21.95,0.73,25.59,33.33,0.54,33.94,32.19,4.36,2.85,17.55,30.0,39.37,3.46,2.41,28.17,60.18,10.12,1.53,17.82,25.53,41.74,14.91,3.6,22.5,4.95,45.71,23.24,1.32,46.42,0.35,8.23,5.27,0.16,1.64,34.35
2023-01-13,5.88,7.15,2.84,4.08,6.55,25.28,22.52,0.63,25.07,33.3,0.55,34.71,31.44,4.62,2.81,17.69,30.33,38.69,3.43,2.43,27.86,59.87,10.57,1.7,18.06,25.17,41.64,15.13,3.5,21.79,4.73,46.12,23.86,1.26,45.71,0.34,8.11,5.53,0.13,1.51,35.12
2023-01-14,5.76,7.31,2.83,4.05,6.41,25.59,22.48,0.63,24.94,33.59,0.65,34.71,31.05,4.59,2.72,17.65,30.16,39.03,3.4,2.45,27.42,60.38,10.52,1.68,18.44,25.1,41.29,15.17,3.46,21.76,4.94,46.08,23.76,1.34,45.8,0.32,8.24,5.49,0.14,1.5,35.02
2023-01-15,5.77,7.33,2.83,4.04,6.26,25.56,22.79,0.65,24.77,33.66,0.61,34.53,31.2,4.44,2.74,17.69,30.16,38.9,3.63,2.44,27.25,60.28,10.74,1.73,18.26,25.05,41.56,15.13,3.5,21.83,4.86,46.14,23.67,1.32,45.72,0.31,8.21,5.54,0.19,1.52,35.08
2023-01-16,5.75,7.45,2.96,3.76,6.35,24.94,22.88,0.8,25.11,32.81,0.55,34.96,31.68,4.75,2.9,18.19,29.93,38.55,3.25,2.43,27.88,59.05,11.11,1.96,17.5,23.62,42.25,16.63,4.1,21.35,5.01,46.76,22.78,0.97,46.2,0.3,8.11,5.29,0.23,1.56,35.07
2023-01-17,5.59,7.57,3.44,2.89,6.51,24.47,22.3,0.8,26.43,33.59,0.64,34.83,30.94,4.54,2.81,18.37,30.03,39.18,2.82,2.25,28.57,58.71,10.81,1.91,17.0,24.2,42.97,15.83,3.92,20.21,4.79,47.81,23.27,1.15,46.25,0.29,8.52,5.73,0.2,1.16,34.87
2023-01-18,5.56,7.32,3.29,2.92,6.24,24.43,22.38,0.75,27.11,33.07,0.7,34.15,32.08,4.68,2.41,17.63,30.72,39.47,3.01,2.08,27.84,59.48,10.86,1.82,17.43,24.72,42.01,15.84,3.97,20.94,4.52,47.28,23.29,1.06,45.23,0.27,8.68,5.99,0.24,0.99,35.7
2023-01-19,5.32,7.43,2.87,2.76,5.77,25.18,22.55,0.7,27.42,32.0,0.7,33.79,33.51,4.67,2.09,17.22,31.57,39.26,2.6,2.59,27.36,60.4,10.48,1.76,17.09,25.71,40.62,16.58,3.72,22.31,4.5,46.54,22.93,1.45,45.96,0.47,8.71,5.78,0.15,0.8,34.95
2023-01-20,5.04,7.11,2.63,2.44,5.94,26.0,22.56,0.72,27.56,31.8,0.68,33.57,33.95,4.77,1.99,17.74,30.92,39.32,2.77,2.49,27.4,60.59,10.11,1.9,17.15,25.72,40.77,16.36,3.5,21.98,4.33,46.74,23.45,1.46,45.82,0.55,8.34,5.8,0.17,0.96,35.14
2023-01-21,5.01,6.98,2.72,2.4,5.93,26.21,22.76,0.68,27.31,31.83,0.69,32.96,34.52,4.65,1.91,17.46,30.9,39.91,2.74,2.43,26.94,60.96,10.21,1.89,17.69,26.01,40.12,16.18,3.6,22.1,4.4,45.27,24.63,1.56,45.98,0.53,8.77,5.97,0.2,0.98,34.27
2023-01-22,5.1,7.06,2.78,2.38,6.01,25.7,22.85,0.69,27.43,31.82,0.7,32.9,34.58,4.75,1.86,17.45,31.25,39.47,2.76,2.46,26.87,61.03,10.22,1.88,18.12,25.88,39.87,16.13,3.62,22.05,4.26,45.64,24.43,1.51,45.95,0.55,8.94,6.15,0.19,0.91,34.04
2023-01-23,5.33,7.19,2.63,2.17,6.05,25.86,22.63,0.67,27.47,32.4,0.54,33.7,33.36,4.87,1.81,17.61,31.08,39.47,2.52,2.64,26.86,61.19,10.18,1.77,17.85,26.16,40.66,15.33,3.46,22.4,4.02,45.54,24.58,1.58,45.8,0.69,9.31,5.77,0.21,0.82,34.1
2023-01-24,5.06,7.3,2.64,2.33,6.11,25.81,22.68,0.68,27.39,32.47,0.48,33.94,33.11,4.49,2.02,17.67,30.91,39.7,2.53,2.68,26.4,61.96,9.77,1.87,17.6,26.38,40.46,15.56,3.67,22.72,3.78,45.89,23.94,1.69,46.0,0.59,8.74,5.32,0.2,0.83,34.76
2023-01-25,4.92,7.39,2.58,2.03,6.0,26.17,22.23,0.68,28.0,32.87,0.5,33.76,32.87,4.27,2.05,17.42,30.59,40.46,2.57,2.64,26.58,62.08,9.55,1.79,17.87,26.46,41.45,14.22,3.55,22.98,3.42,46.2,23.85,1.37,46.39,0.51,9.35,5.14,0.21,0.99,34.11
2023-01-26,5.06,7.49,2.48,2.07,5.87,26.36,22.11,0.69,27.87,32.84,0.49,33.69,32.98,4.3,2.01,17.63,30.76,40.21,2.5,2.59,26.8,62.04,9.39,1.77,17.96,26.44,41.32,14.28,3.6,23.01,3.49,46.22,23.68,1.41,46.48,0.51,9.13,4.97,0.15,1.0,34.58
2023-01-27,5.51,7.49,2.66,1.8,5.9,27.12,21.21,0.65,27.66,32.42,0.53,33.94,33.11,4.52,2.14,18.87,30.78,38.77,2.85,2.07,27.9,61.41,9.03,1.66,18.28,25.5,42.53,13.69,3.65,22.22,3.69,47.29,23.15,0.95,45.46,0.31,9.5,5.0,0.1,1.28,35.6
2023-01-28,5.34,7.38,2.79,1.76,6.0,26.56,22.44,0.65,27.08,31.91,0.47,34.84,32.78,4.48,2.25,18.67,31.11,38.44,2.7,2.35,28.79,60.49,9.19,1.53,19.02,25.11,41.86,14.01,3.75,21.37,4.06,47.68,23.14,1.29,45.14,0.23,9.74,4.95,0.13,1.4,35.15
2023-01-29,5.28,7.15,2.82,1.83,5.96,26.77,22.58,0.64,26.97,32.23,0.6,34.59,32.58,4.51,2.24,18.65,30.85,38.77,2.74,2.24,28.9,60.51,9.11,1.48,18.95,25.12,41.96,13.97,3.67,21.13,4.23,47.45,23.52,1.3,44.88,0.13,10.1,4.96,0.14,1.37,35.13
2023-01-30,5.46,7.35,2.73,1.5,5.97,26.42,22.36,0.72,27.49,31.8,0.56,34.86,32.78,4.36,2.23,18.58,31.02,38.43,2.9,2.48,27.94,61.62,8.94,1.5,19.63,25.83,40.36,14.18,3.75,21.33,4.05,47.35,23.52,1.32,45.17,0.2,9.98,5.13,0.21,1.27,34.83
2023-01-31,5.24,7.72,2.9,1.05,5.96,26.52,22.9,0.66,27.05,32.33,0.62,34.46,32.59,4.84,2.35,17.62,30.88,38.84,2.85,2.62,27.25,62.26,9.09,1.4,19.47,25.84,40.05,14.64,3.87,21.48,3.68,47.75,23.22,1.24,45.54,0.2,9.9,4.75,0.2,1.18,35.13
2023-02-01,5.35,7.63,2.94,0.95,5.87,26.6,22.85,0.7,27.11,31.72,0.54,35.02,32.72,4.74,2.43,17.95,30.9,38.46,2.84,2.68,27.7,62.05,8.85,1.4,19.4,25.68,40.17,14.75,3.61,21.16,3.82,48.3,23.11,1.2,46.41,0.29,9.64,4.66,0.19,1.18,34.53
2023-02-02,5.84,7.6,2.89,0.88,5.96,26.75,22.26,0.65,27.17,32.27,0.57,34.62,32.54,4.77,2.32,18.04,30.67,38.78,2.71,2.71,27.42,62.33,8.87,1.38,19.37,25.69,40.48,14.46,3.53,21.19,3.89,48.46,22.93,1.18,46.95,0.29,9.59,4.58,0.22,1.19,33.92
2023-02-03,5.94,7.53,2.94,0.83,6.32,26.48,22.09,0.65,27.22,31.94,0.53,34.54,32.99,4.85,2.33,18.25,30.61,38.86,2.65,2.45,27.2,62.48,8.89,1.43,19.6,25.52,39.97,14.91,3.72,21.54,3.91,48.43,22.4,1.28,47.13,0.23,9.42,5.03,0.24,1.11,33.46
2023-02-04,5.99,7.96,2.7,0.7,6.39,26.04,22.08,0.65,27.49,32.41,0.47,35.07,32.05,4.98,2.31,18.42,31.44,37.93,2.55,2.37,27.57,62.26,8.74,1.43,19.24,25.43,40.45,14.88,3.97,21.58,4.08,48.46,21.91,1.27,47.74,0.23,9.33,4.73,0.26,1.01,33.41
2023-02-05,5.99,7.96,2.7,0.72,6.47,25.89,22.02,0.64,27.61,32.46,0.44,35.07,32.03,5.0,2.33,18.39,31.35,37.96,2.57,2.4,27.58,62.26,8.74,1.42,19.23,25.5,40.45,14.82,3.95,21.6,4.06,48.42,21.97,1.29,47.63,0.23,9.36,4.71,0.27,0.96,33.55
2023-02-06,5.88,7.74,2.76,0.74,6.3,26.34,21.85,0.65,27.74,31.97,0.46,35.16,32.41,4.97,2.35,18.35,31.33,38.08,2.46,2.46,27.7,61.69,9.1,1.51,19.33,25.2,40.87,14.6,3.83,21.8,4.19,48.71,21.47,1.31,48.24,0.24,9.26,4.86,0.19,0.98,32.9
2023-02-07,5.81,7.7,2.74,0.77,6.25,25.45,22.46,0.6,28.22,32.0,0.49,34.86,32.65,4.92,2.16,17.76,31.72,38.57,2.42,2.45,27.11,62.04,9.31,1.54,19.42,25.28,40.44,14.86,3.77,22.35,4.07,48.37,21.44,1.26,48.41,0.17,8.94,4.84,0.16,0.96,33.15
2023-02-08,5.85,7.76,2.68,0.74,6.24,25.61,22.44,0.63,28.05,31.86,0.48,35.18,32.48,4.8,2.13,17.93,31.81,38.4,2.52,2.41,27.28,61.7,9.42,1.6,18.68,25.51,41.04,14.77,3.85,22.04,3.98,48.75,21.38,1.37,48.24,0.27,9.01,4.61,0.18,1.11,33.03
2023-02-09,5.7,7.66,2.81,0.75,6.33,25.28,22.82,0.62,28.03,31.88,0.47,35.02,32.63,4.69,2.06,17.94,31.93,38.37,2.51,2.5,27.12,62.03,9.25,1.6,18.67,25.66,41.13,14.54,3.72,22.21,3.83,48.62,21.62,1.3,48.53,0.24,8.88,4.53,0.2,1.11,33.05
2023-02-10,5.72,7.78,2.81,0.79,6.3,24.96,22.76,0.64,28.24,31.76,0.48,34.73,33.03,4.73,2.11,17.87,32.04,38.36,2.39,2.5,27.0,62.16,9.21,1.63,18.63,25.73,41.0,14.64,3.73,22.15,3.89,48.64,21.59,1.29,48.47,0.25,8.94,4.46,0.19,1.09,33.09
2023-02-11,5.78,7.69,2.83,0.77,6.34,24.9,22.94,0.66,28.09,31.92,0.46,34.64,32.98,4.68,2.08,17.92,31.87,38.38,2.53,2.54,26.75,62.39,9.19,1.67,18.69,25.77,40.98,14.56,3.69,22.14,3.92,48.47,21.78,1.29,48.63,0.2,9.02,4.62,0.21,1.04,32.66
2023-02-12,5.77,7.76,2.8,0.81,6.33,24.97,22.76,0.65,28.15,31.98,0.55,34.9,32.57,4.67,2.2,18.09,31.8,38.27,2.53,2.44,27.11,61.94,9.22,1.73,18.59,25.81,41.28,14.32,3.72,22.26,3.84,48.59,21.59,1.28,48.81,0.22,8.72,4.49,0.28,0.99,33.12
2023-02-13,5.71,7.69,2.75,0.78,6.35,25.06,22.75,0.66,28.25,32.02,0.51,34.8,32.67,4.64,2.06,18.06,31.94,38.51,2.38,2.41,27.15,61.91,9.23,1.71,18.59,25.64,41.4,14.37,3.73,22.22,3.81,48.69,21.55,1.3,48.7,0.23,8.77,4.34,0.23,1.01,33.41
2023-02-14,5.62,7.59,2.78,0.76,6.46,25.24,22.82,0.63,28.1,32.03,0.46,34.7,32.81,4.65,2.01,18.2,31.78,38.36,2.55,2.45,27.28,61.76,9.27,1.69,18.56,25.68,41.3,14.46,3.58,22.13,3.94,48.91,21.44,1.33,48.43,0.24,9.04,4.52,0.2,1.0,33.01
2023-02-15,5.52,7.75,2.69,0.78,6.53,24.68,23.31,0.68,28.06,31.71,0.51,34.66,33.12,4.66,2.07,18.18,31.81,38.11,2.53,2.64,27.41,61.63,9.26,1.7,18.81,25.43,41.43,14.33,3.68,22.0,3.92,48.82,21.58,1.32,48.59,0.26,9.08,4.37,0.15,0.96,32.94
2023-02-16,5.52,7.67,2.76,0.79,6.54,24.73,23.41,0.66,27.92,31.62,0.47,34.72,33.19,4.68,2.12,18.09,31.77,38.16,2.54,2.64,27.22,61.75,9.34,1.69,18.81,25.53,41.14,14.52,3.66,22.47,3.91,48.62,21.34,1.32,48.55,0.29,9.06,4.45,0.15,1.02,32.81
2023-02-17,5.31,7.58,2.73,0.78,6.36,25.07,23.36,0.67,28.14,31.33,0.49,34.85,33.33,4.66,2.11,18.22,31.81,38.18,2.49,2.53,27.38,61.61,9.37,1.64,18.57,25.61,41.29,14.53,3.67,22.36,3.83,48.74,21.4,1.31,48.49,0.27,8.93,4.34,0.16,1.11,33.06
2023-02-18,5.41,7.48,2.77,0.79,6.23,24.96,23.51,0.62,28.23,31.47,0.53,35.11,32.89,4.66,2.17,18.17,31.78,38.26,2.43,2.53,27.59,61.5,9.33,1.58,18.56,25.6,41.26,14.58,3.56,22.63,3.9,48.49,21.42,1.4,48.34,0.27,8.86,4.27,0.22,1.12,33.35
2023-02-19,5.41,7.56,2.71,0.78,6.51,24.78,23.33,0.61,28.31,31.65,0.51,34.79,33.05,4.59,2.23,18.15,31.69,38.32,2.61,2.41,27.55,61.46,9.4,1.59,18.81,25.42,41.29,14.48,3.42,22.8,4.14,48.28,21.36,1.38,48.77,0.23,8.97,4.18,0.21,1.14,33.04
2023-02-20,5.25,7.87,2.86,0.77,6.56,24.63,23.31,0.63,28.12,31.62,0.52,35.04,32.82,4.52,2.17,18.28,31.48,38.36,2.61,2.58,27.6,61.46,9.38,1.56,18.58,25.47,41.6,14.35,3.47,22.52,4.19,48.35,21.47,1.41,48.7,0.26,8.9,4.51,0.17,1.09,32.87
2023-02-21,5.19,7.88,2.81,0.77,6.63,24.74,23.19,0.61,28.18,31.61,0.46,35.01,32.92,4.56,2.14,18.27,31.49,38.37,2.58,2.59,27.78,61.28,9.42,1.52,18.65,25.36,41.73,14.26,3.41,22.51,4.16,48.47,21.45,1.41,48.68,0.28,9.01,4.33,0.17,1.07,32.92
2023-02-22,5.04,7.76,2.84,0.77,6.47,24.9,23.45,0.65,28.12,31.56,0.48,34.89,33.07,4.54,2.18,18.29,31.64,38.02,2.54,2.79,27.36,61.71,9.33,1.6,18.35,25.51,41.67,14.47,3.24,22.42,4.11,48.48,21.75,1.36,48.78,0.28,8.93,4.58,0.15,1.08,32.61
2023-02-23,5.0,7.84,2.82,0.75,6.6,24.32,23.6,0.65,28.42,31.85,0.53,35.15,32.47,4.4,2.17,18.53,31.57,37.97,2.65,2.71,27.72,61.9,8.81,1.57,18.46,25.16,42.04,14.34,3.45,22.2,4.16,48.38,21.81,1.31,48.58,0.2,8.94,4.61,0.15,0.99,33.08
2023-02-24,4.85,7.99,3.01,0.83,7.15,24.14,22.53,0.58,28.92,31.14,0.55,35.23,33.08,4.87,2.57,18.03,31.09,38.07,2.97,2.4,27.84,62.24,8.41,1.51,18.12,24.95,42.04,14.89,3.54,22.01,3.85,48.55,22.05,1.17,49.54,0.19,8.2,4.93,0.09,1.14,32.66
2023-02-25,4.98,8.08,3.03,0.86,7.15,23.8,23.02,0.55,28.53,30.47,0.51,35.44,33.58,4.7,2.62,18.32,31.96,36.89,3.05,2.46,27.75,62.13,8.59,1.53,18.24,24.52,41.93,15.31,3.32,21.78,3.86,48.2,22.84,1.06,49.39,0.27,8.01,4.98,0.07,0.95,33.32
2023-02-26,5.0,8.11,3.02,0.86,7.07,24.17,22.9,0.52,28.35,30.43,0.54,35.88,33.15,4.78,2.58,18.46,31.78,37.03,2.92,2.45,28.03,61.82,8.59,1.56,18.45,24.35,41.83,15.37,3.27,21.7,3.79,48.26,22.98,1.05,49.33,0.29,8.14,4.92,0.08,0.96,33.27
2023-02-27,5.04,7.9,3.06,0.92,6.92,24.53,22.73,0.54,28.36,30.65,0.47,35.68,33.2,4.72,2.55,18.53,31.97,36.89,2.9,2.44,27.74,61.98,8.74,1.54,18.62,24.33,41.63,15.42,3.26,21.62,3.77,47.99,23.36,1.11,49.57,0.31,8.25,4.91,0.07,0.98,32.83
2023-02-28,5.07,7.85,2.93,0.94,6.96,24.47,22.61,0.56,28.61,30.79,0.57,35.62,33.02,4.71,2.67,18.45,31.87,37.05,2.89,2.36,27.54,62.18,8.77,1.51,18.89,24.31,41.23,15.57,3.35,21.5,3.81,47.96,23.38,1.14,49.72,0.3,8.15,4.79,0.13,0.94,32.86
2023-03-01,5.05,8.09,2.8,0.99,6.95,24.56,22.21,0.55,28.8,30.97,0.58,35.46,32.99,4.79,2.77,18.41,31.6,37.36,2.79,2.28,27.97,61.75,8.75,1.53,18.66,24.52,41.13,15.69,3.13,21.09,3.8,48.28,23.7,1.14,49.85,0.29,8.17,4.45,0.12,0.97,33.08
2023-03-02,4.92,8.18,3.14,1.1,6.63,24.38,22.22,0.6,28.83,31.35,0.58,35.16,32.91,4.76,2.6,18.64,31.48,37.08,3.09,2.35,28.35,61.53,8.6,1.52,18.11,24.7,41.08,16.11,3.11,21.83,3.76,47.89,23.41,1.16,48.84,0.35,8.17,4.46,0.13,1.12,33.89
2023-03-03,5.2,8.0,3.11,1.01,7.03,24.81,22.18,0.49,28.17,31.49,0.49,35.89,32.13,4.61,2.64,19.24,31.7,36.58,2.91,2.32,28.21,60.82,9.48,1.49,17.61,24.71,41.6,16.08,3.17,22.37,3.77,47.81,22.88,1.02,48.84,0.38,7.76,4.18,0.2,1.13,34.05
2023-03-04,4.99,7.67,3.05,1.29,6.5,25.16,22.01,0.5,28.83,30.88,0.56,36.64,31.92,4.12,2.49,19.66,32.71,35.65,3.21,2.16,29.13,60.26,9.21,1.4,17.7,25.14,41.42,15.74,2.87,22.52,3.83,47.41,23.37,0.93,49.18,0.39,7.99,3.65,0.12,1.08,34.34
2023-03-05,5.04,7.63,2.95,1.34,6.4,25.23,22.04,0.52,28.85,30.66,0.6,36.57,32.17,4.17,2.43,19.49,32.76,35.71,3.27,2.17,29.03,60.06,9.49,1.42,17.67,24.9,41.48,15.95,2.94,22.38,3.92,47.3,23.46,0.93,49.09,0.43,8.11,3.61,0.07,1.04,34.43
2023-03-06,4.87,7.42,3.09,1.23,6.56,25.16,22.68,0.5,28.49,29.66,0.55,36.71,33.08,4.16,2.29,19.41,34.54,34.26,3.19,2.15,29.68,60.21,8.71,1.4,17.47,25.47,40.5,16.56,2.8,22.32,4.15,47.58,23.15,0.62,49.65,0.4,8.09,3.6,0.09,1.24,34.09
2023-03-07,4.96,7.11,2.91,1.2,6.32,25.77,22.42,0.54,28.77,29.88,0.52,36.56,33.04,4.05,2.17,19.34,34.23,34.56,3.32,2.33,29.38,60.19,9.0,1.43,16.44,25.79,41.51,16.26,2.86,22.4,4.09,47.67,22.98,0.68,50.24,0.37,7.86,3.4,0.16,1.23,33.84
2023-03-08,4.91,6.93,2.86,1.21,6.46,25.51,22.48,0.52,29.12,30.16,0.49,36.04,33.31,4.12,2.12,19.58,34.08,34.37,3.35,2.38,29.43,60.29,8.94,1.34,16.47,26.21,41.42,15.9,2.9,22.5,4.2,47.82,22.58,0.7,50.21,0.33,7.7,3.38,0.21,1.33,33.88
2023-03-09,4.91,7.25,2.95,1.2,6.46,25.42,22.67,0.51,28.63,29.8,0.46,36.85,32.89,4.15,2.29,19.37,34.3,34.24,3.23,2.42,29.72,59.85,9.09,1.34,16.94,25.88,41.03,16.15,2.72,22.01,4.45,47.62,23.2,0.61,50.05,0.31,7.74,3.41,0.07,1.22,34.26
2023-03-10,4.83,7.39,2.98,1.14,6.31,24.48,22.99,0.57,29.31,30.08,0.48,37.39,32.05,3.99,2.33,20.7,33.27,34.05,3.53,2.13,29.23,60.5,9.0,1.27,16.5,26.31,42.17,15.02,2.77,21.85,4.76,48.55,22.07,0.54,50.45,0.26,7.8,3.56,0.18,1.26,33.75
2023-03-11,4.82,7.8,2.98,1.14,6.01,23.93,23.47,0.61,29.24,29.14,0.43,37.03,33.4,4.34,2.52,20.21,34.06,33.46,3.43,1.98,30.33,60.35,8.04,1.28,16.65,26.6,42.1,14.65,2.82,21.44,4.56,48.74,22.44,0.58,50.7,0.24,7.66,3.59,0.27,1.37,33.72
2023-03-12,4.96,7.93,2.96,1.14,5.91,23.83,23.43,0.62,29.22,28.77,0.51,36.87,33.85,4.37,2.58,20.01,34.14,33.53,3.38,1.99,30.4,60.29,7.98,1.33,16.51,26.49,42.28,14.72,2.84,21.48,4.47,48.66,22.55,0.56,50.61,0.22,7.77,3.5,0.24,1.38,33.88
2023-03-13,4.85,7.24,3.09,0.98,5.7,24.44,23.53,0.53,29.64,29.16,0.33,36.86,33.65,4.57,2.63,20.64,33.14,34.15,3.05,1.82,30.54,59.6,8.5,1.36,16.94,27.11,41.06,14.89,2.64,21.65,4.23,48.52,22.96,0.53,50.57,0.16,8.14,3.58,0.26,1.25,33.98
2023-03-14,5.26,7.04,3.08,0.8,6.39,24.95,22.45,0.46,29.57,30.61,0.33,36.29,32.77,4.84,2.63,20.19,32.65,35.38,2.49,1.82,29.52,60.18,8.88,1.42,17.85,27.11,40.42,14.62,2.5,21.48,4.21,48.15,23.66,0.55,51.96,0.2,8.21,3.88,0.25,1.14,32.32
2023-03-15,5.43,6.8,3.1,0.94,5.95,24.25,23.11,0.42,30.0,31.1,0.31,35.67,32.92,4.59,2.55,20.0,32.74,35.46,2.63,2.03,28.97,60.9,8.75,1.38,18.05,27.17,40.06,14.72,2.75,21.68,4.16,47.62,23.79,0.52,52.17,0.37,8.36,3.66,0.21,1.11,32.22
2023-03-16,5.98,7.33,3.13,1.0,5.87,24.0,22.37,0.59,29.73,32.26,0.29,35.77,31.68,4.8,2.1,19.53,31.75,36.85,3.07,1.9,28.33,62.17,8.51,0.99,18.16,27.25,40.15,14.44,2.82,22.75,3.93,48.0,22.5,0.93,51.96,0.45,7.6,3.98,0.18,1.14,32.31
2023-03-17,6.06,7.12,3.24,0.91,5.87,24.4,22.46,0.58,29.36,32.7,0.25,35.77,31.28,4.91,2.16,19.72,31.25,36.65,3.47,1.84,28.16,62.32,8.49,1.03,18.14,26.91,40.93,14.02,2.88,22.48,4.21,48.07,22.36,0.99,51.54,0.4,7.4,4.18,0.13,1.21,32.65
2023-03-18,6.38,6.7,3.04,0.89,6.05,24.99,23.03,0.6,28.32,32.51,0.29,35.09,32.11,4.76,2.34,19.82,30.95,36.5,3.7,1.93,27.74,62.05,9.05,1.16,17.92,26.35,41.83,13.9,2.93,22.76,4.28,48.36,21.67,1.19,51.47,0.3,7.94,4.15,0.16,1.02,32.46
2023-03-19,6.51,6.85,3.09,0.88,5.8,25.06,23.04,0.69,28.08,32.36,0.32,35.13,32.19,4.75,2.31,19.98,30.78,36.55,3.66,1.97,27.55,62.19,9.1,1.16,18.08,26.32,41.79,13.81,2.96,22.86,4.23,48.33,21.62,1.14,51.57,0.27,7.73,4.17,0.18,0.94,32.56
2023-03-20,6.3,6.35,3.18,0.83,5.98,24.03,23.42,0.64,29.27,32.44,0.25,34.59,32.72,4.73,2.44,20.58,30.75,36.13,3.68,1.69,27.89,61.75,9.28,1.08,18.03,27.11,41.3,13.56,3.11,23.6,4.01,48.05,21.23,1.12,52.51,0.2,7.64,4.44,0.17,0.94,31.7
2023-03-21,6.19,6.23,3.35,0.92,5.82,24.43,23.33,0.68,29.05,31.29,0.25,35.34,33.12,4.86,2.25,21.01,30.91,35.94,3.42,1.61,28.97,60.31,9.66,1.06,18.29,26.05,42.02,13.64,3.22,22.64,4.13,48.69,21.32,0.91,51.75,0.21,8.18,4.54,0.28,0.92,32.05
2023-03-22,6.06,7.02,3.07,0.91,5.61,24.16,22.32,0.71,30.14,30.87,0.25,34.91,33.97,4.78,2.17,20.84,31.42,36.41,2.85,1.53,29.14,60.19,9.61,1.06,17.55,26.31,41.92,14.22,3.25,22.99,4.39,47.66,21.71,0.82,51.45,0.23,8.41,4.65,0.27,1.03,32.0
2023-03-23,6.05,6.81,2.69,0.86,5.41,24.69,22.75,0.63,30.11,29.87,0.35,35.69,34.09,5.12,2.26,21.67,30.64,36.19,2.58,1.54,29.71,59.36,9.96,0.97,17.66,26.37,42.1,13.87,3.29,22.31,4.52,47.46,22.42,0.82,51.64,0.22,8.72,4.21,0.27,0.86,32.16
2023-03-24,6.25,6.31,2.78,0.68,6.01,25.03,23.34,0.67,28.93,30.02,0.32,35.01,34.65,4.65,2.24,21.98,30.44,36.15,3.06,1.48,30.87,58.52,9.67,0.94,17.52,26.44,42.04,14.0,3.02,21.67,5.03,47.73,22.55,0.69,51.33,0.28,8.74,4.35,0.22,0.78,32.43
2023-03-25,5.97,6.56,2.72,0.72,6.27,25.09,23.39,0.68,28.6,30.69,0.31,34.75,34.25,4.32,2.0,22.28,30.92,35.89,3.07,1.52,30.68,59.31,9.11,0.9,17.31,26.48,41.89,14.32,2.88,21.65,5.14,47.64,22.69,0.82,51.1,0.28,8.87,4.33,0.19,0.78,32.54
2023-03-26,6.0,6.52,2.65,0.72,6.16,25.31,23.33,0.69,28.62,30.62,0.27,34.77,34.34,4.36,2.04,22.42,31.14,35.5,3.02,1.52,30.64,59.4,9.1,0.86,16.74,27.0,42.06,14.2,2.93,21.68,4.97,47.62,22.8,0.78,51.06,0.19,8.95,4.22,0.26,0.77,32.75
2023-03-27,5.71,6.96,2.63,0.6,6.27,25.05,23.03,0.69,29.06,30.9,0.23,35.13,33.74,4.34,2.2,22.59,31.08,35.32,2.83,1.64,30.08,59.15,9.94,0.83,16.81,26.81,42.33,14.05,2.91,21.96,4.83,47.37,22.93,0.82,51.06,0.11,8.57,4.54,0.29,0.66,33.02
2023-03-28,6.02,6.58,2.44,0.57,6.19,24.76,23.8,0.77,28.87,31.52,0.25,35.09,33.14,4.4,2.22,22.46,30.81,35.45,2.89,1.77,29.38,59.14,10.55,0.93,16.05,27.54,42.31,14.1,3.16,23.06,4.89,46.89,22.0,1.5,50.54,0.09,8.86,4.84,0.28,0.72,32.13
2023-03-29,5.6,6.51,2.55,0.66,5.92,24.92,23.61,0.75,29.48,31.72,0.36,33.95,33.97,4.42,2.18,21.81,30.8,36.18,2.78,1.83,29.41,59.16,10.38,1.05,16.77,27.88,41.04,14.31,3.23,23.36,5.03,45.88,22.5,1.62,51.51,0.13,8.73,4.49,0.24,0.72,31.41
2023-03-30,5.62,6.5,2.59,0.68,5.86,24.99,23.58,0.7,29.48,31.55,0.34,34.22,33.89,4.36,2.28,21.94,30.71,36.01,2.87,1.83,29.51,59.19,10.26,1.04,16.93,27.56,41.18,14.33,3.1,23.31,5.04,46.05,22.5,1.62,51.32,0.14,8.71,4.44,0.3,0.76,31.67
2023-03-31,5.59,7.14,2.54,0.77,5.82,24.7,23.49,0.55,29.4,32.18,0.46,34.48,32.88,4.37,2.41,21.82,30.96,35.89,2.7,1.85,28.77,59.45,10.57,1.21,16.83,26.95,41.55,14.67,3.02,23.69,4.98,46.23,22.08,1.6,51.41,0.13,8.42,4.14,0.3,0.79,31.89
2023-04-01,5.5,7.4,2.61,0.74,5.82,24.94,23.15,0.53,29.31,32.11,0.5,34.59,32.8,4.16,2.47,21.55,31.12,35.99,2.81,1.9,29.07,58.93,10.76,1.24,17.07,26.92,41.39,14.62,3.05,23.49,4.9,45.99,22.57,1.65,51.59,0.13,8.42,3.73,0.31,0.89,31.99
2023-04-02,5.59,7.4,2.59,0.73,5.83,24.93,23.18,0.53,29.22,32.07,0.5,34.58,32.85,4.17,2.47,21.53,31.15,35.96,2.82,1.9,29.13,58.94,10.69,1.24,17.06,26.93,41.39,14.62,3.1,23.53,4.87,46.04,22.46,1.66,51.55,0.13,8.39,3.73,0.31,0.89,32.01
2023-04-03,5.82,7.23,2.58,0.75,5.7,25.41,23.59,0.52,28.4,32.45,0.47,34.6,32.48,4.12,2.6,21.09,31.51,36.0,2.74,1.94,29.88,58.69,10.2,1.23,17.54,26.83,41.6,14.03,3.17,23.45,4.84,46.29,22.25,1.63,51.29,0.28,8.41,4.1,0.28,0.92,31.73
2023-04-04,5.72,7.26,2.74,0.81,5.94,25.34,23.42,0.51,28.26,32.4,0.42,34.64,32.54,4.22,2.61,20.86,31.33,36.33,2.75,1.9,29.66,59.21,9.8,1.33,17.12,27.03,41.61,14.24,3.29,23.12,4.83,46.54,22.22,1.55,51.1,0.28,8.71,3.94,0.27,0.87,31.96
2023-04-05,5.65,6.98,2.68,0.83,5.88,25.81,23.1,0.48,28.59,32.44,0.39,34.73,32.44,4.24,2.68,20.7,31.07,36.83,2.66,1.82,29.48,59.45,9.7,1.37,17.19,27.31,41.39,14.11,3.48,23.4,4.92,46.51,21.69,1.54,50.92,0.28,8.59,3.97,0.26,0.94,32.26
2023-04-06,5.63,6.93,2.61,0.79,5.61,26.08,23.04,0.5,28.81,32.66,0.43,34.43,32.48,4.19,2.77,20.96,30.83,36.6,2.67,1.98,29.42,59.48,9.75,1.35,17.35,27.15,41.26,14.24,3.5,23.56,5.28,46.29,21.37,1.54,51.56,0.27,8.83,4.08,0.26,0.93,31.25
2023-04-07,5.51,7.12,3.03,0.81,5.63,25.54,22.98,0.6,28.78,31.62,0.5,35.28,32.6,4.42,2.53,21.04,31.21,35.91,2.77,2.12,28.5,60.45,9.55,1.5,17.24,26.73,41.15,14.88,3.84,23.2,5.28,46.64,21.04,1.51,50.28,0.21,8.91,4.32,0.36,1.02,32.09
2023-04-08,5.5,7.36,3.06,0.87,5.21,25.56,22.49,0.62,29.33,30.51,0.52,36.21,32.76,4.06,2.28,21.25,32.49,35.05,3.03,1.84,28.19,61.54,8.61,1.66,16.9,26.64,41.71,14.75,3.56,22.7,5.16,47.29,21.29,1.24,49.5,0.25,8.52,4.45,0.34,1.19,33.07
2023-04-09,5.46,7.29,3.07,0.87,5.2,25.49,22.44,0.61,29.57,30.74,0.51,36.03,32.72,4.04,2.27,21.14,32.39,35.33,2.98,1.85,28.1,61.69,8.57,1.64,16.86,26.63,41.8,14.71,3.53,22.76,5.15,47.1,21.46,1.25,49.72,0.25,8.5,4.43,0.34,1.18,32.89
2023-04-10,5.36,7.51,2.81,0.86,4.78,26.25,22.75,0.57,29.11,30.19,0.54,36.76,32.51,4.42,2.44,20.72,32.29,35.71,2.5,1.92,27.85,61.8,8.75,1.6,17.53,27.15,41.05,14.27,3.6,22.8,5.07,47.75,20.78,1.21,49.43,0.39,8.72,4.6,0.33,1.18,32.88
2023-04-11,5.26,7.81,2.81,0.87,4.64,25.43,24.18,0.59,28.41,30.0,0.51,37.07,32.42,4.35,2.53,20.61,32.32,35.76,2.44,1.99,27.36,62.4,8.47,1.77,17.98,26.32,41.29,14.41,3.49,22.77,4.95,48.18,20.61,1.12,49.75,0.36,8.15,4.5,0.35,1.16,33.17
2023-04-12,5.34,7.79,2.88,0.76,4.75,25.27,24.6,0.49,28.12,29.86,0.55,36.71,32.88,4.36,2.49,20.46,32.35,35.82,2.59,1.93,27.18,62.88,7.98,1.96,18.04,26.5,41.27,14.19,3.49,22.65,4.93,48.58,20.35,1.09,49.95,0.39,7.96,4.26,0.35,1.22,33.33
2023-04-13,5.55,7.5,2.82,0.85,4.96,24.9,24.12,0.53,28.77,30.26,0.5,36.27,32.97,4.44,2.36,19.94,32.6,36.2,2.61,1.85,26.93,63.07,8.04,1.96,18.53,26.51,40.96,14.0,3.85,22.37,5.09,48.09,20.6,1.07,49.06,0.45,8.13,4.32,0.39,1.31,33.74
2023-04-14,5.67,7.31,2.7,1.24,5.11,23.75,25.3,0.41,28.51,31.06,0.45,35.83,32.66,4.26,1.91,19.34,33.12,36.64,3.07,1.66,26.4,64.24,7.6,1.76,18.25,27.73,39.82,14.2,3.97,23.2,4.82,47.33,20.68,1.29,47.97,0.51,8.64,4.79,0.61,1.09,33.52
2023-04-15,5.58,6.9,2.82,1.34,5.31,23.78,26.02,0.41,27.84,31.36,0.42,35.2,33.02,4.5,1.92,18.91,33.28,36.47,3.26,1.66,25.29,65.08,7.77,1.86,18.3,27.38,40.68,13.64,3.94,22.71,4.77,47.03,21.55,1.99,46.79,0.58,8.44,4.91,0.57,1.14,33.9
2023-04-16,5.63,6.87,2.82,1.36,5.34,23.74,25.94,0.44,27.86,31.35,0.4,35.28,32.97,4.5,1.94,18.93,33.34,36.33,3.3,1.66,25.33,64.96,7.84,1.87,18.26,27.38,40.67,13.69,3.9,22.86,4.79,46.92,21.53,2.0,46.97,0.58,8.42,4.96,0.58,1.11,33.74
2023-04-17,5.67,7.02,2.82,1.37,5.7,23.71,25.9,0.4,27.41,30.92,0.42,34.28,34.38,4.65,1.99,18.5,33.99,35.71,3.47,1.69,25.69,64.45,8.02,1.84,18.19,27.64,40.1,14.07,3.92,22.83,4.81,46.58,21.86,2.32,46.28,0.23,8.67,4.83,0.59,1.14,34.39
2023-04-18,5.46,7.16,2.89,1.51,5.71,23.77,26.0,0.45,27.05,30.56,0.44,33.54,35.46,4.75,1.94,18.5,34.15,35.81,3.23,1.62,25.81,64.02,8.49,1.68,18.06,27.31,40.44,14.19,3.89,23.42,4.32,46.73,21.64,2.28,45.01,0.28,8.86,4.72,0.62,1.09,35.52
2023-04-19,5.19,6.98,3.4,1.26,5.59,24.05,25.71,0.54,27.28,30.82,0.51,33.43,35.24,4.96,1.91,18.66,33.9,35.58,3.31,1.68,27.06,62.83,8.46,1.65,18.12,25.64,41.27,14.97,3.6,22.68,4.74,47.17,21.81,2.47,44.96,0.36,8.01,4.75,0.2,1.27,36.27
2023-04-20,4.78,7.44,3.68,1.19,5.9,23.71,26.77,0.52,26.01,29.52,0.49,34.05,35.94,4.97,2.06,18.58,35.2,34.83,2.58,1.78,27.96,61.66,8.73,1.65,17.63,24.47,42.97,14.93,3.66,22.18,4.6,48.34,21.22,2.91,44.64,0.39,6.74,5.22,0.23,1.35,36.69
2023-04-21,4.98,7.57,3.66,1.05,6.03,23.35,26.36,0.52,26.48,29.19,0.65,33.99,36.17,4.88,2.23,18.81,34.76,34.48,2.79,2.05,28.23,61.1,9.03,1.64,17.58,24.76,43.11,14.55,4.0,22.62,4.49,48.5,20.39,2.8,44.85,0.39,6.85,5.14,0.21,1.32,35.73
2023-04-22,4.97,7.53,3.68,1.06,6.09,23.41,26.29,0.52,26.45,29.1,0.63,33.94,36.33,4.86,2.22,18.82,34.84,34.41,2.79,2.06,28.19,61.12,9.04,1.65,17.53,24.73,43.18,14.56,3.99,22.49,4.54,48.55,20.43,2.8,44.92,0.39,6.83,5.09,0.21,1.3,35.77
2023-04-23,4.97,7.55,3.64,1.05,6.07,23.36,26.13,0.52,26.71,29.36,0.62,33.93,36.09,4.82,2.22,18.82,34.58,34.74,2.75,2.07,28.0,61.34,9.01,1.65,17.58,24.57,43.4,14.45,3.94,22.32,4.5,48.27,20.97,2.72,44.55,0.39,6.89,5.05,0.21,1.3,36.24
2023-04-24,4.98,7.45,3.17,1.01,6.26,23.44,25.53,0.65,27.51,29.33,0.62,34.24,35.81,4.57,2.11,18.56,35.27,34.58,2.83,2.08,28.58,60.77,9.17,1.48,17.38,24.53,42.96,15.13,4.01,21.21,5.42,49.37,19.99,3.33,44.5,0.43,7.07,5.33,0.25,1.35,34.98
2023-04-25,4.66,7.63,2.95,1.0,7.28,22.23,24.94,0.57,28.74,28.64,0.61,35.14,35.61,5.05,2.23,18.88,34.08,34.41,3.18,2.17,27.92,61.68,8.97,1.43,17.66,24.33,43.54,14.47,3.91,21.72,4.62,49.94,19.81,3.35,44.75,0.32,8.22,4.4,0.21,1.28,34.63
2023-04-26,4.61,7.25,3.07,0.84,7.02,22.5,24.86,0.51,29.34,29.97,0.41,34.92,34.7,5.07,2.34,18.41,33.37,35.94,2.96,1.91,27.17,62.9,8.68,1.25,17.68,24.5,43.28,14.54,3.68,22.72,4.69,48.72,20.19,3.21,44.38,0.37,7.94,4.56,0.25,1.34,35.62
2023-04-27,4.44,7.9,2.9,0.83,6.94,23.17,25.05,0.55,28.22,28.9,0.41,34.63,36.06,4.52,2.24,18.05,33.78,36.73,2.76,1.92,26.75,63.54,8.55,1.16,18.02,24.67,42.15,15.16,3.82,22.99,4.64,48.73,19.82,2.89,44.73,0.32,7.83,4.58,0.23,1.41,35.8
2023-04-28,4.64,7.75,2.78,0.76,7.33,22.67,25.64,0.55,27.88,29.62,0.41,33.77,36.2,4.71,2.04,18.51,33.63,36.59,2.65,1.87,25.71,64.48,8.61,1.2,18.34,24.95,40.98,15.73,3.88,23.0,4.6,48.51,20.01,2.76,43.71,0.34,7.58,5.01,0.21,1.42,36.64
2023-04-29,4.98,7.86,2.93,0.76,6.94,23.42,25.16,0.53,27.42,29.92,0.37,34.36,35.35,4.85,2.17,18.52,33.62,36.59,2.41,1.84,25.58,65.1,8.16,1.16,18.45,24.83,40.95,15.77,3.8,23.4,4.58,48.18,20.04,2.67,43.51,0.35,7.39,4.94,0.18,1.48,37.02
2023-04-30,4.97,7.83,2.93,0.77,6.96,23.46,25.2,0.53,27.35,29.91,0.35,34.26,35.48,4.84,2.15,18.54,33.63,36.6,2.4,1.84,25.61,65.08,8.16,1.15,18.48,24.92,40.83,15.77,3.86,23.45,4.56,48.1,20.03,2.65,43.41,0.36,7.38,4.98,0.18,1.45,37.1
2023-05-01,4.97,7.84,2.94,0.76,6.94,23.46,25.17,0.53,27.39,29.92,0.36,34.31,35.41,4.85,2.17,18.5,33.59,36.65,2.4,1.84,25.56,65.14,8.15,1.15,18.5,24.88,40.88,15.74,3.78,23.48,4.58,48.13,20.03,2.66,43.48,0.36,7.38,4.95,0.18,1.45,37.1
2023-05-02,5.06,7.96,2.96,0.74,6.86,24.13,25.38,0.57,26.34,28.99,0.4,34.69,35.92,4.8,2.38,18.22,34.73,35.74,2.33,1.8,25.79,65.37,7.7,1.14,18.47,24.75,40.9,15.88,3.82,23.07,4.26,48.6,20.25,2.62,43.36,0.33,7.0,5.18,0.17,1.49,37.59
2023-05-03,4.98,7.92,2.9,0.8,7.16,24.68,25.82,0.66,25.08,28.0,0.4,34.78,36.82,4.75,2.53,18.16,35.25,34.85,2.64,1.82,25.67,65.9,7.21,1.22,18.04,24.43,40.21,17.32,3.52,23.6,3.8,49.05,20.03,2.55,42.66,0.31,7.19,5.19,0.14,1.35,37.51
2023-05-04,5.02,7.77,2.75,1.25,6.84,24.9,25.64,0.61,25.22,27.58,0.46,34.99,36.97,4.65,2.89,18.63,35.54,33.74,2.55,2.0,25.24,65.99,7.1,1.67,17.36,23.63,41.53,17.48,3.59,23.37,4.43,48.35,20.26,3.04,42.79,0.25,7.27,4.89,0.14,1.28,37.66
2023-05-05,5.03,7.72,2.76,1.25,6.89,24.86,25.59,0.61,25.29,27.68,0.4,35.02,36.9,4.73,2.91,18.44,35.6,33.77,2.54,2.01,25.21,66.06,7.08,1.65,17.34,23.72,41.48,17.46,3.5,23.42,4.41,48.47,20.2,2.99,42.8,0.31,7.18,4.9,0.13,1.24,37.69
2023-05-06,5.25,7.87,2.9,1.15,6.52,25.15,24.98,0.67,25.51,27.82,0.33,35.24,36.61,5.14,2.79,18.44,35.89,33.19,2.52,2.03,25.21,65.75,7.5,1.54,17.19,23.85,41.58,17.38,3.53,23.9,4.22,48.09,20.26,2.58,44.23,0.29,6.92,4.99,0.07,1.3,37.03
2023-05-07,5.23,7.7,2.9,1.17,6.57,25.18,24.97,0.68,25.6,27.8,0.38,35.25,36.57,5.15,2.79,18.43,35.86,33.21,2.54,2.02,25.23,65.72,7.51,1.54,17.26,23.78,41.54,17.42,3.53,23.91,4.23,48.09,20.24,2.59,44.21,0.29,6.92,5.01,0.07,1.3,37.0
2023-05-08,5.55,8.0,3.1,1.09,5.95,24.47,24.06,0.65,27.13,28.6,0.45,35.42,35.53,4.97,2.56,18.94,35.14,33.54,2.8,2.05,26.47,64.13,7.97,1.43,18.02,24.61,40.41,16.96,3.35,23.76,4.23,48.16,20.5,2.65,45.34,0.27,6.95,4.9,0.07,1.57,35.43
2023-05-09,5.51,7.61,3.61,0.92,5.98,25.44,23.33,0.69,26.91,29.37,0.45,35.37,34.81,4.58,2.55,19.13,34.86,34.01,2.73,2.14,27.06,63.16,8.38,1.4,17.94,24.99,41.47,15.6,3.22,24.25,4.38,47.26,20.89,2.74,46.17,0.16,7.41,5.01,0.05,1.52,34.92
2023-05-10,5.56,7.77,3.51,0.69,6.31,25.66,22.97,0.7,26.83,29.55,0.43,35.27,34.75,4.78,2.51,18.74,35.29,34.07,2.65,1.96,27.55,62.76,8.44,1.25,17.51,24.88,42.12,15.49,3.45,24.35,4.1,47.25,20.85,2.64,45.27,0.15,7.27,5.38,0.06,1.82,35.41
2023-05-11,5.76,8.18,3.6,0.69,6.28,25.27,23.09,0.64,26.49,29.53,0.34,34.64,35.49,4.6,2.49,19.01,35.75,33.86,2.38,1.91,27.46,62.38,8.84,1.32,17.47,24.5,42.7,15.33,3.26,23.98,4.74,47.41,20.61,2.61,44.31,0.15,7.35,5.47,0.03,2.13,36.15
2023-05-12,5.81,7.47,3.55,0.65,6.45,25.69,23.09,0.68,26.61,30.2,0.36,34.19,35.25,4.59,2.77,18.69,35.25,34.24,2.13,2.33,26.88,62.43,9.32,1.37,17.41,24.4,43.2,14.99,3.0,23.22,4.87,47.53,21.38,2.85,44.52,0.1,7.39,5.79,0.08,1.87,35.62
2023-05-13,5.7,7.5,3.37,0.65,6.88,26.06,22.78,0.77,26.29,29.48,0.34,35.14,35.04,4.66,2.63,18.64,35.84,33.76,2.19,2.28,27.69,62.18,8.72,1.41,17.65,24.1,43.61,14.64,3.06,22.08,5.13,48.0,21.73,2.73,44.52,0.11,6.81,5.53,0.22,1.89,36.12
2023-05-14,5.71,7.42,3.37,0.68,6.85,26.1,22.8,0.77,26.3,29.54,0.33,35.06,35.07,4.64,2.62,18.65,35.85,33.8,2.17,2.27,27.64,62.22,8.73,1.41,17.7,24.07,43.54,14.69,3.09,22.04,5.08,48.04,21.75,2.72,44.51,0.11,6.84,5.52,0.22,1.89,36.15
2023-05-15,5.72,7.43,3.48,0.65,6.44,26.23,22.46,0.76,26.83,29.0,0.39,35.48,35.13,4.22,3.0,18.82,36.0,33.44,2.28,2.24,27.98,61.49,9.1,1.43,17.42,23.05,44.5,15.03,3.23,22.26,5.15,48.85,20.51,2.41,45.15,0.13,7.04,5.28,0.21,1.81,35.91
2023-05-16,5.9,6.97,3.38,0.57,5.89,27.39,22.03,0.69,27.18,27.36,0.39,35.99,36.26,4.29,2.93,19.26,35.67,32.66,3.22,1.97,27.78,61.11,9.53,1.58,17.71,22.53,44.38,15.38,3.36,22.04,4.84,48.8,20.96,2.17,45.01,0.13,7.93,4.99,0.26,1.62,35.78
2023-05-17,6.09,7.33,3.54,0.49,5.57,26.86,22.39,0.7,27.03,27.53,0.4,36.09,35.98,4.29,2.85,19.0,35.22,33.31,3.36,1.97,27.78,60.77,9.88,1.57,17.72,22.42,44.46,15.4,3.48,21.84,4.96,49.09,20.63,2.64,45.07,0.13,7.78,4.64,0.3,1.56,35.72
2023-05-18,6.31,7.23,3.35,0.54,5.18,26.03,23.07,0.79,27.5,28.31,0.45,36.27,34.97,4.37,2.8,19.62,33.87,33.83,3.51,2.0,28.55,60.01,9.68,1.76,18.19,22.88,43.56,15.37,4.24,21.43,4.97,49.29,20.07,2.38,46.56,0.09,7.95,5.29,0.28,1.34,34.2
2023-05-19,6.67,6.66,3.14,0.56,5.82,24.63,23.36,0.83,28.33,28.71,0.45,35.82,35.02,4.7,2.43,19.85,33.89,33.87,3.25,2.01,28.57,60.27,9.44,1.72,18.04,22.54,43.98,15.44,4.46,21.1,5.39,48.93,20.12,2.39,46.61,0.14,8.08,5.18,0.22,1.27,34.06
2023-05-20,6.08,6.78,3.21,0.47,6.14,23.97,24.0,0.89,28.46,28.42,0.44,36.23,34.91,4.85,2.46,20.05,34.43,33.35,2.94,1.92,29.04,60.07,9.19,1.7,18.58,22.73,43.9,14.79,4.46,21.18,5.22,49.0,20.14,2.6,45.88,0.13,7.29,5.29,0.11,1.48,35.06
2023-05-21,6.19,6.85,3.22,0.47,6.15,23.89,23.81,0.85,28.57,28.44,0.47,36.1,34.99,4.89,2.41,19.78,34.56,33.49,2.93,1.94,28.88,60.16,9.27,1.69,18.56,22.78,43.79,14.87,4.49,21.18,5.21,48.89,20.23,2.57,46.09,0.14,7.13,5.27,0.11,1.46,35.08
2023-05-22,6.63,7.03,3.16,0.47,6.44,24.19,22.93,0.77,28.38,29.13,0.46,35.81,34.6,5.25,2.21,19.81,34.68,32.96,2.91,2.18,28.98,60.42,9.01,1.59,18.79,22.48,43.71,15.02,4.24,21.94,5.04,48.63,20.15,2.83,45.98,0.18,7.37,5.76,0.16,1.44,34.23
2023-05-23,6.42,7.3,2.96,0.47,6.79,24.02,22.63,0.74,28.67,29.3,0.43,35.06,35.21,5.47,2.38,19.16,34.04,33.92,2.92,2.11,29.21,60.82,8.43,1.54,18.81,22.18,43.59,15.42,4.38,21.61,4.83,48.59,20.59,2.45,45.62,0.18,7.58,5.93,0.15,1.34,34.81
2023-05-24,6.24,7.04,3.14,0.46,7.07,24.45,22.29,0.78,28.53,29.11,0.46,34.8,35.63,5.65,2.39,19.24,34.14,33.71,2.67,2.2,29.06,61.5,7.86,1.58,17.91,22.61,44.15,15.33,4.01,22.43,4.75,48.24,20.57,2.35,45.92,0.17,8.21,5.57,0.17,1.28,34.49
2023-05-25,5.92,6.94,3.12,0.48,7.15,24.96,22.23,0.77,28.43,28.75,0.38,34.37,36.5,5.71,2.43,19.1,34.69,33.26,2.48,2.33,28.17,62.5,7.67,1.66,17.73,22.52,44.16,15.59,3.83,21.85,4.92,48.67,20.73,2.21,46.52,0.17,8.57,5.38,0.27,1.27,33.94
2023-05-26,5.8,7.07,2.88,0.5,7.5,25.79,21.48,0.75,28.23,28.06,0.42,34.51,37.01,5.8,2.44,19.22,34.22,33.63,2.34,2.35,27.39,63.59,7.29,1.73,17.77,22.67,43.92,15.64,3.93,21.47,4.7,49.21,20.69,1.81,47.36,0.19,8.74,5.37,0.27,1.01,33.71
2023-05-27,5.62,6.81,2.91,0.44,7.38,25.93,22.18,0.71,28.02,28.24,0.44,35.57,35.75,5.63,2.49,19.91,34.69,32.9,2.29,2.09,26.78,64.12,7.35,1.75,17.58,23.06,44.18,15.18,3.96,21.3,4.71,49.56,20.47,1.57,47.67,0.21,8.01,5.04,0.33,1.01,34.53
2023-05-28,5.71,6.8,2.87,0.43,7.39,25.84,22.33,0.71,27.92,28.35,0.39,35.59,35.67,5.61,2.48,19.91,34.6,33.0,2.29,2.11,26.71,64.15,7.37,1.77,17.62,23.04,44.23,15.11,3.9,21.16,4.75,49.66,20.53,1.58,47.67,0.21,7.94,5.08,0.33,1.02,34.55
2023-05-29,5.52,6.54,3.02,0.45,7.4,26.25,22.46,0.7,27.66,28.44,0.39,34.84,36.33,5.86,2.55,19.41,34.27,33.42,2.37,2.12,26.55,64.18,7.4,1.87,17.98,23.07,43.67,15.28,3.97,21.66,4.57,49.06,20.74,1.67,47.35,0.21,8.24,5.14,0.32,0.92,34.44
2023-05-30,5.45,6.24,3.02,0.42,7.59,26.33,22.58,0.55,27.82,27.92,0.36,35.15,36.57,5.95,2.27,19.68,34.24,33.42,2.17,2.27,26.69,64.17,7.33,1.81,18.3,22.58,43.71,15.41,4.02,21.52,4.25,49.67,20.54,1.89,47.24,0.18,7.93,5.33,0.28,0.96,34.52
2023-05-31,5.66,6.51,3.15,0.53,7.8,25.22,22.72,0.51,27.9,28.76,0.45,35.52,35.27,6.21,2.51,19.01,33.71,34.04,2.41,2.11,27.33,63.39,7.07,2.21,18.23,23.2,44.03,14.54,3.81,21.59,4.1,49.03,21.47,1.91,46.71,0.18,7.88,5.46,0.25,1.05,34.81
2023-06-01,5.74,6.38,3.65,0.46,7.42,25.26,22.17,0.39,28.53,28.4,0.5,36.07,35.03,6.09,2.54,19.25,33.15,34.59,2.34,2.04,27.66,63.16,6.97,2.21,17.59,22.7,45.02,14.69,3.88,21.13,4.17,49.46,21.36,1.86,47.39,0.19,8.07,5.18,0.2,0.99,34.5
2023-06-02,5.93,6.46,3.75,0.44,7.84,26.55,21.43,0.4,27.2,29.02,0.54,35.93,34.51,6.19,2.56,18.85,32.82,35.02,2.44,2.12,28.12,63.18,6.53,2.17,17.36,22.87,45.44,14.33,3.68,21.15,4.2,50.44,20.53,1.9,47.43,0.18,8.57,5.46,0.2,1.0,33.7
2023-06-03,5.99,6.38,3.72,0.4,8.1,26.46,21.45,0.42,27.08,29.83,0.39,35.48,34.3,6.16,2.51,18.8,32.89,35.15,2.5,1.99,27.54,63.73,6.46,2.27,16.93,23.26,45.29,14.52,3.67,21.42,4.41,49.66,20.84,1.83,48.79,0.07,8.84,5.42,0.2,1.09,32.22
2023-06-04,6.01,6.42,3.73,0.4,8.08,26.48,21.32,0.42,27.14,29.82,0.4,35.57,34.21,6.16,2.55,18.79,32.9,35.12,2.5,1.98,27.64,63.62,6.48,2.26,17.0,23.22,45.28,14.5,3.68,21.46,4.37,49.62,20.87,1.83,48.82,0.07,8.82,5.41,0.2,1.09,32.15
2023-06-05,5.98,6.41,3.73,0.41,8.1,26.44,21.4,0.41,27.12,29.87,0.39,35.51,34.23,6.17,2.55,18.71,32.9,35.18,2.47,2.02,27.58,63.69,6.46,2.27,16.92,23.25,45.32,14.51,3.65,21.49,4.4,49.62,20.84,1.83,48.94,0.07,8.84,5.4,0.21,1.09,32.06
2023-06-06,6.24,6.28,3.77,0.43,7.81,26.22,21.34,0.39,27.52,30.26,0.45,35.09,34.2,5.91,2.52,19.35,32.39,35.01,2.93,1.89,27.52,63.93,6.34,2.21,17.55,23.05,44.89,14.51,3.71,22.66,4.47,48.87,20.29,1.84,49.73,0.08,8.65,5.5,0.27,1.1,31.28
2023-06-07,6.89,6.76,3.32,0.35,7.57,27.66,20.72,0.47,26.26,28.61,0.42,36.04,34.93,5.22,3.14,19.01,33.98,34.12,2.76,1.77,27.39,64.87,5.93,1.81,17.23,22.85,45.65,14.27,3.77,22.11,4.62,49.65,19.85,2.25,49.5,0.13,9.0,4.85,0.25,1.06,31.54
2023-06-08,6.49,7.04,3.3,0.17,7.72,27.44,21.18,0.49,26.17,28.35,0.38,36.14,35.13,5.3,3.01,19.28,34.37,33.27,2.86,1.91,27.16,65.18,5.85,1.81,17.25,22.98,45.63,14.14,3.93,22.13,4.81,49.66,19.47,2.28,49.16,0.15,9.26,5.02,0.23,1.14,31.39
2023-06-09,6.73,7.47,3.32,0.15,7.41,27.02,21.15,0.55,26.2,28.56,0.44,36.09,34.91,5.08,3.08,19.51,34.16,33.26,2.97,1.94,27.19,65.15,5.86,1.8,17.31,22.89,45.62,14.18,3.98,21.96,4.9,49.61,19.55,2.34,49.71,0.11,9.17,4.96,0.2,1.15,30.87
2023-06-10,6.79,7.4,3.34,0.15,7.27,27.09,21.25,0.53,26.18,28.53,0.52,35.79,35.16,5.42,2.95,19.48,33.92,33.31,2.92,2.0,27.31,65.04,5.77,1.88,17.3,22.88,45.7,14.12,4.19,21.85,4.91,49.33,19.72,2.45,49.61,0.11,9.08,4.95,0.2,1.15,31.03
2023-06-11,6.76,7.4,3.33,0.16,7.27,27.08,21.25,0.55,26.2,28.51,0.5,35.87,35.12,5.39,2.92,19.52,33.99,33.24,2.92,2.02,27.34,65.02,5.77,1.87,17.37,22.84,45.64,14.15,4.16,21.86,4.9,49.39,19.69,2.43,49.71,0.11,9.04,4.91,0.2,1.15,31.0
2023-06-12,6.48,7.53,2.82,0.16,7.49,27.47,21.59,0.54,25.92,28.97,0.53,34.92,35.58,5.23,2.99,19.05,34.15,33.82,2.79,1.97,27.1,65.47,5.64,1.79,17.91,23.36,44.67,14.06,4.25,22.38,4.9,48.92,19.55,2.64,48.8,0.11,9.16,5.1,0.18,1.19,31.49
2023-06-13,6.44,7.56,2.86,0.15,7.6,27.5,21.61,0.5,25.78,29.05,0.54,34.53,35.88,5.29,2.99,18.98,34.15,33.86,2.77,1.96,26.88,65.77,5.53,1.82,17.93,23.4,44.71,13.96,4.33,22.43,4.74,48.57,19.93,2.68,48.57,0.13,9.21,5.1,0.2,1.16,31.5
2023-06-14,6.32,7.93,2.95,0.15,7.44,27.12,21.78,0.56,25.75,28.5,0.53,34.8,36.17,5.34,3.05,18.69,34.96,33.3,2.73,1.93,26.55,66.15,5.54,1.76,18.11,23.09,44.47,14.33,4.18,22.58,4.68,48.36,20.2,2.75,48.34,0.14,9.06,5.07,0.2,1.21,31.63
2023-06-15,6.13,7.43,3.11,0.13,7.1,28.49,21.25,0.59,25.77,28.24,0.56,35.45,35.75,5.36,3.24,18.84,34.43,33.53,2.64,1.96,26.74,65.78,5.66,1.82,17.21,23.62,44.97,14.2,4.24,21.8,4.81,48.61,20.54,2.8,49.13,0.14,8.85,4.59,0.24,1.17,31.38
2023-06-16,5.9,7.54,3.06,0.15,7.13,27.89,21.39,0.56,26.38,27.84,0.46,36.36,35.34,5.47,3.55,19.04,34.66,32.55,2.73,2.0,27.43,65.05,5.76,1.76,17.29,23.32,45.37,14.02,4.23,21.28,4.86,49.22,20.41,2.99,48.88,0.14,8.69,4.67,0.25,1.14,31.61
2023-06-17,5.74,7.43,2.99,0.18,7.29,28.08,21.48,0.56,26.25,28.34,0.42,35.89,35.35,5.58,3.51,18.76,34.6,32.71,2.87,1.97,27.36,64.96,5.92,1.76,17.32,23.78,44.89,14.01,4.27,21.76,4.64,48.51,20.82,3.0,48.58,0.16,8.59,4.85,0.25,1.13,31.91
2023-06-18,5.77,7.43,2.97,0.18,7.3,28.2,21.48,0.56,26.11,28.24,0.45,35.95,35.36,5.58,3.5,18.77,34.63,32.68,2.88,1.96,27.36,64.95,5.94,1.75,17.31,23.7,44.99,14.0,4.28,21.74,4.61,48.49,20.88,3.01,48.66,0.16,8.56,4.79,0.25,1.14,31.95
2023-06-19,5.83,7.61,2.97,0.18,7.36,28.45,21.55,0.6,25.45,27.71,0.46,36.54,35.29,5.55,3.69,19.12,34.54,32.81,2.37,1.92,27.54,64.53,6.14,1.79,17.13,24.07,45.38,13.42,4.34,21.9,4.59,48.9,20.27,2.96,49.47,0.17,8.43,4.82,0.22,1.15,31.3
2023-06-20,5.21,8.06,2.93,0.18,7.44,28.68,21.36,0.6,25.54,28.93,0.8,35.68,34.59,5.44,3.36,18.35,33.96,34.35,2.52,2.02,28.06,63.96,6.23,1.75,17.33,24.19,44.22,14.26,4.2,22.13,4.9,47.94,20.83,3.16,49.38,0.17,8.08,4.85,0.22,1.01,31.65
2023-06-21,5.31,7.81,2.85,0.16,7.52,28.3,21.6,0.54,25.91,29.87,0.82,34.88,34.43,5.28,3.39,18.6,33.38,34.91,2.52,1.92,28.27,63.84,6.16,1.73,18.05,24.18,43.49,14.28,4.6,22.2,4.85,47.45,20.9,2.8,50.12,0.17,7.66,5.52,0.32,1.08,30.92
2023-06-22,5.34,7.96,2.89,0.15,7.75,28.14,21.57,0.52,25.68,30.07,0.77,34.62,34.54,5.17,3.32,18.6,33.26,35.16,2.47,2.02,28.27,63.82,6.24,1.67,18.41,24.27,42.89,14.43,4.64,22.54,4.88,47.03,20.91,2.92,49.49,0.17,7.74,5.51,0.31,1.1,31.14
2023-06-23,5.46,7.86,2.87,0.15,7.81,27.99,21.62,0.5,25.74,29.89,0.78,34.94,34.39,5.2,3.35,18.82,33.36,34.8,2.44,2.03,28.18,63.74,6.42,1.66,18.36,24.14,42.95,14.55,4.53,22.51,4.97,47.21,20.78,2.93,49.39,0.17,7.68,5.53,0.31,1.13,31.27
2023-06-24,5.55,7.63,2.88,0.15,7.83,28.17,21.87,0.51,25.41,30.05,0.69,34.92,34.34,5.21,3.29,18.77,33.57,34.84,2.36,1.96,28.03,63.93,6.41,1.63,18.32,23.96,43.14,14.58,4.51,22.49,4.94,47.3,20.76,2.94,49.87,0.17,7.55,5.31,0.32,1.11,31.24
2023-06-25,5.5,7.76,2.87,0.15,7.82,28.17,21.89,0.51,25.33,30.07,0.7,34.9,34.33,5.18,3.26,18.78,33.62,34.81,2.36,1.99,28.12,63.85,6.39,1.64,18.37,23.89,43.2,14.54,4.48,22.4,4.95,47.44,20.73,2.88,49.91,0.17,7.56,5.33,0.32,1.09,31.22
2023-06-26,5.46,7.39,2.86,0.16,7.88,28.24,22.06,0.53,25.42,30.25,0.68,34.84,34.23,5.12,2.92,18.92,33.72,34.94,2.38,2.0,28.09,64.07,6.22,1.62,18.47,23.99,42.99,14.55,4.52,22.37,5.0,47.38,20.73,2.95,49.73,0.17,7.7,5.4,0.32,1.11,31.1
2023-06-27,5.72,7.31,2.98,0.17,7.45,28.22,22.38,0.53,25.24,30.07,0.65,34.9,34.38,5.16,2.84,18.79,34.0,34.74,2.38,2.09,27.86,64.57,5.93,1.64,18.45,23.38,43.28,14.89,4.5,22.11,4.92,47.21,21.26,2.96,49.57,0.15,7.67,5.34,0.29,1.08,31.01
2023-06-28,6.03,7.7,3.06,0.17,7.3,28.07,22.25,0.49,24.93,30.39,0.75,34.42,34.44,5.05,2.81,18.4,33.84,35.38,2.37,2.15,27.81,64.7,5.91,1.58,18.83,23.52,42.93,14.72,4.57,22.59,4.7,47.12,21.02,2.87,49.72,0.15,7.48,5.51,0.3,1.0,30.89
2023-06-29,6.0,7.65,3.04,0.17,7.32,28.31,22.07,0.49,24.95,30.24,0.75,34.48,34.53,5.04,2.77,18.36,34.13,35.19,2.38,2.13,27.62,64.84,5.96,1.58,18.71,23.72,42.84,14.73,4.46,22.5,5.0,47.05,20.99,2.84,49.58,0.16,7.77,5.46,0.29,1.01,30.77
2023-06-30,5.73,7.69,3.01,0.15,6.96,28.03,22.33,0.49,25.61,30.45,0.8,34.24,34.51,4.87,2.41,18.57,34.13,35.31,2.45,2.26,27.65,65.14,5.64,1.57,18.31,23.8,42.63,15.26,4.62,22.48,5.13,46.81,20.96,2.45,50.04,0.16,7.44,5.57,0.3,0.97,30.9
2023-07-01,5.7,7.88,2.9,0.18,6.87,27.38,22.99,0.52,25.58,30.35,0.86,34.45,34.34,4.98,2.37,18.48,33.79,35.71,2.45,2.22,28.0,65.38,5.15,1.47,18.2,23.96,42.53,15.31,4.33,22.42,5.55,46.91,20.79,2.44,50.24,0.16,7.23,5.3,0.33,0.97,31.24
2023-07-02,5.68,7.87,2.91,0.18,6.83,27.44,23.0,0.52,25.57,30.39,0.8,34.52,34.29,4.95,2.36,18.56,33.83,35.67,2.44,2.19,28.07,65.27,5.19,1.47,18.18,24.02,42.57,15.23,4.4,22.41,5.52,46.9,20.77,2.45,50.24,0.15,7.19,5.27,0.33,0.97,31.26
2023-07-03,5.52,7.81,3.37,0.21,6.78,27.34,23.18,0.55,25.24,29.57,0.76,35.18,34.49,5.01,2.46,18.75,33.68,34.95,2.89,2.26,28.07,65.29,5.32,1.32,17.68,24.03,43.1,15.19,3.98,22.08,5.59,47.5,20.85,2.4,49.57,0.15,7.51,5.13,0.33,0.89,31.78
2023-07-04,5.51,7.91,3.49,0.23,6.66,26.43,23.38,0.5,25.89,29.84,0.81,35.19,34.16,4.8,2.49,18.87,33.3,35.49,2.8,2.25,27.85,65.7,5.14,1.31,17.95,24.34,42.51,15.2,4.27,21.66,5.49,46.86,21.72,2.38,49.82,0.21,7.18,4.82,0.28,0.87,32.24
2023-07-05,5.33,7.79,3.63,0.26,6.93,26.07,23.07,0.52,26.4,28.85,0.77,36.38,34.0,4.47,2.64,19.34,32.89,35.46,3.06,2.14,28.21,65.25,5.29,1.25,17.62,24.33,42.51,15.54,4.13,21.88,5.31,47.46,21.22,2.37,49.42,0.22,7.64,5.14,0.33,0.93,31.96
2023-07-06,5.12,7.26,3.64,0.28,7.21,26.8,23.23,0.42,26.04,28.79,0.51,36.07,34.63,4.33,2.81,18.8,33.1,35.76,3.12,2.08,27.87,65.81,5.09,1.23,17.7,24.34,42.56,15.4,4.36,23.1,5.09,47.0,20.45,2.27,48.37,0.22,7.89,4.97,0.35,0.84,33.16
2023-07-07,5.14,6.93,3.48,0.31,7.11,26.01,24.18,0.37,26.47,28.13,0.45,36.72,34.7,4.28,2.93,19.51,32.77,35.41,3.24,1.86,27.21,66.97,4.57,1.25,18.88,24.68,41.63,14.81,4.31,23.16,5.0,47.0,20.53,2.4,48.55,0.23,8.01,4.97,0.23,1.02,32.98
2023-07-08,5.09,6.78,3.82,0.32,7.14,25.55,23.83,0.38,27.09,28.33,0.51,36.27,34.89,4.26,3.02,19.87,32.62,34.98,2.95,2.3,26.58,67.46,4.74,1.22,18.96,25.28,41.29,14.47,4.26,23.41,5.25,46.21,20.87,2.62,48.56,0.23,7.63,5.12,0.24,1.07,33.04
2023-07-09,5.15,6.78,3.82,0.32,7.11,25.53,23.9,0.38,27.01,28.32,0.53,36.28,34.87,4.29,3.04,19.79,32.65,35.03,2.97,2.23,26.6,67.55,4.63,1.22,18.94,25.3,41.29,14.47,4.28,23.48,5.22,46.13,20.89,2.63,48.56,0.23,7.53,5.08,0.24,1.08,33.11
2023-07-10,4.99,7.04,3.7,0.27,7.19,25.21,23.59,0.4,27.61,28.38,0.45,36.76,34.41,4.27,3.04,20.25,32.47,34.9,2.82,2.25,26.78,67.33,4.67,1.22,18.4,25.02,41.96,14.62,3.36,23.04,5.34,46.38,21.88,2.88,49.43,0.23,7.15,4.64,0.21,1.0,32.8
2023-07-11,5.04,7.03,3.67,0.3,7.26,25.27,23.42,0.4,27.61,28.04,0.63,36.86,34.47,4.18,3.06,20.31,32.7,34.49,2.91,2.35,26.9,67.12,4.62,1.36,18.32,25.24,41.6,14.84,3.55,23.51,5.22,46.28,21.44,2.85,49.39,0.23,7.35,4.64,0.21,0.98,32.72
2023-07-12,5.08,7.13,3.66,0.27,7.49,25.14,23.31,0.4,27.52,27.96,0.6,37.0,34.44,4.27,3.05,20.11,32.68,34.17,3.02,2.7,26.97,66.58,5.07,1.38,18.22,25.32,41.84,14.62,3.57,23.16,5.25,46.29,21.73,2.86,49.48,0.24,7.28,4.61,0.21,1.06,32.6
2023-07-13,5.25,7.4,3.74,0.22,7.37,24.49,23.4,0.38,27.75,27.68,0.6,37.39,34.33,4.24,3.55,20.15,32.64,33.88,2.94,2.6,27.8,65.46,5.32,1.42,18.13,24.55,42.74,14.58,3.53,22.76,5.17,46.45,22.09,3.04,49.42,0.24,7.2,4.88,0.21,1.14,32.17
2023-07-14,5.24,7.42,3.94,0.24,7.43,24.42,23.93,0.32,27.06,28.04,0.52,36.84,34.6,4.4,3.25,19.76,33.44,33.22,3.12,2.81,27.44,65.74,5.43,1.39,18.26,24.29,42.69,14.76,3.53,22.58,5.2,46.52,22.17,3.02,49.3,0.27,7.31,4.9,0.23,1.13,32.21
2023-07-15,5.49,7.1,4.07,0.22,7.44,23.78,24.43,0.34,27.13,28.03,0.56,36.44,34.97,4.33,3.24,19.78,33.68,33.12,3.05,2.8,27.48,65.75,5.46,1.31,18.27,24.33,42.95,14.45,3.55,22.57,5.16,46.18,22.54,3.1,49.14,0.25,7.27,5.08,0.23,1.17,32.15
2023-07-16,5.48,7.18,4.06,0.22,7.46,23.91,24.26,0.34,27.09,28.12,0.52,36.53,34.83,4.31,3.22,19.85,33.69,33.06,3.06,2.81,27.52,65.59,5.5,1.39,18.19,24.28,43.01,14.52,3.64,22.5,5.09,46.42,22.35,2.99,49.15,0.26,7.35,5.1,0.19,1.16,32.21
2023-07-17,5.3,7.14,3.97,0.22,7.21,23.83,24.88,0.34,27.11,28.07,0.53,36.44,34.96,4.35,3.3,20.08,33.93,32.66,2.84,2.84,27.49,65.92,5.24,1.35,17.97,24.18,43.17,14.68,3.61,22.8,4.94,46.22,22.43,3.19,48.76,0.23,7.33,5.03,0.26,1.18,32.31
2023-07-18,5.4,7.38,3.95,0.2,7.23,24.1,24.94,0.3,26.5,28.29,0.32,36.05,35.34,4.07,3.34,20.11,34.14,32.83,2.9,2.61,28.01,65.37,5.46,1.16,17.31,24.27,43.55,14.87,3.85,22.47,4.98,46.39,22.31,3.11,48.31,0.2,7.66,4.89,0.31,1.16,32.62
2023-07-19,5.51,7.59,3.83,0.22,7.07,23.46,25.54,0.41,26.37,28.78,0.4,35.04,35.78,4.03,2.74,19.39,34.74,33.44,3.01,2.65,27.11,66.42,5.43,1.04,16.75,23.95,43.46,15.84,3.9,21.61,5.02,46.26,23.21,2.98,48.44,0.25,7.66,4.64,0.25,1.04,33.0
2023-07-20,5.68,7.7,3.91,0.2,6.89,23.26,25.17,0.48,26.71,28.7,0.36,35.2,35.74,3.91,2.91,19.68,34.33,32.97,3.1,3.1,27.15,66.44,5.38,1.03,16.76,23.5,43.61,16.13,3.81,20.67,5.11,46.71,23.7,3.34,48.19,0.24,7.34,4.67,0.22,1.02,33.26
2023-07-21,5.7,7.78,3.87,0.16,7.0,23.61,25.23,0.49,26.16,28.86,0.28,35.15,35.71,4.14,3.02,19.26,33.36,34.49,3.04,2.69,27.37,66.23,5.38,1.02,17.41,23.39,43.23,15.97,3.95,20.51,4.86,46.69,23.99,3.14,48.11,0.27,7.68,4.4,0.17,1.09,33.41
2023-07-22,5.14,8.24,3.43,0.13,7.67,24.53,24.62,0.51,25.73,28.83,0.31,34.69,36.17,4.23,2.67,19.09,32.87,35.23,3.08,2.83,27.45,66.54,4.97,1.04,17.28,24.32,42.46,15.94,4.17,20.5,4.91,46.66,23.76,2.89,47.24,0.38,8.06,4.33,0.26,1.12,33.63
2023-07-23,5.19,8.27,3.5,0.13,7.65,24.46,24.63,0.51,25.66,28.9,0.31,34.7,36.09,4.21,2.69,19.04,32.82,35.34,3.09,2.81,27.41,66.58,4.98,1.03,17.33,24.37,42.42,15.88,4.16,20.51,4.91,46.68,23.74,2.87,47.12,0.38,8.02,4.38,0.26,1.12,33.74
2023-07-24,5.2,8.44,3.51,0.15,7.87,24.78,24.22,0.49,25.34,28.72,0.33,34.73,36.22,4.35,2.6,18.66,32.87,35.39,3.26,2.87,27.57,66.01,5.23,1.19,17.25,24.44,42.34,15.97,4.05,20.93,4.74,47.11,23.17,2.86,46.98,0.36,8.03,4.3,0.3,1.06,34.16
2023-07-25,5.1,8.45,3.68,0.14,7.89,25.43,24.09,0.48,24.74,28.96,0.37,34.65,36.02,4.43,2.66,18.44,32.99,35.08,3.32,3.08,27.83,65.79,5.12,1.26,17.86,24.44,41.26,16.44,4.12,20.64,4.99,47.29,22.96,2.98,47.81,0.34,7.84,4.31,0.3,1.03,33.53
2023-07-26,4.82,7.98,3.56,0.14,8.19,26.09,22.95,0.5,25.77,29.05,0.42,34.78,35.75,4.39,2.53,18.62,32.52,35.23,3.15,3.56,28.21,65.14,5.43,1.22,18.59,24.77,41.08,15.56,3.83,20.67,5.29,46.81,23.4,2.9,48.6,0.46,6.98,4.54,0.29,1.01,33.53
2023-07-27,4.83,8.09,3.29,0.15,8.19,26.46,22.81,0.5,25.68,29.24,0.29,34.77,35.7,4.23,2.56,18.61,32.8,34.99,3.31,3.5,28.06,65.66,5.04,1.24,18.83,23.97,41.35,15.85,4.03,21.43,5.27,46.26,23.01,3.07,47.63,0.38,7.05,4.5,0.22,1.08,34.03
2023-07-28,4.97,8.9,3.38,0.13,7.93,26.89,22.3,0.48,25.02,28.7,0.28,35.06,35.96,4.06,2.6,19.33,34.07,33.57,3.14,3.23,28.56,65.36,4.88,1.2,19.35,24.27,41.9,14.48,3.77,21.86,4.9,48.21,21.26,3.09,48.49,0.35,7.55,4.21,0.22,1.23,32.9
2023-07-29,4.95,8.85,3.39,0.13,7.92,26.91,22.37,0.48,25.0,28.68,0.33,35.06,35.93,4.09,2.6,19.33,34.08,33.54,3.14,3.22,28.55,65.35,4.92,1.18,19.31,24.27,41.93,14.49,3.79,21.87,4.9,48.18,21.26,3.1,48.51,0.35,7.56,4.22,0.22,1.23,32.86
2023-07-30,4.98,8.94,3.39,0.13,7.93,26.9,22.26,0.48,24.99,28.66,0.31,35.12,35.91,4.08,2.63,19.37,34.11,33.45,3.14,3.22,28.61,65.27,4.92,1.2,19.4,24.32,41.8,14.48,3.73,21.79,4.97,48.25,21.26,3.06,48.46,0.35,7.57,4.18,0.22,1.24,32.94
2023-07-31,4.92,9.06,3.36,0.12,7.64,27.15,22.4,0.47,24.88,29.39,0.27,34.27,36.07,4.2,2.64,18.79,33.89,33.63,3.31,3.54,27.39,65.89,5.45,1.27,20.38,23.82,41.5,14.3,3.78,21.84,4.91,48.47,21.0,2.76,48.69,0.34,8.02,4.36,0.29,1.23,32.11
2023-08-01,5.12,8.97,3.36,0.12,7.8,26.8,22.8,0.49,24.54,29.15,0.31,34.9,35.64,4.48,2.64,18.87,34.13,33.18,3.16,3.54,27.6,65.3,5.7,1.4,20.33,24.35,41.26,14.06,3.64,21.84,5.03,48.32,21.17,2.78,48.73,0.32,7.89,4.37,0.23,1.24,32.38
2023-08-02,5.06,8.89,3.22,0.14,7.79,26.66,23.65,0.51,24.08,28.72,0.3,34.94,36.04,4.39,2.41,19.2,34.21,33.23,3.07,3.49,28.19,64.97,5.51,1.33,20.15,24.39,41.57,13.89,3.65,21.14,5.17,48.61,21.43,2.78,48.93,0.28,7.93,4.18,0.24,1.18,32.51
2023-08-03,5.79,8.95,3.07,0.13,7.55,27.44,23.0,0.48,23.59,28.41,0.25,36.1,35.24,4.94,2.39,20.23,33.43,32.91,2.96,3.14,29.12,63.93,5.61,1.34,20.17,24.62,41.16,14.05,3.49,21.79,4.94,48.84,20.94,2.86,48.77,0.19,8.44,4.45,0.24,1.35,31.85
2023-08-04,5.7,9.06,2.78,0.1,7.78,28.05,21.99,0.57,23.97,28.19,0.38,36.3,35.13,4.74,2.55,20.82,34.02,32.41,3.01,2.45,28.88,64.82,5.12,1.18,20.29,23.61,41.3,14.8,3.77,21.91,5.49,48.75,20.08,2.4,49.57,0.22,8.48,4.13,0.28,1.58,31.65
2023-08-05,5.56,8.89,2.81,0.09,7.89,28.04,22.68,0.62,23.42,28.6,0.43,36.37,34.6,4.57,2.74,20.85,33.06,32.77,3.12,2.89,28.62,64.67,5.45,1.26,20.56,24.64,40.37,14.43,4.06,22.89,5.95,47.16,19.94,2.07,48.63,0.21,8.1,4.84,0.3,1.6,32.24
2023-08-06,5.55,8.96,2.82,0.09,7.91,28.07,22.64,0.62,23.34,28.65,0.48,36.39,34.48,4.57,2.76,20.83,32.99,32.83,3.12,2.9,28.63,64.67,5.45,1.25,20.49,24.61,40.45,14.45,4.05,22.87,6.0,47.13,19.95,2.06,48.7,0.21,8.05,4.76,0.3,1.59,32.34
2023-08-07,5.6,8.74,2.69,0.11,7.87,27.91,23.04,0.63,23.41,28.35,0.46,36.2,34.99,4.59,2.77,20.55,32.38,34.13,3.01,2.57,29.04,64.77,4.87,1.32,20.17,25.02,40.5,14.31,3.96,23.64,6.06,46.89,19.45,2.02,48.34,0.2,7.64,4.61,0.24,1.69,33.17
2023-08-08,5.34,8.65,2.4,0.09,7.74,27.82,23.57,0.68,23.71,28.58,0.55,35.83,35.04,4.05,2.61,19.58,32.59,35.56,3.21,2.4,28.02,66.08,4.64,1.26,20.37,25.89,39.92,13.82,3.58,23.67,6.27,46.49,19.99,2.36,46.69,0.22,7.85,5.03,0.21,1.54,33.92
2023-08-09,5.22,8.71,2.35,0.08,7.64,27.79,23.82,0.6,23.79,28.32,0.51,35.55,35.62,4.18,2.68,19.09,32.95,35.28,3.44,2.38,27.86,66.32,4.6,1.22,20.7,25.88,40.09,13.33,3.47,23.31,6.0,46.96,20.26,2.28,46.89,0.22,7.77,4.61,0.21,1.57,34.22
2023-08-10,5.2,8.54,2.44,0.1,7.64,27.94,23.46,0.63,24.05,28.2,0.47,35.59,35.74,4.34,2.81,18.89,33.02,35.03,3.44,2.47,27.49,66.43,4.94,1.14,21.4,25.67,39.58,13.35,3.5,22.96,5.61,47.58,20.35,2.55,47.27,0.25,7.54,4.61,0.33,1.43,33.66
2023-08-11,5.44,8.59,2.27,0.11,7.52,28.08,23.66,0.59,23.74,28.22,0.51,35.43,35.84,4.66,2.99,18.56,33.27,34.72,3.29,2.51,27.93,65.97,4.98,1.12,20.56,24.57,40.91,13.96,3.06,22.3,5.73,47.37,21.54,2.44,47.12,0.23,8.03,4.47,0.23,1.41,33.66
2023-08-12,5.21,8.92,2.31,0.11,7.39,28.07,23.42,0.58,23.99,28.22,0.49,35.62,35.67,4.82,3.0,18.49,33.34,34.68,3.18,2.49,27.95,66.17,4.78,1.1,20.39,24.69,40.9,14.02,3.04,22.09,5.62,47.14,22.11,2.48,46.94,0.22,8.22,4.32,0.28,1.42,33.64
2023-08-13,5.25,8.89,2.32,0.11,7.43,28.12,23.3,0.58,24.0,28.16,0.56,35.64,35.64,4.82,3.01,18.5,33.32,34.7,3.15,2.5,27.96,66.19,4.75,1.1,20.4,24.71,40.83,14.06,2.99,22.13,5.62,47.17,22.09,2.49,46.86,0.22,8.23,4.32,0.28,1.42,33.68
2023-08-14,5.33,9.27,2.82,0.16,7.22,28.27,21.87,0.58,24.48,27.8,0.41,35.88,35.91,4.96,3.27,18.11,33.29,34.64,3.26,2.47,28.05,65.46,5.29,1.2,19.97,25.05,40.86,14.12,2.95,22.0,5.19,47.52,22.34,2.32,47.52,0.22,8.47,4.28,0.18,1.28,33.46
2023-08-15,5.31,9.21,2.8,0.16,7.46,28.23,21.87,0.58,24.38,27.83,0.39,35.83,35.95,4.95,3.26,18.04,33.28,34.77,3.25,2.45,28.01,65.5,5.29,1.2,20.19,24.91,40.85,14.05,3.01,21.85,5.44,47.42,22.28,2.33,47.63,0.22,8.41,4.26,0.18,1.3,33.38
2023-08-16,5.4,9.68,2.78,0.13,7.2,27.94,21.66,0.65,24.56,27.47,0.53,36.86,35.14,5.07,3.14,18.11,33.33,34.77,3.31,2.27,28.55,64.81,5.32,1.32,19.19,23.85,42.36,14.6,2.98,20.86,5.05,49.05,22.06,2.52,48.26,0.29,7.74,4.1,0.2,1.22,33.41
2023-08-17,5.37,9.56,2.81,0.18,7.76,28.1,22.06,0.6,23.56,27.52,0.48,36.62,35.38,5.41,3.08,18.41,33.2,34.13,3.52,2.25,29.12,64.01,5.64,1.23,18.68,22.93,43.12,15.27,3.12,21.83,4.23,49.23,21.59,2.35,48.09,0.35,7.99,4.82,0.19,1.12,33.03
2023-08-18,4.82,9.43,2.81,0.19,7.37,28.6,22.38,0.53,23.87,27.06,0.53,36.21,36.2,5.6,2.91,18.49,33.11,33.87,3.74,2.28,28.9,64.12,5.6,1.38,19.04,23.12,42.83,15.01,3.32,21.11,4.54,48.77,22.26,2.46,48.4,0.31,8.27,4.66,0.2,1.12,32.04
2023-08-19,5.28,9.45,2.65,0.14,7.35,28.61,21.8,0.47,24.25,27.27,0.49,36.14,36.1,5.16,2.53,18.53,33.36,34.36,3.45,2.61,28.88,64.87,4.96,1.29,19.55,22.84,43.38,14.23,3.46,21.14,4.5,48.77,22.13,2.98,47.25,0.25,8.87,4.75,0.22,1.14,32.13
2023-08-20,5.3,9.67,2.6,0.14,7.36,28.62,21.72,0.48,24.11,27.03,0.49,36.38,36.1,5.16,2.52,18.8,33.36,34.25,3.29,2.62,29.08,64.67,4.95,1.3,19.59,22.55,43.66,14.2,3.43,20.8,4.55,49.04,22.18,2.99,47.21,0.25,8.87,4.74,0.22,1.14,32.18
2023-08-21,5.25,9.71,2.53,0.17,7.33,28.54,21.82,0.44,24.21,27.34,0.51,36.02,36.13,5.15,2.7,18.17,33.68,34.32,3.44,2.54,29.14,64.96,4.58,1.32,20.23,22.11,43.71,13.95,3.52,20.66,4.45,48.58,22.79,2.79,46.62,0.32,9.2,4.82,0.26,1.05,32.35
2023-08-22,5.29,9.92,2.69,0.18,7.44,28.05,21.81,0.49,24.13,26.82,0.62,36.2,36.36,5.24,2.66,18.0,34.36,33.87,3.29,2.58,28.75,65.18,4.71,1.36,20.28,22.49,43.41,13.82,3.8,21.08,4.19,47.76,23.17,2.81,46.27,0.33,9.07,4.74,0.09,1.16,33.05
2023-08-23,5.39,9.91,2.56,0.09,7.53,27.64,21.97,0.51,24.4,25.78,0.5,36.97,36.75,5.26,2.67,17.97,34.51,33.66,3.42,2.51,29.21,64.74,4.74,1.31,20.01,22.15,43.6,14.24,3.92,20.48,4.23,47.78,23.59,2.89,46.04,0.2,8.97,4.83,0.17,1.27,33.32
2023-08-24,5.59,9.46,2.6,0.14,7.34,27.42,22.89,0.49,24.07,26.2,0.52,36.89,36.39,5.2,2.75,18.52,34.64,33.61,2.82,2.46,29.09,64.47,5.13,1.31,19.75,21.66,44.71,13.88,3.92,19.72,4.2,48.14,24.02,2.86,46.27,0.14,8.84,4.6,0.24,1.22,33.65
2023-08-25,5.73,9.45,2.71,0.14,7.11,27.33,22.9,0.47,24.16,25.67,0.4,36.76,37.17,5.04,2.78,19.14,34.01,33.76,2.92,2.35,29.16,64.68,4.93,1.23,19.55,21.56,44.56,14.33,3.71,19.74,3.86,48.17,24.52,2.82,46.16,0.12,8.81,4.44,0.2,1.51,33.69
2023-08-26,5.98,9.2,2.42,0.13,7.14,26.73,22.8,0.51,25.09,26.01,0.46,36.73,36.8,4.85,2.71,20.07,33.72,33.42,2.76,2.47,28.52,65.24,5.06,1.18,18.78,22.16,44.51,14.55,3.37,19.46,3.53,49.18,24.46,3.09,45.71,0.1,8.31,4.48,0.22,1.46,34.62
2023-08-27,5.96,9.18,2.42,0.12,7.1,26.81,22.85,0.5,25.06,26.02,0.46,36.76,36.76,4.87,2.72,20.08,33.72,33.4,2.74,2.47,28.61,65.18,5.04,1.17,18.81,22.13,44.5,14.56,3.49,19.43,3.53,49.09,24.46,3.08,45.66,0.1,8.29,4.46,0.21,1.53,34.57
2023-08-28,5.84,8.97,2.47,0.15,6.92,26.91,23.78,0.6,24.36,26.23,0.51,36.39,36.87,4.87,2.98,20.01,32.64,34.07,2.85,2.58,27.73,66.02,5.1,1.15,18.89,22.11,43.95,15.05,3.1,18.64,3.48,49.01,25.77,2.99,46.71,0.08,7.27,4.57,0.27,1.5,34.43
2023-08-29,5.66,8.97,2.71,0.17,6.76,27.22,23.93,0.67,23.91,25.57,0.55,36.17,37.71,4.94,2.99,20.07,32.42,34.05,2.98,2.55,27.82,65.72,5.34,1.12,18.53,22.2,44.06,15.21,2.95,18.23,3.57,49.93,25.32,2.89,47.54,0.08,7.22,3.97,0.26,1.47,34.38
2023-08-30,5.59,8.8,2.71,0.17,6.79,27.15,24.68,0.66,23.45,25.73,0.43,35.44,38.4,4.78,3.0,19.92,32.12,34.82,3.05,2.31,28.32,65.22,5.41,1.05,19.02,22.32,43.11,15.55,2.97,18.49,3.43,49.49,25.62,2.92,47.19,0.08,7.36,4.18,0.3,1.65,34.1
2023-08-31,5.59,8.73,2.7,0.17,6.74,27.22,24.79,0.65,23.41,25.71,0.45,35.4,38.44,4.8,2.99,19.94,32.08,34.84,3.06,2.29,28.32,65.2,5.41,1.07,19.06,22.24,43.16,15.54,2.95,18.49,3.41,49.47,25.68,2.91,47.19,0.08,7.3,4.18,0.3,1.65,34.13
2023-09-01,5.83,8.81,2.87,0.21,6.5,26.6,24.83,0.66,23.69,25.34,0.51,35.3,38.85,4.78,3.04,19.5,31.89,35.04,3.4,2.35,29.05,64.33,5.58,1.04,19.52,22.24,42.55,15.69,3.3,17.97,3.22,49.91,25.6,3.09,46.65,0.08,7.41,4.23,0.21,1.75,34.09
2023-09-02,5.79,9.07,2.67,0.24,6.36,25.94,25.08,0.71,24.14,25.68,0.46,36.07,37.79,4.56,2.88,19.7,32.8,34.71,3.04,2.31,29.46,63.96,5.49,1.09,19.47,22.06,43.29,15.18,3.12,18.11,3.56,49.98,25.23,3.09,47.5,0.11,6.99,4.01,0.19,1.78,33.8
2023-09-03,5.78,9.03,2.67,0.29,6.47,25.94,25.01,0.7,24.11,25.82,0.5,35.98,37.7,4.54,2.97,19.76,32.69,34.69,3.04,2.31,29.37,64.07,5.48,1.08,19.45,22.13,43.14,15.28,3.18,18.14,3.54,49.89,25.25,3.08,47.52,0.11,6.96,4.05,0.19,1.78,33.73
2023-09-04,5.5,9.38,2.43,0.25,7.01,26.28,24.99,0.62,23.54,26.86,0.49,35.9,36.75,4.87,3.0,19.51,32.76,34.8,2.6,2.46,29.07,64.92,4.85,1.16,20.1,21.79,43.02,15.09,2.91,17.87,3.62,50.16,25.44,3.45,48.83,0.09,6.71,3.83,0.17,1.48,33.14
2023-09-05,5.93,9.12,2.42,0.25,7.41,24.9,24.62,0.53,24.82,27.8,0.42,35.05,36.73,5.12,2.84,18.87,33.44,34.59,2.97,2.17,28.78,65.14,5.07,1.01,20.14,22.4,42.72,14.74,2.8,19.01,3.54,50.64,24.01,3.32,48.61,0.1,6.46,4.11,0.2,1.72,33.05
2023-09-06,5.6,9.08,2.48,0.23,7.19,25.49,24.61,0.49,24.83,28.22,0.39,34.98,36.41,5.36,3.05,18.55,33.3,34.45,2.98,2.31,29.12,64.76,5.11,1.01,20.31,22.57,42.64,14.48,2.76,18.88,3.55,50.65,24.16,3.35,49.0,0.09,6.36,4.03,0.15,1.81,32.76
2023-09-07,5.61,8.97,2.47,0.24,7.2,25.49,24.67,0.49,24.86,28.26,0.47,34.91,36.36,5.4,3.05,18.54,33.26,34.49,2.99,2.27,29.02,64.76,5.22,1.0,20.31,22.63,42.59,14.47,2.81,18.91,3.56,50.63,24.09,3.37,49.09,0.1,6.36,4.05,0.16,1.8,32.6
2023-09-08,5.78,9.27,2.38,0.21,7.25,25.43,24.63,0.46,24.59,28.01,0.42,35.25,36.32,5.2,2.91,18.79,33.45,34.16,3.19,2.3,29.57,64.32,5.1,1.01,20.72,22.13,42.66,14.49,2.52,19.01,3.72,50.38,24.37,3.39,48.88,0.09,6.36,4.02,0.24,1.87,32.6
2023-09-09,5.8,9.26,2.39,0.21,7.24,25.38,24.57,0.46,24.69,27.98,0.45,35.26,36.31,5.21,2.9,18.8,33.44,34.17,3.19,2.29,29.62,64.26,5.11,1.01,20.65,22.13,42.73,14.49,2.53,19.05,3.7,50.35,24.37,3.44,48.83,0.09,6.35,4.01,0.24,1.87,32.65
2023-09-10,5.82,9.22,2.39,0.21,7.23,25.44,24.54,0.47,24.68,27.99,0.43,35.39,36.19,5.24,2.92,18.85,33.37,34.14,3.19,2.29,29.62,64.26,5.1,1.02,20.59,22.14,42.78,14.49,2.56,19.01,3.7,50.37,24.36,3.43,48.81,0.09,6.38,3.98,0.24,1.86,32.69
2023-09-11,5.62,9.29,2.8,0.17,7.05,24.99,24.42,0.55,25.11,28.87,0.38,35.24,35.51,5.15,2.77,18.98,32.97,34.03,3.46,2.64,29.05,64.68,5.32,0.95,20.4,21.71,43.65,14.24,2.61,18.66,3.68,50.45,24.6,3.06,49.04,0.17,6.28,4.48,0.35,1.58,32.56
2023-09-12,5.78,9.45,3.01,0.19,7.07,25.08,23.85,0.51,25.06,29.16,0.44,35.25,35.15,5.23,2.74,19.02,32.41,34.41,3.54,2.65,28.76,64.67,5.56,1.01,20.65,21.3,43.61,14.44,2.81,18.51,3.65,50.33,24.7,3.06,49.24,0.17,6.15,4.51,0.28,1.59,32.38
2023-09-13,5.95,9.69,3.05,0.21,7.2,24.8,23.39,0.48,25.23,28.89,0.43,35.67,35.01,5.51,2.92,19.37,32.53,33.74,3.39,2.54,28.7,64.44,5.84,1.02,20.54,21.15,43.81,14.5,2.9,18.53,3.71,50.39,24.47,3.1,48.48,0.15,6.41,4.46,0.3,1.69,32.8
2023-09-14,5.94,9.62,3.06,0.21,7.21,24.83,23.37,0.48,25.28,28.87,0.47,35.76,34.9,5.49,2.92,19.4,32.47,33.78,3.4,2.54,28.75,64.37,5.85,1.03,20.58,21.1,43.79,14.53,2.88,18.56,3.7,50.44,24.42,3.13,48.49,0.15,6.41,4.42,0.3,1.67,32.79
2023-09-15,5.93,9.65,3.05,0.21,7.21,24.87,23.34,0.48,25.26,28.91,0.49,35.71,34.89,5.46,2.92,19.43,32.53,33.72,3.39,2.55,28.71,64.43,5.83,1.03,20.6,21.15,43.76,14.49,2.9,18.55,3.68,50.48,24.39,3.12,48.4,0.15,6.42,4.41,0.3,1.68,32.89
2023-09-16,5.82,9.53,2.98,0.23,7.29,24.92,23.59,0.52,25.12,28.74,0.5,35.82,34.94,5.45,2.92,19.29,32.58,33.83,3.35,2.58,28.71,64.39,5.9,1.0,20.63,21.05,43.82,14.5,2.92,18.34,3.74,50.57,24.43,3.2,48.25,0.15,6.4,4.48,0.36,1.69,32.97
2023-09-17,5.88,9.5,2.98,0.23,7.28,24.87,23.57,0.52,25.17,28.76,0.53,35.84,34.87,5.45,2.92,19.32,32.51,33.88,3.34,2.58,28.7,64.42,5.9,0.98,20.63,21.08,43.82,14.47,2.89,18.33,3.74,50.55,24.49,3.2,48.25,0.15,6.41,4.47,0.36,1.68,32.98
2023-09-18,5.64,9.8,3.18,0.19,6.33,24.63,22.92,0.6,26.71,29.29,0.5,35.38,34.83,5.42,2.97,18.66,32.18,34.08,3.63,3.06,28.19,64.24,6.59,0.98,20.33,21.93,43.55,14.19,2.93,19.43,4.51,50.06,23.07,3.1,49.71,0.16,6.21,4.62,0.38,1.47,32.21
2023-09-19,5.31,10.77,3.54,0.19,6.13,25.01,22.23,1.05,25.77,28.33,0.57,34.7,36.4,5.16,2.82,18.6,31.8,34.79,3.92,2.91,27.77,65.03,6.07,1.13,20.81,21.02,43.6,14.57,3.11,19.75,4.73,50.01,22.4,2.28,48.9,0.16,6.66,5.57,0.27,1.23,32.73
2023-09-20,5.29,10.81,3.53,0.17,6.05,25.08,22.21,1.01,25.85,28.32,0.61,34.68,36.39,5.32,2.73,18.57,31.68,34.76,3.92,3.02,27.85,64.93,6.04,1.18,20.81,20.85,43.72,14.62,3.1,19.64,4.64,49.97,22.65,2.19,48.67,0.19,6.63,5.56,0.28,1.21,33.1
2023-09-21,4.78,10.11,3.08,0.17,6.69,26.39,21.0,0.66,27.12,27.1,0.52,34.79,37.59,4.88,3.53,18.17,32.06,34.87,3.54,2.95,27.87,63.06,7.9,1.17,19.82,21.62,44.29,14.27,3.17,19.78,3.85,50.22,22.98,2.17,50.15,0.18,6.89,4.72,0.28,1.17,32.37
2023-09-22,4.79,9.92,3.02,0.17,6.65,26.54,20.98,0.68,27.25,26.8,0.58,35.1,37.52,4.73,3.62,18.35,32.33,34.41,3.56,3.0,27.93,62.71,8.02,1.34,19.69,21.57,44.43,14.31,3.21,19.72,3.89,50.44,22.74,2.24,50.58,0.19,6.71,4.41,0.28,1.2,32.26
2023-09-23,4.86,10.02,2.97,0.17,6.73,26.51,20.94,0.7,27.1,27.06,0.54,34.53,37.87,4.64,3.63,18.14,32.84,34.36,3.63,2.76,27.87,63.08,7.78,1.27,20.0,21.43,44.16,14.41,3.16,19.77,3.97,50.46,22.64,2.19,50.74,0.19,6.56,4.64,0.29,1.24,31.9
2023-09-24,4.84,9.84,2.98,0.17,6.74,26.55,21.03,0.69,27.16,27.06,0.57,34.59,37.78,4.56,3.66,18.21,32.9,34.26,3.65,2.76,27.96,62.92,7.84,1.28,19.92,21.51,44.16,14.41,3.1,19.82,3.98,50.43,22.67,2.23,50.74,0.2,6.54,4.59,0.29,1.23,31.95
2023-09-25,4.9,9.85,2.97,0.16,6.63,26.67,21.09,0.66,27.07,27.29,0.48,34.68,37.55,4.53,3.61,18.15,32.63,34.49,3.61,2.98,27.85,62.75,8.01,1.39,20.24,21.5,44.02,14.24,3.12,19.69,3.87,50.3,23.02,2.2,50.53,0.2,6.57,4.51,0.26,1.15,32.07
2023-09-26,4.79,9.88,2.98,0.17,6.36,26.79,21.3,0.65,27.08,27.3,0.45,34.54,37.71,4.38,3.52,17.93,32.66,34.85,3.7,2.96,27.58,62.91,8.11,1.4,20.26,21.76,43.8,14.18,3.14,19.83,3.91,49.7,23.42,2.27,50.18,0.19,6.58,4.59,0.29,1.29,32.11
2023-09-27,4.98,9.89,2.98,0.17,6.17,26.33,21.71,0.66,27.11,28.06,0.51,34.33,37.1,4.24,3.73,17.87,32.35,35.21,3.7,2.9,27.83,62.8,8.08,1.29,20.02,22.08,43.43,14.47,3.35,20.03,3.86,49.33,23.43,2.14,49.61,0.19,6.82,4.96,0.26,1.33,32.2
2023-09-28,5.04,9.88,2.99,0.18,6.02,26.55,21.67,0.67,27.0,27.91,0.51,34.31,37.27,4.22,3.65,17.95,32.41,35.19,3.71,2.87,27.75,62.89,8.09,1.27,20.01,22.16,43.37,14.46,3.36,20.12,3.87,49.22,23.43,2.17,49.68,0.19,6.78,4.87,0.26,1.31,32.23
2023-09-29,4.85,9.94,3.25,0.19,6.19,26.09,21.93,0.6,26.96,28.14,0.52,34.5,36.84,4.38,3.52,18.12,32.03,35.24,3.78,2.93,28.01,63.01,7.74,1.24,20.01,22.32,43.39,14.28,3.43,20.31,3.82,49.3,23.14,2.21,49.56,0.19,6.62,4.94,0.25,1.29,32.46
2023-09-30,4.78,9.89,3.28,0.19,6.22,26.14,21.91,0.63,26.96,28.03,0.5,34.62,36.85,4.44,3.52,18.17,31.82,35.33,3.79,2.93,28.17,62.82,7.78,1.23,19.95,22.25,43.41,14.39,3.49,20.23,3.76,49.29,23.23,2.17,49.61,0.19,6.59,4.94,0.25,1.28,32.44
2023-10-01,4.81,9.89,3.27,0.19,6.23,26.11,21.85,0.6,27.05,28.13,0.46,34.65,36.76,4.35,3.51,18.18,32.0,35.22,3.79,2.95,28.1,62.91,7.76,1.23,20.02,22.32,43.25,14.41,3.51,20.28,3.76,49.27,23.18,2.15,49.66,0.19,6.62,4.91,0.25,1.27,32.42
2023-10-02,4.84,9.82,3.27,0.19,6.31,26.15,21.8,0.66,26.96,28.07,0.49,34.65,36.79,4.45,3.69,18.14,31.97,35.05,3.78,2.92,28.09,62.84,7.84,1.23,19.94,22.24,43.47,14.35,3.48,20.19,3.86,49.39,23.08,2.15,49.49,0.19,6.61,5.05,0.25,1.3,32.41
2023-10-03,4.85,9.92,3.36,0.21,6.14,26.23,21.67,0.65,26.97,28.17,0.41,34.63,36.79,4.4,3.53,18.1,32.17,35.19,3.68,2.93,28.19,62.77,7.77,1.27,19.79,22.24,43.62,14.35,3.56,20.18,3.82,49.25,23.19,2.23,49.91,0.18,6.45,4.79,0.25,1.28,32.49
2023-10-04,4.82,9.92,3.32,0.21,6.29,26.38,21.45,0.65,26.96,27.94,0.42,34.81,36.83,4.51,3.46,18.25,32.13,35.09,3.65,2.91,28.14,62.7,7.84,1.32,19.85,22.03,43.89,14.23,3.51,20.19,3.87,49.21,23.22,2.19,49.87,0.18,6.53,4.76,0.26,1.26,32.69
2023-10-05,4.77,9.93,3.36,0.2,6.22,26.24,21.65,0.62,27.01,28.31,0.4,34.73,36.56,4.62,3.43,18.59,31.75,35.21,3.53,2.87,28.27,62.45,7.95,1.33,20.27,22.08,43.52,14.13,3.42,20.25,3.86,49.44,23.03,2.18,49.88,0.18,6.54,4.8,0.25,1.2,32.75
2023-10-06,4.66,9.84,3.41,0.18,6.65,26.1,21.51,0.54,27.11,28.3,0.43,34.6,36.67,4.73,3.56,18.45,31.5,35.5,3.46,2.8,28.3,62.7,7.72,1.28,19.88,22.42,43.61,14.09,3.26,20.15,3.78,49.88,22.93,2.2,50.07,0.21,6.3,4.83,0.22,1.03,32.95
2023-10-07,4.83,9.9,3.37,0.19,6.58,26.04,21.04,0.58,27.47,28.72,0.39,34.8,36.09,4.77,3.52,18.27,31.32,36.18,3.35,2.59,28.21,63.04,7.61,1.14,19.81,22.64,43.44,14.11,3.22,19.59,3.64,49.83,23.72,2.37,49.74,0.21,6.39,5.15,0.24,1.18,32.44
2023-10-08,4.93,9.95,3.38,0.19,6.61,25.89,21.15,0.6,27.3,28.56,0.43,34.73,36.28,4.71,3.67,18.18,31.55,35.96,3.34,2.59,28.11,63.17,7.58,1.14,19.89,22.51,43.62,13.98,3.15,19.56,3.66,50.07,23.56,2.34,49.58,0.21,6.41,5.18,0.24,1.18,32.6
2023-10-09,4.85,9.92,3.33,0.2,6.62,26.31,20.57,0.58,27.62,29.09,0.38,34.5,36.03,4.33,3.65,18.43,31.24,36.39,3.34,2.62,27.98,63.4,7.47,1.15,19.34,22.54,43.85,14.27,3.26,19.69,3.71,49.34,24.0,2.34,49.4,0.26,6.74,5.46,0.24,1.05,32.27
2023-10-10,5.07,9.6,3.46,0.33,6.51,26.14,20.27,0.59,28.03,29.03,0.35,34.47,36.15,4.14,3.41,18.91,32.51,35.46,2.88,2.69,28.27,63.3,7.36,1.07,18.83,22.59,44.51,14.07,2.81,19.41,3.61,49.88,24.29,2.46,48.27,0.22,7.87,5.63,0.31,1.21,32.15
2023-10-11,5.08,9.73,3.5,0.33,6.58,25.88,20.24,0.59,28.07,29.05,0.4,34.4,36.15,4.11,3.42,18.92,32.45,35.53,2.87,2.7,28.29,63.22,7.4,1.09,18.91,22.57,44.55,13.97,2.78,19.31,3.71,49.86,24.34,2.45,48.3,0.21,7.91,5.67,0.31,1.2,32.13
2023-10-12,5.11,9.63,3.47,0.33,6.52,26.0,20.28,0.59,28.07,29.09,0.39,34.31,36.21,4.1,3.42,18.91,32.47,35.54,2.86,2.7,28.23,63.27,7.4,1.1,18.94,22.6,44.47,13.99,2.78,19.33,3.7,49.85,24.34,2.45,48.39,0.22,7.89,5.62,0.31,1.2,32.12
2023-10-13,5.14,9.63,3.47,0.33,6.55,25.98,20.24,0.59,28.07,29.0,0.37,34.37,36.26,4.11,3.42,18.89,32.58,35.42,2.88,2.7,28.18,63.31,7.41,1.1,18.78,22.64,44.55,14.03,2.79,19.3,3.71,49.82,24.38,2.47,48.23,0.21,7.96,5.67,0.31,1.21,32.11
2023-10-14,5.12,9.62,3.44,0.33,6.56,26.04,20.26,0.59,28.04,29.07,0.38,34.38,36.17,4.1,3.42,18.97,32.46,35.51,2.84,2.7,28.19,63.32,7.42,1.07,18.85,22.63,44.5,14.02,2.79,19.32,3.68,49.83,24.38,2.46,48.33,0.21,7.93,5.61,0.31,1.21,32.11
2023-10-15,5.11,9.69,3.45,0.33,6.56,26.01,20.29,0.58,27.98,29.15,0.38,34.4,36.07,4.1,3.42,18.99,32.49,35.44,2.87,2.69,28.28,63.27,7.37,1.08,18.81,22.7,44.6,13.89,2.79,19.27,3.67,49.85,24.42,2.48,48.25,0.21,7.93,5.67,0.31,1.2,32.16
2023-10-16,5.08,9.7,3.49,0.33,6.59,25.9,20.26,0.58,28.07,29.06,0.41,34.39,36.14,4.09,3.47,18.87,32.55,35.45,2.87,2.7,28.31,63.23,7.38,1.08,18.91,22.59,44.6,13.9,2.78,19.31,3.68,49.92,24.31,2.47,48.29,0.21,7.88,5.64,0.31,1.2,32.13
2023-10-17,5.07,9.62,3.47,0.33,6.52,26.05,20.33,0.6,28.01,29.27,0.38,34.32,36.03,4.11,3.42,19.0,32.48,35.43,2.87,2.69,28.18,63.34,7.39,1.09,18.88,22.79,44.41,13.92,2.79,19.32,3.71,49.77,24.41,2.47,48.38,0.22,7.93,5.62,0.31,1.2,32.05
2023-10-18,5.11,9.62,3.46,0.33,6.58,26.01,20.21,0.58,28.1,29.13,0.42,34.36,36.09,4.1,3.42,18.95,32.46,35.53,2.84,2.7,28.25,63.28,7.39,1.08,18.82,22.69,44.54,13.95,2.79,19.36,3.68,49.81,24.36,2.46,48.32,0.23,7.91,5.59,0.31,1.2,32.2
2023-10-19,5.13,9.7,3.46,0.33,6.56,25.98,20.25,0.59,28.0,29.11,0.4,34.37,36.12,4.11,3.42,19.0,32.53,35.4,2.84,2.7,28.22,63.31,7.39,1.08,18.71,22.77,44.58,13.94,2.79,19.19,3.69,49.85,24.48,2.48,48.34,0.21,7.95,5.63,0.31,1.2,32.06
2023-10-20,5.13,9.63,3.49,0.33,6.56,26.06,20.31,0.59,27.9,29.04,0.42,34.38,36.16,4.11,3.43,18.96,32.54,35.4,2.84,2.72,28.29,63.22,7.4,1.09,18.71,22.7,44.65,13.94,2.76,19.19,3.71,49.89,24.45,2.48,48.32,0.21,7.95,5.6,0.31,1.2,32.11
2023-10-21,5.16,9.07,3.5,0.29,6.68,25.49,19.92,0.61,29.28,29.18,0.33,33.92,36.57,3.96,3.3,17.51,33.36,36.02,3.16,2.69,27.5,64.91,6.52,1.07,20.0,23.73,42.82,13.45,3.19,19.43,3.72,48.71,24.95,2.33,48.88,0.64,7.72,5.44,0.25,1.34,31.45
2023-10-22,5.24,9.02,3.49,0.29,6.6,25.54,19.95,0.61,29.26,29.25,0.34,33.9,36.51,3.93,3.3,17.55,33.34,35.98,3.15,2.75,27.54,64.93,6.48,1.05,20.02,23.7,42.85,13.43,3.24,19.25,3.72,48.73,25.06,2.33,48.9,0.64,7.73,5.48,0.25,1.34,31.41
2023-10-23,5.18,8.96,3.51,0.29,6.58,25.8,19.9,0.61,29.17,29.1,0.37,34.06,36.47,3.94,3.28,17.45,33.29,36.19,3.15,2.7,27.44,64.71,6.78,1.07,19.91,23.61,43.05,13.43,3.23,19.25,3.72,48.88,24.92,2.33,49.0,0.64,7.74,5.42,0.25,1.33,31.36
2023-10-24,5.24,8.92,3.51,0.29,6.58,25.8,19.84,0.58,29.24,29.23,0.34,34.02,36.41,3.95,3.25,17.5,33.21,36.2,3.14,2.75,27.66,64.52,6.76,1.06,19.92,23.69,42.92,13.47,3.2,19.47,3.73,48.76,24.84,2.28,48.8,0.64,7.68,5.48,0.25,1.32,31.62
2023-10-25,5.19,9.0,3.53,0.29,6.61,25.53,19.98,0.58,29.29,29.16,0.35,33.95,36.54,3.94,3.29,17.55,33.34,36.03,3.16,2.69,27.51,64.91,6.51,1.07,20.03,23.7,42.84,13.43,3.18,19.32,3.75,48.74,25.01,2.32,48.91,0.64,7.72,5.42,0.25,1.33,31.43
2023-10-26,5.23,9.05,3.5,0.29,6.61,25.74,19.87,0.61,29.1,29.15,0.33,34.05,36.47,3.93,3.27,17.47,33.24,36.19,3.15,2.75,27.45,64.73,6.76,1.06,20.0,23.55,43.03,13.42,3.24,19.27,3.69,48.88,24.92,2.32,48.97,0.64,7.71,5.47,0.25,1.32,31.37
2023-10-27,5.23,9.07,3.51,0.29,6.64,25.51,19.9,0.61,29.24,29.24,0.34,33.89,36.53,3.95,3.28,17.5,33.33,36.03,3.16,2.75,27.48,64.96,6.49,1.07,20.02,23.69,42.84,13.45,3.28,19.29,3.69,48.73,25.01,2.34,48.87,0.64,7.72,5.48,0.25,1.34,31.44
2023-10-28,5.06,9.48,3.81,0.24,6.54,25.63,19.31,0.52,29.41,28.83,0.35,33.9,36.92,4.18,2.9,16.38,34.4,35.96,3.38,2.8,27.58,64.88,6.3,1.24,19.63,24.14,42.29,13.94,2.92,20.05,3.89,49.0,24.14,2.08,48.01,0.75,7.83,5.2,0.27,1.26,32.69
2023-10-29,5.09,9.48,3.8,0.24,6.48,25.55,19.28,0.52,29.56,29.12,0.36,33.77,36.75,4.13,2.86,16.41,34.22,36.21,3.36,2.81,27.51,64.95,6.3,1.24,19.58,24.13,42.43,13.86,2.95,20.32,3.9,48.76,24.07,2.1,48.15,0.75,7.75,5.19,0.27,1.26,32.61
2023-10-30,5.08,9.49,3.73,0.24,6.52,25.42,19.4,0.52,29.6,29.09,0.35,33.65,36.91,4.19,2.91,16.35,34.27,36.1,3.37,2.81,27.6,64.95,6.21,1.24,19.67,23.96,42.57,13.8,2.98,20.22,3.85,48.84,24.11,2.01,48.12,0.75,7.82,5.1,0.27,1.25,32.74
2023-10-31,4.95,8.85,3.65,0.19,6.23,27.5,18.95,0.66,29.02,28.05,0.54,34.57,36.84,4.8,2.63,15.64,34.15,36.78,2.93,3.07,27.31,65.04,6.17,1.48,20.69,23.63,42.05,13.63,3.15,20.51,3.81,48.14,24.39,1.87,46.77,0.83,7.86,4.94,0.21,1.32,33.95
2023-11-01,5.45,7.96,3.49,0.27,6.17,27.64,17.87,0.84,30.31,28.38,0.61,33.76,37.25,5.61,2.79,15.08,33.13,37.67,2.62,3.1,27.57,64.98,6.04,1.41,20.3,23.81,42.27,13.62,3.32,21.71,3.85,48.07,23.05,1.81,48.69,0.75,7.19,4.86,0.2,0.86,33.33
2023-11-02,5.35,7.98,3.54,0.2,5.7,26.47,18.72,0.73,31.31,28.68,0.56,34.05,36.71,5.32,3.0,15.11,33.54,37.44,2.8,2.79,28.5,64.58,5.63,1.29,20.04,25.08,41.15,13.73,2.84,24.1,3.55,46.69,22.82,1.76,50.99,0.41,6.86,4.77,0.23,0.76,32.1
2023-11-03,5.34,8.0,3.55,0.2,5.75,26.41,18.64,0.73,31.38,28.8,0.47,34.05,36.68,5.33,3.01,15.14,33.46,37.46,2.81,2.79,28.54,64.59,5.59,1.28,20.05,25.1,41.21,13.64,2.85,24.05,3.6,46.64,22.86,1.79,51.01,0.41,6.86,4.75,0.23,0.8,32.06
2023-11-04,5.34,8.08,3.52,0.2,5.71,26.41,18.71,0.73,31.3,28.85,0.48,34.13,36.54,5.3,3.01,15.1,33.41,37.55,2.83,2.8,28.57,64.54,5.61,1.28,20.09,25.04,41.25,13.62,2.83,24.09,3.55,46.65,22.88,1.8,50.95,0.41,6.85,4.84,0.23,0.78,31.99
2023-11-05,5.34,8.01,3.52,0.2,5.62,26.56,18.74,0.73,31.28,28.72,0.51,33.98,36.79,5.36,3.01,15.19,33.46,37.41,2.78,2.79,28.5,64.58,5.65,1.27,20.13,25.12,41.07,13.68,2.82,24.08,3.54,46.71,22.85,1.78,50.94,0.37,6.85,4.83,0.23,0.8,32.09
2023-11-06,5.41,7.94,3.52,0.19,5.73,26.6,18.72,0.73,31.16,28.98,0.49,33.71,36.82,4.95,2.97,15.15,33.69,37.7,2.77,2.77,28.35,64.72,5.63,1.3,19.69,25.18,41.52,13.61,2.81,24.41,3.44,46.56,22.78,1.84,51.14,0.37,7.02,4.93,0.23,0.77,31.61
2023-11-07,5.47,8.17,3.64,0.2,5.73,26.72,17.92,0.78,31.37,28.08,0.5,34.58,36.84,5.4,3.04,15.13,34.2,36.65,2.78,2.8,29.35,63.77,5.54,1.34,19.83,24.94,41.57,13.66,2.77,24.24,3.46,46.43,23.1,1.83,50.86,0.34,7.03,4.43,0.23,0.79,32.34
2023-11-08,5.32,8.27,3.49,0.17,5.73,26.33,18.73,0.74,31.22,28.93,0.55,33.42,37.1,5.12,3.06,15.06,33.52,37.49,2.8,2.95,28.88,64.23,5.56,1.33,20.15,24.63,41.27,13.95,2.7,24.39,3.46,46.25,23.2,1.92,51.56,0.33,7.05,4.42,0.24,0.79,31.62
2023-11-09,5.4,8.24,3.38,0.2,5.89,26.33,18.94,0.76,30.86,28.9,0.53,33.3,37.27,4.76,3.2,15.21,33.38,37.61,2.91,2.93,28.74,64.38,5.55,1.33,19.69,24.95,41.33,14.03,2.72,24.77,3.37,46.16,22.98,1.89,52.13,0.34,7.12,4.35,0.24,0.87,31.12
2023-11-10,5.61,8.25,3.37,0.21,5.98,26.61,18.9,0.75,30.32,28.86,0.5,34.11,36.53,5.26,3.11,15.13,33.66,37.0,2.95,2.89,28.64,64.41,5.64,1.31,20.86,24.71,40.44,13.99,2.74,24.48,3.32,46.15,23.31,1.9,51.82,0.34,6.99,4.31,0.24,0.85,31.51
2023-11-11,5.55,8.3,3.3,0.21,5.94,27.07,18.77,0.74,30.12,28.94,0.49,34.02,36.55,5.13,3.03,15.0,34.44,36.56,2.95,2.89,28.37,64.56,5.76,1.31,20.13,25.69,40.14,14.04,2.75,24.35,3.38,45.82,23.7,1.87,52.39,0.34,6.84,3.77,0.25,0.89,31.53
2023-11-12,5.44,8.4,3.4,0.21,5.88,27.12,18.58,0.78,30.19,29.57,0.54,33.33,36.56,5.11,3.07,14.52,34.72,36.49,3.02,3.07,29.04,63.88,5.77,1.31,20.47,25.75,39.81,13.97,2.74,24.37,3.63,45.59,23.67,1.83,52.45,0.34,7.04,3.72,0.24,0.98,31.26
2023-11-13,5.68,8.16,3.31,0.19,5.88,27.1,18.28,0.82,30.58,28.88,0.55,33.32,37.25,5.15,3.15,14.33,35.19,36.19,3.01,2.98,29.31,63.71,5.68,1.3,20.1,25.66,40.4,13.84,3.05,23.72,3.64,45.82,23.77,1.81,52.54,0.36,6.96,3.73,0.25,1.0,31.18
2023-11-14,5.02,8.26,3.37,0.21,6.53,27.36,18.12,0.76,30.37,29.39,0.5,32.84,37.27,4.83,3.11,14.43,35.39,36.42,2.89,2.93,28.88,64.01,5.78,1.33,20.02,26.06,40.34,13.58,2.97,23.83,3.91,45.85,23.44,1.91,52.42,0.37,6.97,3.73,0.25,0.94,30.81
2023-11-15,4.97,8.33,3.25,0.19,6.52,27.1,18.04,0.77,30.83,29.21,0.42,32.53,37.84,4.97,2.87,14.47,35.31,36.43,2.99,2.96,28.48,64.31,5.86,1.35,20.34,25.81,40.48,13.37,2.95,24.27,3.94,45.52,23.32,1.83,52.0,0.35,6.9,4.16,0.26,0.97,30.92
2023-11-16,5.12,8.06,3.32,0.17,6.5,27.02,18.16,0.84,30.81,29.21,0.49,32.44,37.86,5.24,2.83,14.2,35.63,36.24,3.01,2.85,28.86,63.91,5.88,1.35,20.2,26.17,40.49,13.14,3.03,23.88,4.06,45.37,23.66,1.79,52.57,0.35,7.05,3.78,0.23,1.06,30.46
2023-11-17,5.02,8.11,3.24,0.25,6.41,27.18,17.93,0.82,31.04,29.26,0.42,32.63,37.69,5.25,2.83,14.07,35.68,36.33,3.04,2.8,28.76,64.13,5.8,1.31,20.17,26.04,40.6,13.19,3.05,24.0,3.99,45.32,23.64,1.73,52.61,0.34,7.02,3.82,0.23,1.0,30.58
2023-11-18,5.02,8.34,3.22,0.21,6.36,27.06,17.97,0.77,31.05,29.47,0.45,32.52,37.56,5.35,2.8,14.25,35.32,36.38,3.1,2.8,28.73,64.04,5.9,1.33,19.97,25.7,40.89,13.44,3.0,23.47,4.0,45.43,24.1,1.7,52.74,0.35,6.95,3.79,0.23,1.05,30.47
2023-11-19,5.04,8.19,3.07,0.21,6.37,27.4,18.08,0.72,30.92,29.41,0.4,32.26,37.93,5.37,2.73,13.98,35.12,36.71,3.24,2.85,28.88,63.93,5.87,1.32,19.67,25.79,41.09,13.45,3.02,23.63,4.12,45.05,24.18,1.66,52.95,0.36,6.76,3.68,0.24,1.02,30.73
2023-11-20,5.07,8.34,3.13,0.21,6.46,27.07,18.01,0.73,30.98,29.28,0.45,32.45,37.82,5.31,2.63,14.43,35.16,36.32,3.38,2.77,28.92,63.97,5.84,1.27,19.51,25.54,41.43,13.52,2.96,23.33,4.15,45.31,24.25,1.65,52.42,0.37,7.03,3.81,0.23,1.04,30.71
2023-11-21,5.06,8.27,3.12,0.21,6.44,27.09,18.12,0.73,30.96,29.26,0.44,32.43,37.87,5.37,2.64,14.44,35.18,36.25,3.37,2.75,29.0,63.91,5.81,1.28,19.52,25.54,41.47,13.47,2.94,23.28,4.16,45.39,24.23,1.65,52.36,0.37,7.04,3.8,0.23,1.07,30.72
2023-11-22,5.07,8.24,3.13,0.21,6.46,27.07,18.08,0.72,31.02,29.19,0.47,32.43,37.91,5.37,2.62,14.4,35.18,36.28,3.38,2.77,28.96,63.93,5.83,1.28,19.52,25.54,41.39,13.55,2.98,23.25,4.15,45.33,24.29,1.65,52.37,0.37,7.09,3.8,0.23,1.05,30.76
2023-11-23,5.08,8.26,3.12,0.21,6.44,27.15,18.09,0.72,30.93,29.35,0.45,32.41,37.79,5.32,2.63,14.4,35.15,36.36,3.39,2.75,28.91,63.99,5.83,1.27,19.5,25.53,41.42,13.55,2.99,23.33,4.15,45.26,24.27,1.66,52.41,0.37,7.03,3.83,0.23,1.07,30.67
2023-11-24,5.05,8.25,3.14,0.21,6.41,27.22,18.04,0.73,30.95,29.26,0.44,32.42,37.88,5.4,2.63,14.37,35.15,36.27,3.37,2.81,28.95,63.94,5.83,1.28,19.62,25.5,41.33,13.55,2.99,23.32,4.14,45.3,24.25,1.65,52.41,0.37,7.06,3.81,0.23,1.04,30.72
2023-11-25,5.07,8.28,3.12,0.21,6.44,27.1,18.14,0.72,30.92,29.18,0.49,32.48,37.85,5.34,2.65,14.44,35.22,36.22,3.38,2.75,29.01,63.86,5.85,1.28,19.41,25.59,41.51,13.49,2.99,23.28,4.16,45.31,24.26,1.65,52.43,0.37,6.97,3.8,0.23,1.06,30.77
2023-11-26,5.08,8.24,3.12,0.21,6.46,27.06,18.15,0.73,30.95,29.2,0.46,32.45,37.89,5.34,2.58,14.43,35.2,36.3,3.39,2.76,28.91,63.99,5.82,1.28,19.48,25.61,41.41,13.5,2.97,23.32,4.17,45.25,24.29,1.65,52.43,0.37,7.0,3.81,0.23,1.08,30.72
2023-11-27,5.07,8.25,3.12,0.21,6.44,27.2,18.05,0.72,30.94,29.28,0.44,32.47,37.81,5.39,2.59,14.46,35.15,36.26,3.39,2.76,28.95,63.94,5.83,1.28,19.52,25.54,41.43,13.51,2.97,23.35,4.18,45.26,24.24,1.65,52.38,0.37,7.05,3.82,0.23,1.06,30.71
2023-11-28,5.07,8.31,3.13,0.21,6.41,27.18,18.05,0.72,30.92,29.23,0.5,32.48,37.79,5.35,2.65,14.42,35.15,36.29,3.39,2.75,28.92,63.97,5.83,1.28,19.52,25.52,41.45,13.51,2.97,23.3,4.16,45.32,24.25,1.65,52.4,0.37,7.02,3.82,0.23,1.06,30.73
2023-11-29,5.07,8.29,3.12,0.21,6.47,27.09,18.07,0.73,30.95,29.23,0.49,32.48,37.8,5.37,2.65,14.43,35.16,36.24,3.39,2.76,28.98,63.91,5.83,1.28,19.46,25.56,41.47,13.51,3.03,23.22,4.15,45.33,24.27,1.66,52.38,0.37,7.09,3.81,0.23,1.05,30.72
2023-11-30,5.06,8.25,3.12,0.21,6.44,27.13,18.08,0.72,30.99,29.16,0.46,32.46,37.92,5.37,2.64,14.4,35.21,36.23,3.38,2.77,28.98,63.9,5.84,1.28,19.52,25.58,41.38,13.52,2.99,23.27,4.14,45.34,24.26,1.64,52.34,0.37,7.07,3.81,0.23,1.04,30.76
2023-12-01,5.08,8.28,2.81,0.21,6.53,27.39,18.05,0.72,30.93,29.19,0.46,32.27,38.08,5.53,2.67,14.34,35.26,36.21,3.26,2.73,28.84,64.09,5.8,1.27,19.79,25.38,41.25,13.58,2.94,23.18,4.32,45.34,24.22,1.65,52.52,0.37,6.95,3.75,0.23,1.08,30.81
2023-12-02,5.02,8.23,2.82,0.21,6.53,27.25,18.46,0.72,30.76,29.26,0.43,32.28,38.03,5.49,2.61,14.43,35.47,36.04,3.21,2.75,29.12,63.84,5.78,1.26,20.04,25.13,41.4,13.43,2.96,23.09,4.52,45.38,24.05,1.59,52.7,0.37,7.06,3.74,0.23,1.06,30.67
2023-12-03,5.03,8.25,2.81,0.22,6.5,27.18,18.49,0.73,30.79,29.15,0.43,32.38,38.04,5.55,2.56,14.37,35.52,36.03,3.21,2.76,29.11,63.81,5.78,1.3,20.17,25.17,41.25,13.41,2.91,23.12,4.54,45.34,24.09,1.56,52.61,0.37,7.04,3.83,0.23,1.07,30.66
2023-12-04,4.97,8.4,2.79,0.22,6.54,26.75,18.56,0.7,31.07,29.01,0.45,32.59,37.95,5.56,2.64,14.42,35.23,36.13,3.23,2.79,28.98,63.71,6.0,1.31,19.79,25.37,41.44,13.4,2.88,23.45,4.45,45.32,23.9,1.57,52.63,0.37,7.16,3.89,0.26,1.03,30.51
2023-12-05,4.94,8.46,2.76,0.22,6.57,26.79,18.3,0.74,31.22,29.33,0.47,32.56,37.64,5.5,2.64,14.56,34.85,36.31,3.32,2.82,28.86,63.89,5.92,1.33,19.79,25.66,41.24,13.31,2.88,23.69,4.39,45.15,23.89,1.54,52.63,0.37,7.06,3.83,0.26,1.03,30.67
2023-12-06,4.91,8.49,2.76,0.23,6.7,26.88,18.2,0.73,31.1,29.17,0.47,32.72,37.64,5.59,2.63,14.57,34.84,36.23,3.33,2.81,28.76,64.02,5.88,1.34,19.74,25.57,41.32,13.37,2.86,23.66,4.33,45.22,23.93,1.45,52.51,0.37,7.09,3.92,0.28,1.02,30.76
2023-12-07,4.93,8.7,2.78,0.24,6.69,26.75,18.39,0.7,30.82,29.29,0.49,32.82,37.4,5.62,2.66,14.7,34.67,36.26,3.32,2.77,28.94,63.72,6.03,1.31,19.49,25.63,41.37,13.51,2.88,23.38,4.34,45.43,23.97,1.47,52.47,0.37,7.03,3.94,0.28,1.03,30.87
2023-12-08,4.92,8.75,2.79,0.25,6.61,26.58,18.7,0.7,30.7,29.35,0.49,32.83,37.33,5.61,2.7,14.64,34.69,36.26,3.31,2.79,28.85,63.79,6.07,1.29,19.71,25.59,41.23,13.47,2.86,23.3,4.36,45.22,24.26,1.52,52.58,0.39,6.9,3.92,0.28,1.04,30.93
2023-12-09,4.97,8.7,2.81,0.26,6.64,26.9,18.57,0.71,30.44,29.45,0.51,32.75,37.29,5.61,2.59,14.77,34.61,36.39,3.29,2.74,28.86,63.96,5.85,1.33,19.77,25.68,41.16,13.39,2.88,23.26,4.33,45.32,24.21,1.51,52.71,0.39,6.9,3.82,0.33,1.06,30.75
2023-12-10,5.04,8.88,3.1,0.25,6.61,26.49,18.79,0.67,30.17,29.67,0.51,32.47,37.35,5.57,2.57,14.58,34.69,36.28,3.56,2.75,29.32,63.66,5.72,1.3,20.16,25.46,41.27,13.11,2.96,23.05,4.45,45.16,24.38,1.47,52.15,0.39,6.88,3.91,0.36,1.03,31.16
2023-12-11,5.37,8.73,2.73,0.25,6.58,26.92,18.0,0.68,30.74,29.99,0.58,32.09,37.34,5.73,2.64,15.22,34.01,36.18,3.21,3.01,29.44,63.49,5.81,1.26,20.15,25.13,41.21,13.51,2.95,22.22,4.52,44.96,25.35,1.7,51.03,0.34,7.47,3.81,0.47,1.24,31.26
2023-12-12,4.84,8.53,2.93,0.26,5.98,27.7,17.1,0.71,31.95,29.5,0.52,32.62,37.36,5.97,2.48,16.14,33.63,35.71,3.25,2.82,30.35,62.94,5.37,1.34,19.5,24.93,41.1,14.47,2.65,22.54,4.5,45.01,25.3,1.86,51.13,0.34,7.76,3.55,0.58,1.2,31.62
2023-12-13,4.84,8.59,2.94,0.26,6.01,27.71,17.07,0.71,31.87,29.41,0.51,32.7,37.38,6.01,2.49,16.11,33.52,35.79,3.27,2.81,30.48,62.82,5.37,1.33,19.56,24.83,41.16,14.45,2.6,22.4,4.5,45.21,25.29,1.89,51.07,0.33,7.68,3.65,0.58,1.19,31.65
2023-12-14,4.85,8.49,2.98,0.26,6.0,27.75,17.0,0.71,31.96,29.59,0.54,32.61,37.26,5.96,2.48,16.08,33.6,35.79,3.27,2.82,30.29,63.0,5.38,1.33,19.49,24.98,41.08,14.45,2.71,22.5,4.52,44.95,25.32,1.86,51.21,0.34,7.71,3.54,0.59,1.18,31.62
2023-12-15,4.87,8.4,2.95,0.26,5.99,27.72,17.04,0.71,32.06,29.54,0.52,32.65,37.29,5.98,2.47,16.09,33.64,35.72,3.26,2.84,30.38,62.87,5.4,1.35,19.52,24.99,41.05,14.44,2.7,22.5,4.54,44.94,25.32,1.9,51.16,0.34,7.72,3.57,0.58,1.19,31.57
2023-12-16,4.83,8.41,2.92,0.24,6.04,27.89,17.09,0.71,31.87,29.51,0.52,32.63,37.34,5.93,2.55,16.11,33.58,35.8,3.26,2.77,30.3,62.97,5.33,1.4,19.6,24.84,41.08,14.48,2.68,22.47,4.48,45.06,25.31,1.88,51.04,0.33,7.73,3.56,0.59,1.21,31.63
2023-12-17,4.84,8.46,2.98,0.23,6.03,27.9,17.01,0.71,31.84,29.66,0.52,32.65,37.17,5.84,2.53,16.11,33.5,35.96,3.27,2.79,30.36,62.85,5.38,1.41,19.58,24.88,40.98,14.56,2.72,22.44,4.48,45.05,25.31,1.89,51.19,0.34,7.59,3.58,0.59,1.21,31.59
2023-12-18,4.78,8.54,3.42,0.13,6.39,26.55,17.76,0.77,31.66,30.24,0.56,31.83,37.37,5.83,2.74,15.21,32.87,37.65,3.38,2.32,27.68,65.66,5.28,1.38,19.08,24.7,41.55,14.67,2.58,22.17,4.03,44.21,27.01,1.49,50.86,0.18,6.77,4.16,0.34,1.16,33.03
2023-12-19,5.1,7.93,3.08,0.15,5.77,25.74,18.2,0.91,33.12,30.8,0.54,32.46,36.2,6.29,2.39,15.64,32.35,37.42,3.67,2.24,27.22,65.79,5.58,1.41,18.83,26.06,41.92,13.19,2.91,21.23,3.96,43.69,28.21,1.36,49.5,0.24,7.55,4.77,0.28,1.36,32.81
2023-12-20,5.19,7.92,3.02,0.17,5.78,25.95,18.16,0.91,32.9,30.85,0.51,32.52,36.12,6.31,2.42,15.56,32.09,37.83,3.55,2.24,27.12,65.93,5.53,1.42,18.96,26.0,41.91,13.13,2.79,21.17,3.95,43.59,28.5,1.39,49.49,0.21,7.5,4.92,0.28,1.39,32.73
2023-12-21,5.15,7.83,2.95,0.17,5.74,26.29,18.19,0.91,32.77,30.69,0.53,32.5,36.28,6.28,2.38,15.63,31.79,38.12,3.52,2.28,27.14,65.96,5.49,1.41,19.2,25.93,41.7,13.17,2.85,20.97,3.89,43.87,28.42,1.36,49.49,0.21,7.51,4.92,0.29,1.38,32.8
2023-12-22,5.08,7.28,2.94,0.17,5.84,26.48,18.39,0.91,32.91,30.95,0.52,32.49,36.04,5.84,2.41,15.61,31.92,38.48,3.5,2.24,27.15,65.92,5.52,1.41,19.34,26.01,41.9,12.75,2.79,21.09,3.93,43.41,28.78,1.4,49.46,0.22,7.54,4.89,0.3,1.39,32.7
2023-12-23,5.0,7.62,2.94,0.22,5.75,26.47,18.18,0.95,32.87,30.58,0.51,32.41,36.5,6.12,2.38,15.6,31.8,38.38,3.45,2.27,26.89,66.27,5.42,1.42,19.44,25.53,41.93,13.1,2.8,20.83,4.02,43.95,28.4,1.37,49.0,0.22,7.67,4.74,0.3,1.39,33.14
2023-12-24,5.01,7.1,2.93,0.22,5.8,26.53,18.36,0.95,33.1,30.78,0.49,32.61,36.12,5.78,2.4,15.57,31.87,38.62,3.46,2.3,26.95,66.18,5.45,1.42,19.43,25.63,42.09,12.85,2.86,20.91,4.01,43.62,28.6,1.42,49.21,0.22,7.68,4.83,0.29,1.39,32.78
2023-12-25,5.02,7.61,2.9,0.22,5.76,26.43,18.16,0.95,32.95,30.59,0.49,32.46,36.46,6.08,2.39,15.53,31.85,38.32,3.56,2.27,26.84,66.39,5.34,1.43,19.46,25.53,41.94,13.07,2.79,20.9,4.0,43.91,28.4,1.36,49.07,0.22,7.71,4.72,0.29,1.4,33.13
2023-12-26,4.99,7.08,2.92,0.31,5.7,26.39,18.68,0.95,32.98,30.91,0.47,32.73,35.89,5.55,2.41,15.55,31.93,38.71,3.46,2.39,26.88,66.3,5.4,1.42,19.2,25.79,42.27,12.74,2.76,21.21,3.97,43.73,28.33,1.49,49.12,0.21,7.56,4.74,0.3,1.44,32.98
2023-12-27,4.9,7.19,3.02,0.34,5.66,26.22,18.55,0.93,33.19,30.78,0.47,32.73,36.02,5.71,2.41,15.57,31.75,38.76,3.52,2.28,26.73,66.51,5.33,1.43,19.47,25.77,42.09,12.67,2.73,21.35,3.8,43.7,28.42,1.49,49.28,0.22,7.52,4.77,0.27,1.43,32.98
2023-12-28,4.81,7.15,2.85,0.4,5.86,26.07,18.11,0.9,33.85,31.18,0.46,32.23,36.13,5.97,2.45,15.69,30.26,40.12,3.21,2.3,27.18,66.14,5.33,1.35,19.58,25.78,42.18,12.46,2.94,21.43,3.88,43.77,27.98,1.66,49.81,0.23,7.3,4.42,0.27,1.57,32.68
2023-12-29,4.88,7.74,2.61,0.47,6.4,26.31,17.11,0.92,33.56,30.56,0.61,31.2,37.63,5.65,2.01,15.9,31.02,39.34,3.83,2.25,28.36,66.08,4.3,1.26,19.85,25.71,42.23,12.21,3.18,21.21,4.06,44.98,26.57,1.64,50.48,0.19,6.67,4.19,0.23,1.25,33.25
2023-12-30,4.85,7.65,2.66,0.46,6.38,26.27,17.17,0.92,33.64,30.71,0.59,31.16,37.54,5.6,1.98,16.0,31.16,39.2,3.74,2.32,28.28,66.26,4.18,1.28,19.78,25.57,42.27,12.38,3.18,21.45,4.05,44.68,26.64,1.63,50.18,0.21,7.04,4.08,0.31,1.24,33.12
2023-12-31,4.84,7.74,2.63,0.46,6.4,26.26,17.23,0.93,33.51,30.59,0.6,31.2,37.61,5.62,1.98,16.0,31.19,39.11,3.77,2.33,28.43,66.12,4.18,1.27,19.89,25.73,42.28,12.1,3.2,21.27,4.08,44.7,26.75,1.65,50.4,0.21,6.66,4.12,0.3,1.23,33.18
2024-01-01,4.84,7.69,2.63,0.47,6.4,26.24,17.25,0.93,33.55,30.66,0.61,31.28,37.45,5.61,2.0,16.04,31.1,39.19,3.74,2.32,28.36,66.17,4.21,1.26,19.9,25.8,42.23,12.07,3.2,21.29,4.05,44.75,26.71,1.66,50.36,0.21,6.63,4.15,0.32,1.24,33.21
2024-01-02,5.16,8.59,3.13,0.39,6.48,26.73,17.06,0.88,31.58,30.27,0.59,32.21,36.93,5.24,2.02,16.61,32.52,36.94,3.81,2.86,28.57,65.36,4.65,1.42,20.95,25.76,40.63,12.66,3.62,22.8,4.05,44.78,24.75,1.37,49.2,0.2,7.34,4.36,0.47,1.21,33.72
2024-01-03,4.99,8.99,3.23,0.35,6.06,28.2,16.01,0.73,31.44,30.17,0.52,32.7,36.61,4.78,1.94,16.42,32.7,37.42,4.04,2.7,28.15,64.89,5.38,1.58,20.54,25.95,40.97,12.54,3.58,23.89,3.51,44.62,24.4,1.25,49.6,0.26,6.79,4.19,0.63,1.2,33.57
2024-01-04,4.69,8.71,3.21,0.3,6.01,28.81,16.29,0.7,31.28,29.79,0.45,33.11,36.65,5.06,1.96,16.27,32.74,37.46,3.87,2.64,28.65,64.05,5.7,1.6,19.87,25.83,41.53,12.77,3.34,23.81,3.65,44.95,24.25,1.3,49.37,0.25,7.08,4.34,0.49,1.1,33.55
2024-01-05,4.77,8.95,3.19,0.3,5.97,28.49,16.16,0.72,31.45,29.28,0.42,33.37,36.93,4.82,2.09,16.34,32.79,37.64,3.85,2.47,28.51,64.22,5.62,1.65,19.68,25.26,42.15,12.91,3.57,23.96,3.72,45.3,23.45,1.36,48.83,0.26,6.96,4.6,0.48,1.12,34.01
2024-01-06,4.75,9.0,3.21,0.3,5.95,28.53,16.04,0.71,31.51,29.24,0.45,33.34,36.97,4.76,2.1,16.46,32.72,37.86,3.82,2.28,28.43,64.27,5.65,1.65,19.83,25.2,42.09,12.88,3.51,23.67,3.71,45.75,23.36,1.33,48.97,0.26,6.98,4.68,0.48,1.12,33.83
2024-01-07,4.74,8.93,3.24,0.3,5.97,28.47,16.06,0.7,31.59,29.32,0.49,33.26,36.93,4.77,2.04,16.39,32.76,37.73,3.81,2.5,28.41,64.35,5.58,1.66,19.77,25.37,41.98,12.88,3.51,23.81,3.71,45.58,23.39,1.34,49.04,0.26,7.0,4.65,0.48,1.12,33.79
2024-01-08,4.75,8.97,3.19,0.3,5.99,28.63,16.1,0.71,31.36,29.35,0.49,33.46,36.7,4.72,2.09,16.36,32.67,38.09,3.78,2.29,28.26,64.34,5.7,1.7,19.89,25.11,42.12,12.88,3.56,23.54,3.71,45.61,23.58,1.31,48.87,0.26,6.92,4.97,0.48,1.12,33.73
2024-01-09,5.0,8.85,3.38,0.34,6.43,28.31,16.27,0.67,30.75,28.51,0.43,34.13,36.93,5.1,2.13,16.26,32.51,37.59,4.06,2.35,28.88,63.61,5.66,1.85,19.54,24.02,43.13,13.31,3.98,22.32,4.01,45.57,24.12,1.5,49.97,0.32,6.95,4.73,0.56,1.35,32.21
2024-01-10,4.46,7.86,3.28,0.37,6.26,29.28,16.36,0.6,31.53,27.46,0.45,33.56,38.53,5.79,2.35,15.82,32.19,37.65,4.03,2.17,29.27,63.01,5.81,1.91,17.84,24.07,44.16,13.93,4.1,21.05,4.47,46.48,23.9,1.29,50.15,0.42,7.47,4.74,0.49,1.5,31.21
2024-01-11,5.05,8.3,3.15,0.35,6.28,28.72,16.82,0.7,30.63,26.7,0.46,33.77,39.07,5.86,2.28,14.91,32.44,38.24,4.15,2.12,29.73,61.87,6.2,2.2,18.5,22.31,45.39,13.8,4.42,19.61,5.07,47.27,23.63,0.98,51.57,0.36,8.18,3.91,0.29,1.64,30.84
2024-01-12,5.17,8.69,3.28,0.36,5.33,30.68,15.79,0.62,30.08,27.78,0.44,32.47,39.31,5.82,2.09,14.35,31.68,39.78,4.29,1.99,29.24,62.21,6.48,2.07,19.34,22.52,43.86,14.28,3.91,19.86,5.89,47.39,22.95,0.96,52.38,0.37,8.18,4.07,0.27,1.4,30.09
2024-01-13,5.44,8.42,3.26,0.26,5.22,30.56,15.18,0.62,31.04,28.14,0.42,32.68,38.76,5.85,2.12,13.54,31.41,41.51,3.77,1.8,29.21,62.66,6.24,1.89,19.47,24.14,42.94,13.45,3.66,20.31,5.86,46.92,23.25,0.96,52.94,0.35,7.03,4.02,0.65,1.16,30.8
2024-01-14,5.45,8.51,3.19,0.26,5.24,30.51,15.17,0.62,31.05,28.05,0.45,32.66,38.84,5.84,2.13,13.51,31.46,41.52,3.77,1.77,29.15,62.72,6.24,1.89,19.47,24.13,42.96,13.44,3.68,20.26,5.85,46.94,23.27,0.97,52.96,0.35,7.01,4.02,0.65,1.16,30.79
2024-01-15,5.44,8.44,3.18,0.26,5.2,30.57,15.24,0.65,31.02,28.05,0.4,32.69,38.86,5.83,2.12,13.56,31.37,41.56,3.78,1.78,29.22,62.65,6.26,1.87,19.37,24.23,42.95,13.45,3.65,20.36,5.85,46.89,23.25,0.97,53.0,0.35,7.03,3.96,0.64,1.16,30.79
2024-01-16,5.41,8.46,3.14,0.25,5.2,30.46,15.4,0.63,31.05,28.21,0.38,32.64,38.77,5.96,2.12,13.54,31.37,41.39,3.8,1.82,29.15,62.68,6.27,1.9,19.43,24.08,42.8,13.69,3.68,20.22,5.89,46.92,23.29,0.96,52.94,0.35,7.0,3.97,0.65,1.16,30.83
2024-01-17,5.28,8.95,3.21,0.19,5.56,30.75,13.88,0.64,31.54,28.12,0.39,32.72,38.77,6.59,2.21,13.27,30.23,41.8,4.17,1.73,28.8,63.2,6.44,1.56,19.16,24.57,43.08,13.19,3.23,20.72,5.78,46.69,23.58,1.0,53.23,0.39,7.27,3.87,0.69,1.17,30.27
2024-01-18,5.56,9.31,3.11,0.21,5.83,31.5,13.34,0.64,30.5,27.41,0.33,34.79,37.47,6.59,2.46,13.42,31.1,40.24,4.08,2.11,29.31,62.92,6.22,1.55,19.42,24.46,43.42,12.7,3.4,21.11,5.83,47.15,22.51,1.17,51.83,0.46,6.78,3.94,0.86,1.21,31.41
2024-01-19,5.22,10.03,3.32,0.08,6.08,29.26,13.65,0.59,31.77,27.38,0.31,34.48,37.83,6.68,2.35,13.83,32.45,38.04,4.51,2.14,29.19,63.24,6.0,1.57,19.53,24.57,42.87,13.03,3.45,21.19,5.4,46.71,23.25,1.13,52.44,0.44,6.37,4.0,0.8,1.13,31.0
2024-01-20,5.45,9.98,3.42,0.12,7.16,30.14,12.99,0.62,30.12,27.0,0.39,34.46,38.15,5.88,2.53,14.62,33.11,36.6,4.86,2.4,28.72,63.68,6.0,1.6,20.49,23.6,42.54,13.37,3.48,20.51,4.93,46.62,24.46,1.01,52.56,0.53,6.62,3.83,0.54,1.08,30.99
2024-01-21,5.48,9.89,3.46,0.12,7.16,30.02,12.97,0.62,30.28,26.98,0.3,34.59,38.13,5.89,2.51,14.74,33.11,36.58,4.86,2.31,28.76,63.71,6.02,1.51,20.42,23.55,42.64,13.39,3.46,20.51,4.9,46.66,24.47,1.02,52.83,0.53,6.57,3.83,0.54,1.07,30.84
2024-01-22,4.96,10.13,3.72,0.1,7.22,30.97,12.7,0.55,29.65,26.57,0.39,34.54,38.5,6.38,2.57,15.1,33.56,35.76,4.45,2.18,28.44,63.73,6.27,1.56,20.35,22.7,43.13,13.82,3.42,21.69,4.23,47.16,23.5,1.04,52.52,0.58,7.23,3.89,0.5,1.49,29.98
2024-01-23,4.92,10.13,3.73,0.1,7.25,31.03,12.66,0.56,29.62,26.53,0.43,34.6,38.44,6.45,2.58,15.07,33.58,35.93,4.22,2.17,28.36,63.85,6.24,1.55,20.51,22.84,42.87,13.78,3.35,21.98,3.96,47.24,23.47,1.04,52.55,0.56,7.22,3.9,0.51,1.5,29.93
2024-01-24,5.17,10.51,3.61,0.13,7.01,30.88,13.26,0.57,28.86,24.92,0.45,36.68,37.95,6.21,2.59,14.44,34.32,36.4,3.74,2.3,30.41,61.65,6.34,1.6,19.78,21.89,44.8,13.53,3.63,20.74,4.12,48.31,23.2,1.31,50.97,0.54,7.33,4.95,0.32,1.85,30.36
2024-01-25,5.24,11.11,3.76,0.14,6.27,31.09,13.51,0.5,28.38,24.91,0.65,36.86,37.58,6.7,2.67,14.66,34.44,35.41,3.79,2.33,31.24,60.73,6.35,1.68,18.87,21.88,45.47,13.78,3.7,19.95,3.74,49.39,23.22,1.33,51.1,0.53,6.91,5.23,0.33,1.55,30.64
2024-01-26,5.25,11.07,3.8,0.14,6.28,31.16,13.59,0.49,28.22,24.96,0.66,36.82,37.56,6.74,2.66,14.62,34.45,35.43,3.77,2.33,31.09,60.85,6.36,1.7,18.85,21.99,45.46,13.7,3.67,19.99,3.68,49.45,23.21,1.32,51.11,0.53,6.88,5.27,0.33,1.55,30.67
2024-01-27,5.18,11.05,4.01,0.09,6.38,30.32,13.97,0.48,28.52,25.11,0.67,36.58,37.64,7.03,2.7,14.97,34.03,35.14,3.39,2.74,31.23,60.46,6.59,1.72,18.75,22.53,45.38,13.34,3.82,20.15,3.31,49.07,23.65,1.17,51.22,0.44,6.93,5.64,0.22,1.32,30.75
2024-01-28,5.21,11.58,3.94,0.05,6.03,30.03,13.57,0.47,29.12,25.04,0.8,36.56,37.6,7.37,2.74,14.87,34.06,34.8,3.32,2.84,31.46,59.83,6.76,1.95,18.84,22.07,45.66,13.43,3.93,20.21,3.22,49.01,23.63,1.09,51.15,0.44,6.77,5.57,0.26,1.37,30.97
2024-01-29,5.25,11.52,3.96,0.05,6.03,30.07,13.59,0.47,29.06,24.98,0.82,36.73,37.47,7.4,2.7,14.84,34.33,34.56,3.31,2.86,31.28,59.94,6.82,1.96,18.92,22.03,45.63,13.42,3.86,20.24,3.19,48.99,23.72,1.09,51.24,0.44,6.81,5.53,0.26,1.37,30.84
2024-01-30,4.71,11.33,3.94,0.07,6.25,29.44,14.38,0.36,29.52,24.86,0.82,36.76,37.56,7.41,2.92,14.61,33.93,35.05,3.41,2.67,31.53,59.64,6.8,2.03,20.04,21.65,44.64,13.67,3.63,19.88,3.58,48.35,24.56,1.21,51.08,0.41,6.95,5.61,0.29,1.09,30.68
2024-01-31,4.37,11.79,3.46,0.09,6.24,29.16,14.8,0.38,29.71,24.92,0.96,36.06,38.06,7.13,2.82,14.7,33.63,35.37,3.64,2.71,31.43,59.22,7.36,1.99,20.79,21.95,43.43,13.83,3.51,19.96,3.64,47.81,25.08,1.14,51.26,0.46,6.87,4.94,0.28,1.08,30.96
2024-02-01,4.0,11.7,3.71,0.12,6.0,28.27,15.0,0.47,30.73,24.4,1.0,35.31,39.29,6.32,2.96,15.33,32.72,35.65,3.94,3.08,31.82,59.03,7.25,1.9,21.92,21.48,42.88,13.72,3.13,19.97,3.74,48.67,24.49,1.31,50.77,0.38,7.08,4.5,0.32,0.93,31.55
2024-02-02,3.98,11.62,3.84,0.13,6.3,27.15,15.82,0.51,30.65,24.5,0.95,35.42,39.13,6.29,2.73,16.1,33.55,34.92,3.48,2.93,31.99,59.31,6.94,1.76,21.74,21.6,43.07,13.59,3.35,20.15,3.69,48.24,24.57,1.28,51.44,0.35,7.43,4.21,0.36,1.01,30.97
2024-02-03,3.92,11.24,3.91,0.09,6.35,26.62,15.64,0.57,31.66,26.0,0.71,35.08,38.21,5.83,2.72,15.57,32.78,36.66,3.85,2.59,30.62,61.35,6.18,1.85,22.57,21.81,42.81,12.81,3.42,21.26,3.39,47.81,24.12,1.32,50.87,0.41,7.72,4.51,0.47,1.05,30.61
2024-02-04,3.94,11.19,3.92,0.09,6.29,26.55,15.76,0.57,31.69,25.98,0.73,35.15,38.14,5.84,2.72,15.58,32.81,36.61,3.84,2.6,30.7,61.26,6.18,1.86,22.62,21.89,42.63,12.86,3.46,21.17,3.36,47.89,24.12,1.31,50.88,0.41,7.69,4.51,0.46,1.03,30.62
2024-02-05,3.9,11.24,3.87,0.09,6.35,26.53,15.79,0.59,31.64,25.95,0.74,35.1,38.21,5.84,2.8,15.58,32.88,36.49,3.85,2.56,30.79,61.1,6.25,1.86,22.62,21.8,42.78,12.8,3.47,21.27,3.41,47.83,24.02,1.31,50.84,0.41,7.81,4.5,0.47,1.05,30.55
2024-02-06,3.65,11.63,4.14,0.07,6.3,26.61,15.19,0.46,31.95,25.74,0.72,35.87,37.67,6.57,2.82,14.99,33.68,36.03,3.69,2.22,30.7,59.91,7.43,1.96,21.38,21.89,43.27,13.46,3.38,20.73,3.8,47.78,24.31,1.24,51.37,0.45,7.68,4.17,0.49,1.06,30.91
2024-02-07,4.2,11.32,3.95,0.04,6.37,26.29,15.54,0.54,31.75,26.22,0.62,34.88,38.28,6.59,2.81,14.17,33.85,36.53,4.02,2.03,30.62,59.95,7.64,1.79,21.53,22.12,42.61,13.74,3.15,21.01,3.98,48.16,23.7,1.26,51.36,0.48,7.71,4.05,0.38,1.1,31.14
2024-02-08,4.17,11.27,4.01,0.06,5.9,26.13,15.21,0.55,32.7,25.97,0.64,34.83,38.56,6.61,2.82,14.19,34.25,36.07,4.11,1.95,30.37,60.18,7.66,1.79,21.97,21.82,42.53,13.68,2.91,20.92,4.26,48.58,23.33,1.27,50.79,0.49,8.26,3.95,0.38,1.11,31.2
2024-02-09,4.02,11.37,4.06,0.04,5.9,26.19,14.58,0.55,33.29,25.68,0.6,34.91,38.81,6.66,2.77,14.0,34.57,36.05,4.02,1.93,30.2,60.22,7.87,1.71,22.46,21.42,42.23,13.89,2.91,20.78,4.28,48.39,23.64,1.14,50.57,0.48,8.31,3.92,0.4,1.01,31.55
2024-02-10,4.03,11.42,4.03,0.04,5.85,26.69,14.69,0.53,32.72,25.08,0.7,34.81,39.41,6.69,2.77,13.94,35.22,35.47,3.96,1.95,30.06,60.0,8.17,1.77,22.5,21.22,41.95,14.33,2.93,20.91,4.22,48.61,23.33,1.18,50.12,0.48,8.61,3.93,0.37,1.05,31.67
2024-02-11,4.0,11.34,3.99,0.04,5.85,26.73,14.63,0.53,32.89,25.41,0.7,34.67,39.22,6.65,2.76,13.92,35.04,35.77,3.92,1.94,29.93,60.2,8.1,1.77,22.37,21.14,42.16,14.33,2.94,20.82,4.19,48.38,23.67,1.17,50.3,0.48,8.49,3.92,0.37,1.05,31.59
2024-02-12,4.03,11.44,4.02,0.04,5.83,26.7,14.67,0.52,32.75,25.16,0.66,34.8,39.38,6.7,2.78,13.89,35.21,35.5,3.96,1.96,30.01,60.05,8.17,1.77,22.48,21.28,41.91,14.33,2.9,20.92,4.2,48.59,23.39,1.19,50.05,0.48,8.61,3.95,0.37,1.05,31.73
2024-02-13,4.02,11.38,4.03,0.04,5.84,26.75,14.69,0.53,32.72,25.18,0.7,34.78,39.34,6.68,2.77,13.94,35.24,35.46,3.94,1.97,30.04,60.02,8.17,1.77,22.48,21.2,41.96,14.36,2.95,20.97,4.2,48.62,23.26,1.17,50.07,0.48,8.62,3.92,0.37,1.05,31.71
2024-02-14,4.03,11.33,4.05,0.04,5.86,26.73,14.74,0.53,32.69,25.14,0.7,34.74,39.42,6.69,2.78,13.88,35.23,35.53,3.96,1.93,30.02,60.02,8.19,1.77,22.47,21.26,41.94,14.33,2.92,20.9,4.21,48.58,23.39,1.18,50.11,0.48,8.58,3.93,0.37,1.05,31.72
2024-02-15,4.0,11.66,4.0,0.04,5.86,26.95,15.15,0.52,31.82,25.8,0.68,34.42,39.1,6.5,2.63,14.68,35.55,35.08,3.73,1.83,30.07,59.36,8.72,1.85,22.32,21.33,42.16,14.19,3.35,20.36,4.87,47.54,23.88,1.15,50.62,0.52,8.73,3.75,0.35,1.08,31.36
2024-02-16,4.21,12.68,3.61,0.09,7.24,27.25,14.63,0.53,29.76,26.51,0.63,33.31,39.55,5.64,2.57,16.89,33.05,35.59,3.6,2.66,29.35,60.21,8.62,1.82,21.28,20.73,42.37,15.62,3.44,20.73,4.43,47.13,24.27,1.57,50.28,0.45,7.55,5.0,0.31,1.35,30.39
2024-02-17,3.62,11.9,3.66,0.12,6.84,27.91,15.38,0.56,30.01,26.3,0.89,33.94,38.87,5.75,2.79,16.06,34.05,35.55,3.65,2.15,28.72,62.34,7.27,1.67,21.97,22.19,41.08,14.76,3.84,21.28,4.58,46.37,23.93,1.31,50.57,0.51,8.06,4.8,0.31,1.32,29.91
2024-02-18,3.6,11.93,3.6,0.12,6.8,27.92,15.38,0.57,30.08,26.2,0.88,34.02,38.9,5.75,2.79,16.0,34.06,35.62,3.62,2.16,28.72,62.26,7.34,1.68,21.94,22.24,41.09,14.73,3.87,21.37,4.6,46.27,23.89,1.31,50.59,0.51,8.09,4.76,0.31,1.31,29.86
2024-02-19,3.42,12.19,3.73,0.1,6.69,28.5,14.93,0.52,29.92,26.51,0.82,33.28,39.39,6.51,2.78,15.3,33.47,36.64,3.42,1.88,29.38,61.82,7.13,1.67,21.78,22.61,40.76,14.85,4.18,21.32,4.22,47.08,23.2,1.47,51.18,0.59,8.0,4.59,0.35,1.23,29.67
2024-02-20,3.38,12.46,3.14,0.09,6.91,28.3,15.41,0.73,29.58,27.13,0.9,32.82,39.15,6.49,2.71,14.69,32.93,37.16,3.68,2.34,30.2,60.86,7.19,1.75,21.64,23.77,40.21,14.38,4.05,21.17,3.94,47.21,23.63,1.69,50.27,0.54,7.78,5.31,0.33,0.94,30.41
2024-02-21,3.46,11.7,3.38,0.08,7.7,28.45,15.47,0.67,29.09,26.45,0.91,32.77,39.87,7.02,2.78,14.22,33.74,36.12,3.72,2.4,30.28,60.86,7.23,1.63,21.32,24.21,39.85,14.62,3.86,20.71,3.7,47.47,24.26,1.85,50.59,0.43,7.63,5.02,0.37,1.1,30.52
2024-02-22,3.73,10.93,3.34,0.17,7.36,27.38,16.57,0.67,29.85,25.71,0.6,31.93,41.76,7.01,2.67,14.88,34.8,34.54,3.68,2.42,30.28,60.75,7.41,1.56,21.56,24.1,40.08,14.26,3.09,20.55,4.17,48.05,24.14,1.7,51.49,0.3,6.92,4.53,0.32,1.61,30.46
2024-02-23,3.92,10.38,3.76,0.15,7.4,27.45,16.2,0.4,30.34,24.29,0.61,32.28,42.82,6.71,2.52,16.3,35.32,33.62,3.43,2.1,28.66,61.97,7.72,1.65,21.97,23.3,40.55,14.18,3.43,20.16,4.09,47.64,24.68,1.85,50.57,0.32,6.52,4.31,0.35,1.34,31.58
2024-02-24,3.77,10.61,3.96,0.14,6.68,27.43,15.69,0.39,31.33,23.43,0.69,33.99,41.89,6.84,2.66,15.87,35.7,33.22,3.13,2.58,29.77,60.84,7.86,1.53,23.67,22.69,39.92,13.72,3.57,19.66,4.55,47.55,24.67,1.94,50.94,0.31,6.87,4.1,0.55,1.12,30.81
2024-02-25,3.72,10.48,3.94,0.14,6.66,27.42,15.91,0.39,31.34,23.37,0.68,34.12,41.83,6.75,2.67,15.93,35.71,33.24,3.13,2.57,29.88,60.73,7.87,1.52,23.61,22.66,40.05,13.68,3.58,19.65,4.55,47.63,24.59,1.94,50.79,0.31,6.84,4.27,0.54,1.13,30.85
2024-02-26,3.86,11.04,3.85,0.14,6.43,27.32,15.88,0.18,31.3,24.24,0.52,34.32,40.92,6.52,2.64,14.77,34.39,35.49,3.32,2.87,29.22,61.16,8.31,1.31,24.22,23.1,39.86,12.82,3.51,20.71,4.15,46.93,24.7,1.9,52.02,0.17,7.12,4.01,0.6,1.06,29.78
2024-02-27,4.44,10.78,3.65,0.1,7.13,26.48,15.26,0.23,31.93,25.97,0.79,33.04,40.2,5.53,2.93,14.02,35.84,35.47,3.63,2.58,29.23,62.38,7.18,1.21,22.94,23.36,40.68,13.02,3.25,21.75,4.17,46.98,23.85,1.71,52.07,0.14,6.78,4.67,0.36,1.1,30.41
2024-02-28,4.51,9.58,3.63,0.15,6.93,28.06,14.7,0.31,32.13,25.91,0.87,33.66,39.56,5.82,2.99,14.76,36.28,34.3,3.79,2.06,29.03,61.95,7.59,1.43,22.53,23.3,42.07,12.1,3.99,20.04,4.66,47.62,23.69,1.63,51.88,0.15,6.79,4.24,0.34,1.29,30.37
2024-02-29,4.61,9.06,3.55,0.12,7.22,29.41,14.06,0.27,31.7,26.24,0.45,32.96,40.35,6.21,2.63,14.96,36.04,34.75,3.53,1.88,29.37,61.41,7.78,1.44,22.4,23.26,41.61,12.73,4.1,20.4,4.54,47.84,23.12,1.51,51.5,0.16,7.3,4.65,0.33,1.16,30.25
2024-03-01,4.54,9.47,3.79,0.13,6.4,29.53,14.17,0.35,31.62,27.9,0.42,31.81,39.87,6.42,2.63,14.75,37.08,33.99,3.4,1.73,28.04,62.49,7.98,1.49,22.67,23.3,40.73,13.3,3.89,21.11,4.71,46.27,24.02,1.27,52.29,0.2,7.43,4.88,0.34,1.05,29.46
2024-03-02,4.55,9.78,3.7,0.09,6.36,29.36,14.18,0.34,31.64,27.58,0.34,32.29,39.79,5.82,2.56,15.68,36.55,34.42,3.22,1.75,29.33,60.91,8.26,1.5,23.03,22.07,42.08,12.82,3.26,20.43,3.68,48.22,24.41,1.04,52.09,0.29,7.09,4.4,0.34,0.96,30.18
2024-03-03,4.58,9.72,3.71,0.09,6.32,29.44,14.15,0.34,31.65,27.53,0.35,32.37,39.75,5.75,2.56,15.8,36.55,34.38,3.21,1.75,29.31,60.83,8.36,1.5,23.02,21.98,42.15,12.85,3.28,20.34,3.69,48.24,24.45,1.05,52.04,0.28,7.08,4.41,0.34,0.96,30.24
2024-03-04,4.63,10.55,3.9,0.09,6.95,28.51,14.17,0.37,30.83,27.09,0.3,32.63,39.98,5.99,2.76,16.42,36.21,33.5,3.58,1.54,30.55,60.2,7.77,1.48,22.0,22.43,43.32,12.25,3.08,19.81,4.08,47.35,25.68,1.08,52.92,0.29,6.66,4.4,0.25,0.84,30.57
2024-03-05,4.85,10.58,3.92,0.07,7.02,27.88,14.92,0.41,30.35,27.32,0.36,33.15,39.17,6.06,3.11,15.9,35.06,34.52,3.53,1.82,31.69,59.4,7.39,1.52,20.92,22.38,44.11,12.59,3.13,19.9,3.95,47.96,25.06,1.27,52.16,0.3,5.78,4.65,0.19,0.94,31.53
2024-03-06,4.76,10.5,3.78,0.16,7.29,27.69,15.1,0.36,30.36,27.43,0.4,33.2,38.97,5.96,2.91,16.21,34.64,34.78,3.68,1.82,31.86,59.58,7.15,1.41,20.73,22.22,43.94,13.11,3.03,20.22,4.06,47.8,24.89,1.3,52.39,0.3,5.59,4.9,0.2,0.9,31.51
2024-03-07,4.59,10.52,3.75,0.17,7.4,28.04,16.13,0.36,29.04,27.65,0.35,34.41,37.59,5.8,3.01,16.35,33.76,35.16,3.87,2.05,32.44,59.69,6.44,1.43,20.67,22.01,44.26,13.06,3.1,20.74,3.73,47.74,24.69,1.25,51.98,0.27,6.55,5.27,0.45,0.95,31.06
2024-03-08,4.69,10.58,3.84,0.18,7.19,27.81,16.07,0.38,29.26,28.07,0.33,34.36,37.24,5.8,2.93,15.81,33.84,35.62,3.98,2.02,32.46,59.57,6.56,1.41,21.12,21.68,43.96,13.24,3.11,20.6,3.67,47.58,25.04,1.4,51.51,0.27,6.79,5.18,0.44,0.88,31.38
2024-03-09,4.72,10.6,3.76,0.17,7.21,27.86,16.11,0.38,29.19,28.1,0.32,34.44,37.14,5.82,3.0,15.89,33.83,35.44,3.98,2.04,32.59,59.27,6.76,1.38,20.94,21.89,44.03,13.14,3.02,20.62,3.73,47.9,24.73,1.4,51.61,0.27,6.78,5.15,0.45,0.86,31.29
2024-03-10,4.72,10.53,3.79,0.18,7.13,27.96,16.11,0.38,29.2,28.02,0.34,34.49,37.15,5.82,2.99,15.92,33.84,35.43,3.96,2.04,32.66,59.25,6.7,1.39,21.03,21.7,44.1,13.17,3.08,20.54,3.73,47.87,24.78,1.41,51.59,0.27,6.78,5.18,0.45,0.86,31.31
2024-03-11,4.67,10.75,3.82,0.18,7.26,27.85,16.02,0.38,29.07,28.14,0.28,34.3,37.28,5.85,2.96,15.86,33.74,35.68,3.87,2.04,32.54,59.23,6.81,1.42,21.41,21.81,43.76,13.02,3.22,20.53,3.74,47.31,25.2,1.39,51.77,0.27,6.74,5.28,0.39,0.83,31.53
2024-03-12,4.81,10.27,3.89,0.18,6.97,27.61,15.99,0.38,29.9,28.05,0.25,34.58,37.12,5.89,2.91,15.39,33.81,35.92,4.13,1.95,32.98,58.68,6.95,1.39,21.23,22.09,43.55,13.13,3.16,20.59,3.89,47.42,24.94,1.4,51.85,0.27,6.5,5.32,0.41,0.94,31.08
2024-03-13,5.05,10.18,3.27,0.19,6.48,28.36,15.91,0.38,30.18,27.32,0.39,34.35,37.94,6.24,2.67,14.79,34.42,35.84,4.0,2.04,33.08,58.36,7.06,1.5,20.75,23.13,42.5,13.62,2.95,20.98,4.05,46.78,25.24,1.4,53.34,0.18,6.55,5.26,0.28,0.82,29.94
2024-03-14,5.21,10.29,3.31,0.17,6.43,27.65,16.24,0.32,30.38,27.22,0.34,34.6,37.84,6.62,2.91,15.28,34.17,35.27,3.65,2.1,32.67,58.93,6.85,1.55,20.75,23.7,41.65,13.9,2.55,21.01,3.92,47.95,24.57,1.7,53.62,0.16,6.8,4.87,0.25,0.79,29.88
2024-03-15,4.76,10.19,3.48,0.17,6.83,28.83,15.23,0.28,30.23,27.26,0.35,33.4,38.99,5.91,3.2,14.49,33.34,36.91,4.11,2.04,31.67,60.16,6.65,1.52,19.86,23.88,43.35,12.91,2.73,20.61,3.85,49.06,23.75,2.03,53.95,0.18,6.3,4.36,0.29,0.96,29.85
2024-03-16,4.57,10.87,3.6,0.17,7.3,29.49,14.27,0.26,29.47,26.74,0.37,33.45,39.44,6.77,3.1,14.37,33.99,35.59,3.62,2.56,30.93,60.64,6.82,1.61,20.18,23.16,44.65,12.01,2.66,20.36,4.42,48.47,24.09,1.63,53.26,0.18,6.44,4.33,0.31,0.92,30.22
2024-03-17,4.59,10.86,3.61,0.17,7.23,29.51,14.27,0.26,29.5,26.69,0.33,33.52,39.46,6.84,3.09,14.35,33.99,35.53,3.64,2.56,31.0,60.6,6.79,1.61,20.17,23.22,44.65,11.96,2.67,20.39,4.41,48.42,24.11,1.64,53.39,0.18,6.43,4.3,0.31,0.92,30.13
2024-03-18,4.73,11.54,3.75,0.06,7.37,29.12,13.51,0.32,29.6,26.28,0.27,34.12,39.33,6.63,2.85,14.8,34.85,34.16,4.27,2.44,30.92,60.77,6.69,1.62,20.31,23.35,43.14,13.2,2.57,20.57,4.35,47.3,25.21,1.41,51.66,0.22,6.66,4.53,0.23,1.01,31.13
2024-03-19,5.1,11.3,3.95,0.06,7.44,28.24,14.34,0.3,29.27,26.25,0.26,34.62,38.87,6.43,3.03,14.35,35.35,34.55,3.63,2.66,32.09,59.6,6.69,1.62,20.29,23.14,43.45,13.12,2.79,20.98,4.36,48.22,23.65,1.28,51.93,0.35,6.94,4.61,0.24,1.05,30.43
2024-03-20,5.08,11.36,3.9,0.06,7.39,28.33,14.28,0.29,29.31,26.27,0.27,34.65,38.81,6.42,3.04,14.36,35.3,34.58,3.63,2.67,32.06,59.59,6.72,1.63,20.2,23.24,43.5,13.06,2.79,21.01,4.36,48.19,23.65,1.26,51.91,0.35,6.98,4.6,0.24,1.05,30.4
2024-03-21,4.85,11.4,4.24,0.05,7.35,26.84,15.07,0.34,29.86,26.41,0.33,35.47,37.79,6.4,3.07,15.11,35.02,35.15,3.13,2.12,32.74,59.54,6.21,1.51,20.12,22.6,44.91,12.37,2.82,21.27,4.07,48.51,23.33,1.32,52.82,0.35,6.22,5.03,0.17,0.74,29.85
2024-03-22,4.96,11.78,4.54,0.05,6.67,26.37,14.59,0.24,30.8,27.14,0.34,34.99,37.53,6.24,2.82,15.22,33.94,36.79,3.27,1.72,31.32,61.28,5.97,1.43,19.7,23.11,44.77,12.42,3.36,21.76,4.39,48.15,22.34,1.08,52.62,0.3,6.16,4.44,0.17,0.84,31.44
2024-03-23,5.1,11.01,4.27,0.11,6.24,26.51,15.65,0.27,30.84,26.56,0.43,35.22,37.79,5.95,2.71,14.83,34.51,37.03,3.01,1.96,29.49,62.96,6.06,1.49,19.71,23.68,43.92,12.69,3.63,22.72,4.17,46.89,22.59,1.27,53.65,0.28,6.2,3.56,0.26,1.07,30.54
2024-03-24,5.08,11.07,4.25,0.11,6.25,26.53,15.67,0.27,30.77,26.6,0.46,35.06,37.88,5.96,2.71,14.75,34.62,36.98,3.02,1.96,29.52,63.04,5.96,1.48,19.57,23.73,43.88,12.82,3.63,22.79,4.14,46.77,22.67,1.27,53.57,0.28,6.21,3.61,0.27,1.07,30.56
2024-03-25,5.09,11.11,4.28,0.11,6.23,26.43,15.63,0.26,30.86,26.6,0.42,35.18,37.8,5.96,2.71,14.79,34.52,37.05,3.02,1.95,29.48,62.98,6.05,1.49,19.61,23.68,43.9,12.81,3.6,22.74,4.18,46.9,22.58,1.26,53.56,0.28,6.19,3.6,0.27,1.07,30.57
2024-03-26,5.09,11.05,4.26,0.11,6.24,26.54,15.68,0.26,30.77,26.61,0.46,35.17,37.76,5.97,2.7,14.81,34.57,37.02,2.98,1.95,29.49,62.96,6.07,1.48,19.65,23.67,43.9,12.78,3.63,22.77,4.16,46.89,22.55,1.27,53.71,0.28,6.18,3.56,0.27,1.07,30.5
2024-03-27,4.5,12.0,4.53,0.09,6.09,26.84,15.59,0.23,30.13,25.28,0.45,34.9,39.37,6.4,3.59,15.21,34.52,34.34,3.7,2.24,30.12,62.03,6.32,1.53,20.09,22.98,43.21,13.72,3.02,21.55,3.89,47.76,23.78,1.14,52.74,0.33,6.44,3.99,0.24,1.41,29.94
2024-03-28,4.45,10.81,4.86,0.06,5.58,27.99,15.67,0.26,30.32,25.37,0.53,34.49,39.61,6.8,3.38,14.76,34.71,34.49,3.81,2.05,29.62,62.45,6.42,1.51,20.32,22.29,43.27,14.12,2.92,21.89,3.6,47.14,24.45,1.05,51.54,0.5,7.29,4.64,0.28,1.51,29.7
2024-03-29,4.48,10.14,5.22,0.08,5.9,27.89,15.71,0.29,30.29,25.17,0.45,33.34,41.04,7.14,3.12,14.29,34.2,35.61,3.56,2.08,29.58,61.63,7.18,1.61,20.39,22.18,42.83,14.6,2.94,21.67,3.62,47.14,24.63,0.99,50.92,0.59,7.31,4.49,0.28,1.58,30.32
2024-03-30,4.28,10.34,5.31,0.08,5.69,27.05,15.14,0.28,31.83,25.47,0.64,33.56,40.33,7.16,3.26,14.5,34.65,34.85,3.58,2.0,29.85,61.56,6.87,1.72,20.31,22.33,43.07,14.29,2.78,21.22,3.97,46.78,25.25,1.32,50.3,0.72,7.42,5.17,0.22,1.71,29.67
2024-03-31,4.26,10.4,5.35,0.08,5.74,27.05,15.11,0.28,31.73,25.54,0.67,33.64,40.15,7.15,3.26,14.58,34.63,34.8,3.58,2.0,29.93,61.44,6.9,1.73,20.3,22.36,43.05,14.29,2.79,21.19,3.97,46.82,25.23,1.32,50.21,0.72,7.44,5.16,0.22,1.71,29.73
2024-04-01,4.24,10.26,5.12,0.08,5.99,27.68,13.66,0.23,32.74,25.75,0.65,34.56,39.04,7.43,3.09,15.32,34.44,34.96,3.05,1.71,30.7,61.54,6.29,1.47,19.84,23.33,42.82,14.01,2.76,20.73,4.48,46.84,25.19,1.51,50.57,0.43,7.05,4.86,0.31,1.85,29.76
2024-04-02,4.69,8.99,4.66,0.07,5.81,26.62,14.05,0.6,34.51,25.39,0.62,34.78,39.21,7.27,3.36,14.66,34.42,34.89,3.56,1.84,30.71,61.61,6.15,1.53,20.82,23.48,41.85,13.85,2.7,21.54,4.4,46.66,24.7,1.31,50.91,0.63,7.36,4.28,0.31,1.54,30.63
2024-04-03,4.89,8.86,4.36,0.05,5.88,26.16,14.54,0.61,34.65,26.67,0.68,34.49,38.16,7.04,3.19,14.77,34.93,34.31,3.73,2.03,30.48,61.65,6.26,1.61,20.96,23.38,41.44,14.22,2.68,22.27,5.03,46.55,23.47,1.36,50.72,0.66,7.43,3.89,0.36,1.51,30.5
2024-04-04,5.62,8.94,4.26,0.16,6.16,26.77,14.86,0.32,32.91,27.29,0.89,34.4,37.42,6.85,3.44,14.98,35.27,33.29,3.97,2.2,29.86,61.6,6.68,1.86,21.34,23.19,41.54,13.93,2.74,23.1,6.09,46.68,21.39,1.47,49.37,0.55,8.76,4.27,0.53,1.35,30.22
2024-04-05,5.61,8.63,4.76,0.15,5.71,26.98,14.54,0.3,33.32,27.47,0.89,33.55,38.09,7.31,3.79,14.89,34.43,33.7,3.06,2.82,30.27,61.1,6.54,2.09,22.95,21.52,41.73,13.8,2.91,22.64,5.84,45.93,22.68,1.16,49.14,0.48,9.15,4.31,0.4,1.59,30.54
2024-04-06,4.87,9.28,4.92,0.14,5.61,27.27,14.67,0.17,33.07,27.54,0.72,34.6,37.14,6.63,4.35,14.98,33.04,34.15,3.89,2.96,28.94,62.02,7.0,2.04,23.8,20.64,42.23,13.33,2.95,22.3,5.81,46.14,22.8,1.18,50.29,1.03,8.65,3.57,0.46,1.44,30.14
2024-04-07,4.87,9.23,4.94,0.14,5.65,27.27,14.66,0.17,33.07,27.73,0.75,34.49,37.03,6.64,4.36,14.85,33.07,34.21,3.9,2.97,28.95,62.14,7.03,1.88,23.79,20.76,42.1,13.35,3.01,22.29,5.9,46.06,22.74,1.17,50.17,1.03,8.65,3.64,0.47,1.47,30.16
2024-04-08,4.94,9.78,5.18,0.04,5.61,26.86,15.44,0.18,31.97,28.08,0.76,32.26,38.9,6.46,3.41,15.01,33.62,35.47,3.61,2.42,28.56,63.23,6.53,1.68,22.46,22.92,41.68,12.94,2.87,23.22,4.58,46.2,23.13,1.07,51.51,1.0,7.67,3.49,0.31,1.39,30.05
2024-04-09,4.6,10.44,5.12,0.04,5.44,26.27,16.35,0.18,31.56,28.11,0.67,32.15,39.07,6.03,3.34,16.06,33.85,33.97,4.41,2.34,29.05,62.56,6.68,1.71,21.92,23.29,41.9,12.89,2.9,22.46,4.53,45.64,24.47,1.22,52.22,0.59,7.99,3.46,0.31,1.33,29.35
2024-04-10,4.7,10.92,4.87,0.03,5.24,27.44,16.7,0.15,29.95,27.3,0.73,33.64,38.33,6.22,3.38,16.19,33.62,34.53,3.78,2.28,29.9,61.93,6.48,1.69,21.77,23.31,42.35,12.57,2.91,21.94,4.24,47.87,23.04,1.19,53.13,0.61,7.74,3.69,0.31,1.23,29.24
2024-04-11,4.68,11.0,4.92,0.03,5.23,27.34,16.7,0.15,29.95,27.4,0.74,33.55,38.31,6.19,3.36,16.17,33.6,34.57,3.83,2.28,29.83,61.93,6.54,1.7,21.8,23.45,42.23,12.52,3.01,21.99,4.23,47.78,22.99,1.19,53.11,0.61,7.73,3.72,0.3,1.2,29.27
2024-04-12,4.62,11.02,4.76,0.05,5.38,27.36,16.72,0.15,29.94,27.37,0.78,33.68,38.17,5.98,3.6,16.05,33.69,34.76,3.69,2.23,29.46,62.18,6.59,1.77,22.08,23.55,41.74,12.63,2.93,21.77,4.31,47.56,23.43,1.15,53.22,0.58,7.33,3.63,0.3,1.33,29.58
2024-04-13,4.6,10.98,5.05,0.04,5.45,26.65,16.66,0.21,30.36,26.8,0.73,34.36,38.11,6.02,3.22,15.86,33.69,35.36,3.66,2.19,29.72,61.91,6.67,1.7,22.28,23.5,41.17,13.05,3.09,22.18,4.44,47.21,23.08,1.14,53.28,0.55,7.09,3.77,0.3,1.3,29.48
2024-04-14,4.6,10.99,4.99,0.04,5.44,26.84,16.59,0.21,30.3,26.86,0.69,34.37,38.08,6.02,3.27,15.83,33.69,35.4,3.63,2.16,29.68,61.96,6.66,1.7,22.24,23.51,41.23,13.02,3.1,22.2,4.44,47.21,23.05,1.14,53.34,0.55,7.08,3.78,0.3,1.29,29.44
2024-04-15,4.96,10.83,5.12,0.02,5.23,26.49,16.98,0.25,30.12,26.78,0.69,34.23,38.3,6.15,3.35,15.58,33.85,35.43,3.59,2.05,29.84,61.59,6.89,1.68,23.05,23.06,40.97,12.92,3.14,22.57,4.6,47.1,22.59,1.21,53.37,0.51,6.86,3.92,0.29,1.41,29.15
2024-04-16,5.09,11.2,4.64,0.03,5.18,26.38,17.13,0.25,30.1,27.47,0.74,34.49,37.3,6.34,2.87,15.8,33.41,35.94,3.4,2.24,29.88,61.83,6.57,1.72,24.18,22.17,41.06,12.59,3.38,23.17,5.03,46.9,21.52,1.12,53.52,0.45,6.82,3.84,0.35,1.43,29.33
2024-04-17,5.3,10.5,4.94,0.03,5.01,25.62,16.73,0.25,31.62,27.28,0.76,33.45,38.51,5.9,3.26,14.74,33.06,36.71,3.41,2.92,30.13,61.45,6.41,2.01,25.48,21.61,40.32,12.59,3.39,23.86,5.82,44.68,22.25,1.11,52.79,0.51,7.32,3.87,0.25,1.29,29.58
2024-04-18,5.25,10.7,4.55,0.01,5.34,24.74,17.43,0.24,31.74,27.25,0.76,33.21,38.78,6.09,3.29,13.94,34.39,36.07,3.2,3.02,30.69,61.25,6.05,2.01,26.0,21.06,40.8,12.14,3.01,24.35,5.64,44.53,22.47,1.05,52.54,0.23,7.09,3.39,0.19,1.33,30.86
2024-04-19,5.08,10.99,4.21,0.02,5.2,25.03,17.17,0.26,32.04,28.11,0.8,33.17,37.92,6.32,2.84,14.49,33.97,36.14,3.31,2.93,30.71,61.86,5.55,1.88,24.1,21.8,41.9,12.2,3.23,24.27,5.48,44.83,22.19,1.01,53.52,0.22,6.13,3.83,0.28,1.32,30.78
2024-04-20,4.95,10.68,4.19,0.07,4.97,25.95,16.51,0.22,32.46,27.69,0.91,34.2,37.2,6.15,2.88,14.88,34.24,36.29,3.04,2.52,30.78,61.95,5.49,1.78,23.84,21.1,42.57,12.49,3.03,24.15,5.34,45.71,21.77,1.28,53.37,0.22,6.51,4.2,0.34,1.28,29.9
2024-04-21,4.93,10.72,4.19,0.07,4.99,25.85,16.54,0.22,32.49,27.71,0.92,34.12,37.25,6.13,2.87,14.92,34.28,36.24,3.03,2.53,30.75,61.96,5.5,1.79,23.78,21.08,42.63,12.51,3.0,24.16,5.36,45.7,21.78,1.25,53.34,0.22,6.5,4.2,0.34,1.27,29.91
2024-04-22,4.68,10.1,4.23,0.08,5.16,26.32,16.63,0.23,32.57,27.33,0.87,34.29,37.51,6.16,2.76,15.16,34.64,35.69,3.05,2.54,30.47,62.38,5.29,1.86,23.69,20.82,42.65,12.84,3.09,24.26,5.49,45.39,21.77,1.26,53.94,0.21,6.55,4.44,0.36,1.25,29.0
2024-04-23,4.51,9.75,4.07,0.09,5.15,25.76,17.49,0.23,32.95,28.32,0.84,32.88,37.96,6.3,2.77,14.73,33.79,36.91,3.03,2.47,29.98,63.06,5.19,1.77,23.82,21.7,41.25,13.23,3.13,25.13,5.51,44.59,21.64,1.32,54.18,0.22,7.12,4.47,0.39,1.03,28.27
2024-04-24,4.47,10.03,4.08,0.11,4.89,24.85,17.23,0.25,34.09,28.66,0.92,31.76,38.66,6.37,2.67,14.74,34.41,36.25,3.09,2.47,30.55,62.27,5.45,1.73,23.76,20.7,41.97,13.57,3.17,24.3,5.74,45.44,21.35,1.14,54.44,0.21,6.98,4.48,0.41,1.03,28.32
2024-04-25,4.39,9.87,4.56,0.09,5.21,25.39,17.26,0.24,32.99,28.86,0.9,31.35,38.89,6.41,2.7,14.53,33.96,36.38,3.36,2.66,30.1,62.65,5.56,1.69,23.06,21.56,41.31,14.07,2.96,24.72,5.6,44.74,21.98,0.89,54.36,0.25,7.02,4.55,0.42,1.16,28.5
2024-04-26,4.06,9.67,4.93,0.09,5.33,25.84,16.38,0.25,33.45,28.0,0.84,32.06,39.1,6.74,2.86,14.46,33.91,35.92,3.39,2.72,30.44,62.06,5.76,1.74,23.2,21.51,41.66,13.63,2.96,25.03,5.91,44.99,21.11,0.87,54.27,0.24,7.28,4.36,0.41,1.15,28.46
2024-04-27,3.86,9.87,5.21,0.14,5.45,26.2,16.02,0.27,32.98,27.92,0.87,32.35,38.86,7.1,2.91,13.86,34.11,35.99,3.36,2.67,30.4,61.87,5.97,1.76,23.35,21.52,41.91,13.22,2.88,25.5,5.84,45.25,20.53,0.92,52.83,0.2,7.37,4.48,0.42,1.15,29.46
2024-04-28,3.9,9.9,5.2,0.14,5.44,26.28,15.91,0.27,32.96,27.9,0.85,32.42,38.83,7.11,2.92,13.83,34.11,36.0,3.35,2.68,30.43,61.8,6.0,1.77,23.46,21.54,41.91,13.09,2.89,25.52,5.82,45.3,20.47,0.93,52.74,0.2,7.38,4.5,0.42,1.17,29.49
2024-04-29,3.86,10.24,4.84,0.12,5.34,26.03,16.46,0.28,32.83,27.95,0.81,32.33,38.91,7.25,3.03,13.37,34.36,35.95,3.43,2.61,30.7,61.42,6.1,1.78,23.29,22.13,41.23,13.35,2.95,25.8,5.66,45.41,20.18,0.96,51.29,0.22,7.68,5.1,0.41,1.2,29.56
2024-04-30,3.86,10.3,4.55,0.12,5.27,25.42,17.37,0.26,32.85,27.81,0.84,32.26,39.09,6.98,2.89,12.96,33.94,36.71,3.81,2.71,30.55,61.96,5.84,1.65,23.03,22.15,41.39,13.43,2.98,25.83,5.31,44.99,20.89,0.98,51.29,0.23,7.74,4.87,0.29,1.23,29.24
2024-05-01,3.94,10.59,4.6,0.13,5.4,24.54,17.8,0.29,32.71,27.78,0.89,32.56,38.77,6.88,2.84,13.23,33.87,36.92,3.64,2.62,30.51,61.82,6.18,1.49,23.03,22.15,41.47,13.35,2.92,25.86,5.33,44.93,20.96,1.03,51.72,0.27,7.59,4.67,0.24,1.24,28.98
2024-05-02,3.87,10.34,4.9,0.08,5.76,24.24,17.68,0.34,32.79,27.72,0.98,32.63,38.67,6.52,2.69,13.7,34.08,36.49,3.9,2.62,30.77,61.6,6.15,1.48,23.25,21.64,41.89,13.22,3.07,25.59,5.34,45.47,20.53,1.13,52.2,0.33,7.52,4.54,0.22,1.31,28.89
2024-05-03,3.95,10.08,4.79,0.09,5.96,24.29,17.72,0.36,32.76,27.91,1.03,32.64,38.42,6.39,2.64,14.12,34.36,36.13,3.84,2.52,30.72,61.9,5.96,1.42,22.9,22.25,41.69,13.16,2.9,25.35,5.64,45.64,20.47,1.06,52.99,0.31,7.6,4.3,0.25,1.39,28.67
2024-05-04,4.12,10.15,4.87,0.09,6.04,23.99,17.67,0.45,32.62,27.57,0.95,32.11,39.37,6.4,2.68,14.21,34.34,36.22,3.76,2.39,30.82,61.83,5.97,1.38,23.06,22.59,41.34,13.01,2.96,25.29,5.72,45.62,20.41,1.21,52.74,0.32,7.89,4.41,0.3,1.37,28.41
2024-05-05,4.11,10.29,4.87,0.09,6.0,23.94,17.78,0.45,32.47,27.55,0.95,32.1,39.4,6.36,2.67,14.17,34.44,36.18,3.78,2.4,30.93,61.73,5.96,1.38,23.15,22.53,41.29,13.03,3.0,25.36,5.71,45.56,20.37,1.22,53.11,0.32,7.87,4.42,0.3,1.36,28.03
2024-05-06,4.15,10.45,4.71,0.07,5.72,24.74,17.69,0.43,32.04,27.86,0.86,32.02,39.26,6.54,2.92,13.94,33.99,36.34,3.85,2.42,30.93,61.51,6.04,1.52,23.01,22.55,40.97,13.47,2.96,25.51,5.9,45.64,19.99,1.24,52.73,0.2,7.93,4.33,0.34,1.33,28.57
2024-05-07,4.22,10.72,4.9,0.08,5.94,24.76,17.23,0.52,31.63,27.58,0.81,31.93,39.68,6.46,2.96,13.27,34.43,36.8,3.69,2.39,30.28,62.32,5.86,1.54,23.41,22.15,41.2,13.24,3.14,25.03,5.76,45.76,20.31,1.35,52.98,0.17,7.54,4.39,0.37,1.14,28.51
2024-05-08,4.14,10.8,4.78,0.07,5.74,24.65,16.74,0.43,32.65,27.65,0.81,32.5,39.04,6.32,3.09,13.55,33.95,37.07,3.66,2.36,30.29,62.57,5.58,1.56,22.94,22.23,41.73,13.1,3.27,25.0,5.42,46.0,20.31,1.05,53.71,0.19,7.4,4.39,0.32,1.12,28.39
2024-05-09,4.08,10.79,4.78,0.07,5.72,24.75,16.78,0.43,32.6,27.6,0.78,32.5,39.12,6.31,3.09,13.64,33.94,37.0,3.66,2.36,30.34,62.48,5.62,1.56,22.81,22.19,41.89,13.11,3.31,24.88,5.46,46.19,20.16,0.96,53.54,0.18,7.42,4.41,0.32,1.23,28.52
2024-05-10,4.08,10.73,4.77,0.07,5.67,24.75,16.81,0.43,32.69,27.54,0.85,32.4,39.21,6.26,3.1,13.67,33.92,36.98,3.66,2.41,30.35,62.42,5.6,1.63,22.72,22.21,41.93,13.14,3.34,24.91,5.44,46.14,20.17,0.97,53.68,0.19,7.41,4.39,0.32,1.2,28.43
2024-05-11,4.12,10.73,4.79,0.07,5.65,24.64,16.86,0.43,32.71,27.6,0.77,32.45,39.18,6.24,3.1,13.69,33.99,36.94,3.63,2.41,30.38,62.41,5.59,1.62,22.67,22.23,41.99,13.11,3.41,24.79,5.43,46.18,20.19,0.96,53.67,0.19,7.34,4.45,0.32,1.2,28.45
2024-05-12,4.1,10.76,4.79,0.07,5.68,24.65,16.85,0.43,32.67,27.55,0.86,32.42,39.17,6.25,3.1,13.67,33.98,36.94,3.66,2.4,30.37,62.41,5.6,1.62,22.66,22.25,41.98,13.11,3.42,24.87,5.43,46.14,20.14,0.96,53.67,0.19,7.42,4.4,0.32,1.21,28.41
2024-05-13,4.12,10.75,4.81,0.07,5.66,24.69,16.86,0.43,32.61,27.63,0.83,32.47,39.07,6.25,3.1,13.7,33.92,36.97,3.64,2.42,30.33,62.45,5.61,1.61,22.69,22.28,41.89,13.14,3.4,24.88,5.43,46.08,20.21,0.97,53.65,0.19,7.44,4.39,0.32,1.21,28.43
2024-05-14,4.1,10.79,4.78,0.07,5.71,24.61,16.83,0.43,32.68,27.55,0.85,32.41,39.19,6.26,3.1,13.67,33.98,36.95,3.64,2.4,30.32,62.45,5.61,1.62,22.67,22.25,41.99,13.09,3.36,24.9,5.42,46.14,20.18,0.96,53.69,0.19,7.45,4.4,0.32,1.21,28.35
2024-05-15,4.12,10.79,4.79,0.07,5.64,24.64,16.89,0.43,32.63,27.52,0.9,32.44,39.14,6.25,3.11,13.69,33.97,36.92,3.66,2.4,30.4,62.4,5.59,1.61,22.67,22.19,42.04,13.1,3.38,24.83,5.44,46.2,20.15,0.97,53.66,0.19,7.42,4.41,0.32,1.21,28.41
2024-05-16,4.11,10.68,4.79,0.07,5.67,24.72,16.85,0.43,32.68,27.58,0.82,32.4,39.2,6.24,3.11,13.64,34.01,36.95,3.65,2.4,30.36,62.4,5.61,1.63,22.65,22.26,41.97,13.12,3.4,24.85,5.42,46.14,20.19,0.97,53.69,0.19,7.41,4.4,0.32,1.2,28.42
2024-05-17,4.1,10.8,4.8,0.07,5.69,24.63,16.88,0.43,32.6,27.56,0.81,32.47,39.16,6.25,3.1,13.67,34.02,36.93,3.66,2.37,30.39,62.4,5.59,1.62,22.71,22.21,41.95,13.13,3.36,24.88,5.44,46.15,20.17,0.97,53.6,0.19,7.44,4.39,0.32,1.21,28.5
2024-05-18,4.1,10.79,4.79,0.07,5.7,24.66,16.87,0.43,32.59,27.56,0.82,32.47,39.15,6.26,3.11,13.73,33.88,36.98,3.66,2.38,30.35,62.43,5.61,1.61,22.69,22.19,41.98,13.14,3.36,24.88,5.47,46.14,20.15,0.96,53.63,0.19,7.42,4.42,0.32,1.21,28.47
2024-05-19,4.12,10.73,4.8,0.07,5.68,24.64,16.88,0.43,32.65,27.58,0.86,32.46,39.1,6.25,3.1,13.68,33.9,36.99,3.67,2.41,30.29,62.49,5.6,1.62,22.72,22.26,41.87,13.15,3.39,24.86,5.46,46.07,20.22,0.97,53.63,0.19,7.4,4.4,0.32,1.21,28.47
2024-05-20,4.12,10.94,4.65,0.07,5.59,24.66,16.71,0.44,32.82,27.5,0.85,32.39,39.26,6.19,3.12,13.83,33.94,36.91,3.57,2.44,30.35,62.36,5.58,1.71,22.83,22.16,41.99,13.02,3.47,24.78,5.47,45.96,20.32,0.98,53.85,0.2,7.33,4.37,0.28,1.21,28.39
2024-05-21,4.47,10.64,4.58,0.05,5.25,24.95,16.61,0.44,33.01,27.67,0.59,32.99,38.75,6.02,3.14,14.08,33.69,37.1,3.53,2.44,30.13,62.56,5.51,1.8,23.27,22.04,41.62,13.07,3.45,24.82,5.55,45.76,20.42,1.01,53.5,0.22,7.29,4.33,0.31,1.21,28.79
2024-05-22,4.57,10.82,4.82,0.06,5.31,24.8,16.59,0.36,32.67,27.27,0.58,33.18,38.97,6.14,3.16,14.14,33.5,37.01,3.49,2.56,30.04,62.6,5.48,1.88,22.99,22.18,41.64,13.19,3.57,25.21,5.5,45.64,20.08,1.01,53.09,0.27,7.21,4.56,0.46,1.19,28.9
2024-05-23,4.48,11.13,4.84,0.07,5.42,24.32,16.86,0.31,32.57,26.7,0.64,33.48,39.18,6.13,3.11,14.33,33.19,37.1,3.37,2.77,30.0,62.33,5.6,2.07,23.27,22.14,41.4,13.19,3.92,25.02,5.45,45.94,19.67,1.14,52.03,0.27,6.99,4.78,0.55,1.02,29.55
2024-05-24,4.08,11.21,4.67,0.12,5.69,24.52,16.79,0.31,32.61,26.46,0.78,33.21,39.55,6.29,2.98,14.5,33.35,36.6,3.46,2.82,29.5,62.32,5.86,2.32,23.44,22.1,41.53,12.93,4.04,24.49,5.33,46.09,20.05,1.23,52.43,0.3,6.88,4.7,0.53,1.03,29.37
2024-05-25,3.92,11.19,4.64,0.14,5.56,24.74,16.84,0.34,32.63,26.56,0.84,33.15,39.45,6.32,2.84,15.19,33.33,36.27,3.43,2.62,29.46,62.48,5.81,2.25,23.62,21.62,41.7,13.06,4.03,24.22,5.4,46.23,20.12,1.19,52.1,0.28,6.93,4.83,0.45,1.15,29.49
2024-05-26,3.9,11.2,4.67,0.14,5.57,24.41,16.95,0.34,32.82,26.57,0.87,33.26,39.3,6.34,2.82,15.25,33.44,36.04,3.44,2.67,29.36,62.59,5.79,2.26,23.66,21.45,41.82,13.07,4.02,24.07,5.43,46.35,20.13,1.17,51.9,0.28,6.99,4.83,0.46,1.15,29.56
2024-05-27,3.91,11.26,4.67,0.14,5.55,24.89,17.08,0.36,32.14,26.39,0.78,33.46,39.37,6.5,3.01,15.1,33.76,35.57,3.49,2.57,29.65,62.39,5.59,2.37,24.19,21.17,41.69,12.95,3.98,23.76,5.63,46.51,20.12,1.27,51.69,0.29,7.19,4.84,0.42,1.16,29.42
2024-05-28,3.97,11.45,4.62,0.14,5.45,24.81,16.69,0.3,32.57,26.4,0.82,33.56,39.22,6.39,2.86,14.63,33.78,36.18,3.55,2.61,29.59,62.24,5.86,2.31,24.06,21.28,41.96,12.7,4.17,23.76,5.65,46.38,20.04,1.34,52.14,0.36,7.02,4.71,0.23,1.07,29.44
2024-05-29,3.99,11.1,4.89,0.15,5.62,24.09,17.01,0.25,32.9,26.86,0.91,32.77,39.46,6.29,2.82,14.11,33.76,36.8,3.66,2.56,29.31,62.87,5.5,2.32,24.23,21.81,41.57,12.39,3.94,24.51,5.27,46.23,20.05,1.42,52.4,0.28,7.07,4.96,0.33,1.17,28.77
2024-05-30,4.16,11.01,4.99,0.08,5.36,23.81,18.02,0.22,32.35,26.98,0.83,32.1,40.09,5.78,2.51,14.71,32.95,37.34,4.14,2.57,28.75,62.74,6.29,2.22,24.15,22.17,41.55,12.13,4.5,23.52,5.12,45.64,21.22,1.21,51.76,0.39,6.62,5.05,0.38,1.21,29.42
2024-05-31,4.54,10.29,5.24,0.11,5.66,24.58,17.29,0.25,32.04,27.86,0.72,32.52,38.9,5.98,2.56,14.42,32.24,37.56,4.36,2.88,29.32,61.07,7.37,2.24,24.08,21.63,41.9,12.39,4.38,23.45,5.98,44.8,21.39,1.43,51.66,0.82,6.85,4.76,0.37,1.1,29.37
2024-06-01,4.33,10.24,5.21,0.11,5.53,24.8,17.02,0.27,32.49,28.16,0.69,33.36,37.79,6.08,2.58,14.72,32.3,36.32,4.83,3.17,29.55,60.83,7.26,2.36,23.64,22.33,42.43,11.6,3.89,23.22,6.17,45.87,20.85,1.43,53.02,0.76,7.15,4.39,0.42,0.83,28.35
2024-06-02,4.3,10.3,5.21,0.11,5.51,25.1,16.85,0.27,32.35,28.2,0.7,33.31,37.79,6.09,2.58,14.73,32.33,36.42,4.74,3.11,29.51,60.89,7.27,2.33,23.61,22.2,42.52,11.67,3.85,23.39,6.1,45.81,20.85,1.43,53.19,0.74,7.1,4.38,0.42,0.86,28.25
2024-06-03,4.48,9.34,5.14,0.16,5.36,25.29,16.84,0.4,32.99,27.04,0.91,33.77,38.28,6.28,2.36,15.27,32.2,36.24,4.03,3.62,29.24,60.99,7.31,2.46,24.98,20.95,42.82,11.25,4.33,23.33,6.63,45.69,20.02,1.16,53.33,0.87,6.95,4.36,0.38,0.87,28.55
2024-06-04,4.64,9.66,4.67,0.09,5.52,25.76,15.81,0.32,33.53,25.33,1.07,33.85,39.75,5.73,3.02,16.67,33.02,34.7,3.44,3.42,30.02,60.1,7.23,2.65,26.07,19.43,42.7,11.8,4.79,22.52,4.77,48.07,19.85,0.94,54.18,0.41,7.26,4.17,0.32,1.01,28.01
2024-06-05,3.98,10.52,4.68,0.1,5.52,25.03,16.71,0.3,33.16,25.86,1.95,34.16,38.03,5.77,2.51,16.76,33.02,34.73,3.14,4.07,29.06,59.97,7.19,3.78,26.6,20.29,41.64,11.47,5.93,23.4,5.09,44.41,21.17,0.96,55.23,0.3,6.67,3.88,0.25,0.95,27.06
2024-06-06,3.7,11.69,4.47,0.07,5.47,25.66,16.48,0.26,32.2,26.26,2.0,33.11,38.63,5.72,2.54,16.35,32.57,35.17,3.64,4.01,29.03,59.96,6.89,4.12,27.29,19.86,40.74,12.11,6.44,24.33,4.71,43.47,21.05,0.89,54.79,0.37,6.51,3.98,0.37,1.06,27.87
2024-06-07,3.69,11.69,4.45,0.07,5.5,25.61,16.48,0.26,32.25,26.23,2.07,33.14,38.56,5.72,2.54,16.38,32.53,35.22,3.62,3.99,29.05,59.93,6.92,4.1,27.24,19.89,40.8,12.07,6.46,24.3,4.7,43.45,21.09,0.89,54.83,0.37,6.49,3.98,0.37,1.06,27.88
2024-06-08,3.72,11.68,4.39,0.07,5.48,25.67,16.48,0.26,32.25,26.22,2.09,33.1,38.59,5.73,2.54,16.27,32.55,35.28,3.63,4.0,29.09,59.9,6.91,4.1,27.27,19.92,40.75,12.06,6.39,24.31,4.68,43.46,21.16,0.9,54.81,0.37,6.47,3.97,0.37,1.06,27.86
2024-06-09,3.72,11.62,4.45,0.07,5.46,25.68,16.48,0.27,32.25,26.17,2.04,33.1,38.69,5.71,2.53,16.35,32.54,35.25,3.61,4.01,29.04,60.0,6.89,4.07,27.26,19.85,40.8,12.09,6.42,24.35,4.71,43.44,21.08,0.89,54.8,0.37,6.55,3.98,0.37,1.06,27.86
2024-06-10,2.94,11.52,4.31,0.1,5.44,24.76,15.81,0.55,34.57,25.86,2.19,30.91,41.04,6.34,2.42,14.91,33.66,34.68,3.58,4.41,26.96,62.09,6.51,4.44,26.75,20.71,40.32,12.22,6.71,23.91,4.88,42.63,21.87,0.92,52.78,0.33,7.04,4.59,0.28,0.96,29.05
2024-06-11,3.57,11.53,3.98,0.12,5.5,24.31,17.02,0.34,33.63,24.82,1.94,31.26,41.98,6.15,2.07,13.41,34.76,35.48,3.95,4.18,26.11,63.24,6.17,4.48,27.68,20.02,38.39,13.91,6.97,24.45,4.83,42.26,21.49,1.13,53.61,0.28,6.54,3.66,0.19,0.98,29.39
2024-06-12,3.43,11.5,4.29,0.07,6.03,23.56,18.36,0.43,32.33,25.26,1.97,30.32,42.45,6.29,2.17,13.43,34.24,36.14,3.27,4.46,27.18,61.68,6.63,4.51,27.27,20.58,39.12,13.03,6.83,24.24,4.83,41.89,22.21,1.33,52.6,0.23,6.54,3.75,0.21,0.6,30.25
2024-06-13,3.48,11.8,4.42,0.07,5.95,23.64,18.55,0.68,31.41,26.27,1.96,29.69,42.08,6.25,2.24,13.28,34.31,35.82,3.38,4.72,27.33,61.15,6.66,4.86,25.59,22.28,38.65,13.48,7.18,24.19,4.54,41.35,22.74,1.52,51.75,0.33,6.23,4.14,0.35,0.66,30.51
2024-06-14,3.51,11.96,4.68,0.07,6.13,23.14,18.43,0.74,31.34,26.29,1.94,29.82,41.95,6.32,2.31,13.34,34.72,35.32,3.23,4.76,27.65,60.87,6.68,4.8,25.56,22.45,38.44,13.55,7.15,24.17,4.61,41.88,22.19,1.6,51.68,0.3,6.49,4.19,0.37,0.62,30.15
2024-06-15,2.99,12.26,5.23,0.11,6.45,23.33,17.41,0.83,31.39,25.74,2.05,28.91,43.3,7.3,2.12,12.91,35.44,34.84,2.77,4.62,28.08,60.67,6.34,4.91,24.93,22.06,39.58,13.43,7.38,22.87,4.71,42.22,22.82,1.83,49.05,0.35,7.43,4.26,0.38,0.75,31.27
2024-06-16,2.99,12.22,5.21,0.11,6.46,23.39,17.33,0.82,31.47,25.76,2.0,28.9,43.34,7.3,2.11,12.87,35.41,34.85,2.79,4.67,28.18,60.61,6.33,4.88,24.83,22.05,39.65,13.47,7.37,22.89,4.72,42.16,22.86,1.83,49.18,0.35,7.46,4.26,0.38,0.75,31.11
2024-06-17,2.97,12.28,5.17,0.11,6.44,23.41,17.34,0.83,31.45,25.74,1.99,28.88,43.39,7.3,2.12,12.84,35.44,34.87,2.76,4.67,28.16,60.58,6.36,4.9,24.94,22.03,39.65,13.38,7.4,22.86,4.67,42.22,22.85,1.87,49.05,0.33,7.46,4.27,0.38,0.75,31.22
2024-06-18,3.7,11.88,4.37,0.11,6.14,23.54,18.34,0.84,31.08,24.49,1.88,30.23,43.4,7.65,1.81,14.09,34.09,35.31,3.02,4.03,26.89,62.33,6.12,4.66,24.69,22.27,38.72,14.32,7.27,23.27,4.92,42.2,22.34,1.39,50.12,0.3,7.14,4.86,0.21,0.76,30.97
2024-06-19,3.54,11.36,4.37,0.14,6.01,23.59,19.14,0.86,30.99,27.37,1.96,29.3,41.37,7.17,2.06,13.49,33.96,35.94,3.66,3.72,26.0,63.46,6.39,4.15,26.26,24.69,36.1,12.95,6.77,24.49,4.68,41.48,22.58,1.35,48.74,0.43,8.47,5.13,0.26,0.83,30.95
2024-06-20,3.45,11.32,4.51,0.08,5.94,23.23,19.88,0.82,30.77,27.33,1.83,29.46,41.38,6.98,1.9,13.41,33.92,36.35,3.67,3.77,25.9,62.63,7.35,4.12,26.45,25.35,35.52,12.68,6.73,24.19,4.66,41.78,22.64,1.24,48.67,0.34,8.49,5.11,0.44,0.88,30.84
2024-06-21,2.93,11.39,5.19,0.05,6.1,23.36,19.76,0.71,30.51,28.2,1.89,29.67,40.24,7.04,2.05,12.66,34.53,36.45,3.45,3.82,25.56,63.65,6.57,4.22,27.5,23.32,35.94,13.24,6.68,23.62,4.74,42.1,22.86,1.08,48.86,0.27,6.81,5.42,0.46,0.94,32.04
2024-06-22,3.36,12.91,4.92,0.1,6.01,24.17,17.53,0.69,30.31,25.69,3.42,29.76,41.13,6.9,1.9,12.85,34.53,34.76,3.54,5.52,25.21,62.68,6.36,5.75,27.66,22.65,36.55,13.14,8.0,21.45,4.93,42.12,23.5,1.06,47.31,0.35,6.88,5.14,0.46,0.95,32.05
2024-06-23,3.36,12.9,4.93,0.1,6.0,24.09,17.65,0.71,30.26,25.75,3.41,29.75,41.09,6.9,1.9,12.85,34.55,34.79,3.54,5.47,25.21,62.7,6.35,5.74,27.63,22.81,36.45,13.11,8.03,21.53,5.0,41.93,23.51,1.06,47.35,0.35,6.84,5.1,0.46,0.94,32.07
2024-06-24,3.17,12.86,5.07,0.12,6.07,23.89,17.94,0.65,30.23,25.31,3.41,29.7,41.58,6.8,2.09,12.89,34.67,34.62,3.59,5.34,25.54,62.03,6.64,5.79,27.79,22.21,36.75,13.25,8.1,22.19,4.49,42.32,22.9,1.06,47.79,0.38,6.7,5.0,0.45,1.01,31.49
2024-06-25,3.28,11.64,4.94,0.1,5.96,24.14,17.99,2.21,29.74,25.63,1.87,29.82,42.68,6.35,1.95,12.53,34.95,36.69,3.69,3.84,26.8,62.19,6.85,4.16,26.85,22.33,37.91,12.91,6.68,23.18,4.25,44.19,21.7,0.99,48.57,0.32,6.68,5.35,0.45,1.04,31.85
2024-06-26,3.72,11.23,4.81,0.09,5.99,24.61,18.58,1.23,29.74,25.52,1.94,29.98,42.56,6.3,2.61,12.33,35.51,35.71,3.73,3.81,25.97,63.16,6.74,4.13,26.48,22.92,36.63,13.97,6.71,23.71,5.05,43.12,21.41,0.87,49.72,0.32,6.52,5.33,0.49,1.0,30.98
2024-06-27,3.59,11.05,5.02,0.09,6.05,24.29,18.67,1.04,30.2,25.09,1.91,30.35,42.65,6.47,2.68,12.38,35.11,35.72,3.66,3.98,26.58,62.84,6.34,4.24,26.97,22.78,35.88,14.37,6.8,23.52,5.19,43.49,21.0,0.84,49.52,0.29,6.06,5.5,0.41,1.05,31.21
2024-06-28,3.44,10.97,4.91,0.09,5.99,24.03,18.65,1.02,30.9,25.1,1.93,30.43,42.54,6.31,2.6,12.53,35.73,35.52,3.34,3.97,26.85,62.51,6.23,4.41,27.12,22.71,36.32,13.85,6.65,22.87,4.76,43.89,21.83,0.88,49.39,0.28,6.0,5.52,0.27,0.98,31.12
2024-06-29,3.48,10.72,5.19,0.13,5.85,24.75,17.77,0.74,31.37,25.0,1.97,30.38,42.65,6.25,2.61,12.18,35.74,36.01,3.15,4.06,26.75,62.88,6.13,4.24,27.66,22.4,35.73,14.21,7.28,22.84,4.87,43.06,21.95,1.18,48.79,0.31,6.67,5.16,0.24,0.92,31.15
2024-06-30,3.5,10.72,5.19,0.13,5.84,24.62,17.94,0.74,31.32,25.08,1.91,30.38,42.63,6.23,2.61,12.25,35.79,35.95,3.14,4.03,26.89,62.74,6.11,4.26,27.63,22.42,35.73,14.22,7.28,22.67,4.94,43.01,22.1,1.18,48.64,0.31,6.68,5.21,0.24,0.92,31.22
2024-07-01,3.64,10.82,5.23,0.1,5.76,25.09,18.05,0.76,30.55,25.54,1.96,30.04,42.46,6.29,2.92,12.32,34.96,36.33,2.96,4.22,27.58,61.94,6.34,4.14,26.64,23.21,35.64,14.51,7.58,23.06,4.66,42.74,21.96,1.2,48.17,0.35,6.95,4.95,0.3,0.97,30.9
2024-07-02,3.23,11.28,5.81,0.11,5.46,24.78,18.53,0.72,30.08,25.31,1.91,31.39,41.39,6.48,3.07,12.41,34.64,36.19,3.04,4.17,27.65,61.92,6.38,4.05,26.56,23.52,35.42,14.5,7.3,22.67,5.29,42.81,21.93,1.1,47.73,0.38,7.25,5.2,0.25,0.9,31.17
2024-07-03,3.28,11.32,5.84,0.1,5.57,24.5,19.14,0.51,29.74,25.97,1.92,30.56,41.55,5.57,2.88,12.34,35.59,36.42,2.99,4.21,26.93,62.76,6.38,3.93,27.28,23.51,34.55,14.66,7.19,23.09,5.69,42.77,21.26,1.14,47.41,0.27,6.8,5.37,0.21,1.06,31.52
2024-07-04,3.37,11.1,5.48,0.15,5.8,23.99,18.92,0.5,30.69,26.04,1.85,30.34,41.77,5.5,2.97,12.48,35.46,36.31,3.11,4.17,27.42,62.77,6.09,3.72,27.06,24.09,34.25,14.6,7.07,23.88,5.63,42.37,21.05,1.28,47.56,0.3,7.05,5.31,0.17,1.08,31.16
2024-07-05,3.54,11.06,5.08,0.15,5.83,24.05,18.52,0.5,31.27,25.91,1.8,29.69,42.6,5.72,2.83,12.63,34.79,36.77,3.04,4.22,27.39,62.84,6.12,3.65,27.11,24.2,34.31,14.38,6.76,24.15,5.43,42.52,21.14,1.47,48.74,0.26,7.07,5.23,0.21,1.05,30.34
2024-07-06,3.68,11.71,5.16,0.08,5.32,23.97,18.76,0.52,30.8,25.36,1.65,30.08,42.91,6.53,3.05,12.53,33.83,36.92,3.25,3.89,26.59,63.43,6.14,3.84,26.4,24.46,34.55,14.59,6.75,23.99,5.24,42.68,21.34,1.33,48.59,0.26,6.75,5.15,0.22,1.0,30.73
2024-07-07,3.7,11.67,5.17,0.08,5.32,23.93,18.78,0.53,30.82,25.37,1.64,30.1,42.89,6.51,3.05,12.51,33.89,36.91,3.25,3.88,26.61,63.42,6.12,3.85,26.33,24.38,34.61,14.68,6.73,23.96,5.27,42.7,21.34,1.33,48.68,0.26,6.75,5.15,0.22,1.0,30.66
2024-07-08,3.52,11.93,4.9,0.09,5.31,24.04,18.82,0.58,30.81,25.96,1.71,29.61,42.72,6.63,2.75,12.26,33.81,37.11,3.3,4.14,26.1,63.67,6.28,3.95,27.59,24.85,33.45,14.11,6.22,24.31,4.87,43.33,21.27,1.08,49.25,0.26,6.59,5.36,0.19,0.96,30.36
2024-07-09,3.74,12.08,4.93,0.07,5.15,23.77,19.19,0.54,30.53,26.03,1.81,29.77,42.39,6.58,2.7,12.44,33.93,36.69,3.36,4.3,26.14,63.67,6.32,3.87,26.99,24.73,33.87,14.41,6.3,24.38,5.17,43.2,20.95,1.07,49.67,0.27,6.13,5.54,0.15,0.97,30.42
2024-07-10,3.84,11.84,4.83,0.07,5.2,24.17,18.69,0.48,30.88,26.42,1.88,29.47,42.23,6.52,2.81,12.17,33.89,36.76,3.51,4.34,26.15,63.52,6.49,3.84,27.24,25.24,33.26,14.26,6.23,24.95,5.07,42.6,21.15,1.03,49.55,0.14,6.17,5.58,0.14,1.03,30.58
2024-07-11,3.99,11.54,4.98,0.07,5.27,23.34,19.21,0.59,31.01,25.42,1.96,30.0,42.62,6.29,2.92,12.56,34.25,35.41,3.78,4.79,26.79,62.67,6.97,3.57,28.82,23.87,32.64,14.67,6.14,24.07,4.29,43.65,21.85,1.4,49.52,0.14,6.0,4.68,0.16,1.12,31.07
2024-07-12,4.2,11.58,4.85,0.07,5.18,23.58,19.16,0.6,30.78,25.85,1.96,30.25,41.94,6.46,2.9,12.86,33.81,34.94,4.25,4.78,26.16,62.98,7.42,3.44,28.82,23.75,33.01,14.42,6.04,25.07,4.3,43.06,21.53,1.59,49.23,0.15,6.24,4.8,0.21,0.95,30.94
2024-07-13,4.08,11.53,5.04,0.11,5.15,23.31,19.95,0.67,30.16,26.17,2.06,30.37,41.4,6.22,2.81,12.96,33.82,34.92,4.31,4.96,26.38,62.54,7.68,3.4,28.76,24.14,32.86,14.24,6.1,25.0,4.49,43.26,21.15,1.57,49.46,0.22,6.33,4.56,0.26,0.97,30.74
2024-07-14,4.05,11.44,5.03,0.11,5.15,23.41,19.98,0.67,30.16,26.11,2.04,30.36,41.49,6.17,2.78,12.95,33.94,34.83,4.31,5.02,26.24,62.74,7.62,3.4,28.66,24.21,32.9,14.23,6.16,24.99,4.45,43.22,21.18,1.58,49.46,0.22,6.37,4.53,0.26,0.99,30.73
2024-07-15,4.15,11.07,4.99,0.11,5.19,23.89,20.0,0.69,29.91,26.75,2.09,29.83,41.33,6.27,2.97,12.81,33.11,35.79,4.52,4.53,26.83,61.77,8.19,3.21,28.39,23.86,33.83,13.92,5.57,24.68,4.98,43.65,21.12,1.63,49.75,0.21,6.02,4.43,0.27,0.99,30.93
2024-07-16,4.07,11.7,5.12,0.11,5.41,23.31,19.14,0.61,30.53,26.74,2.1,29.86,41.3,6.1,3.12,12.51,32.87,36.06,4.6,4.74,26.93,61.44,8.45,3.18,27.86,24.23,33.73,14.18,5.41,25.09,5.12,43.16,21.22,1.49,50.29,0.28,5.89,4.4,0.3,0.92,30.49
2024-07-17,4.09,11.69,5.07,0.11,5.41,23.3,19.17,0.63,30.53,26.61,2.09,29.97,41.33,6.09,3.13,12.53,32.94,36.02,4.57,4.72,26.96,61.41,8.47,3.16,27.81,24.24,33.81,14.14,5.37,25.04,5.09,43.2,21.3,1.49,50.28,0.27,5.91,4.36,0.3,0.91,30.49
2024-07-18,3.75,11.32,5.38,0.1,5.51,23.31,19.14,0.79,30.7,27.19,2.01,29.43,41.37,6.01,3.12,12.52,33.61,35.95,4.28,4.51,26.96,61.66,8.44,2.94,27.31,24.61,33.83,14.25,5.0,24.61,5.22,43.52,21.65,1.47,51.39,0.4,5.61,4.03,0.23,1.06,29.94
2024-07-19,4.0,11.17,5.07,0.07,6.07,23.23,19.35,0.86,30.18,28.03,1.63,28.99,41.35,6.27,2.73,12.34,33.98,36.07,4.29,4.32,27.06,62.28,8.0,2.66,26.53,25.85,34.08,13.54,4.92,24.99,5.26,42.98,21.85,1.36,51.33,0.36,5.96,4.09,0.35,0.93,29.99
2024-07-20,3.56,10.19,5.01,0.05,6.02,23.33,21.01,0.94,29.89,26.81,1.62,30.23,41.34,6.12,3.24,12.91,34.64,35.2,3.33,4.56,28.04,62.5,7.0,2.46,26.35,25.87,34.51,13.27,4.76,25.4,4.81,43.46,21.57,1.52,50.79,0.46,6.16,3.64,0.39,1.32,30.23
2024-07-21,3.57,10.24,5.02,0.05,5.99,23.3,20.75,0.94,30.14,26.65,1.63,29.99,41.73,6.13,3.24,12.92,34.83,35.09,3.33,4.46,27.74,62.8,7.0,2.46,26.3,26.04,34.38,13.28,4.82,25.18,4.79,43.34,21.87,1.53,50.76,0.46,6.17,3.65,0.38,1.24,30.32
2024-07-22,3.73,9.97,5.85,0.06,5.97,24.02,20.71,0.83,28.86,25.61,1.58,30.1,42.71,6.08,2.92,13.06,33.55,36.63,3.3,4.46,27.92,62.78,6.91,2.39,26.76,26.37,33.96,12.91,4.97,24.67,5.2,43.12,22.04,1.39,50.61,0.43,6.52,3.89,0.4,1.35,30.16
2024-07-23,4.07,9.66,6.91,0.08,5.54,23.91,20.28,0.76,28.79,25.56,1.62,28.97,43.85,6.22,2.69,12.86,33.49,37.88,3.29,3.57,28.86,61.29,7.35,2.5,25.29,26.62,34.97,13.12,4.71,24.8,4.88,43.02,22.59,1.2,51.63,0.22,6.53,4.06,0.28,1.06,30.27
2024-07-24,4.0,9.67,5.7,0.11,5.31,24.22,20.18,0.83,29.98,26.64,1.59,28.08,43.69,6.37,2.54,13.21,33.65,37.28,3.27,3.68,27.41,62.49,7.56,2.54,25.32,26.34,34.3,14.04,4.67,24.48,4.92,43.34,22.59,1.19,52.88,0.23,6.53,4.57,0.28,1.06,28.79
2024-07-25,3.59,9.33,4.64,0.08,4.77,24.47,21.19,0.9,31.03,26.48,1.64,28.53,43.35,6.06,2.54,13.02,34.68,37.35,3.11,3.24,26.85,62.92,7.75,2.48,24.11,27.5,33.59,14.8,4.9,24.51,5.01,42.16,23.42,1.58,51.72,0.23,6.33,5.21,0.35,1.17,29.12
2024-07-26,3.68,9.48,4.16,0.08,4.84,24.15,20.61,0.97,32.03,26.77,1.56,27.72,43.95,5.69,2.17,13.34,35.24,37.05,3.31,3.2,25.72,64.6,7.2,2.48,23.97,27.97,33.01,15.05,5.33,24.51,5.14,41.96,23.06,1.51,51.67,0.34,6.74,5.12,0.32,1.15,29.16
2024-07-27,3.72,9.46,4.37,0.1,4.4,24.3,20.65,0.95,32.05,27.03,1.56,28.52,42.89,5.89,2.15,13.35,35.82,36.44,3.22,3.13,25.66,64.42,7.42,2.5,24.06,27.83,34.09,14.02,5.45,24.11,5.23,42.27,22.94,1.75,51.39,0.27,6.85,5.0,0.29,0.82,29.52
2024-07-28,3.7,9.51,4.37,0.1,4.39,24.32,20.65,0.94,32.02,27.06,1.58,28.48,42.88,5.89,2.15,13.37,35.84,36.39,3.22,3.14,25.68,64.41,7.41,2.5,24.13,27.74,34.15,13.98,5.51,24.01,5.21,42.35,22.92,1.76,51.49,0.27,6.8,5.01,0.29,0.8,29.48
2024-07-29,3.54,9.15,4.6,0.09,4.96,24.47,20.85,0.92,31.42,27.15,1.51,27.95,43.39,5.58,1.93,12.59,36.78,36.47,3.31,3.34,25.37,64.41,7.73,2.49,24.36,27.78,33.85,14.01,5.47,23.67,5.09,42.37,23.4,2.24,50.8,0.23,6.76,4.67,0.4,1.04,30.07
2024-07-30,3.82,9.07,4.64,0.13,5.09,25.56,19.57,0.82,31.3,27.48,1.46,26.4,44.66,5.62,2.07,12.72,35.76,36.71,3.3,3.82,25.53,64.3,7.71,2.46,25.29,26.85,33.89,13.97,5.26,23.6,5.77,42.21,23.16,1.98,51.5,0.23,7.48,4.4,0.41,1.05,29.25
2024-07-31,3.75,9.08,4.62,0.13,5.11,25.64,19.54,0.81,31.32,27.51,1.48,26.35,44.66,5.65,2.07,12.58,35.62,36.93,3.3,3.85,25.54,64.32,7.7,2.44,25.32,26.79,33.93,13.96,5.28,23.57,5.74,42.09,23.32,1.91,51.66,0.22,7.42,4.42,0.41,1.04,29.22
2024-08-01,3.79,9.04,4.67,0.15,5.22,25.51,19.57,0.82,31.23,27.49,1.42,26.18,44.91,5.63,2.1,12.56,35.45,37.14,3.29,3.83,25.58,64.27,7.76,2.39,25.25,26.8,33.92,14.03,5.3,23.5,5.66,42.14,23.4,1.94,51.62,0.22,7.48,4.48,0.39,1.04,29.07
2024-08-02,3.78,9.07,4.67,0.15,5.22,25.51,19.45,0.81,31.34,27.5,1.44,26.24,44.82,5.64,2.1,12.49,35.33,37.31,3.27,3.86,25.52,64.37,7.72,2.39,25.32,26.89,33.71,14.08,5.27,23.66,5.7,42.06,23.31,1.95,51.51,0.25,7.4,4.51,0.39,1.04,29.24
2024-08-03,3.86,9.2,4.8,0.13,5.26,25.35,19.2,0.81,31.39,27.71,1.43,26.45,44.41,5.71,2.14,12.42,35.11,37.52,3.24,3.86,25.52,64.36,7.63,2.49,25.62,26.83,33.59,13.96,5.29,23.37,6.0,41.99,23.35,1.81,51.3,0.28,7.41,4.54,0.43,0.92,29.47
2024-08-04,3.88,9.15,4.77,0.13,5.23,25.29,19.26,0.81,31.48,27.7,1.45,26.45,44.4,5.74,2.13,12.39,35.14,37.47,3.27,3.86,25.47,64.37,7.68,2.48,25.73,26.89,33.44,13.94,5.27,23.51,5.99,41.9,23.33,1.8,51.35,0.28,7.37,4.57,0.42,0.92,29.41
2024-08-05,3.92,9.08,4.85,0.09,5.27,25.38,18.87,0.78,31.76,28.17,1.39,26.09,44.35,5.82,2.24,12.3,34.82,37.84,3.1,3.88,25.66,64.13,7.7,2.51,26.37,26.53,33.99,13.11,5.42,24.26,5.94,41.78,22.6,1.59,52.09,0.19,7.28,4.65,0.38,0.9,28.93
2024-08-06,3.93,8.45,5.17,0.09,4.92,26.4,17.7,0.8,32.54,27.53,1.35,25.67,45.45,5.98,2.02,12.24,35.21,36.73,3.81,4.01,26.35,63.92,6.96,2.77,25.15,27.2,34.62,13.03,5.3,24.29,5.76,41.68,22.97,1.31,51.36,0.2,7.81,4.83,0.37,0.84,29.28
2024-08-07,4.18,8.39,4.78,0.08,5.25,26.26,17.81,0.75,32.5,27.08,1.32,25.68,45.92,6.03,2.07,12.09,35.27,36.52,3.96,4.06,26.61,63.47,7.21,2.71,24.8,27.3,34.96,12.94,5.35,25.26,5.83,41.29,22.27,1.33,51.46,0.3,7.86,4.53,0.24,0.83,29.56
2024-08-08,4.16,8.58,4.87,0.07,5.04,26.87,17.51,0.63,32.27,27.37,1.35,25.41,45.87,6.1,2.17,11.79,34.92,36.87,3.99,4.16,26.34,64.07,6.91,2.68,24.7,27.64,34.78,12.88,5.33,25.47,5.92,40.65,22.63,1.31,51.47,0.36,8.03,4.53,0.33,0.78,29.2
2024-08-09,3.97,8.97,4.67,0.1,5.13,27.64,17.16,0.62,31.74,26.67,1.3,25.78,46.25,6.44,2.57,12.54,34.31,36.07,3.87,4.2,27.01,63.13,7.15,2.71,24.13,27.78,34.83,13.26,5.11,25.07,5.81,41.13,22.88,1.37,50.87,0.46,8.12,4.65,0.3,0.74,29.4
2024-08-10,3.93,9.53,4.95,0.1,5.07,27.25,17.06,0.61,31.5,26.97,1.35,26.64,45.04,6.5,2.67,13.1,34.06,36.31,3.52,3.84,27.01,62.39,7.91,2.69,23.65,28.66,34.86,12.83,5.25,24.65,5.92,41.21,22.97,1.2,51.01,0.5,7.88,4.71,0.3,0.77,29.17
2024-08-11,3.96,9.45,4.91,0.1,5.1,27.28,17.1,0.61,31.49,27.0,1.38,26.59,45.03,6.5,2.68,13.1,34.03,36.35,3.52,3.82,27.03,62.37,7.91,2.69,23.67,28.65,34.82,12.86,5.25,24.66,5.92,41.18,22.99,1.18,51.0,0.5,7.86,4.72,0.29,0.77,29.14
2024-08-12,4.18,9.43,5.25,0.04,5.75,27.45,17.63,0.6,29.67,28.08,1.37,25.48,45.07,6.75,2.61,12.78,33.17,37.6,3.65,3.44,26.15,63.43,8.12,2.3,24.35,28.69,34.15,12.81,4.83,25.88,6.04,40.96,22.29,1.3,50.09,0.63,7.29,4.69,0.24,1.04,29.37
2024-08-13,4.18,9.64,5.19,0.02,5.52,27.64,17.26,0.67,29.88,27.46,1.34,26.47,44.73,6.71,2.77,12.61,33.28,37.68,3.52,3.43,26.22,63.57,7.79,2.42,25.7,27.38,34.08,12.84,4.62,25.57,5.79,41.77,22.25,1.28,50.84,0.67,7.42,4.41,0.24,1.09,28.91
2024-08-14,4.19,9.18,4.81,0.04,6.02,27.71,17.53,0.68,29.84,28.25,1.37,26.66,43.72,6.57,2.78,12.74,32.34,38.05,4.04,3.48,26.25,63.83,7.51,2.41,25.44,26.66,34.69,13.21,4.46,25.11,5.46,42.28,22.69,1.29,51.2,0.7,7.22,4.41,0.35,1.06,28.43
2024-08-15,4.22,9.16,4.86,0.04,6.09,27.76,17.44,0.69,29.74,28.15,1.38,26.75,43.72,6.57,2.76,12.82,32.41,37.93,4.03,3.48,26.35,63.73,7.52,2.4,25.33,26.65,34.79,13.23,4.42,25.21,5.44,42.34,22.59,1.31,51.02,0.7,7.33,4.44,0.34,1.1,28.53
2024-08-16,4.04,8.27,4.35,0.06,7.22,28.0,18.25,0.74,29.07,26.61,1.44,28.32,43.63,6.27,2.53,12.74,33.64,37.17,4.05,3.6,26.52,64.17,6.69,2.62,24.27,27.1,35.4,13.23,4.24,25.94,5.1,42.29,22.43,1.46,51.44,0.5,7.02,5.17,0.38,0.95,28.23
2024-08-17,3.78,9.36,4.48,0.07,7.0,28.87,17.74,0.62,28.08,25.75,1.47,29.51,43.27,6.46,2.6,13.47,33.29,36.76,3.76,3.66,27.35,63.88,6.29,2.48,23.31,26.31,37.79,12.59,3.96,24.76,4.93,44.34,22.01,1.33,52.95,0.42,6.61,5.08,0.4,0.88,27.94
2024-08-18,3.73,9.38,4.5,0.07,7.06,28.71,17.72,0.62,28.21,25.75,1.41,29.61,43.23,6.46,2.56,13.47,33.33,36.77,3.74,3.67,27.31,63.97,6.24,2.48,23.31,26.31,37.76,12.62,3.92,24.8,4.92,44.38,21.98,1.33,53.0,0.42,6.64,5.02,0.4,0.88,27.94
2024-08-19,3.75,9.3,4.45,0.07,7.08,28.86,17.72,0.61,28.16,25.77,1.45,29.59,43.19,6.44,2.6,13.48,33.29,36.76,3.74,3.69,27.3,63.95,6.27,2.48,23.21,26.35,37.91,12.53,3.98,24.77,4.89,44.45,21.91,1.32,53.06,0.41,6.62,5.05,0.4,0.88,27.85
2024-08-20,4.21,8.89,4.15,0.07,7.13,29.51,18.02,0.47,27.55,26.07,1.42,29.49,43.02,6.14,2.48,13.08,33.44,37.6,3.64,3.62,27.97,63.52,6.12,2.39,22.64,26.95,38.0,12.41,4.08,25.82,4.8,43.57,21.73,1.43,52.96,0.39,6.41,5.23,0.39,0.79,28.43
2024-08-21,4.01,9.84,4.1,0.05,6.19,31.58,16.77,0.44,27.02,26.75,1.46,29.36,42.43,6.29,2.19,13.35,32.94,38.87,2.83,3.53,28.75,62.44,6.26,2.55,22.82,27.42,36.67,13.09,4.22,27.65,4.7,42.73,20.7,1.11,53.22,0.45,6.7,4.52,0.4,0.76,28.57
2024-08-22,3.83,10.27,3.84,0.03,5.66,32.45,15.74,0.3,27.88,27.81,1.51,29.28,41.4,5.96,1.95,13.53,32.78,39.1,3.11,3.57,28.05,62.99,6.27,2.69,23.45,27.01,36.52,13.02,4.26,27.43,4.71,41.86,21.74,1.29,53.11,0.44,6.95,4.6,0.27,1.01,28.12
2024-08-23,4.07,10.58,3.95,0.03,5.3,32.42,15.44,0.52,27.69,29.01,1.51,29.61,39.87,6.65,1.95,12.82,33.01,38.63,3.29,3.65,27.0,63.74,6.36,2.9,24.2,27.29,35.06,13.45,4.31,26.85,4.79,42.14,21.91,1.24,51.93,0.36,7.54,4.16,0.31,1.14,29.06
2024-08-24,4.27,10.48,3.98,0.02,5.48,32.67,16.02,0.54,26.54,28.39,1.64,29.58,40.39,6.77,2.1,12.76,33.02,38.11,3.5,3.74,27.24,63.51,6.46,2.79,24.59,27.36,34.66,13.39,4.37,26.48,5.07,42.15,21.93,1.32,51.75,0.58,7.05,4.46,0.23,0.98,29.3
2024-08-25,4.29,10.47,4.01,0.02,5.51,32.65,16.0,0.54,26.51,28.46,1.59,29.55,40.4,6.79,2.08,12.8,33.01,38.07,3.5,3.75,27.26,63.5,6.46,2.78,24.54,27.36,34.69,13.41,4.39,26.49,5.08,42.09,21.95,1.33,51.76,0.59,7.02,4.47,0.23,1.03,29.3
2024-08-26,4.3,10.45,3.97,0.02,5.47,32.66,16.0,0.56,26.57,28.53,1.62,29.67,40.18,6.75,2.08,12.89,33.07,37.95,3.52,3.74,27.25,63.54,6.43,2.78,24.64,27.45,34.59,13.32,4.39,26.4,5.07,42.23,21.91,1.32,51.87,0.58,6.98,4.44,0.23,0.97,29.26
2024-08-27,4.29,10.08,3.89,0.03,5.63,33.1,16.24,0.57,26.17,28.16,1.54,29.94,40.36,6.58,2.47,12.79,32.52,38.17,3.74,3.73,27.39,63.4,6.51,2.7,24.7,27.76,34.27,13.27,4.49,26.22,5.37,42.58,21.34,1.42,51.37,0.57,7.12,4.56,0.18,1.21,29.16
2024-08-28,4.35,9.4,3.7,0.05,5.51,33.94,15.78,0.55,26.72,26.68,1.55,30.03,41.74,6.2,2.48,12.97,32.88,38.0,3.65,3.82,28.32,62.36,6.68,2.64,24.85,27.79,33.94,13.42,4.82,25.77,5.26,42.66,21.49,1.39,52.74,0.56,6.85,4.06,0.15,1.11,28.18
2024-08-29,4.41,8.96,3.41,0.05,5.82,34.2,15.6,0.61,26.94,26.83,1.6,29.08,42.49,6.2,2.69,13.47,32.64,37.59,3.47,3.94,28.36,62.78,6.29,2.57,25.19,26.84,34.13,13.84,5.01,26.33,5.27,41.89,21.5,1.53,53.8,0.48,6.78,4.48,0.14,1.0,26.89
2024-08-30,4.8,9.23,3.58,0.06,5.62,34.2,15.41,0.33,26.77,26.1,1.54,29.24,43.12,6.59,2.65,13.43,33.16,37.16,3.15,3.86,28.2,62.55,6.77,2.48,25.52,26.28,34.13,14.07,4.81,26.62,5.19,41.98,21.4,1.68,54.41,0.5,6.51,4.26,0.23,0.84,26.44
2024-08-31,4.71,9.12,3.8,0.06,5.92,33.7,15.63,0.35,26.71,26.36,1.52,29.22,42.9,6.57,2.6,13.4,33.32,36.85,3.25,4.01,28.24,62.53,6.71,2.52,25.72,25.93,34.27,14.08,4.65,26.82,5.23,41.96,21.34,1.78,54.56,0.56,6.49,4.2,0.26,0.75,26.41
2024-09-01,4.72,9.13,3.81,0.06,5.91,33.64,15.65,0.35,26.73,26.44,1.54,29.13,42.89,6.59,2.59,13.39,33.32,36.86,3.24,4.01,28.27,62.48,6.73,2.52,25.63,25.99,34.26,14.12,4.67,26.85,5.19,41.87,21.42,1.77,54.59,0.56,6.5,4.25,0.26,0.74,26.34
2024-09-02,4.21,9.09,3.86,0.04,5.75,33.45,16.31,0.42,26.87,26.13,1.51,28.85,43.51,6.13,2.54,13.0,33.53,37.3,3.34,4.16,28.13,62.16,7.14,2.57,25.25,26.1,34.39,14.26,5.21,27.22,5.24,40.8,21.53,1.73,53.9,0.57,6.45,4.33,0.29,0.73,27.17
2024-09-03,4.2,9.13,4.01,0.02,5.96,32.31,16.24,0.44,27.69,25.64,1.48,28.63,44.25,6.02,2.09,13.23,33.42,37.98,3.2,4.06,27.09,63.43,6.78,2.7,25.28,25.55,34.96,14.21,5.13,26.18,5.25,41.33,22.11,1.5,54.0,0.28,6.76,4.11,0.22,0.8,27.31
2024-09-04,4.27,9.02,3.85,0.02,6.31,32.05,16.52,0.47,27.49,26.17,1.45,28.96,43.42,5.76,2.14,13.13,33.78,38.52,2.84,3.83,27.7,62.88,6.85,2.57,24.98,24.97,35.41,14.64,4.67,26.2,4.96,41.51,22.66,1.55,54.52,0.33,6.12,4.3,0.15,0.92,27.08
2024-09-05,4.29,8.56,3.77,0.01,5.92,32.45,16.47,0.44,28.09,26.36,1.45,29.11,43.08,5.57,2.08,13.09,32.87,40.23,2.7,3.46,27.15,63.48,6.68,2.69,24.31,25.68,35.03,14.98,5.04,27.3,5.03,40.45,22.18,1.45,53.97,0.34,6.47,4.07,0.11,0.93,27.39
2024-09-06,4.33,8.55,3.65,0.0,6.08,32.6,16.5,0.4,27.89,26.05,1.41,28.99,43.55,5.75,2.13,13.24,32.32,40.33,2.96,3.27,27.78,62.92,6.55,2.75,24.12,25.39,35.67,14.82,5.01,27.06,4.94,41.13,21.86,1.38,55.07,0.31,6.26,3.81,0.17,0.82,27.0
2024-09-07,4.49,8.43,3.45,0.0,6.3,33.13,16.34,0.37,27.49,26.13,1.46,28.49,43.92,5.91,2.03,12.87,32.45,40.4,3.1,3.24,28.2,62.5,6.54,2.76,23.31,26.0,35.26,15.43,5.01,28.45,4.98,40.51,21.05,1.32,54.85,0.28,6.29,3.9,0.24,0.81,27.05
2024-09-08,4.45,8.43,3.45,0.0,6.27,33.15,16.36,0.39,27.5,26.16,1.46,28.5,43.88,5.92,2.0,12.84,32.48,40.43,3.08,3.25,28.2,62.52,6.51,2.77,23.33,25.99,35.29,15.39,5.06,28.45,4.99,40.41,21.09,1.32,54.9,0.28,6.23,3.91,0.24,0.81,27.0
2024-09-09,3.94,8.63,3.75,0.0,6.54,33.46,16.48,0.44,26.76,26.1,1.42,28.46,44.02,6.26,1.99,13.19,32.36,40.15,2.93,3.12,27.85,62.91,6.39,2.85,23.58,26.47,34.9,15.05,5.03,28.64,5.1,40.9,20.33,1.39,54.99,0.25,5.98,4.24,0.26,0.88,26.75
2024-09-10,3.88,8.91,3.62,0.0,6.59,32.97,16.59,0.44,27.0,26.86,1.42,27.77,43.95,6.54,1.85,12.56,32.29,40.4,3.13,3.23,27.71,63.23,6.33,2.73,22.93,27.02,34.55,15.5,5.35,28.75,4.85,40.63,20.42,1.41,54.68,0.25,5.84,4.35,0.24,0.86,27.23
2024-09-11,3.73,8.65,4.04,0.0,6.91,33.36,15.86,0.44,27.01,27.28,1.49,26.57,44.66,6.46,2.0,12.88,32.16,40.01,3.17,3.32,28.38,62.65,6.29,2.68,23.1,26.28,35.07,15.55,5.62,28.42,4.62,40.76,20.58,1.24,54.33,0.24,5.68,4.63,0.25,0.86,27.78
2024-09-12,3.77,8.6,4.19,0.0,6.43,33.25,16.41,0.42,26.93,28.24,1.44,25.96,44.36,6.21,2.13,12.4,33.05,39.96,3.03,3.22,27.8,63.66,5.91,2.63,23.77,26.6,34.74,14.89,5.76,28.06,5.41,39.96,20.81,1.17,54.22,0.37,5.73,4.26,0.17,0.9,28.58
2024-09-13,3.62,8.62,4.11,0.0,6.59,32.68,16.39,0.5,27.49,27.71,1.41,26.16,44.72,6.43,2.19,12.33,33.28,39.26,3.21,3.3,27.4,64.15,5.74,2.71,23.84,25.95,35.72,14.49,5.37,27.8,5.67,40.4,20.76,1.11,54.13,0.36,5.98,4.19,0.13,0.97,28.68
2024-09-14,3.72,8.65,3.98,0.01,6.75,32.27,16.75,0.55,27.32,28.91,1.44,25.33,44.32,6.64,2.05,11.59,34.22,38.49,3.4,3.61,27.4,63.85,5.93,2.82,24.05,26.08,35.23,14.64,5.42,27.7,6.09,39.77,21.02,1.24,54.19,0.35,6.07,4.27,0.15,0.97,27.93
2024-09-15,3.71,8.68,3.97,0.01,6.74,32.27,16.79,0.54,27.29,28.9,1.45,25.3,44.35,6.64,2.04,11.58,34.21,38.51,3.41,3.61,27.4,63.86,5.9,2.84,24.03,26.15,35.2,14.62,5.44,27.68,6.09,39.76,21.03,1.24,54.15,0.36,6.07,4.26,0.15,0.97,27.96
2024-09-16,3.69,8.61,4.0,0.01,6.74,32.3,16.76,0.54,27.35,28.95,1.42,25.34,44.29,6.62,2.02,11.55,34.23,38.59,3.39,3.6,27.42,63.82,5.93,2.83,23.95,26.11,35.28,14.66,5.5,27.67,6.07,39.78,20.98,1.24,54.11,0.36,6.09,4.27,0.15,0.97,27.95
2024-09-17,3.82,8.72,3.89,0.01,6.65,32.86,15.41,0.54,28.1,28.95,1.4,25.23,44.42,6.95,2.05,11.17,33.62,39.5,3.19,3.52,26.82,64.27,6.0,2.91,24.57,26.43,34.5,14.5,5.25,28.18,5.73,39.49,21.35,1.21,54.13,0.36,6.17,4.76,0.19,0.99,27.83
2024-09-18,3.95,9.27,3.9,0.01,6.63,32.97,15.53,0.57,27.17,29.49,1.42,24.81,44.28,6.82,1.89,11.4,34.06,39.33,2.89,3.61,26.05,65.28,5.79,2.88,24.23,26.95,34.17,14.65,5.29,28.47,6.05,38.47,21.72,1.15,54.9,0.36,5.98,5.19,0.19,0.88,27.25
2024-09-19,3.97,9.12,3.97,0.04,6.56,33.0,15.35,0.72,27.27,29.57,1.44,24.41,44.58,6.81,1.78,10.97,34.24,39.68,2.9,3.62,26.29,65.24,5.65,2.82,24.53,27.03,33.88,14.56,5.41,28.29,6.0,38.51,21.79,1.24,55.45,0.29,6.05,5.13,0.29,0.82,26.56
2024-09-20,3.99,8.96,3.98,0.04,6.52,33.2,15.51,0.73,27.07,29.71,1.46,24.31,44.52,6.7,1.75,11.03,34.29,39.54,3.01,3.68,26.16,65.37,5.79,2.68,24.46,26.84,33.96,14.74,5.14,28.34,6.06,38.73,21.73,1.21,55.25,0.29,6.01,5.26,0.25,0.81,26.64
2024-09-21,3.76,8.99,3.85,0.04,6.48,33.25,15.67,0.73,27.23,29.61,1.54,24.52,44.33,6.55,1.83,11.06,34.33,39.71,2.93,3.59,26.05,65.64,5.63,2.68,24.39,26.94,34.13,14.54,5.31,27.85,6.03,38.58,22.23,1.06,54.82,0.3,6.33,4.99,0.25,0.88,26.89
2024-09-22,3.87,8.96,3.88,0.04,6.45,33.29,15.58,0.72,27.21,29.53,1.54,24.55,44.38,6.54,1.84,11.08,34.41,39.59,2.92,3.62,26.01,65.67,5.64,2.68,24.37,26.91,34.11,14.61,5.3,27.88,5.99,38.64,22.19,1.06,54.79,0.3,6.33,5.08,0.25,0.88,26.84
2024-09-23,3.57,9.21,4.06,0.05,6.49,32.25,16.32,0.7,27.35,29.64,1.53,24.79,44.04,6.29,1.82,11.28,33.87,40.4,2.95,3.39,26.36,65.41,5.59,2.64,24.44,26.6,34.69,14.27,4.89,27.48,5.9,39.21,22.52,1.28,53.66,0.38,6.68,4.96,0.19,1.0,27.57
2024-09-24,3.83,9.6,3.95,0.03,6.16,31.8,16.22,0.64,27.77,29.79,1.47,25.54,43.2,6.59,1.95,11.85,33.05,40.63,2.78,3.15,26.42,65.53,5.54,2.51,23.48,26.86,35.46,14.2,4.62,26.43,5.57,39.98,23.4,1.18,53.64,0.4,7.1,5.17,0.19,1.04,27.32
2024-09-25,3.89,9.55,4.1,0.02,6.44,31.79,16.08,0.62,27.51,29.83,1.43,25.92,42.82,6.62,2.01,12.11,33.12,40.11,2.77,3.26,26.5,65.83,5.31,2.36,23.61,26.94,35.25,14.2,4.47,25.94,5.77,40.35,23.47,1.48,53.68,0.42,7.18,5.36,0.27,0.87,27.19
2024-09-26,4.17,9.68,3.98,0.04,6.57,32.29,15.22,0.52,27.53,30.31,1.45,26.23,42.01,6.53,2.24,11.96,33.35,39.93,2.72,3.27,25.65,66.35,5.45,2.55,23.67,27.38,35.32,13.63,4.52,26.58,5.33,39.81,23.76,1.63,54.32,0.39,7.09,5.6,0.28,0.68,26.64
2024-09-27,4.58,9.4,4.11,0.07,6.36,32.17,15.54,0.46,27.31,30.39,1.63,26.94,41.04,6.13,2.15,11.91,33.87,39.67,2.98,3.29,25.38,66.41,5.78,2.43,24.12,27.59,35.29,13.0,4.62,27.0,5.34,39.64,23.4,1.28,54.05,0.42,7.05,5.7,0.32,0.63,27.03
2024-09-28,5.03,9.29,4.23,0.07,6.96,31.51,15.86,0.41,26.64,30.09,1.56,26.87,41.48,6.67,2.12,11.53,33.76,39.67,3.03,3.22,25.21,65.55,6.57,2.67,23.92,27.19,35.97,12.92,4.46,27.32,5.27,39.45,23.5,1.1,54.36,0.46,7.07,4.92,0.34,0.64,27.25
2024-09-29,5.01,9.25,4.24,0.07,6.96,31.5,15.82,0.41,26.74,30.04,1.61,26.82,41.53,6.67,2.12,11.55,33.77,39.62,3.05,3.22,25.23,65.56,6.54,2.67,23.9,27.23,35.97,12.9,4.43,27.34,5.29,39.44,23.5,1.09,54.33,0.44,7.09,4.91,0.35,0.62,27.25
2024-09-30,5.01,9.9,4.23,0.06,7.03,31.41,16.32,0.42,25.62,29.9,1.72,27.9,40.48,6.89,2.11,12.22,33.46,39.03,3.08,3.21,25.88,64.93,6.58,2.61,24.27,26.03,36.27,13.43,4.87,26.17,5.38,40.04,23.54,1.0,54.24,0.43,7.11,4.86,0.4,0.78,26.86
2024-10-01,4.93,9.75,4.44,0.07,7.11,30.93,16.67,0.42,25.68,30.17,1.72,28.46,39.65,6.79,2.28,12.19,33.22,39.04,3.25,3.23,26.23,64.83,6.29,2.65,24.17,26.04,36.2,13.59,4.76,26.61,5.36,39.78,23.49,1.05,53.86,0.37,7.0,4.64,0.36,0.99,27.31
2024-10-02,4.98,9.72,4.45,0.07,7.08,30.6,16.79,0.42,25.89,30.01,1.68,28.54,39.77,6.78,2.29,12.23,33.26,38.93,3.26,3.25,26.19,64.85,6.3,2.66,24.01,26.22,36.12,13.65,4.71,26.54,5.36,39.84,23.55,1.05,53.92,0.37,7.0,4.45,0.36,0.99,27.4
2024-10-03,4.8,10.2,4.22,0.04,6.88,30.94,16.12,0.45,26.35,29.98,1.66,28.3,40.06,6.99,2.2,11.91,33.72,38.19,3.67,3.32,26.37,64.72,6.36,2.55,23.76,26.5,35.45,14.29,4.77,26.06,5.15,40.12,23.9,0.97,54.31,0.47,6.73,3.97,0.44,1.0,27.5
2024-10-04,4.56,10.51,4.03,0.02,6.62,31.59,15.87,0.55,26.25,29.42,1.75,28.51,40.32,7.21,2.19,11.79,33.71,38.08,3.69,3.33,26.82,63.98,6.34,2.86,24.19,26.53,35.27,14.01,5.12,26.09,4.88,39.91,24.0,1.13,54.23,0.46,6.82,4.19,0.43,1.0,26.89
2024-10-05,4.74,10.46,4.05,0.0,6.43,31.24,15.66,0.49,26.93,29.6,1.7,28.8,39.9,7.41,2.44,12.03,32.61,38.61,3.74,3.16,26.33,64.29,6.63,2.75,23.78,27.09,35.4,13.73,5.07,26.86,4.66,39.8,23.61,0.97,54.43,0.46,7.17,4.24,0.29,1.0,26.97
2024-10-06,4.77,10.47,4.01,0.0,6.47,31.23,15.61,0.49,26.95,29.6,1.65,28.83,39.92,7.43,2.45,12.0,32.63,38.59,3.73,3.17,26.4,64.25,6.6,2.75,23.8,27.09,35.41,13.7,5.04,26.8,4.66,39.86,23.64,0.98,54.49,0.46,7.13,4.26,0.29,0.99,26.9
2024-10-07,4.95,10.13,4.0,0.0,6.38,30.86,16.36,0.44,26.88,29.26,1.69,29.38,39.67,7.55,2.42,12.29,32.68,38.52,3.45,3.09,26.43,63.55,7.24,2.78,23.26,27.13,36.18,13.43,5.0,26.32,4.68,40.0,24.0,0.93,55.34,0.41,7.22,4.02,0.32,1.11,26.48
2024-10-08,5.02,9.61,4.2,0.0,6.21,30.4,16.97,0.39,27.2,28.99,1.71,29.41,39.89,6.97,2.45,12.8,33.38,38.16,3.38,2.86,26.51,63.13,7.69,2.67,23.15,26.78,36.09,13.98,4.98,25.87,4.43,40.36,24.36,1.02,54.94,0.33,7.18,4.06,0.41,1.11,26.89
2024-10-09,5.42,9.61,4.22,0.0,6.41,30.28,16.67,0.38,27.01,28.18,1.65,29.42,40.75,6.75,2.43,13.17,33.05,38.06,3.32,3.22,27.34,62.76,7.39,2.51,23.21,26.14,36.3,14.35,4.88,25.61,4.47,40.4,24.64,1.04,55.74,0.3,6.93,4.05,0.4,1.06,26.5
2024-10-10,5.37,9.75,3.9,0.0,6.33,30.7,15.98,0.42,27.55,28.22,1.67,29.49,40.62,6.93,2.52,13.2,32.72,38.3,3.15,3.18,27.47,63.16,6.88,2.49,23.28,25.92,36.5,14.3,4.84,25.59,4.97,40.25,24.35,1.07,56.36,0.28,6.75,4.19,0.43,1.1,25.7
2024-10-11,5.33,9.11,3.86,0.04,6.59,30.47,15.71,0.43,28.46,28.83,1.63,28.74,40.8,6.6,2.55,12.9,33.22,38.3,3.19,3.24,27.45,63.58,6.5,2.47,23.21,26.03,36.43,14.33,4.85,25.13,4.82,41.26,23.94,1.14,57.18,0.3,6.54,4.3,0.52,1.25,24.66
2024-10-12,5.32,9.11,3.85,0.04,6.58,30.44,15.71,0.43,28.52,28.88,1.65,28.72,40.75,6.63,2.55,12.89,33.26,38.24,3.18,3.25,27.45,63.53,6.52,2.5,23.17,26.01,36.5,14.32,4.88,25.13,4.83,41.28,23.88,1.12,57.2,0.3,6.56,4.28,0.52,1.26,24.67
2024-10-13,5.3,9.16,3.86,0.04,6.6,30.42,15.78,0.43,28.41,28.82,1.68,28.72,40.78,6.6,2.56,12.95,33.23,38.24,3.18,3.24,27.42,63.57,6.52,2.49,23.12,26.01,36.53,14.34,4.85,25.13,4.82,41.3,23.9,1.15,57.11,0.3,6.58,4.27,0.52,1.25,24.74
2024-10-14,5.44,9.24,3.93,0.07,5.4,30.2,15.77,0.51,29.44,27.54,1.62,29.83,41.01,6.65,2.47,13.91,33.93,36.03,3.36,3.65,28.04,62.9,6.55,2.51,22.71,24.7,38.45,14.14,4.97,24.2,5.07,42.67,23.09,1.04,56.92,0.34,6.6,4.55,0.47,1.29,24.78
2024-10-15,5.47,9.27,3.94,0.07,5.41,30.06,15.85,0.52,29.41,27.52,1.57,29.88,41.03,6.67,2.51,13.93,33.86,36.04,3.35,3.64,28.09,62.86,6.55,2.5,22.71,24.6,38.47,14.22,4.98,24.24,5.04,42.68,23.06,1.04,56.71,0.34,6.62,4.59,0.48,1.29,24.97
2024-10-16,5.46,9.19,3.94,0.07,5.41,30.17,15.78,0.51,29.47,27.56,1.61,29.8,41.03,6.56,2.49,13.91,33.97,36.05,3.38,3.64,28.07,62.89,6.54,2.5,22.72,24.67,38.44,14.17,4.93,24.23,5.04,42.72,23.08,1.05,56.9,0.34,6.62,4.53,0.5,1.27,24.83
2024-10-17,5.49,9.23,3.92,0.07,5.41,30.08,15.8,0.51,29.49,27.57,1.59,29.86,40.98,6.64,2.49,13.96,33.93,35.99,3.36,3.63,28.08,62.9,6.51,2.51,22.69,24.63,38.46,14.22,4.96,24.18,5.05,42.72,23.09,1.04,56.79,0.34,6.64,4.57,0.47,1.3,24.85
2024-10-18,5.48,9.21,3.92,0.07,5.41,30.14,15.8,0.51,29.46,27.53,1.6,29.83,41.04,6.64,2.47,13.89,33.87,36.15,3.35,3.63,28.03,62.93,6.53,2.51,22.73,24.68,38.4,14.19,4.92,24.27,5.0,42.79,23.02,1.04,56.86,0.33,6.58,4.58,0.47,1.28,24.84
2024-10-19,5.41,9.36,3.82,0.07,5.22,31.08,16.05,0.5,28.49,27.4,1.57,30.05,40.98,6.21,2.45,13.97,34.61,35.8,3.43,3.53,27.32,62.95,7.2,2.53,22.8,24.12,39.37,13.71,5.46,23.5,4.85,42.45,23.74,1.23,55.5,0.34,7.33,4.55,0.51,1.22,25.41
2024-10-20,5.39,9.25,3.83,0.07,5.23,31.12,16.09,0.5,28.52,27.3,1.55,30.06,41.09,6.23,2.45,13.98,34.7,35.7,3.41,3.53,27.35,62.93,7.19,2.53,22.78,24.05,39.39,13.78,5.43,23.49,4.89,42.45,23.74,1.22,55.4,0.34,7.33,4.53,0.52,1.21,25.51
2024-10-21,5.5,9.51,3.9,0.1,5.05,31.1,16.39,0.44,28.01,28.08,1.54,30.06,40.32,5.93,2.53,13.37,34.6,36.55,3.67,3.35,26.86,63.43,7.19,2.52,22.34,24.67,39.2,13.79,5.3,24.03,5.0,41.85,23.82,1.33,55.55,0.39,7.1,4.54,0.55,1.15,25.64
2024-10-22,5.51,9.59,3.87,0.1,4.92,31.2,16.32,0.44,28.05,28.12,1.51,30.03,40.34,5.92,2.57,13.39,34.66,36.6,3.49,3.37,27.07,63.34,7.08,2.51,22.49,24.54,39.14,13.83,5.36,23.99,5.08,41.82,23.75,1.31,55.47,0.39,7.0,4.78,0.5,1.12,25.69
2024-10-23,5.53,9.47,3.89,0.1,4.87,31.3,16.72,0.41,27.71,28.13,1.55,29.88,40.44,5.87,2.5,13.34,34.93,36.67,3.28,3.41,26.95,63.54,6.97,2.54,22.03,24.75,39.53,13.69,5.23,23.99,5.09,41.89,23.8,1.16,55.59,0.39,6.74,4.65,0.52,1.11,26.13
2024-10-24,5.36,9.16,3.81,0.11,5.0,31.75,17.11,0.48,27.22,28.85,1.53,29.29,40.33,5.47,2.52,12.83,34.71,37.66,3.35,3.46,26.09,64.58,6.88,2.45,22.29,25.88,38.51,13.32,4.94,24.48,4.8,41.31,24.47,1.53,55.13,0.39,6.87,4.46,0.46,0.92,26.07
2024-10-25,5.02,9.07,4.0,0.08,5.22,31.31,16.62,0.58,28.1,28.99,1.52,28.84,40.65,5.37,2.39,13.2,35.12,37.24,3.41,3.27,25.94,64.51,7.15,2.4,21.56,25.91,38.63,13.9,4.74,24.69,4.78,41.05,24.74,1.42,55.22,0.4,7.02,4.35,0.48,0.94,25.91
2024-10-26,5.01,9.28,3.72,0.09,5.13,31.24,16.75,0.62,28.16,29.51,1.42,28.54,40.53,5.41,2.43,13.02,35.67,36.82,3.48,3.17,25.63,64.54,7.45,2.38,21.63,25.44,38.84,14.09,4.79,24.85,4.9,41.14,24.32,1.55,55.08,0.41,7.03,4.37,0.45,0.87,26.0
2024-10-27,5.04,9.25,3.71,0.09,5.12,31.21,16.75,0.62,28.21,29.41,1.41,28.63,40.55,5.4,2.43,13.07,35.68,36.75,3.48,3.19,25.69,64.52,7.43,2.36,21.56,25.48,38.88,14.08,4.78,24.87,4.91,41.19,24.25,1.56,55.13,0.36,7.04,4.36,0.45,0.9,25.99
2024-10-28,5.0,8.99,3.74,0.09,5.23,31.32,16.66,0.64,28.33,29.49,1.45,28.52,40.54,5.31,2.44,13.12,35.61,36.98,3.39,3.15,25.54,64.57,7.51,2.38,21.55,25.51,38.87,14.07,4.77,24.9,5.04,41.16,24.13,1.47,55.27,0.36,7.07,4.28,0.47,0.85,26.06
2024-10-29,4.82,9.35,3.71,0.12,5.83,31.05,16.78,0.66,27.68,30.41,1.44,28.46,39.69,5.73,2.29,12.8,34.61,37.95,3.44,3.18,25.67,64.08,7.86,2.39,22.15,25.1,39.48,13.27,5.22,24.04,4.74,42.31,23.69,1.51,55.89,0.33,6.92,4.25,0.37,0.89,25.39
2024-10-30,4.76,9.57,3.76,0.11,5.77,31.25,16.34,0.65,27.79,30.19,1.46,28.3,40.05,5.98,2.38,13.22,33.88,38.29,3.24,3.01,25.42,64.45,7.73,2.4,21.65,25.95,38.91,13.49,5.09,24.13,4.79,42.49,23.5,1.53,55.29,0.28,7.23,4.22,0.32,0.98,25.66
2024-10-31,4.75,9.52,3.77,0.11,5.75,31.33,16.26,0.65,27.86,30.18,1.49,28.28,40.05,5.96,2.41,13.21,33.83,38.33,3.24,3.02,25.45,64.42,7.73,2.4,21.62,25.99,38.97,13.42,5.15,24.08,4.81,42.44,23.52,1.54,55.32,0.28,7.22,4.31,0.32,0.98,25.55
2024-11-01,4.56,9.51,3.77,0.11,5.79,31.26,16.4,0.65,27.95,30.32,1.49,28.0,40.19,6.02,2.42,13.04,33.85,38.41,3.23,3.03,25.26,64.57,7.77,2.4,21.72,25.97,38.8,13.51,5.17,24.26,4.8,42.32,23.45,1.53,55.2,0.28,7.25,4.22,0.32,0.98,25.69
2024-11-02,4.76,9.5,3.74,0.11,5.74,31.34,16.3,0.65,27.86,30.2,1.46,28.28,40.06,6.0,2.38,13.19,33.83,38.33,3.23,3.04,25.42,64.45,7.72,2.41,21.73,25.89,38.91,13.47,5.12,24.14,4.8,42.43,23.51,1.53,55.32,0.28,7.2,4.26,0.32,0.98,25.56
2024-11-03,4.76,9.41,3.81,0.11,5.79,31.3,16.3,0.65,27.87,30.27,1.49,28.2,40.04,6.01,2.39,13.24,33.79,38.3,3.25,3.02,25.41,64.45,7.72,2.42,21.75,25.9,38.9,13.45,5.12,24.16,4.8,42.43,23.49,1.51,55.29,0.28,7.23,4.27,0.32,0.98,25.56
2024-11-04,4.66,9.68,3.78,0.12,6.59,30.25,17.5,0.77,26.65,30.04,1.43,28.76,39.77,6.1,2.31,13.02,34.24,38.14,2.94,3.25,26.07,64.89,6.64,2.4,22.07,25.41,39.33,13.19,4.96,24.7,4.97,41.53,23.84,1.36,54.17,0.18,6.14,4.83,0.49,1.0,26.82
2024-11-05,4.25,9.1,3.88,0.08,5.93,30.57,19.56,0.77,25.86,28.04,1.46,30.1,40.4,5.97,2.27,12.91,34.0,37.07,4.49,3.29,26.15,64.27,7.12,2.46,22.39,26.82,37.78,13.01,4.39,25.05,5.01,40.86,24.69,1.41,53.06,0.25,5.64,4.65,0.43,0.98,28.83
2024-11-06,4.07,9.36,4.46,0.09,5.93,30.92,19.65,0.66,24.86,28.71,1.47,29.03,40.79,5.36,2.21,12.82,34.88,36.33,4.97,3.43,27.19,63.47,6.96,2.38,22.56,26.57,37.88,12.99,4.23,25.4,5.31,40.99,24.07,1.56,53.6,0.29,5.75,4.76,0.4,1.1,28.34
2024-11-07,4.4,9.48,4.44,0.09,6.28,30.0,18.5,0.56,26.25,28.63,1.5,29.01,40.86,5.48,2.24,13.01,34.52,36.78,4.73,3.24,27.01,63.58,6.99,2.42,22.85,26.39,38.32,12.44,4.01,24.51,5.47,41.66,24.35,1.79,55.06,0.25,6.0,4.33,0.46,1.06,27.43
2024-11-08,4.57,9.79,4.39,0.1,6.24,29.38,17.31,0.7,27.52,29.1,1.48,29.03,40.39,5.44,2.15,12.89,34.89,36.81,4.54,3.28,26.61,64.08,6.89,2.42,23.36,26.21,37.72,12.71,3.98,24.26,5.42,42.34,24.0,1.69,54.61,0.22,6.52,4.38,0.43,1.21,27.13
2024-11-09,4.28,10.19,4.24,0.03,6.04,29.01,17.8,0.62,27.79,29.2,1.56,29.19,40.05,5.93,2.21,12.87,34.17,37.38,4.11,3.33,26.74,63.1,7.44,2.72,23.43,25.98,38.1,12.49,4.29,24.38,5.39,42.38,23.56,1.57,54.44,0.24,6.9,4.31,0.44,1.19,26.94
2024-11-10,4.28,10.13,4.2,0.03,6.02,29.01,17.85,0.62,27.86,29.18,1.61,29.2,40.01,5.93,2.22,12.91,34.15,37.36,4.07,3.36,26.8,63.13,7.35,2.72,23.47,25.96,38.09,12.48,4.32,24.39,5.29,42.37,23.63,1.55,54.55,0.24,6.82,4.28,0.45,1.2,26.91
2024-11-11,4.27,10.38,4.04,0.02,5.99,28.76,17.57,0.54,28.43,27.81,1.61,29.19,41.39,5.83,2.22,13.19,34.5,37.12,3.47,3.67,26.98,62.88,7.43,2.71,23.54,25.37,38.62,12.47,4.22,24.24,5.1,43.15,23.29,1.72,53.92,0.29,7.18,4.65,0.33,1.08,26.89
2024-11-12,4.14,10.11,3.97,0.04,6.07,28.73,16.55,0.46,29.93,27.38,1.49,28.79,42.34,6.09,2.36,13.22,34.17,37.16,3.41,3.59,27.64,61.96,7.78,2.62,24.11,25.21,38.41,12.27,4.21,24.19,5.06,43.45,23.09,1.74,53.71,0.33,7.29,4.74,0.37,0.88,26.87
2024-11-13,3.89,10.23,4.04,0.08,6.11,28.96,17.03,0.54,29.12,27.41,1.39,28.63,42.57,6.49,2.3,13.05,34.41,36.63,3.37,3.75,27.49,62.13,7.57,2.81,24.44,25.23,37.48,12.85,4.03,24.08,4.75,43.39,23.75,1.61,53.39,0.32,6.89,4.75,0.32,0.91,27.7
2024-11-14,3.86,10.37,3.98,0.09,6.11,29.02,16.96,0.57,29.04,27.7,1.47,29.04,41.79,6.29,2.31,12.87,34.52,37.07,3.33,3.61,27.81,61.65,7.74,2.8,24.21,25.03,37.95,12.81,4.14,23.95,4.63,43.58,23.7,1.64,53.36,0.42,6.78,4.67,0.33,1.05,27.63
2024-11-15,3.87,10.29,3.98,0.09,6.1,29.07,17.01,0.57,29.02,27.73,1.46,29.03,41.78,6.31,2.33,12.88,34.5,37.1,3.25,3.63,27.81,61.68,7.72,2.79,24.1,25.12,37.97,12.81,4.08,23.95,4.61,43.72,23.64,1.64,53.28,0.42,6.81,4.66,0.33,1.05,27.69
2024-11-16,3.93,10.14,4.17,0.12,6.12,28.64,17.07,0.59,29.22,27.41,1.45,29.42,41.72,6.54,2.25,12.94,34.71,36.75,3.19,3.62,27.7,61.7,7.65,2.95,24.38,25.0,37.69,12.93,4.15,23.83,4.81,43.81,23.4,1.68,53.61,0.32,6.86,4.58,0.3,1.22,27.28
2024-11-17,3.85,10.17,4.19,0.12,6.15,28.71,16.96,0.59,29.26,27.42,1.45,29.43,41.7,6.53,2.26,12.98,34.73,36.84,3.07,3.59,27.82,61.54,7.67,2.97,24.4,24.94,37.8,12.86,4.17,23.9,4.83,43.76,23.34,1.67,53.64,0.32,6.85,4.58,0.31,1.22,27.27
2024-11-18,3.74,10.07,4.34,0.12,6.01,28.85,17.0,0.57,29.3,27.45,1.45,29.51,41.59,6.51,2.18,13.02,34.91,36.62,3.27,3.49,27.8,61.46,7.74,3.0,24.5,25.01,37.33,13.16,4.02,23.66,4.96,44.29,23.07,1.63,53.13,0.31,6.69,4.49,0.31,1.22,28.02
2024-11-19,3.99,9.91,4.45,0.1,6.07,28.86,16.79,0.55,29.28,27.04,1.5,29.95,41.51,6.31,2.2,13.28,34.81,36.89,3.02,3.49,27.59,61.87,7.64,2.9,24.07,25.0,37.6,13.33,3.9,23.46,4.99,44.47,23.18,1.71,53.52,0.32,6.6,4.48,0.39,1.19,27.68
2024-11-20,4.17,10.77,4.06,0.07,6.46,28.23,16.64,0.49,29.11,27.03,1.5,29.69,41.78,6.47,2.19,13.28,35.6,35.9,3.05,3.51,27.26,62.4,7.35,2.99,24.24,24.96,37.26,13.54,3.86,23.24,5.16,44.13,23.61,1.24,53.58,0.33,6.57,4.43,0.46,1.08,28.29
2024-11-21,4.25,10.63,4.25,0.05,6.4,28.59,16.53,0.43,28.87,27.08,1.53,29.71,41.68,6.27,2.16,13.06,35.67,36.06,3.2,3.58,26.98,62.58,7.48,2.96,23.86,24.79,37.7,13.65,3.64,23.26,5.17,44.18,23.75,1.07,54.65,0.33,6.48,4.25,0.45,1.18,27.57
2024-11-22,4.29,9.89,4.42,0.04,6.4,28.67,16.14,0.46,29.69,26.63,1.49,30.39,41.49,6.03,2.11,13.75,35.68,35.71,3.2,3.52,26.85,63.13,7.11,2.91,23.02,24.3,39.03,13.65,3.77,22.98,4.79,44.5,23.96,1.12,53.81,0.39,6.24,4.03,0.48,1.16,28.63
2024-11-23,4.34,9.54,4.25,0.04,6.6,28.79,17.55,0.43,28.46,28.63,1.53,30.27,39.57,5.99,1.92,14.01,33.08,37.54,3.71,3.75,26.77,62.85,7.09,3.29,22.97,23.86,38.09,15.08,3.87,22.91,4.84,44.59,23.79,1.14,54.49,0.43,5.92,4.2,0.51,1.16,28.01
2024-11-24,4.36,9.63,4.2,0.04,6.63,28.63,17.62,0.44,28.45,28.46,1.53,30.33,39.68,6.02,1.92,13.97,33.17,37.42,3.72,3.78,26.84,62.87,6.99,3.3,22.86,23.82,38.2,15.12,3.85,22.76,4.84,44.67,23.88,1.14,54.67,0.43,5.75,4.23,0.51,1.18,27.95
2024-11-25,4.5,9.88,3.99,0.06,6.75,28.8,17.65,0.44,27.93,28.25,1.47,31.56,38.72,5.77,2.33,13.84,33.2,37.75,3.6,3.51,26.58,63.52,6.95,2.95,21.68,24.57,38.54,15.21,4.0,23.83,5.0,44.09,23.08,1.05,54.94,0.5,5.88,3.65,0.51,1.11,28.42
2024-11-26,4.27,10.0,4.25,0.06,6.57,28.89,18.21,0.38,27.37,27.6,1.48,31.73,39.19,5.26,2.56,13.9,34.28,37.16,3.49,3.35,26.59,63.7,6.68,3.03,21.81,24.24,38.42,15.53,3.8,23.9,5.15,44.4,22.75,1.06,54.69,0.37,5.76,3.62,0.5,1.07,28.95
2024-11-27,4.03,10.43,3.77,0.04,6.45,28.31,18.92,0.38,27.67,27.26,1.51,31.01,40.22,5.43,2.62,14.0,34.04,37.02,3.43,3.46,26.8,63.64,6.66,2.9,21.51,24.42,38.67,15.4,3.94,23.67,5.07,43.81,23.51,1.19,54.97,0.35,5.67,4.07,0.43,1.04,27.93
2024-11-28,4.25,10.32,4.02,0.04,6.39,28.81,18.48,0.37,27.32,26.55,1.49,30.22,41.74,5.72,2.26,13.08,34.43,37.77,3.32,3.42,27.36,63.71,6.07,2.86,21.38,24.83,38.2,15.59,4.13,25.36,5.14,43.36,22.01,1.19,55.25,0.32,5.94,3.7,0.37,1.09,27.75
2024-11-29,3.94,9.63,4.28,0.04,6.49,29.54,18.32,0.33,27.43,25.15,1.5,29.97,43.38,5.19,2.32,13.2,35.39,37.36,3.4,3.14,27.37,63.98,6.07,2.58,22.22,24.91,38.1,14.77,4.18,25.07,5.27,43.92,21.56,1.22,54.11,0.55,5.64,3.92,0.37,1.13,28.48
2024-11-30,3.79,9.33,4.21,0.05,6.13,29.16,19.03,0.33,27.97,26.2,1.52,29.61,42.67,5.17,2.29,12.75,35.17,38.19,3.26,3.17,26.81,64.33,6.18,2.68,22.75,24.48,38.6,14.17,3.8,25.61,5.32,43.29,21.98,1.15,54.14,0.49,5.8,3.8,0.41,1.13,28.46
2024-12-01,3.8,9.21,4.15,0.05,6.12,29.22,19.04,0.33,28.08,26.29,1.53,29.62,42.56,5.18,2.3,12.79,35.23,38.1,3.28,3.12,26.87,64.31,6.15,2.67,22.75,24.44,38.69,14.12,3.85,25.66,5.32,43.31,21.86,1.16,54.21,0.5,5.8,3.75,0.41,1.13,28.37
2024-12-02,3.96,9.07,4.12,0.05,6.0,29.6,18.97,0.29,27.94,26.16,1.42,29.34,43.08,5.53,2.11,13.04,34.95,38.04,3.2,3.13,27.66,63.2,6.54,2.6,23.4,24.7,37.96,13.94,4.01,25.91,5.01,42.89,22.18,1.4,54.5,0.47,5.24,3.86,0.37,1.14,28.4
2024-12-03,4.08,8.9,4.29,0.03,5.65,30.24,18.72,0.28,27.81,26.38,1.49,29.26,42.87,5.83,2.26,13.06,34.41,37.82,3.09,3.53,27.73,63.08,6.53,2.66,23.38,24.59,38.52,13.51,4.09,26.37,4.81,42.13,22.6,1.45,54.13,0.34,5.52,3.95,0.59,1.07,28.35
2024-12-04,3.81,8.96,4.37,0.25,5.47,30.75,19.34,0.32,26.73,26.7,1.45,28.71,43.14,5.52,2.07,13.12,34.37,38.02,3.19,3.71,27.32,63.78,6.19,2.71,22.99,25.1,38.13,13.78,3.95,25.11,4.87,42.84,23.23,1.45,53.73,0.29,5.76,3.96,0.61,1.1,28.75
2024-12-05,3.45,9.08,4.41,0.25,5.5,31.21,19.3,0.38,26.42,27.67,1.44,28.71,42.18,5.62,2.06,13.36,33.56,39.24,2.79,3.37,27.82,63.35,6.25,2.58,22.94,25.81,37.77,13.48,4.0,24.56,4.81,43.48,23.15,1.33,54.0,0.26,5.69,3.67,0.59,1.05,29.11
2024-12-06,3.61,9.02,4.44,0.25,5.55,31.73,18.85,0.36,26.19,28.47,1.36,28.1,42.07,5.15,1.96,13.09,34.02,39.83,2.69,3.26,27.55,64.14,5.79,2.52,22.95,26.18,37.61,13.26,4.06,25.16,4.89,43.04,22.85,1.29,54.84,0.15,5.75,3.82,0.7,0.93,28.67
2024-12-07,3.67,8.88,4.17,0.27,5.73,31.47,18.97,0.33,26.51,29.04,1.4,27.16,42.4,4.81,2.14,13.05,34.41,39.76,2.58,3.25,27.05,64.75,5.71,2.49,23.03,26.71,37.14,13.12,4.04,25.55,5.38,42.25,22.78,1.28,54.78,0.09,6.33,3.26,0.8,1.0,28.49
2024-12-08,3.71,9.0,4.22,0.26,5.73,31.41,18.93,0.33,26.41,28.98,1.34,27.3,42.38,4.78,2.12,13.07,34.26,39.92,2.61,3.24,27.18,64.66,5.68,2.48,23.16,26.69,37.1,13.05,3.96,25.37,5.4,42.48,22.79,1.29,54.69,0.09,6.27,3.52,0.79,0.98,28.36
2024-12-09,3.64,8.77,4.01,0.3,6.19,30.83,18.61,0.34,27.31,29.57,1.38,27.44,41.61,5.19,2.05,13.18,34.74,39.26,2.51,3.07,27.28,64.4,5.81,2.51,22.77,27.02,36.46,13.75,3.78,26.37,5.16,41.73,22.96,1.14,54.32,0.12,6.54,3.5,0.81,1.02,27.79
2024-12-10,3.48,9.53,4.18,0.28,6.21,30.75,18.35,0.37,26.85,29.67,1.46,27.06,41.81,5.0,2.05,13.14,34.45,39.34,2.72,3.3,26.28,65.91,5.29,2.52,22.24,28.26,35.81,13.69,4.27,26.24,4.28,42.09,23.12,1.5,53.48,0.12,6.93,3.42,0.85,1.13,27.73
2024-12-11,3.39,9.44,3.78,0.28,6.02,30.92,18.72,0.36,27.09,30.3,1.56,26.64,41.5,5.12,2.04,12.88,34.19,39.68,2.85,3.24,26.0,66.37,5.23,2.4,22.75,27.63,36.07,13.55,4.25,26.36,4.01,41.99,23.39,1.46,53.62,0.12,6.85,3.65,0.82,1.28,27.43
2024-12-12,3.22,9.55,3.91,0.27,6.28,30.73,18.49,0.37,27.18,31.52,1.5,26.27,40.71,5.2,1.85,12.56,33.18,41.04,2.87,3.3,25.9,66.25,5.37,2.48,23.44,28.62,34.99,12.95,4.21,26.78,3.95,41.53,23.53,1.61,54.72,0.1,6.53,3.27,0.79,1.11,27.04
2024-12-13,3.28,9.49,3.81,0.35,6.35,31.46,17.94,0.38,26.94,31.0,1.51,26.33,41.16,5.31,1.84,12.59,34.03,40.02,2.96,3.25,26.29,66.1,5.25,2.36,23.42,27.87,35.58,13.13,4.3,26.13,3.94,42.27,23.36,1.44,55.34,0.27,6.37,3.52,0.72,1.03,26.67
2024-12-14,3.36,9.71,3.83,0.31,6.46,31.2,17.93,0.38,26.82,30.14,1.47,27.12,41.27,5.25,1.85,13.23,34.46,39.42,2.8,2.99,26.93,66.04,4.79,2.24,23.62,27.62,35.69,13.07,4.26,25.92,4.17,42.79,22.86,1.59,54.45,0.27,6.38,3.43,0.67,1.0,27.37
2024-12-15,3.33,9.58,3.82,0.31,6.31,31.37,17.89,0.38,27.01,30.29,1.4,26.94,41.37,5.26,1.87,13.1,34.4,39.29,2.79,3.29,26.75,66.04,4.97,2.24,23.49,27.46,36.01,13.04,4.25,25.76,4.19,42.69,23.11,1.62,54.61,0.27,6.32,3.42,0.66,0.97,27.42
2024-12-16,3.2,9.57,3.88,0.1,6.54,31.62,17.62,0.35,27.12,30.31,1.42,27.39,40.88,5.31,2.0,12.75,34.99,38.38,3.35,3.22,26.53,66.31,4.85,2.31,23.31,27.7,35.76,13.23,4.3,25.73,4.31,42.05,23.61,1.33,54.7,0.26,6.23,3.55,0.33,1.06,27.96
2024-12-17,3.4,9.31,3.92,0.11,6.6,31.6,17.55,0.35,27.16,30.04,1.34,27.69,40.93,5.23,2.06,12.78,35.08,38.74,3.1,3.01,26.39,66.17,5.1,2.34,22.95,27.78,35.67,13.6,4.33,26.19,4.37,41.54,23.57,1.25,55.02,0.25,6.41,3.43,0.4,1.09,27.37
2024-12-18,3.65,9.49,3.73,0.03,6.13,31.75,17.35,0.37,27.5,29.54,1.39,27.59,41.48,5.82,2.31,12.93,34.72,37.72,3.26,3.24,25.99,66.14,5.36,2.51,23.12,27.66,35.56,13.66,4.56,26.56,4.34,40.76,23.78,1.24,54.76,0.29,6.38,3.27,0.39,0.97,28.06
2024-12-19,3.89,8.88,3.75,0.04,6.56,32.45,16.88,0.37,27.18,30.87,1.32,27.72,40.09,5.63,2.48,12.49,33.28,39.44,3.35,3.33,25.2,66.71,5.5,2.59,22.96,28.5,34.77,13.77,4.42,26.92,4.38,40.54,23.74,1.25,55.1,0.27,6.62,3.68,0.41,1.02,27.26
2024-12-20,4.12,9.52,3.91,0.04,6.55,31.78,16.82,0.33,26.93,30.68,1.33,28.48,39.51,5.98,2.47,12.62,33.14,39.03,3.34,3.42,25.3,66.43,5.59,2.68,23.12,28.77,34.41,13.7,4.34,26.47,4.74,39.93,24.52,1.18,54.49,0.17,6.7,3.7,0.37,0.94,27.78
2024-12-21,4.18,9.75,3.72,0.06,6.17,31.73,16.63,0.3,27.46,29.96,1.37,28.7,39.97,6.1,2.54,12.63,33.03,39.12,3.39,3.19,25.93,65.71,5.74,2.62,23.12,28.68,33.93,14.27,4.4,26.45,5.05,39.46,24.64,1.26,54.7,0.16,6.6,3.65,0.44,0.96,27.68
2024-12-22,4.29,9.44,3.67,0.06,6.21,31.46,16.79,0.27,27.81,30.37,1.37,28.76,39.5,5.94,2.54,12.65,33.04,39.04,3.53,3.26,25.79,65.52,6.04,2.65,23.39,28.71,33.6,14.3,4.22,27.4,4.88,39.83,23.67,1.0,54.89,0.18,6.84,3.7,0.4,1.0,27.08
2024-12-23,4.31,9.56,3.52,0.06,6.09,31.49,17.0,0.34,27.63,29.85,1.36,28.56,40.23,6.05,2.48,12.46,33.7,38.92,3.13,3.26,26.19,64.93,6.3,2.58,22.87,28.48,34.29,14.36,4.23,27.0,4.8,40.17,23.8,0.99,54.13,0.16,7.25,3.58,0.38,0.92,27.62
2024-12-24,4.23,9.5,3.35,0.25,6.22,31.35,17.21,0.31,27.58,29.79,1.44,28.18,40.59,5.93,2.34,12.51,33.74,39.17,3.13,3.18,25.48,65.91,6.08,2.53,22.38,28.77,34.48,14.37,4.13,26.66,4.95,39.83,24.43,0.9,53.06,0.16,7.59,3.66,0.65,0.96,28.23
2024-12-25,4.2,9.68,3.23,0.26,6.14,31.12,17.42,0.33,27.62,29.31,1.45,28.11,41.13,6.32,2.39,12.24,33.5,39.39,2.91,3.25,25.43,65.89,6.2,2.48,22.31,28.6,34.64,14.45,3.96,26.99,4.75,40.27,24.03,1.05,52.84,0.16,7.37,3.54,0.66,1.06,28.45
2024-12-26,4.16,9.19,3.41,0.28,6.05,31.54,17.28,0.34,27.75,28.61,1.41,28.31,41.67,5.95,2.29,12.74,33.42,39.62,2.73,3.25,26.14,65.18,6.13,2.55,22.13,27.93,35.4,14.54,3.95,26.69,4.75,40.79,23.82,1.01,53.68,0.15,7.45,3.48,0.65,1.03,27.91
2024-12-27,3.93,9.04,3.29,0.3,5.98,32.0,17.5,0.36,27.6,28.52,1.43,28.57,41.48,6.04,2.17,13.23,33.9,38.62,2.73,3.31,26.61,64.8,6.2,2.39,22.32,27.72,35.49,14.47,4.21,25.97,4.6,41.68,23.54,1.19,53.63,0.14,7.4,3.52,0.69,1.08,28.02
2024-12-28,3.8,8.92,3.41,0.3,6.17,31.77,17.64,0.39,27.6,28.56,1.44,28.58,41.42,6.01,2.15,13.66,33.85,38.41,2.56,3.36,26.65,65.23,5.73,2.39,22.09,27.93,35.51,14.47,4.29,26.08,4.57,41.98,23.08,1.38,53.91,0.15,7.16,3.54,0.68,1.03,27.72
2024-12-29,3.73,9.09,3.77,0.31,6.08,31.56,17.54,0.36,27.56,29.22,1.44,28.24,41.1,6.05,2.23,13.37,33.58,38.87,2.56,3.34,26.59,65.31,5.69,2.41,22.07,27.45,36.24,14.24,3.97,25.35,4.76,42.31,23.61,1.43,53.64,0.09,6.71,3.5,0.67,1.12,28.54
2024-12-30,3.64,9.09,3.82,0.29,6.06,32.09,17.06,0.37,27.58,29.59,1.45,28.51,40.45,5.89,2.29,13.33,33.46,39.11,2.45,3.47,26.61,65.16,5.86,2.37,22.09,27.41,36.96,13.54,4.07,24.97,4.87,42.11,23.98,1.41,53.74,0.11,6.52,3.85,0.72,1.12,28.46
2024-12-31,3.66,9.17,3.8,0.29,6.09,32.02,17.05,0.35,27.57,29.84,1.4,28.59,40.17,5.86,2.27,13.35,33.38,39.21,2.44,3.49,26.61,65.25,5.77,2.37,22.23,27.37,36.75,13.65,4.1,25.11,4.92,42.02,23.85,1.43,53.98,0.11,6.55,3.84,0.72,1.07,28.18
2025-01-01,3.67,9.22,3.86,0.29,6.01,31.99,16.94,0.35,27.67,29.74,1.44,28.94,39.88,5.44,2.4,13.67,33.45,38.68,2.57,3.79,26.62,65.04,5.96,2.38,22.32,27.03,37.27,13.38,4.02,24.16,5.42,42.18,24.22,1.35,53.61,0.13,6.26,4.03,0.67,1.09,28.65
2025-01-02,3.82,8.9,4.0,0.29,5.82,32.16,16.83,0.38,27.8,30.62,1.44,29.14,38.8,5.44,2.48,13.35,33.44,39.26,2.5,3.53,25.79,65.86,5.96,2.39,22.28,27.49,36.49,13.74,4.02,24.5,5.58,41.03,24.87,1.2,53.63,0.21,6.37,3.94,0.67,0.93,28.86
2025-01-03,4.01,8.83,3.85,0.28,6.07,32.06,16.6,0.37,27.93,30.79,1.47,28.82,38.92,5.82,2.38,13.15,33.19,39.23,2.67,3.56,26.04,65.36,6.08,2.52,21.96,27.71,36.17,14.16,3.84,24.76,5.66,40.54,25.2,1.35,53.66,0.22,6.6,3.92,0.61,0.84,28.56
2025-01-04,4.16,8.85,3.34,0.24,6.28,32.74,16.99,0.47,26.93,30.34,1.42,29.22,39.02,6.06,2.49,13.08,33.29,38.41,3.11,3.56,26.62,65.16,5.62,2.6,22.49,27.48,36.12,13.91,4.18,24.65,5.36,40.49,25.32,1.53,53.9,0.22,6.38,3.98,0.58,0.88,27.9
2025-01-05,4.14,8.93,3.44,0.28,6.04,32.28,17.06,0.47,27.36,30.4,1.42,29.17,39.01,5.96,2.46,13.36,33.63,38.0,3.25,3.34,26.8,65.12,5.4,2.68,22.64,27.85,35.65,13.86,4.24,24.91,5.61,40.58,24.66,1.51,54.91,0.2,6.49,3.86,0.6,0.86,27.26
2025-01-06,4.38,8.9,3.37,0.31,5.8,32.24,16.84,0.48,27.68,30.04,1.41,28.95,39.6,6.05,2.52,13.41,34.22,37.31,3.17,3.32,26.97,65.2,5.16,2.67,22.75,27.64,35.63,13.98,4.38,24.87,5.82,40.33,24.6,1.7,54.85,0.28,6.42,3.9,0.55,0.9,27.1
2025-01-07,4.3,8.76,3.3,0.33,5.64,32.37,16.84,0.44,28.02,30.36,1.43,29.16,39.05,6.35,2.49,13.1,34.08,37.37,3.42,3.19,27.22,65.15,5.0,2.63,23.15,27.35,35.65,13.85,4.5,24.89,5.96,40.01,24.64,1.61,55.18,0.3,6.49,3.59,0.56,0.93,27.08
2025-01-08,4.23,9.0,3.35,0.3,5.86,32.24,16.7,0.42,27.9,30.29,1.43,29.47,38.81,6.53,2.44,12.88,34.07,37.14,3.69,3.25,27.35,65.12,4.93,2.6,22.93,27.23,36.07,13.77,4.66,24.84,5.77,40.92,23.81,1.55,55.26,0.28,6.6,3.52,0.53,0.97,26.96
2025-01-09,4.16,9.17,3.51,0.35,6.17,33.11,16.41,0.35,26.77,30.17,1.48,29.53,38.82,6.52,2.41,12.79,33.98,37.43,3.63,3.24,27.4,65.24,4.86,2.5,22.72,27.15,36.22,13.91,4.48,24.63,5.52,40.97,24.4,1.56,55.4,0.31,6.99,3.54,0.47,1.04,26.47
2025-01-10,4.05,8.97,3.44,0.34,6.3,33.3,16.43,0.36,26.81,30.3,1.51,28.77,39.42,6.62,2.33,13.0,33.67,37.26,3.67,3.45,27.55,65.02,4.95,2.48,23.02,26.86,36.26,13.86,4.48,24.94,5.37,40.75,24.46,1.41,54.97,0.28,7.05,3.48,0.51,1.2,26.79
2025-01-11,4.15,8.88,3.36,0.34,6.42,33.38,16.42,0.37,26.68,30.13,1.4,28.99,39.48,6.62,2.31,12.97,33.82,37.12,3.63,3.53,27.56,65.1,4.88,2.46,23.09,26.55,36.53,13.83,4.36,25.0,5.31,40.64,24.69,1.42,54.54,0.29,7.14,3.62,0.48,1.21,27.02
2025-01-12,4.18,8.83,3.34,0.34,6.45,33.34,16.41,0.36,26.75,30.13,1.42,28.97,39.48,6.61,2.23,12.92,33.79,37.19,3.69,3.57,27.5,65.17,4.87,2.46,23.11,26.46,36.51,13.92,4.36,24.96,5.33,40.6,24.75,1.43,54.69,0.29,7.09,3.58,0.48,1.21,26.93
2025-01-13,4.19,8.87,3.35,0.34,6.51,33.29,16.32,0.4,26.73,30.24,1.46,28.96,39.34,6.65,2.23,12.99,33.74,37.29,3.64,3.46,27.49,65.2,4.89,2.42,23.13,26.59,36.37,13.91,4.37,25.09,5.3,40.55,24.69,1.43,54.65,0.29,7.11,3.59,0.48,1.19,26.95
2025-01-14,4.15,8.89,3.36,0.34,6.5,33.22,16.36,0.39,26.79,30.14,1.45,29.01,39.4,6.65,2.23,13.02,33.76,37.28,3.62,3.44,27.55,65.16,4.88,2.41,23.12,26.53,36.44,13.91,4.38,25.07,5.3,40.63,24.62,1.43,54.63,0.29,7.1,3.63,0.48,1.19,26.95
2025-01-15,4.13,8.88,3.38,0.34,6.47,33.24,16.34,0.39,26.83,30.14,1.45,29.0,39.41,6.63,2.23,12.99,33.73,37.36,3.63,3.43,27.51,65.16,4.91,2.42,23.07,26.53,36.39,14.01,4.38,25.02,5.3,40.6,24.7,1.43,54.57,0.29,7.07,3.64,0.48,1.19,26.97
2025-01-16,4.1,8.71,3.31,0.33,6.55,33.37,16.43,0.34,26.86,30.02,1.42,29.2,39.36,6.62,2.35,13.07,33.67,37.28,3.57,3.44,27.63,65.07,4.89,2.41,22.93,26.55,36.52,14.0,4.36,24.93,5.23,40.67,24.81,1.36,54.68,0.32,7.11,3.6,0.48,1.17,27.12
2025-01-17,4.02,8.89,3.38,0.32,6.63,33.2,16.46,0.42,26.68,30.06,1.44,29.41,39.09,6.7,2.29,12.86,33.43,37.68,3.58,3.46,27.74,64.94,4.91,2.41,22.73,26.84,36.54,13.89,4.38,24.85,5.15,40.8,24.82,1.4,54.68,0.22,7.01,3.57,0.42,1.14,27.34
2025-01-18,4.23,8.99,3.48,0.32,6.52,32.85,16.45,0.43,26.73,29.94,1.47,29.18,39.41,7.12,2.24,12.78,33.4,37.65,3.42,3.39,27.51,64.68,5.3,2.51,23.16,26.67,36.8,13.37,4.49,24.77,5.03,41.27,24.44,1.42,54.65,0.25,6.94,3.88,0.47,1.05,27.08
2025-01-19,4.23,8.86,3.47,0.32,6.54,33.11,16.45,0.43,26.59,30.05,1.45,29.19,39.31,7.11,2.22,12.79,33.42,37.62,3.45,3.39,27.48,64.76,5.26,2.5,23.16,26.64,36.86,13.34,4.47,24.83,5.04,41.19,24.47,1.42,54.55,0.26,6.94,3.84,0.47,1.05,27.16
2025-01-20,4.43,8.98,3.49,0.37,6.5,33.08,16.35,0.48,26.32,29.84,1.48,29.78,38.9,7.33,2.2,12.89,33.43,37.18,3.43,3.54,27.18,65.27,5.07,2.48,22.99,26.68,36.86,13.47,4.44,25.13,5.57,40.69,24.17,1.57,54.39,0.24,7.06,3.97,0.22,0.95,27.23
2025-01-21,4.41,8.99,3.51,0.37,6.48,33.07,16.42,0.43,26.32,29.84,1.43,29.82,38.91,7.3,2.16,12.83,33.46,37.31,3.42,3.52,27.11,65.32,5.1,2.47,22.91,26.77,36.9,13.42,4.39,25.16,5.55,40.73,24.17,1.54,54.33,0.24,7.1,3.99,0.23,0.96,27.27
2025-01-22,4.38,8.99,3.5,0.35,6.44,32.86,16.51,0.48,26.49,29.81,1.47,29.6,39.12,7.28,2.16,12.96,33.36,37.31,3.41,3.52,27.2,65.26,5.07,2.47,22.87,26.8,36.65,13.68,4.43,25.25,5.52,40.81,23.99,1.48,54.29,0.24,7.02,4.0,0.54,0.95,27.09
2025-01-23,4.43,8.98,3.52,0.37,6.46,33.13,16.3,0.42,26.39,29.93,1.43,29.8,38.84,7.27,2.19,12.92,33.4,37.26,3.44,3.52,27.15,65.3,5.08,2.47,23.0,26.72,36.85,13.43,4.4,25.09,5.56,40.71,24.24,1.54,54.38,0.23,7.09,3.98,0.22,0.99,27.21
2025-01-24,4.45,8.99,3.5,0.37,6.49,33.14,16.33,0.46,26.27,29.98,1.43,29.75,38.84,7.33,2.18,12.85,33.44,37.22,3.44,3.54,27.12,65.32,5.08,2.48,22.97,26.73,36.82,13.48,4.42,25.17,5.57,40.7,24.14,1.56,54.43,0.24,7.1,3.94,0.22,0.99,27.14
2025-01-25,4.36,9.09,3.44,0.35,6.46,32.83,16.42,0.47,26.58,29.89,1.43,29.56,39.12,7.28,2.16,12.93,33.55,37.19,3.38,3.51,27.21,65.24,5.08,2.47,22.99,26.67,36.72,13.62,4.38,25.06,5.47,40.84,24.25,1.51,54.0,0.24,7.05,3.98,0.53,0.99,27.36
2025-01-26,4.43,9.11,3.48,0.08,6.55,33.19,16.39,0.47,26.3,29.78,1.45,29.93,38.84,7.38,2.16,12.85,33.52,37.09,3.44,3.56,27.19,65.26,5.08,2.47,22.96,26.59,36.97,13.48,4.44,25.21,5.58,40.58,24.19,1.55,54.24,0.24,7.12,4.0,0.22,1.01,27.24
2025-01-27,4.32,9.17,3.45,0.35,6.45,32.81,16.42,0.47,26.56,29.85,1.49,29.58,39.08,7.28,2.17,13.05,33.43,37.16,3.35,3.56,27.15,65.23,5.13,2.49,22.87,26.74,36.78,13.61,4.37,25.2,5.45,40.98,24.0,1.46,53.92,0.25,7.01,4.04,0.53,1.02,27.37
2025-01-28,4.33,9.19,3.52,0.35,6.33,32.85,16.21,0.44,26.78,29.72,1.49,29.74,39.05,7.2,2.24,13.02,33.6,37.08,3.31,3.55,27.05,65.33,5.15,2.47,23.02,26.74,36.72,13.52,4.31,25.05,5.45,40.98,24.21,1.5,53.95,0.25,6.99,4.07,0.55,0.96,27.35
2025-01-29,4.31,9.13,3.53,0.35,6.33,32.8,16.23,0.37,26.95,29.65,1.51,29.81,39.03,7.07,2.14,13.21,33.57,37.11,3.34,3.56,27.18,65.22,5.09,2.51,23.02,26.7,36.48,13.8,4.29,25.18,5.51,41.02,24.0,1.53,54.42,0.24,6.92,4.0,0.55,0.93,27.06
2025-01-30,4.34,9.08,3.66,0.08,6.47,32.8,16.51,0.37,26.69,29.42,1.51,30.41,38.66,7.28,2.16,13.3,33.65,36.67,3.37,3.57,27.16,65.16,5.08,2.6,23.11,26.45,36.8,13.64,4.39,25.07,5.74,40.92,23.88,1.54,54.46,0.25,6.98,3.98,0.27,0.91,27.17
2025-01-31,4.34,9.43,3.57,0.12,6.38,32.75,16.24,0.38,26.79,29.02,1.49,30.34,39.15,7.32,2.19,13.39,33.49,36.55,3.4,3.66,27.38,64.96,5.12,2.54,23.38,26.54,36.69,13.39,4.48,25.25,5.7,40.58,23.99,1.72,54.36,0.25,6.9,4.0,0.37,0.9,27.18
2025-02-01,4.29,9.38,3.45,0.12,6.39,32.69,16.37,0.43,26.88,28.64,1.48,30.21,39.67,7.37,2.16,13.2,33.82,36.44,3.4,3.61,27.3,65.01,5.1,2.59,23.39,26.34,36.92,13.35,4.51,25.42,5.65,40.28,24.14,1.54,54.51,0.24,7.03,4.03,0.38,0.93,27.1
2025-02-02,4.38,9.44,3.42,0.12,6.41,32.54,16.39,0.43,26.87,28.76,1.5,30.19,39.55,7.35,2.16,13.24,33.79,36.43,3.4,3.63,27.25,65.06,5.13,2.56,23.34,26.38,36.94,13.34,4.47,25.4,5.71,40.25,24.17,1.55,54.67,0.25,7.05,3.98,0.39,0.93,26.98
2025-02-03,4.69,9.25,3.54,0.08,6.44,32.15,16.45,0.4,27.0,28.46,1.42,30.46,39.66,7.49,2.18,13.17,33.96,36.38,3.34,3.48,27.08,65.24,5.11,2.57,23.19,26.46,36.88,13.47,4.34,25.26,5.52,40.38,24.5,1.54,54.51,0.27,7.25,4.06,0.42,0.92,26.8
2025-02-04,4.62,9.47,3.58,0.1,6.37,32.1,16.33,0.41,27.02,28.8,1.42,30.66,39.12,7.35,2.18,13.13,33.72,36.95,3.32,3.35,26.75,65.57,5.24,2.44,23.04,26.6,36.85,13.51,4.41,26.05,5.3,40.19,24.05,1.43,54.42,0.31,7.43,4.15,0.35,0.99,26.6
2025-02-05,4.76,9.48,3.7,0.06,6.4,31.69,16.76,0.41,26.74,29.26,1.38,30.7,38.66,7.52,2.16,13.07,33.43,37.15,3.32,3.35,26.34,65.72,5.38,2.56,22.77,26.75,36.79,13.69,4.43,25.56,5.29,40.39,24.33,1.32,53.88,0.32,7.35,4.19,0.34,1.06,27.24
2025-02-06,4.88,10.09,3.68,0.06,6.14,31.26,16.61,0.42,26.86,29.79,1.4,30.13,38.68,7.42,2.08,13.12,33.76,36.9,3.29,3.43,26.43,65.6,5.39,2.58,22.95,27.07,36.58,13.4,4.76,25.16,5.42,40.34,24.32,1.45,54.4,0.26,7.21,4.2,0.26,1.01,26.65
2025-02-07,4.74,10.27,3.54,0.05,6.33,31.63,16.49,0.39,26.56,29.46,1.5,30.71,38.33,7.34,2.2,13.03,33.67,36.98,3.36,3.42,27.15,65.04,5.2,2.61,23.26,26.55,36.91,13.28,4.8,24.43,5.39,40.7,24.68,1.57,54.17,0.28,7.01,4.22,0.3,1.11,26.69
2025-02-08,4.69,9.95,3.63,0.05,6.57,31.05,16.54,0.33,27.19,29.91,1.36,30.58,38.15,7.37,2.2,13.16,33.79,36.85,3.36,3.27,27.16,65.02,5.38,2.44,23.41,26.36,37.35,12.88,4.63,24.21,5.31,40.75,25.1,1.73,53.88,0.47,7.05,4.06,0.31,1.1,27.16
2025-02-09,4.74,9.87,3.64,0.05,6.6,31.03,16.62,0.34,27.11,29.91,1.33,30.6,38.16,7.39,2.19,13.04,33.79,36.95,3.37,3.27,26.99,65.19,5.38,2.44,23.37,26.45,37.29,12.89,4.71,24.22,5.34,40.7,25.03,1.73,53.77,0.47,7.08,4.05,0.31,1.12,27.22
2025-02-10,4.78,9.81,3.72,0.03,6.48,30.7,17.22,0.24,27.02,29.85,1.4,30.85,37.9,7.33,2.28,12.74,34.16,36.89,3.39,3.21,26.28,65.56,5.48,2.68,23.1,27.24,36.88,12.78,4.9,24.01,4.93,41.73,24.43,1.86,53.5,0.46,6.81,4.0,0.34,1.11,27.9
2025-02-11,4.83,10.1,4.08,0.03,6.56,30.95,16.74,0.31,26.4,30.01,1.38,30.65,37.96,7.2,2.52,12.97,34.01,36.77,3.4,3.13,27.45,64.76,5.03,2.76,23.79,27.36,36.03,12.82,4.78,24.42,4.9,41.11,24.79,1.57,53.72,0.46,6.96,3.72,0.41,0.98,28.17
2025-02-12,4.98,10.1,3.87,0.02,6.55,30.52,16.7,0.28,26.98,29.62,1.43,31.01,37.94,7.25,2.4,12.94,33.85,36.99,3.4,3.17,27.77,63.81,5.41,3.01,24.55,27.0,35.77,12.68,4.61,23.79,4.94,41.7,24.96,1.17,53.44,0.41,6.96,3.71,0.36,0.91,29.05
2025-02-13,5.2,10.18,3.4,0.02,6.45,30.1,16.87,0.33,27.45,28.55,1.49,32.03,37.93,7.13,2.2,13.33,34.04,36.44,3.34,3.52,26.99,63.77,6.23,3.01,24.45,27.46,35.25,12.84,4.57,23.65,4.71,41.72,25.35,1.14,54.22,0.39,6.8,3.47,0.31,1.18,28.44
2025-02-14,5.42,10.06,3.31,0.03,6.26,30.41,16.97,0.25,27.29,28.0,1.47,31.89,38.64,7.42,2.28,13.17,34.21,36.22,3.31,3.39,27.24,63.21,6.57,2.98,24.28,27.5,35.71,12.51,4.26,23.53,4.48,42.79,24.94,1.02,54.08,0.43,7.04,3.48,0.29,1.35,28.25
2025-02-15,5.4,10.25,3.28,0.03,6.4,28.73,17.88,0.19,27.84,26.94,1.5,31.17,40.39,7.79,2.37,12.99,34.21,35.63,3.55,3.46,27.77,62.86,6.58,2.79,24.28,26.89,36.09,12.74,4.27,23.69,4.35,43.32,24.37,0.95,53.83,0.43,7.23,3.38,0.33,1.34,28.52
2025-02-16,5.38,10.19,3.25,0.03,6.42,28.85,17.85,0.19,27.84,26.9,1.44,31.19,40.47,7.78,2.37,12.98,34.29,35.59,3.54,3.45,27.72,62.94,6.56,2.78,24.27,26.98,36.02,12.73,4.28,23.68,4.37,43.3,24.37,0.96,53.73,0.41,7.3,3.38,0.33,1.3,28.64
2025-02-17,5.48,10.1,3.22,0.03,6.5,28.32,18.02,0.2,28.13,27.03,1.41,31.06,40.5,8.12,2.41,13.05,33.54,36.04,3.4,3.44,27.9,62.49,6.85,2.76,24.28,26.73,36.42,12.57,4.11,23.45,4.52,43.58,24.34,0.87,53.05,0.48,7.14,3.39,0.38,1.36,29.33
2025-02-18,5.58,9.77,3.31,0.03,6.3,28.72,17.86,0.23,28.2,27.59,1.51,30.63,40.27,8.02,2.42,13.06,32.95,36.82,3.33,3.4,27.89,62.91,6.4,2.8,24.13,26.93,36.14,12.8,4.03,23.82,4.66,43.33,24.16,0.88,52.84,0.47,7.15,3.39,0.45,1.31,29.47
2025-02-19,5.74,10.01,3.35,0.03,6.67,28.9,17.61,0.26,27.43,26.83,1.54,31.6,40.03,7.89,2.5,13.59,33.56,35.76,3.16,3.54,28.39,62.34,6.32,2.95,24.06,26.59,37.34,12.01,4.18,23.27,4.64,44.3,23.61,0.92,52.45,0.48,7.0,3.58,0.5,1.27,29.53
2025-02-20,5.78,10.05,3.28,0.02,6.68,28.87,17.7,0.27,27.35,26.81,1.52,31.72,39.95,7.69,2.49,13.78,33.83,35.38,3.24,3.59,28.49,62.31,6.28,2.92,24.28,26.43,37.19,12.1,3.98,23.03,4.6,44.68,23.71,0.85,51.94,0.49,7.02,3.75,0.5,1.31,29.84
2025-02-21,5.99,9.66,3.33,0.03,6.36,28.58,17.81,0.24,28.0,26.35,1.49,31.93,40.23,7.15,2.44,13.5,33.65,36.83,2.85,3.58,28.61,62.02,6.4,2.97,24.02,26.21,37.23,12.54,4.0,23.1,4.67,44.79,23.44,1.08,51.73,0.46,7.25,3.74,0.52,1.37,29.59
2025-02-22,5.98,10.25,3.34,0.02,6.31,28.24,17.54,0.21,28.11,26.11,1.5,32.43,39.96,7.2,2.52,13.23,33.56,37.08,3.0,3.41,28.27,62.61,6.27,2.85,23.87,26.26,36.89,12.98,4.34,22.27,4.82,44.59,23.98,1.13,51.45,0.45,6.99,3.77,0.58,1.65,29.59
2025-02-23,5.98,10.09,3.36,0.03,6.29,28.26,17.61,0.22,28.16,26.1,1.53,32.36,40.01,7.31,2.51,13.21,33.61,36.96,3.0,3.4,28.21,62.64,6.3,2.85,23.88,26.25,36.98,12.89,4.34,22.32,4.79,44.5,24.05,1.13,51.34,0.45,7.0,3.79,0.58,1.64,29.67
2025-02-24,5.79,10.01,3.69,0.03,6.23,27.97,17.38,0.2,28.7,26.83,1.52,31.75,39.9,7.15,2.37,12.61,33.78,37.66,3.09,3.34,28.67,62.09,6.36,2.88,23.09,26.16,37.68,13.07,4.14,22.27,4.81,44.16,24.62,1.18,51.86,0.5,6.89,3.52,0.56,1.67,29.44
2025-02-25,4.73,11.81,3.75,0.07,6.15,28.25,16.04,0.22,28.98,27.55,1.72,31.84,38.89,6.67,2.56,12.64,33.01,38.4,3.83,2.89,27.51,64.14,5.59,2.76,23.22,25.38,36.75,14.65,4.38,21.48,4.86,42.96,26.32,1.58,51.09,0.59,6.67,4.38,0.52,1.7,28.96
2025-02-26,4.73,11.7,3.78,0.07,6.2,28.25,16.07,0.22,28.98,27.52,1.72,31.78,38.98,6.68,2.54,12.69,33.06,38.33,3.81,2.89,27.52,64.13,5.57,2.78,23.15,25.34,36.87,14.64,4.38,21.48,4.93,42.98,26.23,1.58,51.03,0.59,6.76,4.35,0.52,1.71,28.92
2025-02-27,3.96,12.0,3.89,0.1,6.65,28.57,17.62,0.22,26.99,27.98,1.75,32.92,37.35,7.16,2.48,11.79,34.03,37.5,3.7,3.34,29.38,61.83,5.99,2.8,24.66,23.7,37.68,13.96,4.46,21.33,5.69,44.76,23.76,1.27,48.03,0.66,6.66,5.1,0.56,1.84,31.36
2025-02-28,3.78,11.72,4.0,0.1,6.88,28.55,17.3,0.25,27.42,27.91,1.63,31.81,38.65,7.54,2.38,11.14,33.92,37.62,4.09,3.31,29.28,61.08,6.55,3.09,24.9,24.59,37.11,13.4,4.61,22.79,5.92,43.07,23.61,1.22,48.36,0.59,6.71,4.83,0.38,2.24,30.96
2025-03-01,3.85,11.71,4.79,0.1,6.03,28.88,17.48,0.32,26.84,26.43,1.63,30.78,41.16,6.74,2.46,11.48,34.7,36.9,4.04,3.68,28.36,62.19,6.53,2.92,24.92,25.2,37.13,12.75,4.19,23.4,5.13,43.65,23.63,0.85,47.67,0.62,7.11,4.96,0.39,2.64,31.05
2025-03-02,3.8,11.75,4.79,0.1,6.03,28.93,17.35,0.32,26.93,26.51,1.65,30.65,41.19,6.83,2.46,11.48,34.64,36.86,4.04,3.69,28.49,62.05,6.54,2.92,24.77,25.23,37.25,12.75,4.27,23.38,5.19,43.39,23.77,0.85,47.68,0.63,7.13,4.97,0.39,2.67,31.01
2025-03-03,3.95,11.47,4.43,0.08,6.36,28.36,17.57,0.31,27.47,25.7,1.58,29.58,43.14,7.12,2.1,11.96,34.17,37.3,3.79,3.56,28.06,62.24,6.79,2.91,24.42,25.54,37.07,12.97,4.25,23.49,4.92,42.32,25.02,0.98,48.31,0.43,7.21,5.21,0.45,2.5,30.24
2025-03-04,4.03,11.41,4.31,0.09,6.19,28.79,17.49,0.28,27.41,25.83,1.48,28.33,44.36,6.4,2.0,11.83,34.16,38.67,3.3,3.64,27.53,63.63,6.18,2.66,23.86,25.25,36.84,14.05,3.62,23.04,5.01,42.28,26.05,0.98,49.62,0.5,7.26,5.15,0.31,2.13,29.49
2025-03-05,4.32,11.15,4.23,0.09,6.16,28.74,17.55,0.37,27.39,26.12,1.5,28.51,43.87,6.45,2.1,11.92,33.6,39.03,3.19,3.71,27.29,64.26,5.92,2.53,23.97,25.32,37.06,13.65,3.77,23.09,5.26,42.52,25.36,1.45,49.46,0.31,6.96,5.14,0.48,2.01,29.71
2025-03-06,4.39,11.67,3.69,0.09,6.51,27.75,17.41,0.36,28.13,25.37,1.58,29.54,43.51,6.67,1.94,11.48,34.5,38.46,3.29,3.66,27.48,63.89,5.97,2.66,24.2,24.05,37.46,14.29,3.91,22.88,5.74,42.56,24.91,1.48,48.55,0.31,7.39,5.11,0.46,1.85,30.05
2025-03-07,4.38,11.05,3.86,0.09,6.76,27.58,17.92,0.25,28.11,25.16,1.59,30.8,42.45,6.8,1.82,11.7,35.52,37.15,3.45,3.56,28.21,63.61,5.63,2.55,24.51,23.48,37.5,14.51,3.84,22.08,5.99,43.25,24.84,1.54,47.35,0.33,7.84,5.51,0.46,1.7,31.01
2025-03-08,4.0,11.07,4.06,0.07,6.66,28.8,16.97,0.29,28.08,26.41,1.56,32.27,39.76,6.43,2.18,11.67,35.96,36.52,3.56,3.68,28.83,63.08,5.67,2.42,23.93,24.49,36.76,14.82,3.74,23.71,5.86,43.02,23.67,1.46,48.97,0.31,7.34,5.25,0.38,1.49,30.62
2025-03-09,3.98,11.1,4.05,0.07,6.65,28.71,16.94,0.29,28.21,26.35,1.6,32.31,39.74,6.44,2.17,11.67,36.12,36.39,3.53,3.68,28.92,62.99,5.67,2.42,23.96,24.46,36.71,14.87,3.77,23.7,5.87,43.01,23.65,1.46,48.96,0.3,7.33,5.26,0.38,1.47,30.65
2025-03-10,3.83,11.78,4.37,0.03,6.52,28.45,16.98,0.34,27.7,25.11,1.6,33.16,40.13,6.44,2.05,11.73,36.66,36.34,3.29,3.49,28.47,63.34,5.59,2.6,23.84,23.35,37.39,15.42,3.9,22.11,5.47,44.49,24.03,1.36,49.43,0.31,6.72,5.22,0.37,1.34,30.36
2025-03-11,4.1,11.4,4.51,0.03,6.14,29.53,15.97,0.28,28.04,26.22,1.54,32.64,39.6,6.65,2.33,11.38,36.46,36.32,3.35,3.51,27.98,63.61,5.95,2.46,23.91,24.09,36.64,15.36,3.89,23.06,5.38,43.58,24.09,1.21,49.41,0.29,6.74,5.01,0.38,1.18,30.66
2025-03-12,4.05,11.26,4.07,0.02,6.17,30.55,15.68,0.24,27.96,27.37,1.54,31.95,39.14,6.34,2.2,11.64,36.53,36.67,3.35,3.27,27.82,63.71,5.99,2.48,23.46,24.3,36.5,15.74,3.84,22.46,5.33,43.39,24.98,1.27,50.2,0.3,7.33,4.54,0.33,1.03,30.21
2025-03-13,4.09,11.59,3.99,0.02,6.17,30.27,15.12,0.22,28.53,26.86,1.47,31.43,40.24,6.5,2.44,11.44,36.74,36.36,2.85,3.67,28.13,63.46,5.95,2.46,23.81,24.41,36.45,15.33,3.82,23.43,5.91,42.56,24.28,0.99,50.61,0.31,7.4,4.75,0.38,1.14,29.64
2025-03-14,4.1,11.58,3.99,0.02,6.2,30.26,15.08,0.22,28.55,26.9,1.5,31.41,40.19,6.5,2.44,11.46,36.76,36.34,2.86,3.64,28.11,63.48,5.93,2.48,23.82,24.41,36.42,15.35,3.79,23.46,5.91,42.55,24.29,1.0,50.6,0.31,7.38,4.76,0.38,1.13,29.66
2025-03-15,4.1,11.62,3.97,0.02,6.16,30.23,15.08,0.22,28.6,26.89,1.46,31.37,40.28,6.49,2.44,11.44,36.72,36.41,2.85,3.65,28.13,63.49,5.93,2.45,23.75,24.45,36.45,15.35,3.8,23.42,5.91,42.55,24.32,0.99,50.64,0.31,7.41,4.77,0.38,1.14,29.64
2025-03-16,4.08,11.61,4.0,0.02,6.24,30.3,15.0,0.22,28.53,26.91,1.5,31.36,40.23,6.5,2.45,11.41,36.8,36.35,2.86,3.63,28.11,63.5,5.92,2.47,23.81,24.44,36.41,15.34,3.84,23.43,5.89,42.57,24.27,0.99,50.61,0.32,7.36,4.75,0.38,1.14,29.66
2025-03-17,3.75,11.73,4.19,0.02,6.02,28.74,15.84,0.21,29.5,26.35,1.51,29.64,42.5,7.02,2.68,10.46,35.96,36.52,3.27,4.09,27.23,64.51,5.49,2.77,23.9,24.57,36.27,15.26,3.48,24.49,5.84,41.33,24.86,1.02,50.35,0.32,7.38,4.81,0.5,1.02,30.28
2025-03-18,3.9,10.48,5.28,0.02,6.21,28.81,15.87,0.23,29.2,25.67,1.51,29.82,43.0,6.62,2.47,10.16,37.68,35.99,3.32,3.76,26.56,65.12,5.59,2.73,23.66,24.22,36.0,16.12,3.48,24.26,5.47,42.71,24.08,1.11,49.87,0.24,7.66,4.62,0.84,1.41,29.86
2025-03-19,4.2,10.53,5.51,0.02,6.31,28.63,15.72,0.27,28.81,25.12,1.53,30.64,42.71,5.95,2.47,10.19,38.61,35.58,3.54,3.66,27.05,64.65,5.58,2.72,24.4,23.95,36.03,15.62,3.77,24.09,4.56,43.95,23.63,1.16,51.19,0.24,7.21,4.6,0.56,1.11,29.31
2025-03-20,4.73,10.58,5.45,0.02,6.67,29.23,14.95,0.32,28.05,25.35,1.49,30.87,42.29,6.68,2.21,10.85,38.63,34.3,3.59,3.74,27.26,64.78,5.3,2.66,23.96,23.79,37.0,15.25,3.83,23.67,4.77,44.62,23.11,1.19,50.23,0.32,7.65,4.65,0.93,1.28,29.32
2025-03-21,4.86,10.31,5.05,0.02,6.79,30.35,15.1,0.36,27.16,26.05,1.52,29.16,43.27,6.68,2.24,10.76,38.56,34.19,4.12,3.45,26.41,65.49,5.63,2.47,23.84,24.42,36.36,15.38,4.15,23.73,5.21,43.67,23.24,1.25,50.82,0.3,7.87,4.62,0.73,0.93,28.79
2025-03-22,5.21,10.95,4.47,0.02,6.9,30.96,14.97,0.29,26.23,25.39,1.48,29.94,43.19,7.08,2.16,11.16,37.73,34.6,4.19,3.08,26.43,65.8,5.43,2.34,23.47,24.59,36.69,15.25,4.24,23.06,5.4,43.9,23.4,1.47,51.01,0.3,7.51,5.04,0.58,0.94,28.49
2025-03-23,5.21,11.05,4.45,0.02,6.9,30.88,14.96,0.29,26.24,25.45,1.49,29.94,43.12,7.09,2.13,11.18,37.63,34.65,4.24,3.08,26.42,65.81,5.4,2.37,23.39,24.59,36.7,15.32,4.23,23.06,5.41,43.84,23.46,1.47,50.92,0.3,7.48,5.08,0.58,0.93,28.62
2025-03-24,5.17,11.05,4.44,0.02,6.91,30.87,14.96,0.29,26.29,25.4,1.45,30.0,43.15,7.08,2.13,11.21,37.67,34.59,4.24,3.08,26.48,65.76,5.4,2.36,23.44,24.51,36.76,15.29,4.23,23.01,5.42,43.89,23.45,1.47,50.97,0.3,7.5,5.07,0.59,0.93,28.55
2025-03-25,5.16,11.09,4.49,0.02,6.9,30.84,14.94,0.29,26.27,25.35,1.47,30.01,43.17,7.09,2.12,11.19,37.74,34.54,4.24,3.08,26.5,65.68,5.44,2.38,23.47,24.53,36.69,15.31,4.22,22.94,5.41,43.99,23.44,1.48,51.04,0.3,7.44,5.07,0.59,0.93,28.5
2025-03-26,5.21,11.1,4.46,0.02,6.87,30.9,14.92,0.29,26.23,25.34,1.48,29.98,43.2,7.07,2.16,11.18,37.65,34.66,4.2,3.08,26.47,65.73,5.43,2.37,23.46,24.48,36.73,15.33,4.25,22.99,5.44,43.86,23.46,1.46,51.03,0.3,7.46,5.01,0.59,0.93,28.54
2025-03-27,5.17,10.99,4.47,0.02,6.9,30.92,14.93,0.29,26.31,25.38,1.49,29.92,43.21,7.09,2.15,11.15,37.72,34.61,4.19,3.09,26.47,65.76,5.41,2.36,23.4,24.52,36.79,15.29,4.22,23.03,5.39,43.93,23.43,1.47,51.02,0.3,7.47,5.01,0.59,0.93,28.58
2025-03-28,5.19,11.06,4.45,0.02,6.91,30.85,14.94,0.29,26.29,25.36,1.44,30.04,43.16,7.09,2.14,11.19,37.72,34.56,4.23,3.07,26.48,65.74,5.4,2.38,23.55,24.48,36.67,15.3,4.22,22.99,5.41,43.94,23.44,1.47,51.03,0.3,7.49,5.07,0.59,0.93,28.47
2025-03-29,5.19,11.05,4.44,0.02,6.9,30.96,14.97,0.29,26.18,25.4,1.48,29.99,43.13,7.1,2.13,11.19,37.68,34.58,4.24,3.08,26.44,65.78,5.41,2.37,23.43,24.59,36.69,15.29,4.3,23.03,5.41,43.82,23.44,1.46,50.95,0.3,7.48,5.06,0.59,0.94,28.58
2025-03-30,5.23,10.96,4.48,0.02,6.9,30.87,14.97,0.29,26.28,25.37,1.51,30.0,43.12,7.09,2.14,11.16,37.68,34.64,4.2,3.09,26.49,65.75,5.4,2.36,23.43,24.47,36.79,15.31,4.24,23.01,5.43,43.9,23.42,1.45,50.99,0.3,7.49,5.03,0.59,0.93,28.53
2025-03-31,5.19,10.95,4.48,0.02,6.92,30.95,14.94,0.29,26.26,25.35,1.45,30.01,43.19,7.09,2.15,11.17,37.75,34.57,4.19,3.08,26.45,65.78,5.42,2.35,23.46,24.52,36.73,15.29,4.25,22.98,5.42,43.91,23.44,1.46,51.05,0.3,7.5,5.0,0.59,0.93,28.48
2025-04-01,5.29,10.98,4.5,0.02,7.25,31.93,14.39,0.27,25.37,26.13,1.42,29.98,42.47,7.12,1.78,12.01,36.31,35.27,4.19,3.32,26.22,65.86,5.51,2.41,22.29,25.63,37.05,15.03,4.14,23.6,5.73,42.51,24.02,1.37,51.11,0.33,7.44,5.1,0.52,1.0,28.31
2025-04-02,5.07,11.1,4.52,0.02,7.09,32.45,14.84,0.31,24.6,26.28,1.43,30.02,42.27,7.01,1.86,11.96,36.25,35.16,4.44,3.32,26.37,65.59,5.68,2.36,22.55,25.76,36.99,14.7,3.91,23.42,6.02,43.13,23.52,1.56,51.09,0.34,7.0,5.02,0.53,0.87,28.49
2025-04-03,4.97,11.87,4.54,0.02,6.51,31.85,14.97,0.4,24.87,24.78,1.41,30.57,43.24,7.41,2.05,12.58,35.09,35.83,3.49,3.55,26.45,65.04,6.16,2.35,22.27,24.59,39.08,14.06,3.55,22.96,5.69,44.73,23.07,1.49,51.57,0.35,7.67,4.85,0.48,0.85,28.28
2025-04-04,5.2,11.75,4.63,0.01,6.34,30.59,15.29,0.39,25.8,24.98,1.38,29.53,44.11,7.38,2.34,11.9,36.35,35.15,3.41,3.47,26.39,64.76,6.51,2.34,22.26,24.45,39.35,13.94,3.61,23.1,5.35,44.75,23.19,1.55,51.14,0.34,7.58,5.33,0.44,0.91,28.18
2025-04-05,5.24,11.75,4.45,0.01,5.99,30.57,15.18,0.38,26.43,25.68,1.34,29.32,43.66,7.23,2.36,13.01,34.78,35.68,3.4,3.54,25.66,65.48,6.47,2.39,22.01,25.04,38.72,14.23,3.91,22.8,5.37,44.36,23.56,1.53,51.25,0.3,7.42,5.35,0.59,0.85,28.22
2025-04-06,5.24,11.76,4.46,0.01,6.0,30.58,15.14,0.38,26.43,25.67,1.36,29.32,43.65,7.25,2.35,13.01,34.75,35.7,3.41,3.53,25.64,65.51,6.45,2.4,21.98,25.05,38.74,14.23,3.86,22.83,5.37,44.39,23.55,1.52,51.26,0.3,7.39,5.33,0.6,0.86,28.24
2025-04-07,4.99,11.85,4.36,0.01,5.9,30.92,14.79,0.36,26.82,26.03,1.39,28.9,43.68,6.98,2.29,12.88,35.05,35.53,3.45,3.82,26.0,65.13,6.44,2.43,21.96,25.24,39.06,13.74,3.88,22.31,5.29,44.49,24.03,1.52,51.22,0.27,7.34,5.28,0.64,0.85,28.43
2025-04-08,5.26,11.19,4.23,0.01,5.81,30.82,14.53,0.36,27.79,26.89,1.33,28.55,43.23,6.94,2.25,12.4,35.1,36.17,3.76,3.38,26.84,64.47,6.23,2.46,21.95,25.8,38.61,13.64,3.84,23.51,5.34,43.1,24.21,1.5,52.36,0.3,6.92,5.28,0.63,0.82,27.59
2025-04-09,5.11,10.85,4.13,0.01,5.76,31.86,15.1,0.4,26.78,26.68,1.4,27.95,43.97,6.9,2.16,12.23,34.86,36.66,3.94,3.25,26.42,65.32,5.88,2.38,22.42,25.9,37.94,13.74,3.89,24.02,5.26,43.48,23.35,1.43,51.49,0.3,7.21,5.35,0.68,0.89,28.32
2025-04-10,5.21,10.93,4.23,0.01,5.64,31.89,14.72,0.34,27.03,26.36,1.43,28.57,43.64,6.79,2.12,12.53,35.21,36.36,3.85,3.14,26.31,65.13,6.14,2.42,22.87,25.3,37.85,13.98,3.79,24.05,5.53,43.57,23.06,1.41,51.52,0.3,7.05,5.08,0.65,0.87,28.61
2025-04-11,5.25,11.0,4.12,0.01,5.65,31.73,15.53,0.35,26.36,26.02,1.45,28.75,43.78,6.85,2.09,12.9,35.66,35.49,3.9,3.11,26.23,64.7,6.62,2.45,23.48,25.02,37.49,14.01,3.93,24.67,5.34,43.55,22.51,1.56,51.11,0.26,6.72,5.51,0.62,0.94,29.02
2025-04-12,4.98,11.17,4.08,0.01,5.65,31.74,15.64,0.37,26.36,26.04,1.49,28.54,43.93,6.86,2.03,12.82,34.69,36.57,3.87,3.16,26.3,64.45,6.79,2.46,23.07,25.47,37.48,13.98,3.69,25.66,5.41,43.8,21.44,1.42,51.27,0.38,7.19,5.24,0.62,0.85,28.73
2025-04-13,4.98,11.18,4.07,0.01,5.61,31.68,15.73,0.38,26.36,26.02,1.47,28.51,44.0,6.87,2.03,12.84,34.66,36.62,3.83,3.15,26.2,64.53,6.8,2.47,23.13,25.49,37.45,13.93,3.66,25.74,5.41,43.79,21.4,1.43,51.25,0.38,7.19,5.24,0.62,0.85,28.79
2025-04-14,4.48,10.96,4.4,0.01,5.5,32.63,15.5,0.41,26.11,25.51,1.52,28.51,44.46,6.62,1.78,13.28,35.71,35.7,3.78,3.13,26.32,64.34,6.76,2.58,23.8,24.83,37.64,13.73,3.85,25.28,5.32,43.65,21.9,1.36,51.72,0.39,7.24,5.47,0.62,0.9,28.35
2025-04-15,4.29,10.44,4.45,0.01,5.86,32.16,16.5,0.43,25.86,25.66,1.47,27.89,44.98,6.54,1.87,12.3,34.83,36.95,4.31,3.2,26.25,64.46,6.77,2.52,24.0,25.23,37.44,13.33,4.03,25.91,5.21,42.32,22.53,1.3,52.29,0.34,6.93,5.03,0.43,0.92,29.06
2025-04-16,4.36,10.17,4.38,0.01,5.98,31.92,16.2,0.46,26.52,26.22,1.56,28.08,44.14,6.19,1.99,11.66,35.26,37.47,4.11,3.32,26.71,64.31,6.54,2.44,23.85,25.57,37.52,13.06,3.87,26.11,4.94,42.09,22.99,1.38,52.61,0.39,7.54,4.76,0.47,0.82,28.41
2025-04-17,4.45,9.87,4.48,0.01,5.88,31.92,16.13,0.41,26.85,26.32,1.7,28.09,43.89,6.15,1.9,11.7,35.31,37.48,3.99,3.47,26.83,64.2,6.49,2.48,23.8,25.39,37.37,13.44,4.06,25.46,4.85,41.76,23.87,1.67,52.87,0.28,7.39,4.7,0.48,0.82,28.17
2025-04-18,4.43,9.71,4.74,0.01,6.15,31.71,16.36,0.35,26.54,26.44,1.75,27.63,44.18,6.38,2.2,11.21,35.03,37.84,3.77,3.57,27.19,63.72,6.54,2.55,23.25,25.16,37.8,13.79,4.27,25.11,4.45,41.48,24.69,1.6,52.1,0.3,7.73,4.63,0.42,0.83,28.94
2025-04-19,4.33,9.67,4.5,0.01,6.19,31.65,16.57,0.4,26.68,25.67,1.76,27.78,44.79,6.19,2.19,11.19,35.45,37.66,3.75,3.57,27.02,63.81,6.66,2.51,23.48,25.27,37.56,13.69,4.16,24.43,4.53,41.85,25.03,1.45,51.91,0.31,7.94,4.6,0.59,0.91,28.63
2025-04-20,4.4,9.72,4.62,0.01,6.14,31.62,16.42,0.4,26.67,25.72,1.74,27.87,44.67,6.2,2.22,11.29,35.42,37.57,3.73,3.57,27.14,63.68,6.68,2.5,23.4,25.26,37.68,13.66,4.06,24.51,4.54,41.9,24.99,1.45,51.8,0.32,7.92,4.72,0.59,0.91,28.63
2025-04-21,4.63,9.26,4.51,0.01,6.17,32.49,15.82,0.46,26.65,26.18,1.63,28.56,43.63,6.39,2.08,11.56,35.77,36.99,3.71,3.5,26.93,63.58,6.96,2.53,22.84,25.72,37.28,14.16,4.26,24.81,4.78,41.37,24.78,1.27,52.66,0.3,7.87,4.25,0.56,1.14,28.33
2025-04-22,4.34,9.16,5.8,0.01,6.36,33.32,15.58,0.38,25.05,26.22,1.67,28.32,43.79,6.87,2.14,11.75,34.99,37.33,3.61,3.31,27.2,63.86,6.32,2.62,23.06,25.84,37.24,13.86,4.35,23.67,5.52,40.78,25.68,1.13,51.39,0.3,8.7,4.09,0.49,1.08,28.35
2025-04-23,4.46,8.72,5.72,0.01,6.22,34.01,15.3,0.62,24.94,25.63,1.54,28.67,44.16,6.4,2.13,11.79,35.49,36.99,3.93,3.27,26.44,64.37,6.6,2.59,22.91,25.79,37.77,13.53,4.4,24.48,5.12,39.96,26.04,1.11,51.38,0.22,8.76,4.1,0.52,1.08,28.27
2025-04-24,4.71,9.94,4.32,0.01,6.6,33.2,15.3,1.23,24.69,25.72,3.07,28.48,42.73,6.62,2.24,11.52,34.86,35.73,4.06,4.97,26.05,63.21,6.63,4.11,22.64,26.17,37.6,13.59,5.81,24.42,5.45,39.6,24.72,1.17,51.56,0.21,7.13,4.07,0.52,1.02,28.22
2025-04-25,4.83,10.67,4.28,0.02,6.16,32.73,14.81,1.36,25.14,25.49,1.58,29.96,42.97,6.84,2.25,11.33,35.4,36.88,4.24,3.06,27.09,63.45,6.88,2.58,21.35,25.02,38.38,15.25,4.26,24.03,6.78,40.59,24.34,1.08,51.53,0.2,7.34,3.82,0.44,1.03,27.71
2025-04-26,4.54,9.07,4.64,0.02,6.27,33.94,14.9,2.35,24.27,25.63,1.53,30.03,42.81,6.69,2.56,11.72,35.47,36.07,4.28,3.21,28.33,61.94,7.11,2.62,21.43,26.01,38.08,14.48,4.49,24.1,6.16,42.0,23.25,1.71,52.81,0.19,7.1,3.67,0.49,0.97,28.39
2025-04-27,4.54,9.06,4.67,0.02,6.26,33.96,14.76,2.37,24.36,25.71,1.55,29.89,42.85,6.69,2.59,11.41,35.6,36.19,4.3,3.22,28.04,62.19,7.15,2.62,21.24,26.06,38.2,14.5,4.53,24.2,6.21,41.78,23.28,1.72,52.58,0.19,7.11,3.71,0.49,0.98,28.52
2025-04-28,4.55,9.36,4.69,0.02,6.42,32.64,14.86,4.12,23.34,25.18,1.57,30.93,42.32,6.96,2.55,11.85,35.62,35.48,4.25,3.29,29.06,61.27,7.13,2.54,21.55,25.73,38.08,14.64,4.52,24.03,5.67,43.21,22.57,1.84,51.95,0.16,6.62,3.82,0.48,0.96,29.22
2025-04-29,4.75,9.74,4.78,0.05,6.4,31.02,15.41,4.78,23.07,24.44,1.58,30.99,42.99,7.01,2.49,11.55,35.44,35.88,4.05,3.58,28.29,61.53,7.61,2.57,22.3,25.03,37.71,14.96,4.5,23.3,5.21,43.52,23.47,1.87,52.07,0.18,6.68,4.01,0.36,0.88,29.16
2025-04-30,4.4,9.7,4.86,0.08,6.37,30.84,15.26,5.31,23.18,24.72,1.6,30.97,42.71,7.17,2.12,11.6,35.55,36.21,3.85,3.5,27.82,61.93,7.7,2.55,22.3,25.33,37.24,15.13,4.62,22.86,4.87,43.79,23.86,1.96,51.9,0.22,6.35,4.0,0.42,0.95,29.51
2025-05-01,4.41,9.6,4.78,0.08,6.46,30.75,15.3,5.45,23.17,24.56,1.59,31.1,42.75,7.14,1.94,11.62,35.3,36.51,3.92,3.57,27.73,61.98,7.76,2.53,22.24,25.53,37.16,15.07,4.57,23.04,4.89,43.58,23.92,2.03,52.3,0.22,6.14,4.08,0.51,0.86,29.13
2025-05-02,4.34,9.44,4.78,0.08,6.55,30.39,15.25,5.48,23.69,25.01,1.62,30.76,42.61,7.28,1.95,11.54,35.2,36.61,3.9,3.52,27.59,61.91,7.95,2.55,22.09,25.72,36.66,15.53,4.41,23.06,4.88,43.58,24.07,1.79,53.01,0.28,6.15,3.97,0.56,0.85,28.59
2025-05-03,4.34,9.45,4.78,0.08,6.54,30.42,15.24,5.44,23.71,25.15,1.62,30.8,42.43,7.22,1.96,11.57,35.16,36.66,3.91,3.52,27.59,61.98,7.88,2.55,22.04,25.82,36.68,15.46,4.42,23.17,4.86,43.56,23.99,1.79,53.03,0.28,6.14,4.0,0.56,0.88,28.52
2025-05-04,4.3,9.38,4.78,0.08,6.56,30.45,15.28,5.45,23.72,24.98,1.61,30.88,42.53,7.27,1.97,11.54,35.24,36.5,3.93,3.55,27.62,61.92,7.92,2.54,22.1,25.65,36.77,15.48,4.42,23.0,4.85,43.64,24.09,1.82,52.98,0.28,6.16,3.99,0.56,0.85,28.62
2025-05-05,4.3,9.71,4.34,0.07,6.7,29.55,15.23,6.14,23.96,25.73,1.59,30.13,42.55,7.36,1.92,11.24,35.88,36.31,3.74,3.55,27.84,61.67,7.96,2.53,21.29,26.13,36.96,15.62,4.45,23.18,4.73,43.03,24.61,1.68,53.52,0.26,6.78,3.91,0.6,1.07,28.14
2025-05-06,4.21,9.42,4.5,0.05,6.82,29.27,14.75,6.32,24.66,26.08,1.53,30.25,42.14,7.63,2.21,11.76,36.01,35.24,3.7,3.45,28.45,61.13,7.9,2.52,21.62,26.16,37.42,14.8,4.17,23.28,5.41,43.28,23.86,1.56,53.59,0.24,7.0,3.89,0.63,1.02,27.89
2025-05-07,4.26,9.45,4.39,0.06,6.77,29.7,14.74,6.25,24.38,26.14,1.45,29.87,42.54,7.32,2.15,11.81,36.28,35.23,3.83,3.38,28.14,61.66,7.68,2.52,21.6,26.53,37.11,14.76,4.21,23.06,5.44,43.37,23.92,1.59,53.79,0.23,6.97,3.76,0.62,1.04,27.96
2025-05-08,4.25,9.48,4.36,0.06,6.78,29.86,14.63,6.38,24.2,26.11,1.41,29.92,42.56,7.32,2.2,12.09,35.86,35.29,3.86,3.38,28.05,61.66,7.76,2.53,21.5,26.44,37.31,14.75,4.22,22.65,5.69,43.58,23.86,1.54,53.83,0.23,6.94,3.77,0.62,1.04,27.97
2025-05-09,4.29,9.43,4.25,0.06,6.83,30.0,14.73,6.4,24.01,26.33,1.44,29.84,42.39,7.39,2.27,12.01,35.93,35.14,3.89,3.37,28.26,61.42,7.78,2.54,21.36,26.35,37.5,14.79,4.17,22.54,5.69,43.77,23.83,1.45,54.13,0.21,7.0,3.73,0.64,1.04,27.73
2025-05-10,4.21,9.42,4.21,0.06,6.78,29.99,14.62,6.53,24.18,26.34,1.45,29.79,42.42,7.27,2.33,12.06,35.71,35.3,4.01,3.32,28.48,61.31,7.67,2.54,21.41,26.24,37.66,14.69,4.23,22.54,5.7,43.7,23.83,1.49,54.41,0.23,6.85,3.86,0.51,1.01,27.52
2025-05-11,4.19,9.46,4.19,0.06,6.75,30.05,14.58,6.5,24.22,26.3,1.47,29.73,42.5,7.24,2.32,12.02,35.8,35.23,4.05,3.34,28.5,61.28,7.68,2.54,21.36,26.33,37.61,14.7,4.24,22.59,5.67,43.65,23.85,1.5,54.43,0.23,6.89,3.86,0.54,0.97,27.54
2025-05-12,4.17,9.33,4.18,0.06,6.84,29.86,14.8,6.67,24.09,26.11,1.53,30.03,42.33,7.17,2.27,12.02,35.85,35.42,3.99,3.28,28.63,61.28,7.53,2.56,21.32,26.01,37.79,14.88,4.2,22.22,5.58,44.1,23.9,1.4,54.47,0.21,6.93,3.83,0.46,0.91,27.76
2025-05-13,4.06,9.84,4.23,0.06,6.72,29.77,14.62,6.65,24.05,25.91,1.51,30.34,42.24,7.29,2.35,12.24,35.77,35.05,4.11,3.19,29.06,61.2,7.19,2.55,21.37,26.0,37.63,15.0,4.37,21.75,5.51,44.49,23.88,1.48,54.34,0.24,6.92,3.89,0.5,0.92,27.53
2025-05-14,4.34,9.75,4.08,0.04,6.58,29.82,14.42,6.54,24.43,26.21,1.45,30.25,42.09,7.31,2.6,11.89,35.75,34.92,4.16,3.37,29.41,60.89,7.07,2.63,21.04,26.02,38.1,14.84,4.55,21.39,5.54,44.58,23.94,1.46,54.45,0.24,6.88,3.84,0.45,0.8,27.68
2025-05-15,4.41,9.93,4.22,0.04,5.99,29.37,14.28,6.89,24.87,25.8,1.44,30.71,42.05,7.27,2.81,12.2,35.88,34.21,4.25,3.38,29.36,61.33,6.65,2.66,20.82,25.51,39.38,14.29,4.61,20.4,5.44,45.87,23.68,1.36,54.46,0.19,7.34,4.13,0.45,0.75,27.42
2025-05-16,4.65,10.09,4.12,0.04,5.81,28.85,14.23,6.94,25.27,25.62,1.49,30.62,42.27,7.3,2.69,12.57,35.66,33.99,4.42,3.37,28.66,62.44,6.28,2.62,21.1,25.03,39.82,14.05,4.24,20.44,5.18,46.25,23.89,1.28,54.17,0.19,7.46,3.87,0.5,0.84,27.83
2025-05-17,4.62,9.88,4.26,0.04,5.88,28.3,13.89,6.41,26.72,26.01,1.53,30.45,42.01,6.82,2.53,12.37,36.37,34.06,4.31,3.54,28.51,62.77,6.11,2.61,20.74,25.88,39.01,14.37,4.6,21.07,5.27,45.18,23.88,1.56,54.56,0.19,7.57,3.88,0.38,0.9,27.39
2025-05-18,4.62,9.86,4.28,0.04,5.85,28.3,13.9,6.41,26.74,25.99,1.52,30.4,42.09,6.87,2.53,12.34,36.37,34.06,4.31,3.52,28.56,62.72,6.11,2.61,20.72,25.88,39.04,14.36,4.64,21.07,5.28,45.19,23.82,1.57,54.64,0.19,7.54,3.86,0.38,0.9,27.32
2025-05-19,4.56,10.09,4.41,0.04,5.82,28.58,13.59,6.45,26.46,25.99,1.53,30.12,42.36,7.08,2.33,12.13,36.58,34.16,4.23,3.49,28.05,63.23,6.04,2.68,21.0,25.59,39.0,14.41,4.54,21.42,5.03,45.49,23.52,1.44,54.33,0.18,7.44,3.91,0.35,0.91,27.72
2025-05-20,4.45,10.12,4.55,0.04,5.66,28.52,13.65,6.39,26.62,25.95,1.5,30.04,42.51,7.09,2.39,12.01,36.66,34.32,4.11,3.42,27.86,63.51,5.93,2.7,21.18,25.33,38.87,14.62,4.36,21.24,4.93,45.88,23.59,1.36,54.52,0.2,7.69,4.14,0.38,0.89,27.14
2025-05-21,3.98,10.48,4.51,0.04,5.73,28.77,13.69,6.19,26.61,26.15,1.56,29.53,42.76,6.86,2.6,11.49,36.8,34.67,4.11,3.47,27.54,63.31,6.49,2.66,21.52,25.75,38.35,14.38,4.58,21.35,4.99,45.82,23.26,1.31,54.37,0.2,7.88,4.02,0.48,1.04,26.64
2025-05-22,3.89,10.59,4.66,0.04,5.89,28.21,13.17,6.46,27.09,26.28,1.55,29.75,42.42,6.96,2.81,11.64,36.97,34.02,4.17,3.43,27.39,63.15,6.71,2.75,20.91,26.06,38.84,14.19,4.36,21.39,4.72,46.02,23.51,1.2,54.8,0.21,8.05,4.13,0.58,1.07,25.94
2025-05-23,3.82,10.9,4.24,0.05,5.72,28.81,13.48,6.29,26.69,26.39,1.56,30.21,41.84,7.03,2.84,11.7,36.61,34.38,3.98,3.46,27.47,62.81,7.12,2.6,21.36,25.6,39.23,13.81,4.21,21.03,4.94,46.45,23.37,1.28,54.81,0.2,8.22,3.97,0.59,1.15,25.86
2025-05-24,3.75,10.88,4.15,0.05,5.67,29.72,13.55,6.26,25.97,26.78,1.48,29.98,41.76,7.22,2.61,11.95,36.04,34.64,4.07,3.47,26.87,63.57,6.87,2.69,21.12,26.47,38.72,13.69,4.27,20.96,4.41,46.77,23.59,1.24,54.59,0.14,7.36,3.99,0.62,1.32,26.84
2025-05-25,3.75,10.84,4.13,0.05,5.69,29.68,13.57,6.29,26.0,26.77,1.54,29.98,41.71,7.24,2.61,11.93,36.1,34.6,4.06,3.46,26.94,63.52,6.85,2.69,21.08,26.44,38.72,13.76,4.23,20.94,4.5,46.75,23.58,1.24,54.62,0.14,7.35,4.02,0.62,1.33,26.83
2025-05-26,4.21,10.35,4.13,0.04,5.35,29.48,13.67,6.66,26.11,26.58,1.68,30.47,41.27,6.96,2.91,12.64,35.85,34.37,3.75,3.52,27.11,63.25,6.97,2.67,21.65,26.07,38.64,13.64,4.11,21.5,4.63,47.46,22.3,1.25,55.1,0.08,7.58,3.81,0.59,1.31,26.48
2025-05-27,4.24,10.43,4.39,0.04,5.25,29.96,13.81,6.5,25.38,27.77,1.61,29.01,41.61,6.84,2.62,12.96,35.33,35.33,3.51,3.41,26.75,63.71,6.8,2.74,21.9,26.92,37.67,13.51,3.98,22.25,4.16,46.98,22.63,1.2,55.45,0.11,7.1,3.76,0.57,1.07,27.11
2025-05-28,4.41,9.35,4.56,0.05,5.29,30.3,14.53,6.14,25.37,27.17,1.55,28.51,42.77,6.8,2.5,13.83,35.11,35.24,3.13,3.39,26.78,63.51,6.94,2.77,22.24,27.33,36.84,13.59,4.05,22.06,4.56,46.64,22.69,1.16,54.53,0.15,6.74,3.86,0.62,1.22,28.18
2025-05-29,4.3,9.18,4.64,0.06,5.22,30.71,14.3,6.26,25.33,26.93,1.6,28.87,42.6,6.47,2.72,13.82,35.59,35.27,2.8,3.33,27.73,62.32,7.04,2.91,21.95,26.83,37.21,14.01,3.95,21.82,4.5,47.58,22.15,1.29,54.96,0.13,6.33,4.01,0.63,1.26,27.98
2025-05-30,4.14,10.25,4.39,0.06,5.17,30.91,13.83,5.91,25.34,26.98,1.49,29.36,42.17,6.4,2.79,14.17,35.35,34.83,3.29,3.17,27.77,62.84,6.58,2.81,22.15,26.83,37.3,13.72,3.61,21.84,4.6,47.2,22.75,0.91,55.25,0.14,6.32,4.03,0.62,1.36,27.9
2025-05-31,4.3,11.07,4.21,0.12,4.99,29.69,13.76,5.84,26.02,26.42,1.52,29.1,42.96,6.47,2.33,14.83,35.84,34.14,3.39,3.0,28.66,61.9,6.58,2.86,22.7,25.77,38.17,13.36,3.58,22.29,4.63,46.25,23.25,1.0,54.31,0.13,6.42,4.1,0.63,1.49,26.72
2025-06-01,4.28,11.02,4.18,0.12,4.96,29.9,13.74,5.8,26.0,26.37,1.52,29.07,43.04,6.43,2.33,14.84,35.88,34.11,3.38,3.03,28.7,61.87,6.57,2.86,22.75,25.68,38.23,13.34,3.6,22.17,4.6,46.4,23.23,1.02,54.25,0.15,6.48,4.03,0.72,1.47,26.65
2025-06-02,4.49,10.93,4.18,0.14,5.07,29.48,14.56,5.55,25.6,26.91,1.56,28.57,42.96,6.36,2.19,14.46,36.26,34.27,3.43,3.03,29.18,61.03,6.98,2.81,22.63,25.54,38.75,13.08,3.46,21.69,3.95,46.77,24.13,1.13,54.71,0.14,6.52,3.84,0.53,1.43,26.36
2025-06-03,4.6,11.12,4.28,0.15,5.02,27.87,15.06,5.65,26.25,27.26,1.51,27.97,43.26,5.85,2.09,14.2,36.89,34.6,3.29,3.08,29.81,61.15,6.36,2.68,22.94,25.38,38.15,13.53,3.74,22.27,3.79,45.77,24.43,1.19,54.42,0.15,6.72,3.97,0.43,1.47,26.32
2025-06-04,5.46,10.31,3.76,0.14,5.29,28.31,15.03,5.72,25.98,26.6,1.52,28.79,43.09,6.03,2.28,13.09,37.02,35.12,3.42,3.04,30.66,60.29,6.42,2.63,21.49,26.06,38.78,13.67,3.69,20.49,4.12,46.75,24.95,1.19,56.23,0.18,6.83,3.98,0.31,0.99,26.52
2025-06-05,5.91,10.3,3.61,0.13,5.47,28.34,14.58,5.38,26.28,26.53,1.5,28.98,42.99,6.47,2.29,13.3,36.58,34.87,3.25,3.24,30.32,60.62,6.46,2.6,21.73,25.8,38.59,13.88,3.77,20.07,4.78,46.29,25.09,1.17,56.67,0.2,7.14,3.95,0.29,0.9,25.88
2025-06-06,6.28,9.98,3.74,0.12,5.62,28.41,14.03,5.44,26.38,26.05,1.55,28.61,43.79,6.31,2.31,13.31,36.72,35.2,2.94,3.21,29.92,61.37,6.3,2.41,21.03,26.5,38.51,13.96,3.83,19.9,4.78,45.78,25.71,1.17,56.96,0.21,6.93,3.78,0.26,0.84,26.24
2025-06-07,6.32,9.95,3.75,0.12,5.61,28.46,14.01,5.43,26.35,26.05,1.55,28.64,43.76,6.34,2.28,13.27,36.74,35.19,2.96,3.22,29.93,61.38,6.27,2.42,21.16,26.39,38.49,13.96,3.85,19.9,4.76,45.78,25.71,1.17,56.94,0.21,6.83,3.81,0.26,0.84,26.27
2025-06-08,6.33,9.91,3.74,0.12,5.61,28.49,14.04,5.4,26.36,26.01,1.56,28.7,43.73,6.33,2.29,13.28,36.76,35.14,2.96,3.24,29.93,61.34,6.3,2.43,21.17,26.32,38.52,13.99,3.8,19.87,4.78,45.82,25.73,1.17,56.99,0.21,6.82,3.81,0.26,0.84,26.27
2025-06-09,6.08,9.96,4.08,0.17,5.52,28.08,14.08,5.22,26.81,25.8,1.51,29.51,43.18,6.31,2.56,13.98,35.88,35.15,3.05,3.07,30.46,60.72,6.45,2.37,20.82,25.31,39.83,14.04,3.69,19.3,5.25,47.78,23.98,1.32,57.04,0.27,6.73,3.71,0.3,0.91,26.07
2025-06-10,5.8,10.25,4.53,0.14,5.4,28.66,13.59,4.77,26.86,25.41,1.5,29.89,43.2,6.65,2.52,13.96,36.0,34.76,2.92,3.19,30.25,60.69,6.38,2.68,20.52,25.13,40.03,14.32,3.71,19.5,5.06,47.75,23.98,1.34,57.02,0.25,6.5,4.29,0.34,0.9,25.97
2025-06-11,5.89,9.88,4.48,0.15,5.41,28.44,13.97,4.86,26.92,25.56,1.52,30.6,42.32,6.76,2.58,14.29,36.03,34.12,3.14,3.08,30.38,60.51,6.49,2.62,20.91,24.72,40.27,14.1,3.57,19.18,5.59,47.78,23.88,1.39,56.41,0.25,6.85,4.34,0.39,1.01,25.89
2025-06-12,6.02,10.02,4.62,0.09,5.3,29.12,13.88,4.52,26.43,26.06,1.55,30.29,42.1,7.14,2.55,14.22,35.25,34.47,3.25,3.12,30.33,60.41,6.51,2.75,21.13,24.55,40.45,13.87,3.57,19.16,5.65,47.62,24.0,1.34,55.77,0.24,6.75,4.53,0.52,1.11,26.05
2025-06-13,5.86,10.07,4.4,0.1,5.21,29.79,13.62,4.55,26.4,25.66,1.56,31.01,41.77,7.51,2.29,14.52,34.92,34.26,3.32,3.18,30.7,59.73,6.73,2.84,21.38,24.44,40.58,13.6,3.57,19.38,5.65,48.09,23.31,1.27,55.54,0.25,6.67,4.6,0.56,0.84,26.7
2025-06-14,6.13,9.92,4.45,0.07,5.7,29.93,13.2,4.55,26.05,25.57,1.62,30.81,42.0,7.47,2.35,13.8,34.98,34.48,3.63,3.29,31.02,59.35,6.94,2.69,21.7,24.42,39.85,14.03,3.52,19.6,5.81,47.54,23.53,1.26,55.16,0.31,6.61,4.5,0.51,0.83,26.84
2025-06-15,6.11,9.92,4.45,0.07,5.71,29.95,13.21,4.48,26.1,25.6,1.63,30.75,42.02,7.49,2.36,13.78,34.95,34.48,3.63,3.31,31.02,59.36,6.93,2.69,21.75,24.38,39.93,13.94,3.54,19.58,5.82,47.54,23.52,1.26,55.19,0.31,6.61,4.52,0.51,0.83,26.81
2025-06-16,6.28,10.22,4.7,0.05,5.61,29.43,12.73,4.39,26.59,25.37,1.6,30.84,42.19,7.33,2.45,13.86,35.0,34.3,3.69,3.37,31.41,58.9,6.94,2.75,22.4,23.67,40.08,13.85,3.46,19.86,5.87,47.62,23.19,1.22,54.89,0.31,7.04,4.59,0.45,0.83,26.45
2025-06-17,6.27,10.09,4.65,0.05,6.21,29.45,12.88,3.98,26.42,25.73,1.57,31.15,41.55,7.12,2.35,13.61,35.42,34.07,3.99,3.44,31.56,59.13,6.58,2.73,23.29,23.59,39.55,13.57,3.57,19.47,5.71,48.07,23.18,1.15,55.41,0.34,7.09,4.14,0.47,0.94,26.3
2025-06-18,6.24,10.32,4.92,0.06,6.6,28.86,12.65,3.92,26.43,26.21,1.85,31.14,40.8,6.9,2.19,13.59,35.36,34.52,3.96,3.48,31.6,59.23,6.43,2.74,24.12,23.22,39.37,13.29,3.55,19.96,5.34,48.3,22.85,1.25,55.18,0.33,7.67,4.03,0.4,0.9,25.86
2025-06-19,6.68,10.63,5.01,0.07,6.72,29.08,12.6,4.01,25.2,26.33,1.86,29.99,41.82,6.73,2.13,12.35,36.13,35.0,4.1,3.56,31.73,59.54,6.21,2.52,24.8,22.37,38.44,14.39,3.42,19.87,5.33,48.03,23.35,1.3,53.18,0.35,7.41,3.9,0.48,0.9,26.35
2025-06-20,6.66,10.48,4.89,0.07,7.24,28.56,12.97,3.89,25.24,26.73,1.94,30.32,41.01,6.58,1.95,12.22,36.35,35.17,4.13,3.6,31.01,59.7,6.63,2.66,24.32,22.5,38.97,14.21,3.33,20.47,4.61,47.54,24.05,1.17,53.82,0.28,6.94,3.79,0.46,0.98,26.4
2025-06-21,5.82,10.85,5.11,0.08,7.33,28.2,13.01,3.3,26.3,26.37,1.91,30.92,40.8,6.84,1.95,12.6,36.32,34.59,4.0,3.7,31.32,59.91,6.18,2.59,24.16,22.71,39.75,13.38,3.47,21.02,4.14,47.46,23.91,1.05,54.78,0.25,6.91,3.71,0.5,1.12,26.94
2025-06-22,5.78,10.97,5.13,0.08,7.36,28.22,13.12,2.94,26.4,26.44,1.92,30.81,40.83,6.87,1.95,12.31,36.43,34.74,4.0,3.7,31.15,60.04,6.2,2.61,24.07,22.64,39.87,13.42,3.48,21.04,4.12,47.27,24.09,1.04,54.55,0.25,7.0,3.77,0.5,1.12,27.02
2025-06-23,5.9,10.99,5.08,0.08,7.41,28.61,13.47,2.84,25.62,26.3,1.87,30.59,41.24,6.79,1.93,12.32,36.58,34.88,3.79,3.71,31.28,60.2,5.96,2.56,24.12,22.92,39.5,13.46,3.46,21.13,4.24,47.36,23.81,1.12,54.9,0.27,7.01,3.41,0.49,1.01,27.06
2025-06-24,5.9,10.87,5.07,0.08,7.35,28.49,13.43,2.91,25.9,26.45,1.88,30.79,40.88,6.91,1.88,12.53,36.18,34.82,4.0,3.68,30.63,60.83,5.94,2.6,24.15,23.39,38.96,13.5,3.5,21.69,4.26,46.94,23.61,1.02,55.37,0.26,6.47,3.25,0.86,0.92,26.95
2025-06-25,5.13,10.66,5.09,0.08,7.43,27.87,13.35,2.77,27.62,27.03,1.93,30.52,40.52,6.92,1.89,12.23,36.16,34.53,4.01,4.26,30.36,60.64,6.31,2.69,24.34,24.44,38.24,12.98,3.52,23.11,4.74,45.45,23.18,1.06,55.76,0.34,6.36,3.24,0.69,0.88,26.84
2025-06-26,5.49,10.71,4.98,0.07,7.06,27.57,12.95,2.98,28.19,26.5,1.64,31.02,40.84,6.82,1.99,12.21,36.68,33.74,4.08,4.48,30.44,60.0,6.83,2.73,23.33,24.39,39.42,12.86,3.4,23.07,5.22,45.75,22.56,0.94,55.73,0.39,6.13,3.51,0.58,0.97,27.11
2025-06-27,7.17,10.65,4.99,0.07,6.81,28.25,12.51,3.02,26.53,27.15,1.74,31.22,39.89,6.45,1.84,12.94,35.97,34.03,4.4,4.37,29.46,61.55,6.28,2.71,23.21,23.74,39.15,13.9,3.44,21.18,6.16,46.57,22.65,1.05,54.81,0.42,6.34,4.01,0.59,0.99,27.26
2025-06-28,7.04,10.88,4.92,0.08,6.77,28.17,13.14,2.88,26.12,26.67,1.8,31.45,40.08,6.55,1.95,12.83,36.3,33.52,4.37,4.48,29.38,61.41,6.53,2.68,23.34,23.75,39.35,13.56,3.4,21.64,5.86,46.52,22.58,1.19,54.1,0.35,6.31,4.03,0.3,1.1,27.94
2025-06-29,7.04,10.87,4.95,0.08,6.79,28.19,13.07,2.89,26.12,26.58,1.79,31.45,40.18,6.55,1.95,12.85,36.37,33.42,4.38,4.48,29.5,61.31,6.5,2.69,23.24,23.76,39.42,13.58,3.35,21.7,5.87,46.57,22.51,1.19,54.06,0.35,6.32,4.05,0.3,1.11,27.96
2025-06-30,6.87,10.87,4.67,0.08,6.99,28.6,12.92,2.86,26.14,26.52,1.75,32.21,39.52,6.38,2.03,13.18,36.39,33.44,4.34,4.24,29.62,61.21,6.51,2.66,23.08,24.14,39.28,13.5,3.37,21.06,6.17,46.9,22.5,1.19,53.82,0.31,6.43,3.99,0.3,1.1,28.27
2025-07-01,5.81,11.02,4.63,0.08,6.94,30.02,12.67,2.77,26.06,26.02,1.71,32.16,40.11,6.36,2.09,12.86,36.88,33.23,4.3,4.28,29.66,61.06,6.62,2.66,23.11,24.06,39.75,13.08,3.3,21.01,5.98,47.4,22.31,1.0,52.64,0.32,6.54,4.03,0.31,1.84,28.65
2025-07-02,5.78,10.79,4.58,0.08,6.88,30.22,12.58,3.41,25.68,25.57,1.69,32.61,40.13,6.37,2.17,12.97,37.24,33.57,3.94,3.74,29.89,61.14,6.34,2.63,23.35,23.55,39.85,13.25,3.32,20.61,5.99,48.01,22.07,1.08,52.19,0.33,6.71,4.17,0.39,1.5,29.13
2025-07-03,5.27,10.34,4.51,0.08,7.68,30.64,12.55,3.26,25.67,26.57,1.77,31.62,40.04,6.6,2.18,12.24,36.46,34.85,3.97,3.7,29.37,62.09,5.93,2.61,24.87,23.8,38.33,13.0,3.44,20.52,5.63,47.21,23.2,1.23,52.27,0.3,6.78,3.95,0.43,1.65,28.93
2025-07-04,4.52,11.11,5.19,0.08,7.49,30.37,12.57,3.61,25.06,26.88,1.73,31.77,39.62,6.72,2.21,12.09,35.82,35.83,3.79,3.54,30.69,60.89,5.9,2.52,24.48,24.02,38.68,12.82,3.43,21.21,5.58,46.71,23.07,1.57,52.57,0.27,6.73,3.56,0.37,1.73,28.59
2025-07-05,4.6,9.67,4.88,0.07,7.3,31.6,12.89,3.27,25.72,27.64,1.47,31.58,39.31,6.63,2.27,11.65,35.86,36.22,3.65,3.72,29.74,61.49,6.24,2.53,25.54,24.67,37.15,12.64,3.29,21.34,5.76,45.72,23.89,1.48,52.89,0.27,7.04,4.04,0.39,1.59,27.72
2025-07-06,4.57,9.66,4.87,0.07,7.28,31.63,12.88,3.27,25.77,27.54,1.49,31.62,39.35,6.72,2.28,11.65,35.9,36.06,3.67,3.72,29.83,61.38,6.26,2.53,25.6,24.53,37.22,12.65,3.32,21.46,5.78,45.53,23.91,1.48,52.89,0.27,7.07,4.06,0.39,1.61,27.69
2025-07-07,4.33,10.49,5.06,0.06,7.3,31.81,12.61,3.16,25.18,26.45,1.45,32.67,39.43,7.19,2.22,11.92,35.93,35.58,3.11,4.05,30.67,60.42,6.38,2.53,25.47,24.51,37.43,12.59,3.35,20.63,6.29,45.78,23.95,1.3,53.78,0.23,6.6,4.12,0.32,1.39,27.66
2025-07-08,4.53,10.51,5.2,0.06,7.09,31.05,13.36,3.05,25.15,27.17,1.43,32.35,39.05,7.12,2.11,11.71,35.78,36.09,3.06,4.13,30.09,61.02,6.36,2.53,25.47,25.13,36.85,12.55,3.54,21.07,6.48,45.7,23.21,1.47,53.61,0.21,6.76,4.35,0.32,1.33,27.34
2025-07-09,4.55,10.62,5.2,0.06,7.07,30.97,13.28,3.02,25.23,27.13,1.45,32.36,39.06,7.12,2.13,11.72,35.68,36.13,3.1,4.12,30.01,61.09,6.36,2.54,25.42,25.1,36.86,12.62,3.46,21.04,6.5,45.78,23.22,1.47,53.55,0.21,6.72,4.49,0.32,1.3,27.33
2025-07-10,4.42,10.94,4.89,0.06,6.86,30.63,13.51,2.94,25.75,27.75,1.51,32.21,38.53,6.81,1.93,11.9,35.79,36.36,3.05,4.16,30.21,60.71,6.41,2.67,25.53,24.64,37.11,12.72,3.4,21.45,6.65,45.65,22.85,1.71,53.4,0.24,6.69,4.37,0.3,1.44,27.46
2025-07-11,4.4,10.71,5.17,0.08,6.76,31.29,13.32,2.92,25.35,27.93,1.47,31.89,38.71,6.87,1.92,11.61,35.87,36.52,3.19,4.02,30.63,60.47,6.12,2.78,24.91,25.26,37.14,12.69,3.48,21.43,6.43,46.73,21.93,1.9,54.33,0.19,6.72,3.86,0.29,1.37,27.19
2025-07-12,4.21,10.67,5.25,0.08,7.24,30.84,13.69,2.76,25.26,27.88,1.59,31.23,39.3,6.76,1.92,12.06,34.83,36.9,3.17,4.36,30.52,60.28,6.45,2.75,25.14,25.41,36.87,12.58,3.49,21.98,6.66,46.35,21.52,1.88,54.25,0.23,6.93,4.13,0.39,1.46,26.71
2025-07-13,4.21,10.7,5.25,0.08,7.2,30.83,13.76,2.75,25.22,27.76,1.62,31.18,39.44,6.8,1.91,12.07,34.8,36.9,3.15,4.37,30.57,60.26,6.42,2.75,25.08,25.46,36.92,12.54,3.46,21.93,6.61,46.45,21.55,1.9,54.34,0.22,6.95,4.02,0.39,1.46,26.71
2025-07-14,4.8,10.2,5.07,0.08,6.8,30.63,13.37,3.04,26.01,27.25,1.62,31.12,40.01,6.43,2.02,12.63,34.77,36.44,3.41,4.3,29.82,60.9,6.43,2.85,25.2,25.88,36.38,12.54,3.51,22.12,6.3,47.04,21.03,1.89,54.68,0.22,7.14,4.28,0.39,1.52,26.01
2025-07-15,4.96,10.56,5.16,0.16,6.91,30.72,13.41,2.45,25.67,27.73,1.58,30.73,39.96,6.29,2.01,13.17,33.4,37.18,3.53,4.42,29.47,60.89,6.96,2.68,24.16,26.0,36.55,13.29,3.8,21.75,5.65,46.59,22.21,1.42,54.56,0.22,6.77,4.63,0.34,1.58,26.25
2025-07-16,4.81,11.5,5.18,0.17,7.1,30.0,13.55,2.02,25.67,26.83,1.54,31.5,40.13,6.46,2.21,13.01,34.18,37.09,3.31,3.74,29.02,61.98,6.34,2.66,23.11,27.11,36.58,13.2,3.59,22.61,5.85,44.7,23.25,1.17,51.31,0.2,7.17,4.83,0.48,1.81,27.81
2025-07-17,4.75,10.94,5.39,0.14,6.41,31.1,13.7,2.02,25.55,27.53,1.65,31.52,39.3,6.66,2.31,12.9,33.45,37.97,2.96,3.75,27.95,62.99,6.45,2.61,23.84,27.72,35.24,13.2,3.85,23.79,5.65,43.47,23.24,1.38,52.44,0.17,7.35,5.22,0.35,1.88,26.55
2025-07-18,4.42,11.17,5.47,0.11,6.33,31.08,13.56,2.12,25.74,28.12,1.5,30.97,39.41,6.85,2.21,12.68,34.26,37.31,2.89,3.8,27.73,63.69,6.06,2.52,24.53,27.62,34.83,13.02,3.83,23.93,5.38,43.12,23.74,1.3,53.21,0.18,7.26,4.85,0.41,1.47,26.65
2025-07-19,4.4,11.14,5.48,0.11,6.36,31.16,13.61,2.12,25.62,28.09,1.57,31.0,39.34,6.84,2.21,12.77,34.2,37.24,2.94,3.8,27.66,63.77,6.04,2.53,24.56,27.56,34.84,13.04,3.81,23.93,5.35,43.05,23.86,1.3,53.09,0.16,7.24,4.86,0.41,1.47,26.76
2025-07-20,4.4,11.2,5.5,0.11,6.34,31.09,13.55,2.12,25.69,28.17,1.53,31.01,39.29,6.81,2.22,12.73,34.28,37.33,2.83,3.8,27.69,63.8,5.99,2.52,24.6,27.62,34.76,13.02,3.76,23.94,5.35,43.15,23.8,1.3,53.12,0.16,7.24,4.87,0.41,1.47,26.73
2025-07-21,4.4,10.1,5.07,0.11,6.41,30.6,14.48,1.98,26.85,28.9,1.53,31.49,38.08,6.75,2.12,12.39,33.79,38.27,3.1,3.58,26.93,64.48,6.03,2.56,24.71,28.47,34.35,12.47,3.66,24.08,5.74,42.33,24.19,1.34,54.03,0.16,6.75,4.76,0.41,1.65,26.28
2025-07-22,4.38,10.13,5.01,0.11,6.42,30.74,14.52,2.04,26.65,28.95,1.58,31.37,38.1,6.82,2.14,12.26,33.84,38.38,3.0,3.56,26.97,64.5,5.98,2.55,24.64,28.33,34.41,12.62,3.74,23.98,5.77,42.23,24.28,1.35,54.38,0.17,6.47,4.73,0.41,1.68,26.31
2025-07-23,4.4,10.16,5.01,0.11,6.32,31.33,13.88,2.06,26.73,29.04,1.59,30.8,38.57,7.34,2.05,12.19,33.49,38.41,2.98,3.54,27.35,64.34,5.87,2.44,24.74,27.96,34.92,12.38,3.56,24.13,5.55,41.85,24.91,1.35,53.87,0.17,6.89,4.61,0.43,1.72,26.62
2025-07-24,4.17,9.79,4.97,0.16,6.53,31.44,14.84,2.1,26.0,28.32,1.57,30.9,39.21,7.4,2.08,12.43,33.46,38.15,2.98,3.5,28.06,63.67,5.83,2.44,24.79,27.87,34.97,12.37,3.52,24.27,5.32,42.67,24.22,1.35,53.37,0.21,6.94,4.54,0.42,1.73,27.2
2025-07-25,4.11,9.83,5.12,0.41,6.46,31.75,14.64,2.12,25.56,28.05,1.43,31.26,39.26,7.53,2.15,12.35,33.6,37.99,2.96,3.42,27.94,63.63,6.01,2.42,25.09,27.83,34.71,12.37,3.56,24.18,5.08,43.2,23.98,1.55,54.17,0.19,6.92,4.61,0.46,1.4,26.28
2025-07-26,4.2,9.75,5.1,0.41,6.57,31.41,14.66,2.06,25.84,27.98,1.45,31.22,39.35,7.33,2.18,12.72,33.54,37.66,3.06,3.51,27.81,63.84,5.96,2.39,25.26,27.75,34.54,12.45,3.58,24.24,5.2,43.14,23.84,1.46,54.11,0.3,6.81,4.42,0.44,1.37,26.68
2025-07-27,4.19,9.65,5.09,0.41,6.56,31.45,14.72,2.11,25.82,28.02,1.43,31.23,39.32,7.35,2.17,12.75,33.51,37.64,3.07,3.51,27.85,63.8,5.97,2.38,25.33,27.75,34.54,12.38,3.55,24.18,5.22,43.14,23.91,1.44,54.13,0.3,6.77,4.42,0.44,1.36,26.68
2025-07-28,4.12,9.79,5.13,0.4,6.49,31.44,14.45,2.04,26.14,28.08,1.58,30.76,39.58,7.2,2.18,12.6,33.41,37.9,3.27,3.44,27.35,64.09,6.14,2.42,25.16,27.78,34.79,12.27,3.54,24.2,5.49,42.75,24.02,1.51,54.09,0.38,6.84,4.39,0.4,1.25,26.71
2025-07-29,4.36,9.66,5.08,0.38,6.2,31.62,14.08,2.33,26.29,27.91,1.52,31.32,39.25,7.32,2.21,12.96,33.56,37.2,3.23,3.52,27.53,63.88,6.15,2.44,24.95,27.12,35.91,12.02,3.59,23.37,5.71,42.77,24.56,1.71,53.5,0.37,6.85,4.42,0.47,1.29,27.09
2025-07-30,4.4,9.53,4.81,0.25,6.29,31.99,14.32,2.09,26.32,27.67,1.58,31.23,39.52,7.51,2.39,12.4,33.39,37.84,2.99,3.48,27.03,64.23,6.15,2.59,25.69,26.68,35.55,12.08,3.58,23.11,6.1,41.77,25.44,1.69,53.13,0.4,6.9,4.27,0.37,1.33,27.44
2025-07-31,4.61,9.71,4.72,0.25,6.09,33.13,14.1,2.02,25.37,28.62,1.52,31.19,38.67,8.04,2.43,12.76,33.28,36.95,3.1,3.44,27.56,63.73,5.88,2.83,26.01,25.57,35.97,12.45,3.66,23.53,6.16,40.99,25.66,1.62,53.41,0.41,6.77,4.63,0.47,1.67,26.67
2025-08-01,4.09,8.85,4.33,0.29,6.07,33.79,14.56,1.91,26.11,29.08,1.45,30.56,38.91,7.52,2.37,13.01,33.9,36.83,3.07,3.3,27.1,64.02,5.98,2.9,25.25,25.8,36.66,12.29,3.61,24.03,5.79,40.88,25.69,1.66,52.6,0.38,7.13,4.68,0.55,2.03,26.88
2025-08-02,4.23,8.51,4.07,0.35,6.25,33.94,14.67,1.88,26.1,29.5,1.54,30.29,38.67,7.66,2.47,12.94,33.09,37.32,3.2,3.32,27.55,64.01,5.56,2.88,24.92,25.87,37.07,12.14,3.85,25.16,5.52,40.9,24.57,1.83,51.94,0.38,7.08,4.87,0.61,2.25,27.03
2025-08-03,4.23,8.64,4.12,0.35,6.24,33.83,14.7,1.88,26.01,29.54,1.54,30.22,38.7,7.65,2.48,12.95,33.03,37.36,3.19,3.34,27.47,64.12,5.53,2.88,24.89,25.96,37.13,12.02,3.84,25.19,5.55,40.89,24.53,1.83,52.04,0.38,7.07,4.89,0.59,2.25,26.96
2025-08-04,4.23,8.37,4.04,0.35,6.55,32.9,14.31,1.73,27.52,30.25,1.5,29.49,38.76,6.59,2.4,12.49,33.59,38.43,3.46,3.04,26.91,64.55,5.58,2.96,24.29,25.48,37.94,12.29,4.35,25.26,5.63,39.53,25.23,1.82,50.91,0.33,6.43,5.08,0.51,2.26,26.84
2025-08-05,4.31,10.1,4.17,0.09,7.1,32.66,14.49,1.79,25.29,31.14,1.61,28.68,38.57,6.09,2.45,13.49,33.66,37.74,3.53,3.04,26.51,65.16,5.24,3.09,23.56,25.77,37.95,12.72,4.81,25.99,6.29,39.2,23.71,1.62,51.43,0.22,6.56,5.03,0.54,2.3,26.52
2025-08-06,4.42,9.94,4.3,0.11,7.12,32.68,13.97,2.0,25.46,31.01,1.62,28.57,38.8,6.28,2.57,13.63,33.57,37.23,3.6,3.12,26.53,65.0,5.21,3.26,23.57,25.44,38.26,12.73,4.97,25.83,6.4,39.54,23.26,1.52,51.46,0.24,6.95,4.79,0.36,2.29,26.62
2025-08-07,4.43,10.01,4.26,0.08,7.1,32.66,14.05,2.0,25.41,30.86,1.69,28.49,38.96,6.33,2.53,13.59,33.71,37.13,3.56,3.15,26.35,65.14,5.26,3.25,23.74,25.36,38.14,12.76,4.98,25.85,6.29,39.58,23.3,1.53,51.45,0.25,6.84,4.71,0.37,2.27,26.85
2025-08-08,4.38,10.08,4.22,0.08,7.07,32.62,14.34,1.98,25.23,30.9,1.66,28.46,38.98,6.26,2.53,13.61,33.66,37.14,3.55,3.25,26.46,65.05,5.24,3.25,23.72,25.42,38.11,12.75,5.16,26.01,6.28,39.39,23.16,1.57,51.68,0.26,6.47,4.74,0.35,2.33,26.75
2025-08-09,4.41,10.03,4.22,0.08,7.05,32.72,14.28,1.97,25.24,30.88,1.68,28.41,39.03,6.28,2.55,13.56,33.69,37.13,3.54,3.25,26.44,65.06,5.25,3.25,23.64,25.36,38.1,12.9,5.11,26.07,6.26,39.35,23.21,1.55,51.72,0.26,6.45,4.68,0.35,2.33,26.8
2025-08-10,4.4,10.09,4.26,0.08,7.01,32.62,14.28,1.99,25.27,30.88,1.72,28.35,39.05,6.27,2.53,13.58,33.66,37.15,3.55,3.26,26.33,65.18,5.23,3.26,23.64,25.45,38.07,12.84,5.12,26.14,6.28,39.33,23.13,1.56,51.62,0.26,6.48,4.74,0.35,2.33,26.81
2025-08-11,4.75,10.18,4.23,0.08,7.05,32.55,14.24,1.9,25.02,30.38,1.67,28.52,39.43,6.19,2.58,13.71,34.09,36.46,3.77,3.2,26.98,64.53,5.19,3.3,24.06,25.0,37.81,13.13,5.26,25.35,6.44,39.55,23.4,1.46,51.97,0.27,6.58,4.57,0.34,2.08,26.78
2025-08-12,4.66,10.56,4.44,0.11,6.86,31.6,14.41,2.32,25.04,30.45,1.71,28.06,39.78,5.98,2.54,13.51,33.08,38.19,3.48,3.22,27.85,63.79,5.42,2.94,24.15,25.21,37.23,13.41,5.32,26.27,7.05,38.4,22.96,1.77,51.39,0.3,7.28,4.55,0.39,1.91,26.6
2025-08-13,4.89,9.36,4.71,0.09,6.28,32.5,14.48,2.34,25.35,29.77,1.88,29.38,38.97,6.34,2.99,13.14,32.52,38.04,3.47,3.5,27.72,63.37,6.01,2.9,23.47,25.36,37.58,13.59,4.85,26.53,6.39,40.05,22.18,1.78,53.05,0.41,7.51,4.85,0.35,2.11,25.79
2025-08-14,5.25,10.2,4.61,0.09,6.36,31.33,14.5,1.9,25.76,28.87,1.84,29.81,39.48,6.03,2.95,13.02,32.88,37.68,3.56,3.88,28.39,62.87,5.81,2.93,23.67,25.28,37.24,13.81,4.8,25.73,6.64,41.02,21.81,2.6,51.53,0.51,7.47,5.05,0.41,2.09,26.28
2025-08-15,5.22,10.24,4.64,0.09,6.31,31.25,14.3,1.88,26.07,29.12,1.88,29.61,39.39,6.0,2.95,12.57,32.93,38.1,3.55,3.9,28.21,62.94,5.91,2.94,23.78,25.43,37.17,13.62,4.81,25.98,6.5,41.09,21.62,2.59,51.71,0.5,7.27,5.04,0.43,2.09,26.36
2025-08-16,5.25,10.13,4.62,0.09,6.31,31.25,14.35,1.88,26.12,29.17,1.86,29.55,39.42,6.01,2.95,12.58,32.92,38.09,3.54,3.91,28.28,62.87,5.91,2.94,23.66,25.51,37.16,13.67,4.76,26.07,6.52,41.05,21.6,2.61,51.62,0.51,7.28,5.05,0.41,2.09,26.36
2025-08-17,5.22,10.23,4.63,0.09,6.32,31.37,14.47,1.89,25.78,28.89,1.89,29.74,39.48,6.0,2.95,12.94,32.91,37.78,3.54,3.88,28.31,62.87,5.89,2.93,23.68,25.26,37.27,13.79,4.84,25.71,6.67,40.98,21.8,2.54,51.61,0.5,7.45,5.04,0.43,2.1,26.3
2025-08-18,5.22,10.22,4.62,0.09,6.31,31.44,14.26,1.89,25.95,29.0,1.89,29.82,39.29,6.0,2.96,12.82,32.88,37.91,3.54,3.89,28.4,62.74,5.93,2.93,23.71,25.32,37.11,13.86,4.83,25.84,6.69,41.04,21.6,2.56,51.77,0.5,7.25,5.03,0.41,2.11,26.31
2025-08-19,5.2,10.24,4.61,0.09,6.33,31.37,14.26,1.89,26.01,29.09,1.85,29.78,39.28,6.03,2.94,12.75,32.86,37.94,3.58,3.9,28.42,62.74,5.9,2.94,23.76,25.29,37.14,13.81,4.79,25.86,6.69,41.05,21.61,2.61,51.72,0.5,7.24,5.04,0.41,2.1,26.38
2025-08-20,5.21,10.25,4.63,0.09,6.34,31.17,14.27,1.9,26.14,29.18,1.86,29.59,39.37,6.0,2.95,12.54,32.92,38.12,3.56,3.91,28.2,62.95,5.92,2.93,23.74,25.49,37.18,13.59,4.8,26.0,6.49,41.1,21.61,2.61,51.64,0.51,7.29,5.05,0.41,2.1,26.37
2025-08-21,5.49,10.39,4.39,0.09,6.55,30.23,14.61,1.98,26.27,29.47,1.84,28.53,40.16,6.06,2.3,12.35,33.6,38.14,3.6,3.95,28.04,63.47,5.54,2.95,24.27,25.61,37.17,12.95,4.79,26.06,6.35,40.08,22.72,2.75,51.84,0.55,7.59,5.09,0.43,1.52,26.15
2025-08-22,5.66,9.61,4.74,0.09,6.05,31.3,14.69,1.9,25.96,30.1,1.85,28.99,39.06,6.28,2.16,12.62,33.83,37.84,3.69,3.58,28.38,63.35,5.31,2.96,24.7,25.61,36.8,12.89,4.77,25.03,6.12,40.47,23.61,2.96,52.08,0.48,7.43,5.4,0.51,1.81,25.08
2025-08-23,5.4,9.59,4.96,0.07,6.07,32.87,12.8,1.24,27.0,30.04,1.92,29.42,38.62,7.97,2.0,12.09,34.52,36.0,3.73,3.69,28.52,62.78,5.52,3.18,26.27,25.14,35.52,13.07,4.87,23.68,5.83,40.73,24.89,2.21,53.11,0.44,6.34,5.62,0.5,1.59,24.72
2025-08-24,5.41,9.66,4.98,0.07,5.99,32.9,12.78,1.24,26.97,30.1,1.94,29.3,38.66,7.97,1.98,12.12,34.48,35.99,3.75,3.71,28.53,62.81,5.48,3.18,26.22,25.17,35.54,13.07,4.88,23.65,5.83,40.74,24.9,2.22,53.19,0.44,6.28,5.56,0.52,1.58,24.74
2025-08-25,5.17,9.53,4.84,0.05,5.92,33.01,13.05,1.24,27.19,29.71,1.84,29.57,38.88,7.98,2.08,12.49,34.44,35.7,3.57,3.74,29.21,62.01,5.59,3.19,26.22,24.94,35.43,13.41,4.83,23.84,5.97,40.77,24.59,2.12,53.93,0.42,6.21,5.38,0.39,1.66,24.73
2025-08-26,4.89,9.62,4.95,0.05,5.97,32.72,12.88,1.18,27.74,29.13,1.75,29.92,39.2,8.12,1.96,13.01,34.21,35.72,3.21,3.77,28.99,62.13,5.72,3.16,25.78,24.97,35.72,13.53,5.0,23.96,6.37,40.04,24.63,1.89,53.86,0.54,6.59,5.22,0.34,1.59,24.71
2025-08-27,4.66,9.64,4.67,0.06,6.09,32.78,12.76,1.23,28.11,28.8,1.74,29.84,39.62,8.19,1.78,13.27,33.91,35.78,3.38,3.69,29.17,62.28,5.44,3.11,26.3,24.36,35.77,13.57,4.92,24.34,6.15,39.95,24.64,1.78,54.43,0.55,6.18,5.13,0.27,1.51,24.88
2025-08-28,4.71,9.52,4.8,0.06,6.95,33.55,11.88,1.25,27.28,27.71,1.58,31.18,39.53,8.79,1.67,14.02,33.72,34.66,3.14,4.0,29.93,61.42,5.52,3.13,26.25,23.81,37.07,12.87,5.41,23.35,6.09,39.45,25.7,1.87,53.69,0.57,6.48,3.95,0.23,1.53,26.71
2025-08-29,4.93,9.72,4.7,0.06,5.67,33.6,12.67,1.62,27.03,28.69,1.61,30.76,38.94,7.19,1.62,13.99,33.56,36.88,3.26,3.5,29.17,62.22,5.64,2.97,25.43,24.29,38.18,12.1,5.13,23.5,6.39,40.29,24.69,1.82,54.87,0.67,6.81,4.15,0.21,1.54,25.02
2025-08-30,4.89,10.07,4.7,0.07,5.23,33.04,12.75,1.64,27.61,28.42,1.6,30.75,39.23,7.23,1.65,13.25,34.08,36.76,3.57,3.46,29.3,61.87,5.79,3.04,25.46,24.89,37.68,11.97,5.09,24.02,5.83,41.08,23.98,1.62,55.66,0.69,6.84,4.39,0.19,1.56,24.46
2025-08-31,4.9,10.07,4.71,0.07,5.21,33.05,12.78,1.64,27.57,28.4,1.6,30.71,39.29,7.24,1.65,13.26,34.01,36.84,3.53,3.47,29.26,61.9,5.8,3.04,25.52,24.91,37.61,11.96,5.07,24.07,5.84,41.05,23.97,1.68,55.67,0.69,6.85,4.4,0.19,1.56,24.4
2025-09-01,4.98,10.07,4.93,0.08,5.24,32.95,12.75,1.54,27.46,28.53,1.64,30.59,39.24,6.94,1.87,13.95,32.8,37.45,3.54,3.45,28.57,62.79,5.64,3.0,24.91,26.14,37.15,11.8,4.96,25.38,5.47,40.59,23.6,1.57,56.13,0.42,6.52,4.51,0.26,1.57,24.75
2025-09-02,4.4,9.95,4.89,0.08,5.9,32.97,12.89,1.5,27.42,27.37,1.62,30.33,40.68,7.19,2.33,13.57,33.44,36.15,3.92,3.4,28.5,63.27,5.27,2.96,24.84,25.55,37.48,12.13,4.69,24.76,5.52,40.72,24.31,1.44,56.04,0.65,6.37,4.77,0.21,1.99,24.92
2025-09-03,4.48,10.16,4.85,0.06,5.98,32.39,12.73,1.38,27.97,27.73,1.8,29.04,41.43,7.36,2.54,13.17,32.98,36.76,3.73,3.46,28.36,63.08,5.62,2.94,25.3,25.58,37.21,11.91,4.84,25.29,5.65,40.55,23.67,1.59,55.83,0.55,6.39,5.3,0.23,1.91,24.74
2025-09-04,4.49,10.58,4.81,0.04,6.0,32.74,12.63,1.48,27.23,28.77,1.71,28.97,40.55,7.18,2.72,13.13,32.56,37.22,3.54,3.65,27.7,63.91,5.72,2.67,25.4,25.84,36.91,11.85,4.76,25.89,5.64,40.73,22.98,1.55,55.81,0.42,6.74,5.29,0.29,1.79,24.56
2025-09-05,5.15,10.88,4.91,0.05,5.75,32.68,12.46,1.37,26.75,28.65,1.68,28.97,40.7,6.85,2.46,12.99,33.27,37.45,3.52,3.46,28.26,63.41,5.58,2.75,25.0,25.48,37.55,11.97,5.12,26.14,5.36,40.55,22.83,1.64,56.93,0.31,6.36,5.16,0.33,1.63,23.94
2025-09-06,4.8,10.81,4.89,0.04,5.98,32.82,12.77,1.23,26.66,28.1,1.65,28.76,41.49,6.55,2.49,12.76,34.17,36.8,3.65,3.58,28.95,62.2,5.9,2.95,24.75,24.8,37.47,12.98,5.31,26.39,5.33,40.76,22.21,1.51,56.91,0.34,6.61,5.39,0.34,1.66,23.5
2025-09-07,4.82,10.81,4.89,0.04,6.03,32.83,12.77,1.22,26.59,28.08,1.69,28.8,41.43,6.56,2.5,12.78,34.06,36.87,3.64,3.59,28.97,62.18,5.91,2.94,24.66,24.87,37.49,12.98,5.29,26.39,5.3,40.79,22.23,1.52,56.92,0.33,6.62,5.43,0.34,1.63,23.43
2025-09-08,4.41,10.0,5.24,0.04,6.28,33.45,12.52,1.38,26.68,27.5,1.64,29.43,41.43,6.55,2.34,12.49,35.13,36.42,3.62,3.45,30.2,61.14,5.74,2.92,24.67,23.74,37.9,13.69,5.24,26.03,5.0,41.94,21.79,1.57,57.76,0.32,6.33,5.37,0.51,1.56,22.89
2025-09-09,4.59,10.03,5.12,0.05,6.11,32.83,12.83,1.28,27.16,26.6,1.68,30.03,41.69,7.12,2.63,12.03,34.84,36.41,3.57,3.4,30.09,61.03,5.98,2.9,24.59,23.34,37.97,14.1,5.05,25.57,4.86,42.48,22.04,1.72,57.96,0.35,7.04,5.32,0.45,1.47,21.89
2025-09-10,4.46,10.55,4.85,0.04,6.18,32.65,13.23,1.15,26.89,27.49,1.65,30.58,40.28,7.73,2.35,11.92,34.27,36.63,3.55,3.55,29.58,61.19,6.2,3.03,24.94,22.34,38.2,14.52,4.87,25.56,4.75,42.81,22.01,1.97,56.93,0.34,7.36,5.1,0.53,1.43,22.55
2025-09-11,4.28,12.09,4.93,0.09,5.53,31.24,13.79,1.25,26.8,27.36,1.78,30.51,40.35,8.81,2.03,11.39,34.63,35.84,3.67,3.63,30.33,60.51,6.1,3.06,24.88,21.38,39.1,14.64,4.86,24.23,4.6,43.61,22.7,1.88,55.4,0.28,8.18,4.64,0.51,1.58,23.95
2025-09-12,3.89,12.72,4.83,0.09,5.39,32.58,13.27,1.48,25.75,26.71,1.76,30.94,40.59,8.62,2.3,11.19,34.54,36.15,3.53,3.67,29.9,61.08,6.03,2.99,24.65,21.4,39.87,14.08,4.42,24.57,4.76,43.78,22.47,1.55,55.46,0.31,7.72,4.7,0.49,1.66,24.47
2025-09-13,3.96,11.82,5.08,0.12,5.43,32.58,13.51,1.36,26.14,28.92,1.69,30.02,39.37,8.16,2.5,11.47,33.56,37.3,3.39,3.62,28.9,62.29,5.93,2.88,25.05,22.6,39.09,13.26,4.35,25.94,5.07,43.06,21.58,2.03,55.42,0.2,7.75,4.65,0.67,1.54,23.88
2025-09-14,4.02,11.81,5.04,0.11,5.44,32.46,13.47,1.35,26.3,28.85,1.74,29.96,39.45,8.15,2.49,11.38,33.71,37.27,3.39,3.61,28.87,62.36,5.91,2.86,25.07,22.53,39.06,13.34,4.32,25.95,5.02,43.17,21.54,2.03,55.46,0.2,7.72,4.63,0.67,1.53,23.89
2025-09-15,4.28,12.19,5.26,0.12,5.47,31.76,13.71,1.25,25.96,28.04,1.76,30.68,39.52,7.84,2.39,11.76,33.43,37.62,3.32,3.64,28.05,63.21,5.75,2.99,25.09,21.91,40.2,12.8,4.37,25.32,5.01,44.06,21.24,2.24,54.86,0.25,7.1,5.26,0.55,1.4,24.36
2025-09-16,4.57,11.71,5.29,0.07,5.62,31.34,13.42,1.44,26.54,28.94,1.7,29.71,39.65,8.01,2.33,11.52,32.87,37.56,3.83,3.88,27.77,63.52,5.65,3.06,25.37,22.12,39.49,13.02,4.23,26.3,5.05,43.19,21.23,2.53,53.86,0.34,7.96,4.53,0.5,1.18,24.81
2025-09-17,4.62,11.35,5.26,0.07,5.93,31.93,13.77,1.34,25.73,28.26,1.71,30.24,39.79,7.74,2.28,11.46,32.62,38.53,3.59,3.78,27.75,63.59,5.54,3.12,25.47,22.6,39.29,12.64,4.15,25.62,5.07,43.76,21.4,2.43,53.14,0.33,7.83,4.84,0.61,1.34,25.12
2025-09-18,4.9,11.09,5.27,0.07,6.01,31.66,13.44,1.37,26.19,28.7,1.62,29.56,40.12,7.32,2.13,11.75,33.48,38.05,3.59,3.68,27.11,64.34,5.36,3.19,25.52,23.52,38.18,12.78,4.24,26.52,4.76,43.69,20.79,2.64,52.71,0.38,7.99,4.94,0.43,1.49,25.23
2025-09-19,5.58,11.87,5.39,0.03,5.97,31.43,13.7,1.18,24.85,27.85,1.74,29.95,40.46,7.44,2.0,11.71,33.4,38.03,3.78,3.64,27.28,64.15,5.36,3.21,26.1,22.71,37.78,13.41,4.14,26.33,4.56,43.85,21.12,2.44,52.32,0.37,7.54,4.86,0.4,1.35,25.47
2025-09-20,5.76,11.96,5.14,0.03,6.11,30.97,13.47,1.17,25.39,27.92,1.81,30.05,40.22,7.27,2.01,11.69,33.71,37.96,3.65,3.71,27.28,64.2,5.33,3.19,26.35,22.96,37.55,13.14,4.27,26.52,4.65,43.83,20.73,2.52,52.18,0.39,7.38,5.01,0.37,1.28,25.54
2025-09-21,5.78,12.0,5.16,0.03,6.19,31.02,13.48,1.16,25.18,28.0,1.79,30.13,40.08,7.11,2.03,11.73,33.72,38.02,3.66,3.73,27.11,64.34,5.37,3.18,26.31,23.0,37.55,13.14,4.22,26.59,4.66,43.79,20.74,2.54,52.32,0.39,7.14,5.02,0.37,1.28,25.59
2025-09-22,6.28,11.68,5.15,0.03,5.73,30.49,13.38,1.14,26.12,27.49,1.68,30.07,40.76,7.68,1.86,11.9,34.25,36.95,3.65,3.71,27.02,64.14,5.67,3.17,27.03,22.76,37.03,13.18,4.64,26.26,4.93,43.6,20.57,2.17,52.13,0.38,7.19,5.02,0.43,1.26,26.09
2025-09-23,6.05,11.44,5.1,0.03,5.9,31.58,13.5,1.12,25.28,27.39,1.63,30.34,40.64,7.4,1.7,11.87,34.75,36.64,3.91,3.73,27.14,63.85,5.86,3.15,27.65,22.8,36.58,12.97,4.81,26.55,4.91,42.99,20.74,1.99,52.62,0.26,6.96,5.14,0.43,1.32,25.87
2025-09-24,5.98,11.38,5.51,0.03,5.92,31.58,13.21,1.19,25.2,27.41,1.66,30.07,40.86,7.6,1.65,11.7,35.23,36.44,3.63,3.75,27.02,64.01,5.77,3.2,28.19,22.65,36.41,12.75,5.11,25.39,5.02,43.45,21.03,2.06,52.59,0.25,7.07,4.92,0.51,1.37,25.84
2025-09-25,6.18,11.81,5.25,0.02,5.89,31.23,12.99,1.18,25.45,27.25,1.69,29.66,41.4,7.58,1.75,11.95,34.16,36.84,3.96,3.76,27.2,63.51,5.99,3.3,28.95,22.58,35.65,12.82,5.15,25.6,5.14,43.04,21.07,1.85,53.31,0.27,7.06,4.88,0.46,1.41,25.31
2025-09-26,6.39,11.61,5.05,0.0,6.04,31.17,12.76,1.26,25.72,26.82,1.69,29.97,41.52,7.73,1.87,11.8,34.02,36.79,4.06,3.73,27.42,62.89,6.4,3.29,28.95,22.47,35.47,13.11,5.38,25.31,5.13,42.89,21.29,1.94,53.48,0.26,7.1,5.03,0.54,1.56,24.62
2025-09-27,6.54,11.55,4.88,0.0,6.11,31.29,12.75,1.26,25.62,27.24,1.74,29.53,41.49,7.66,1.88,12.28,33.3,37.14,3.9,3.84,27.26,62.46,6.77,3.51,28.6,22.64,35.6,13.16,5.24,25.33,5.29,42.8,21.34,1.97,54.36,0.25,7.04,4.88,0.61,1.63,23.96
2025-09-28,6.54,11.55,4.91,0.0,6.11,31.33,12.72,1.27,25.57,27.25,1.72,29.55,41.48,7.61,1.87,12.26,33.4,37.11,3.92,3.83,27.24,62.49,6.76,3.51,28.56,22.61,35.64,13.19,5.26,25.37,5.25,42.79,21.33,1.99,54.34,0.24,7.06,4.89,0.61,1.63,23.91
2025-09-29,6.19,11.49,4.86,0.0,6.1,31.74,12.34,1.18,26.1,27.22,1.75,29.56,41.47,7.61,1.95,12.36,32.96,37.31,4.07,3.74,27.29,62.36,6.95,3.4,28.53,22.46,35.67,13.34,5.06,25.9,5.36,42.5,21.18,1.86,54.84,0.26,6.94,4.7,0.59,1.48,24.11
2025-09-30,6.03,11.49,4.7,0.05,6.06,31.93,12.34,1.08,26.32,27.75,1.72,29.16,41.37,7.38,2.12,12.52,32.02,37.94,4.24,3.78,27.32,62.49,6.79,3.4,28.31,22.7,35.69,13.3,4.84,26.29,5.29,42.09,21.49,1.99,55.42,0.24,6.49,4.58,0.57,1.39,24.58
2025-10-01,6.19,11.55,4.57,0.04,5.82,31.99,12.44,1.07,26.33,27.7,1.81,29.38,41.11,7.36,1.99,12.83,31.97,37.94,4.18,3.73,27.62,62.25,6.69,3.44,28.44,22.23,35.58,13.75,4.68,26.58,5.06,42.2,21.48,2.11,54.91,0.26,7.03,4.74,0.62,1.48,24.41
2025-10-02,6.19,11.51,4.63,0.04,5.86,31.85,12.43,1.07,26.42,27.8,1.74,29.47,40.99,7.37,1.99,12.74,32.09,37.89,4.18,3.74,27.61,62.27,6.68,3.44,28.35,22.25,35.59,13.81,4.7,26.6,5.08,42.1,21.52,2.12,54.91,0.26,7.03,4.71,0.62,1.48,24.39
2025-10-03,6.05,11.6,4.93,0.04,5.88,31.96,12.2,1.04,26.3,27.76,2.04,29.15,41.05,7.24,1.93,12.93,31.79,37.71,4.32,4.08,27.66,62.0,6.97,3.37,28.98,22.0,35.49,13.53,4.87,26.29,4.78,42.46,21.6,1.8,54.58,0.25,7.13,4.66,0.7,1.49,24.78
2025-10-04,5.85,11.63,5.06,0.0,5.82,32.29,12.5,1.04,25.81,27.78,1.99,29.71,40.52,7.37,1.72,13.48,31.14,38.0,4.15,4.14,27.7,62.27,6.69,3.34,28.7,22.49,35.74,13.07,5.03,26.02,4.81,42.67,21.47,1.88,54.69,0.27,6.83,4.63,0.83,1.43,24.81
2025-10-05,5.84,11.55,5.05,0.0,5.85,32.5,12.46,1.04,25.71,27.76,2.04,29.72,40.48,7.36,1.74,13.51,31.2,37.89,4.16,4.14,27.78,62.18,6.7,3.34,28.68,22.45,35.74,13.13,5.0,25.97,4.83,42.75,21.45,1.87,54.53,0.27,6.92,4.59,0.83,1.44,24.91
2025-10-06,5.73,11.43,5.07,0.0,5.85,32.28,12.52,1.05,26.07,27.24,1.97,29.85,40.94,7.45,1.82,13.31,31.73,37.26,4.21,4.22,27.52,62.54,6.67,3.27,29.13,22.41,35.33,13.13,5.08,25.62,4.61,43.19,21.5,1.91,54.27,0.26,6.81,4.9,0.77,1.4,25.08
2025-10-07,5.79,11.5,5.23,0.0,5.92,32.06,12.45,1.02,26.03,27.0,1.95,29.9,41.15,7.59,1.92,13.44,31.82,37.03,4.02,4.18,27.63,62.33,6.71,3.33,28.92,22.3,35.67,13.11,5.08,25.61,4.5,43.24,21.57,1.92,53.24,0.26,7.08,4.92,0.75,1.39,25.63
2025-10-08,5.86,11.49,4.99,0.01,6.24,31.77,12.72,1.12,25.8,27.41,1.95,30.0,40.64,7.64,1.88,13.68,31.9,36.47,4.1,4.33,27.28,62.29,7.25,3.18,28.65,22.27,35.92,13.16,5.02,25.0,4.53,44.1,21.35,1.88,53.33,0.28,7.11,5.06,0.68,1.33,25.69
2025-10-09,5.58,11.5,4.88,0.01,5.75,33.74,12.05,1.19,25.3,27.3,2.04,30.25,40.41,7.72,2.12,13.53,31.93,36.8,3.99,3.91,27.38,61.83,7.53,3.26,27.14,22.3,36.92,13.64,4.74,25.34,4.67,43.54,21.71,1.78,54.29,0.28,7.23,4.7,0.6,1.28,25.67
2025-10-10,5.4,10.77,4.95,0.01,5.55,34.01,12.49,1.27,25.55,27.08,2.02,30.23,40.67,7.89,2.24,13.78,31.16,36.97,4.08,3.88,26.82,62.27,7.6,3.31,26.1,22.59,37.72,13.59,4.4,25.5,4.62,42.51,22.97,1.63,55.82,0.26,7.08,4.48,0.59,1.33,24.9
2025-10-11,5.13,10.09,5.11,0.01,6.09,34.44,12.4,1.22,25.51,28.51,1.99,29.93,39.57,7.37,2.92,13.63,30.77,37.49,4.12,3.7,26.41,63.35,7.04,3.2,25.06,22.71,38.54,13.69,3.95,25.68,4.81,41.79,23.77,1.9,56.99,0.26,7.25,4.48,0.51,1.41,23.86
2025-10-12,5.08,10.08,4.93,0.01,6.09,34.56,12.33,1.21,25.71,28.41,2.04,29.93,39.62,7.32,2.91,13.64,30.85,37.43,4.18,3.67,26.42,63.37,7.04,3.17,25.03,22.73,38.59,13.65,3.99,25.65,4.84,41.82,23.7,1.9,56.97,0.27,7.25,4.48,0.51,1.42,23.86
2025-10-13,5.14,10.19,4.87,0.02,6.27,34.19,12.91,1.3,25.11,29.31,1.9,30.24,38.55,7.13,3.13,13.54,31.67,37.33,3.44,3.76,25.69,64.68,6.46,3.17,23.48,24.25,38.45,13.82,3.91,25.83,4.65,42.35,23.26,1.81,57.61,0.24,7.33,4.46,0.49,1.36,23.54
2025-10-14,5.56,9.82,4.72,0.06,6.47,33.76,11.97,1.26,26.38,31.11,1.7,28.42,38.77,7.11,2.84,13.04,31.28,38.89,3.51,3.33,25.03,66.15,5.85,2.97,22.8,24.34,39.0,13.86,3.97,25.91,4.98,40.85,24.29,1.65,58.67,0.28,6.63,4.83,0.54,1.46,22.93
2025-10-15,5.83,9.9,4.82,0.08,6.28,33.47,12.6,1.27,25.75,31.3,1.8,29.05,37.85,6.86,2.71,13.14,31.08,38.83,3.91,3.47,24.96,66.29,5.66,3.09,22.76,24.39,38.75,14.1,3.88,26.54,4.66,41.1,23.82,1.7,58.89,0.25,6.43,4.77,0.54,1.5,22.74
2025-10-16,5.75,10.3,4.81,0.08,6.28,33.47,12.15,1.21,25.95,31.56,1.78,28.59,38.07,6.85,2.56,12.91,31.58,38.35,4.22,3.53,25.6,65.78,5.5,3.12,22.6,24.63,38.88,13.89,3.83,26.53,4.93,42.08,22.63,1.67,58.95,0.23,6.46,4.55,0.59,1.72,22.4
2025-10-17,6.15,10.05,4.95,0.08,6.2,33.89,11.68,1.21,25.79,30.94,1.72,29.05,38.29,6.76,2.27,12.73,31.76,38.35,4.45,3.68,25.65,65.65,5.59,3.11,22.79,25.15,38.17,13.89,3.86,25.75,4.87,42.72,22.8,1.95,59.41,0.3,6.4,4.43,0.65,1.69,21.92
2025-10-18,6.13,10.28,5.05,0.07,6.39,32.42,11.99,1.14,26.53,30.05,1.67,28.52,39.76,6.58,2.52,13.12,31.73,38.05,4.41,3.59,25.79,65.28,5.65,3.28,23.24,24.96,38.08,13.72,3.82,25.79,4.87,42.67,22.85,1.96,58.92,0.26,6.26,4.57,0.69,1.55,22.42
2025-10-19,6.15,10.27,5.03,0.07,6.4,32.49,11.92,1.13,26.54,30.06,1.73,28.5,39.71,6.61,2.52,13.08,31.67,38.14,4.41,3.57,25.87,65.21,5.65,3.27,23.22,25.03,38.06,13.69,3.8,25.75,4.89,42.63,22.93,1.94,58.96,0.26,6.21,4.53,0.69,1.55,22.42
2025-10-20,6.17,10.24,5.02,0.07,6.42,32.49,11.87,1.13,26.59,30.28,1.73,28.34,39.65,6.65,2.53,12.91,31.67,38.27,4.39,3.58,25.73,65.33,5.66,3.28,23.14,24.95,38.26,13.65,3.82,25.85,4.91,42.52,22.9,1.95,58.9,0.26,6.2,4.54,0.69,1.55,22.5
2025-10-21,6.19,10.31,5.02,0.07,6.35,32.48,11.93,1.14,26.51,30.23,1.69,28.44,39.64,6.62,2.51,13.1,31.59,38.22,4.36,3.6,25.8,65.31,5.61,3.28,23.13,24.94,38.24,13.69,3.76,25.97,4.84,42.65,22.78,1.96,58.81,0.26,6.24,4.56,0.69,1.55,22.45
2025-10-22,6.13,10.24,5.04,0.07,6.42,32.48,11.93,1.13,26.56,30.23,1.7,28.35,39.72,6.6,2.53,12.95,31.66,38.31,4.38,3.57,25.75,65.33,5.65,3.27,23.13,25.03,38.18,13.66,3.79,25.87,4.86,42.53,22.95,1.97,58.9,0.26,6.26,4.58,0.69,1.54,22.42
2025-10-23,6.18,10.25,5.02,0.07,6.39,32.44,11.98,1.14,26.53,30.25,1.71,28.36,39.68,6.6,2.53,13.01,31.62,38.3,4.36,3.58,25.76,65.32,5.64,3.28,23.18,24.94,38.24,13.64,3.76,25.88,4.86,42.6,22.9,1.97,58.85,0.26,6.25,4.56,0.69,1.55,22.5
2025-10-24,6.07,10.11,4.89,0.0,6.0,33.54,12.49,1.21,25.69,28.5,1.65,29.34,40.51,6.74,2.61,13.63,31.86,37.3,4.38,3.48,26.16,65.21,5.49,3.14,23.4,25.07,38.3,13.23,3.77,25.29,4.86,43.11,22.97,1.89,58.76,0.29,6.22,4.24,0.61,1.51,23.06
2025-10-25,5.86,9.74,5.11,0.0,5.98,34.19,12.33,1.26,25.53,28.09,1.59,29.33,40.99,6.82,2.63,13.47,31.59,37.85,4.34,3.3,25.78,65.43,5.6,3.19,23.81,24.96,37.74,13.49,3.87,26.01,4.91,42.34,22.87,1.92,58.9,0.27,6.21,4.29,0.57,1.4,23.02
2025-10-26,5.83,9.81,5.12,0.0,5.96,34.26,12.49,1.22,25.31,27.95,1.57,29.22,41.26,6.86,2.66,13.72,31.51,37.62,4.34,3.29,26.04,65.14,5.61,3.21,23.81,24.75,38.0,13.44,3.83,25.49,4.89,42.8,22.99,1.91,58.93,0.27,6.27,4.25,0.57,1.4,23.02
2025-10-27,5.65,9.47,5.32,0.0,5.95,34.72,12.82,1.28,24.79,28.07,1.66,29.7,40.57,6.68,2.97,13.19,31.54,38.24,4.2,3.18,26.15,65.25,5.44,3.16,23.73,25.77,37.11,13.39,3.88,25.85,5.25,41.88,23.14,2.24,59.35,0.26,6.18,4.11,0.5,1.45,22.7
2025-10-28,5.63,9.57,5.33,0.0,6.02,34.26,12.84,1.17,25.18,28.17,1.57,29.63,40.63,6.79,2.91,13.47,31.04,38.55,3.89,3.35,26.01,65.47,5.6,2.92,22.88,26.05,37.64,13.43,3.89,25.77,5.19,41.52,23.63,2.2,59.19,0.25,6.08,4.1,0.58,1.46,22.93
2025-10-29,5.66,9.62,5.52,0.0,5.62,34.29,12.6,1.11,25.58,28.02,1.5,29.76,40.72,7.1,2.88,13.66,31.37,37.79,3.85,3.35,25.97,65.41,5.71,2.91,22.37,26.29,37.97,13.37,3.67,26.08,4.83,41.28,24.14,2.5,58.79,0.24,5.66,4.36,0.57,1.2,23.27
2025-10-30,5.62,9.6,5.21,0.0,5.31,33.05,12.88,1.44,26.89,27.24,1.47,31.25,40.04,7.34,2.97,13.51,31.4,37.95,3.38,3.45,26.16,64.76,6.22,2.86,22.19,26.84,37.79,13.18,3.58,26.44,5.7,41.45,22.83,2.61,57.18,0.26,6.08,4.77,0.61,1.35,24.05
2025-10-31,5.47,9.76,4.76,0.0,5.46,31.89,13.5,1.53,27.63,27.83,1.41,30.24,40.52,7.04,3.41,13.03,31.5,37.78,3.86,3.38,25.41,65.48,6.3,2.81,21.1,26.68,38.66,13.56,3.47,26.51,5.21,41.39,23.42,2.8,56.01,0.21,6.34,4.96,0.48,1.26,24.85
2025-11-01,5.4,9.79,4.47,0.0,5.06,32.13,13.52,1.56,28.07,28.05,1.38,30.55,40.02,7.06,3.46,12.95,31.77,37.58,3.78,3.4,25.21,65.52,6.33,2.94,21.08,26.93,38.37,13.62,3.47,26.5,5.41,41.27,23.35,2.65,55.74,0.21,6.33,5.05,0.4,1.4,25.12
2025-11-02,5.44,9.81,4.48,0.0,5.03,32.11,13.51,1.58,28.04,28.11,1.33,30.55,40.01,7.05,3.46,12.91,31.78,37.63,3.78,3.39,25.21,65.6,6.25,2.94,21.08,27.01,38.3,13.61,3.45,26.44,5.42,41.28,23.41,2.66,55.69,0.21,6.34,4.97,0.4,1.41,25.29
2025-11-03,5.16,10.26,4.66,0.0,4.98,31.71,13.37,1.56,28.3,29.27,1.35,30.63,38.75,7.07,3.37,12.72,31.08,37.78,4.69,3.29,24.74,66.17,6.28,2.81,21.12,26.59,38.48,13.81,3.42,26.52,5.52,41.21,23.33,2.61,55.46,0.21,6.8,4.58,0.41,1.49,25.16
2025-11-04,5.21,9.87,4.65,0.0,4.93,31.26,13.81,1.44,28.83,29.36,1.67,30.07,38.9,7.0,3.47,12.94,31.07,37.67,4.5,3.35,26.24,64.78,6.15,2.83,21.16,26.15,39.08,13.61,3.38,26.89,5.99,40.97,22.77,2.48,55.78,0.21,7.36,4.23,0.4,1.55,24.66
2025-11-05,5.17,9.87,4.63,0.0,4.84,31.37,13.86,1.44,28.82,29.38,1.74,30.06,38.82,6.99,3.48,12.95,31.13,37.7,4.49,3.26,26.22,64.82,6.13,2.83,21.16,26.16,39.07,13.61,3.38,26.83,6.03,41.0,22.76,2.39,55.84,0.19,7.38,4.25,0.4,1.57,24.67
2025-11-06,5.25,9.87,4.29,0.0,4.87,31.17,13.87,1.48,29.2,28.83,1.75,30.71,38.71,6.75,3.39,13.42,31.48,37.51,4.23,3.22,26.2,64.86,6.08,2.86,20.51,26.52,39.08,13.89,3.33,26.67,6.17,41.44,22.39,2.47,55.07,0.19,7.64,4.08,0.42,1.55,24.98
2025-11-07,5.36,9.05,4.34,0.07,4.56,33.2,12.98,1.18,29.26,29.79,1.79,28.35,40.07,6.9,2.52,13.9,31.65,37.8,4.04,3.19,26.56,64.71,5.85,2.88,21.75,25.19,38.51,14.55,3.69,27.41,6.0,39.15,23.75,1.97,54.99,0.26,7.77,3.67,0.36,2.48,24.8
2025-11-08,5.37,9.74,4.19,0.07,4.68,34.09,12.22,1.17,28.47,29.38,1.87,28.28,40.47,7.28,2.39,13.81,32.62,37.14,3.5,3.26,27.07,64.13,5.95,2.85,22.75,25.15,38.07,14.03,3.99,26.85,5.51,39.33,24.32,1.66,55.5,0.29,7.43,3.77,0.41,2.42,24.52
2025-11-09,5.39,9.76,4.21,0.07,4.67,34.09,12.15,1.19,28.47,29.49,1.85,28.28,40.38,7.33,2.39,13.87,32.6,37.09,3.5,3.22,27.09,64.13,5.94,2.84,22.66,25.19,38.17,13.98,3.97,26.83,5.56,39.32,24.32,1.65,55.48,0.3,7.36,3.77,0.41,2.42,24.6
2025-11-10,5.26,9.65,4.2,0.07,4.72,34.18,12.31,1.14,28.47,29.4,1.81,28.21,40.58,7.27,2.34,13.9,32.45,37.23,3.57,3.24,27.25,64.05,5.84,2.86,22.74,25.4,37.9,13.96,3.9,26.49,5.41,39.93,24.27,1.66,55.53,0.33,7.54,3.69,0.43,2.43,24.47
2025-11-11,5.2,9.66,4.2,0.08,4.78,33.94,12.32,1.19,28.63,29.17,1.87,28.35,40.61,7.65,2.31,14.13,31.76,37.27,3.62,3.26,27.06,64.39,5.74,2.81,22.43,25.33,38.09,14.15,3.94,26.39,5.27,40.32,24.08,1.68,55.27,0.33,7.7,3.79,0.59,2.44,24.31
2025-11-12,5.16,9.78,4.16,0.04,4.55,34.02,12.35,1.14,28.8,29.22,1.83,28.41,40.54,7.5,2.32,14.21,31.74,37.29,3.68,3.26,26.91,64.58,5.71,2.8,22.7,25.2,37.9,14.2,4.1,26.55,5.3,39.85,24.2,1.67,54.93,0.35,7.66,3.8,0.59,2.56,24.6
2025-11-13,5.32,9.68,4.24,0.04,4.38,33.88,12.16,1.24,29.06,28.8,1.9,28.34,40.96,7.63,2.26,14.0,31.99,36.94,3.81,3.37,27.02,64.14,5.75,3.09,22.36,25.44,38.15,14.05,4.14,26.87,5.45,39.24,24.3,1.72,54.91,0.44,7.63,3.93,0.58,2.64,24.19
2025-11-14,5.53,9.41,4.12,0.06,4.25,33.28,12.4,1.51,29.44,28.89,1.92,28.01,41.18,7.72,2.18,13.83,32.16,36.67,4.03,3.41,27.18,63.67,6.11,3.04,22.53,25.64,37.66,14.17,4.17,26.88,5.15,39.49,24.31,1.62,54.06,0.54,7.29,4.09,0.49,2.95,24.86
2025-11-15,5.43,9.51,4.0,0.07,4.02,32.64,11.42,1.72,31.19,28.34,1.67,28.17,41.82,7.12,2.43,13.71,33.09,36.44,3.92,3.29,27.01,63.93,6.1,2.96,22.89,25.66,37.88,13.57,4.12,26.02,5.35,39.86,24.65,1.66,54.05,0.49,7.21,4.06,0.38,2.66,25.76
2025-11-16,5.37,9.38,4.01,0.07,4.0,32.74,11.5,1.77,31.16,28.42,1.64,28.27,41.67,7.15,2.43,13.67,33.0,36.53,3.94,3.28,27.01,63.92,6.12,2.95,22.81,25.73,37.87,13.59,4.11,26.05,5.26,39.92,24.66,1.64,54.12,0.53,7.2,4.08,0.38,2.69,25.63
2025-11-17,5.1,9.22,4.18,0.03,4.21,31.26,11.97,2.34,31.69,28.72,1.61,28.78,40.89,7.33,2.46,13.46,31.72,37.69,4.33,3.01,27.09,63.91,6.19,2.81,23.07,26.6,37.32,13.01,3.9,24.81,5.79,40.54,24.96,1.54,53.89,0.49,7.23,4.6,0.43,2.74,25.38
2025-11-18,5.44,8.77,4.31,0.03,4.49,30.44,12.48,2.67,31.37,28.56,1.67,29.09,40.68,6.92,2.58,12.81,32.33,38.66,3.84,2.86,27.27,63.38,6.67,2.68,22.52,26.37,37.53,13.58,4.43,23.71,5.75,40.94,25.17,1.48,54.03,0.76,6.73,5.53,0.33,1.94,25.07
2025-11-19,5.54,9.55,4.11,0.05,4.92,30.39,12.55,2.95,29.94,29.74,1.67,28.98,39.61,6.96,2.56,12.59,31.52,40.34,3.43,2.6,26.54,63.83,6.78,2.85,22.43,25.56,38.29,13.72,3.9,23.62,6.32,41.08,25.08,1.6,55.38,0.73,6.69,5.84,0.45,2.13,23.55
2025-11-20,5.81,10.18,3.75,0.05,6.47,30.29,12.15,2.98,28.32,29.89,1.66,28.18,40.27,7.77,2.57,12.73,30.33,39.64,3.42,3.54,26.9,63.94,6.16,3.0,21.79,24.87,38.33,15.01,4.0,25.18,5.57,40.3,24.95,1.43,56.71,0.55,6.55,5.17,0.51,1.82,23.48
2025-11-21,4.94,9.98,3.6,0.05,6.1,31.0,11.5,3.41,29.42,28.7,1.58,28.75,40.97,7.17,2.63,12.67,31.35,39.43,3.48,3.27,29.15,61.85,6.13,2.87,21.74,24.59,39.03,14.64,3.85,23.56,5.77,40.89,25.93,1.68,57.18,0.48,6.28,4.48,0.55,1.92,23.28
2025-11-22,4.4,10.71,3.78,0.01,6.07,31.19,12.18,3.57,28.09,29.55,1.57,28.33,40.55,6.88,2.62,12.94,32.37,37.67,4.09,3.43,29.57,60.94,6.64,2.85,21.79,24.55,39.0,14.66,4.32,22.18,7.01,41.84,24.65,1.89,57.29,0.4,6.49,4.37,0.6,2.11,23.23
2025-11-23,4.42,10.74,3.75,0.01,6.05,31.13,12.18,3.6,28.12,29.46,1.56,28.42,40.56,6.89,2.62,12.98,32.44,37.56,4.08,3.43,29.67,60.85,6.62,2.86,21.74,24.52,39.05,14.69,4.28,22.19,7.01,41.95,24.57,1.92,57.2,0.39,6.48,4.36,0.6,2.12,23.27
2025-11-24,4.87,11.3,3.74,0.01,5.94,32.7,11.76,3.5,26.18,29.35,1.43,29.61,39.61,6.79,2.43,13.49,32.02,38.37,3.74,3.16,28.22,61.68,7.36,2.74,21.82,23.4,39.72,15.06,3.98,22.1,6.06,44.21,23.65,1.76,55.92,0.49,5.99,4.35,0.4,2.05,25.33
2025-11-25,5.05,10.81,4.12,0.01,5.97,32.65,11.43,3.41,26.55,28.18,1.41,29.56,40.85,6.56,2.92,12.65,32.41,37.93,4.77,2.76,26.87,63.9,6.66,2.57,21.99,25.01,39.02,13.98,4.05,22.53,6.15,43.61,23.66,1.58,56.74,0.58,4.93,4.35,0.32,1.78,25.84
2025-11-26,4.79,10.7,4.02,0.05,5.18,32.52,12.28,3.25,27.21,29.29,1.45,29.27,39.99,6.77,2.72,12.13,33.27,37.82,4.54,2.75,26.75,64.24,6.53,2.48,22.02,24.91,39.17,13.9,3.96,22.48,6.16,43.33,24.07,1.82,56.8,0.6,5.07,4.91,0.32,1.65,24.96
2025-11-27,5.39,11.05,4.22,0.05,6.02,29.91,12.2,2.65,28.51,29.54,1.44,28.14,40.88,6.56,2.42,11.64,33.78,38.27,4.48,2.85,28.0,63.15,6.32,2.53,23.76,23.47,38.14,14.63,3.86,21.79,5.82,43.96,24.57,2.15,57.48,0.62,4.95,4.9,0.26,2.03,23.76
2025-11-28,5.64,11.0,4.42,0.05,6.17,30.45,12.08,2.51,27.68,28.08,1.47,28.27,42.18,6.86,2.5,12.03,34.6,36.86,4.2,2.95,28.0,62.46,6.7,2.84,23.84,22.6,38.35,15.21,3.78,22.31,5.95,44.07,23.89,2.48,58.59,0.67,5.13,4.39,0.2,1.93,22.76
2025-11-29,5.14,10.27,4.25,0.04,5.99,31.37,12.3,2.94,27.7,27.96,1.54,28.49,42.01,7.27,2.43,12.45,34.65,36.34,3.77,3.09,27.31,63.57,6.21,2.91,23.65,22.21,39.62,14.52,3.76,24.57,5.75,43.78,22.14,2.41,57.32,0.66,5.22,5.08,0.21,1.39,23.78
2025-11-30,5.21,10.25,4.26,0.04,6.02,31.18,12.28,2.94,27.82,27.97,1.57,28.34,42.12,7.25,2.45,12.41,34.47,36.57,3.76,3.09,27.31,63.59,6.2,2.9,23.61,22.12,39.46,14.81,3.72,24.51,5.77,43.66,22.34,2.41,57.35,0.67,5.28,5.06,0.21,1.47,23.66
2025-12-01,5.41,10.24,4.31,0.04,5.7,31.76,12.46,2.77,27.31,28.48,1.49,28.26,41.77,7.78,2.42,12.39,32.71,37.76,3.82,3.12,27.07,63.84,6.19,2.9,22.82,22.66,39.81,14.71,3.85,24.89,5.38,43.2,22.68,2.48,56.9,0.85,5.33,4.83,0.22,1.52,23.64
2025-12-02,5.37,10.2,4.5,0.04,5.19,30.31,13.13,2.35,28.91,28.56,1.55,29.04,40.85,7.22,2.65,12.51,31.9,38.81,3.43,3.48,26.67,64.56,6.22,2.55,22.74,23.34,39.89,14.03,3.73,23.72,5.27,44.79,22.49,2.62,57.51,1.0,5.45,4.7,0.26,1.54,22.93
2025-12-03,4.75,11.16,4.78,0.01,4.92,30.54,12.94,2.26,28.64,27.27,1.47,30.64,40.62,7.58,2.98,11.66,33.52,37.3,3.46,3.5,26.74,64.18,6.3,2.78,22.41,24.53,38.3,14.76,3.63,23.12,5.12,45.19,22.94,2.69,59.06,0.58,5.65,4.27,0.27,1.49,21.94
2025-12-04,4.82,10.53,4.82,0.01,5.58,30.8,13.85,2.1,27.49,26.71,1.71,31.79,39.79,7.13,3.14,11.75,33.98,36.54,4.0,3.46,26.81,63.65,6.67,2.87,22.1,24.25,38.66,14.99,3.63,24.3,5.39,44.84,21.84,2.61,58.2,0.61,5.59,4.45,0.23,1.49,22.25
2025-12-05,4.88,10.52,4.54,0.01,5.72,31.39,13.83,2.1,27.01,26.09,1.72,32.0,40.19,7.31,3.12,11.94,34.48,35.53,4.06,3.56,27.78,62.82,6.68,2.72,22.31,23.67,38.85,15.17,3.83,24.32,5.23,45.56,21.06,2.53,57.47,0.63,6.33,4.42,0.24,1.67,22.03
2025-12-06,4.91,10.6,4.48,0.01,5.88,31.99,13.18,2.14,26.81,26.39,1.74,31.69,40.18,7.65,3.17,11.88,34.89,35.2,3.76,3.45,27.83,62.59,6.65,2.93,22.04,23.8,39.35,14.81,3.86,24.2,5.23,45.62,21.09,2.49,57.64,0.64,6.12,4.22,0.3,1.69,22.23
2025-12-07,4.91,10.67,4.54,0.01,5.85,31.87,13.2,2.16,26.79,26.16,1.78,31.74,40.32,7.63,3.16,11.88,34.86,35.25,3.78,3.44,27.82,62.77,6.5,2.91,22.03,23.58,39.42,14.97,3.84,24.18,5.23,45.74,21.01,2.5,57.63,0.64,6.12,4.24,0.3,1.71,22.27
2025-12-08,4.89,10.57,4.11,0.02,6.18,32.76,13.09,2.11,26.27,25.89,1.71,31.84,40.56,7.5,3.13,12.25,35.0,34.77,3.83,3.52,27.74,62.99,6.29,2.98,22.56,23.76,39.05,14.63,4.07,24.2,5.11,45.35,21.27,2.29,57.3,0.63,6.34,4.33,0.32,1.71,22.44
2025-12-09,5.02,9.85,4.47,0.02,6.07,33.25,13.34,2.0,25.98,25.98,1.77,31.06,41.19,8.01,3.07,12.35,35.02,34.25,3.9,3.4,27.38,63.09,6.4,3.13,23.74,23.16,38.37,14.73,4.31,24.64,5.03,45.1,20.92,2.49,57.7,0.54,6.35,4.71,0.4,1.47,22.28
2025-12-10,5.23,10.12,4.19,0.02,6.04,33.19,13.54,1.95,25.72,25.77,1.71,31.22,41.3,8.1,3.04,12.62,35.56,33.93,3.62,3.13,27.47,63.15,6.21,3.17,23.59,23.37,38.54,14.5,4.32,24.38,5.06,45.13,21.11,2.55,57.72,0.6,6.23,4.53,0.37,1.55,22.34
2025-12-11,5.02,10.25,4.19,0.02,6.06,32.95,13.61,1.96,25.94,25.84,1.72,30.92,41.52,8.13,2.95,12.59,35.13,34.26,3.83,3.11,27.02,63.65,6.2,3.13,23.95,22.87,38.76,14.42,4.45,24.4,4.88,44.7,21.57,2.72,58.01,0.58,5.91,4.38,0.39,1.43,22.39
2025-12-12,4.95,10.15,4.19,0.02,6.2,32.78,13.99,1.88,25.84,25.98,1.77,31.29,40.96,8.02,2.94,12.67,35.31,34.12,3.83,3.11,27.28,63.43,6.27,3.02,23.69,22.78,39.1,14.43,4.54,23.79,4.97,44.9,21.8,2.78,58.23,0.59,5.89,4.4,0.33,1.38,22.09
2025-12-13,4.79,10.33,4.3,0.02,6.24,32.8,13.67,1.92,25.93,25.88,1.72,31.31,41.09,8.14,3.06,12.38,35.57,34.09,3.73,3.03,27.17,63.48,6.31,3.04,23.61,22.75,39.16,14.48,4.49,23.92,4.98,44.85,21.76,2.69,58.25,0.61,5.87,4.32,0.4,1.37,22.08
2025-12-14,4.86,10.38,4.27,0.02,6.19,32.74,13.69,1.89,25.96,25.85,1.72,31.32,41.11,8.15,3.06,12.4,35.53,34.09,3.73,3.04,27.21,63.46,6.29,3.04,23.59,22.78,39.14,14.49,4.49,23.96,4.97,44.82,21.76,2.69,58.27,0.61,5.84,4.33,0.41,1.38,22.01
2025-12-15,4.79,10.46,4.2,0.02,6.24,32.61,13.86,2.01,25.81,25.88,1.69,31.43,41.0,8.1,3.08,12.32,35.51,34.12,3.9,2.97,27.22,63.55,6.31,2.92,23.75,22.76,39.04,14.45,4.45,24.03,4.95,44.95,21.62,2.69,57.95,0.6,5.81,4.34,0.42,1.43,22.23
2025-12-16,4.75,10.54,4.14,0.02,6.19,32.72,13.97,1.92,25.75,25.81,1.77,31.48,40.94,8.1,3.07,12.38,35.35,34.19,3.94,2.97,27.26,63.41,6.36,2.97,24.02,22.84,38.94,14.2,4.48,24.12,4.96,44.66,21.78,2.75,57.91,0.61,5.78,4.31,0.39,1.43,22.34
2025-12-17,4.67,10.43,4.17,0.02,6.23,32.62,14.12,1.91,25.83,25.87,1.75,31.55,40.83,8.03,3.07,12.27,35.45,34.18,4.01,2.99,27.29,63.45,6.41,2.85,23.8,22.99,38.95,14.26,4.4,23.97,4.93,44.95,21.75,2.75,57.87,0.6,5.71,4.32,0.37,1.38,22.39
2025-12-18,4.65,10.39,4.22,0.02,6.21,32.55,14.16,1.93,25.87,25.88,1.68,31.58,40.86,8.01,3.07,12.19,35.54,34.17,4.0,3.02,27.23,63.48,6.45,2.84,23.83,22.96,38.87,14.34,4.44,24.05,4.91,44.86,21.74,2.77,57.79,0.62,5.72,4.31,0.38,1.37,22.44
2025-12-19,4.7,10.4,4.2,0.02,6.19,32.66,14.08,1.95,25.8,25.91,1.71,31.55,40.83,8.01,3.06,12.32,35.53,34.1,3.96,3.02,27.36,63.38,6.41,2.85,23.78,22.9,38.91,14.41,4.44,24.01,4.89,44.98,21.68,2.76,57.86,0.62,5.75,4.33,0.38,1.38,22.38
2025-12-20,4.68,10.27,4.21,0.02,6.22,32.63,14.07,1.97,25.93,25.92,1.57,31.66,40.85,7.99,3.06,12.27,35.64,34.13,4.02,2.89,27.34,63.56,6.38,2.72,23.79,23.04,38.74,14.43,4.38,24.05,4.89,44.92,21.76,2.73,57.81,0.62,5.82,4.33,0.39,1.44,22.41
2025-12-21,4.67,10.23,4.21,0.02,6.25,32.76,14.02,1.96,25.88,25.98,1.59,31.58,40.85,8.0,3.06,12.36,35.61,34.08,4.0,2.89,27.42,63.49,6.36,2.73,23.77,23.0,38.83,14.4,4.38,24.04,4.86,44.95,21.77,2.74,57.85,0.62,5.8,4.33,0.39,1.44,22.36
2025-12-22,4.66,10.24,4.18,0.02,6.22,32.69,14.01,1.91,26.07,25.86,1.6,31.67,40.87,7.99,3.05,12.25,35.72,34.07,4.02,2.9,27.36,63.62,6.31,2.71,23.83,22.96,38.81,14.4,4.41,23.99,4.83,44.91,21.86,2.73,57.93,0.64,5.85,4.31,0.4,1.34,22.31
2025-12-23,4.68,10.38,4.15,0.02,6.2,32.74,14.03,1.97,25.83,25.95,1.61,31.6,40.84,7.95,3.0,12.33,35.75,34.07,4.01,2.89,27.33,63.69,6.28,2.7,23.8,22.93,38.89,14.38,4.38,23.96,4.83,45.0,21.83,2.75,57.94,0.62,5.81,4.3,0.38,1.4,22.27
2025-12-24,4.68,10.36,4.17,0.02,6.23,32.56,14.13,1.97,25.88,25.88,1.6,31.65,40.87,7.99,3.01,12.24,35.77,34.06,4.05,2.88,27.31,63.63,6.34,2.72,23.64,23.12,38.91,14.33,4.36,24.07,4.82,44.93,21.82,2.78,57.89,0.65,5.88,4.29,0.41,1.39,22.26
2025-12-25,4.68,10.32,4.19,0.02,6.21,32.69,14.08,1.94,25.87,25.94,1.61,31.53,40.92,7.98,3.01,12.22,35.73,34.16,4.03,2.87,27.39,63.47,6.43,2.71,23.57,23.03,39.09,14.31,4.37,24.02,4.81,44.92,21.88,2.78,58.03,0.65,5.83,4.25,0.4,1.34,22.28
2025-12-26,4.67,10.29,4.19,0.02,6.23,32.67,14.06,2.02,25.85,25.9,1.62,31.57,40.91,7.95,3.01,12.2,35.78,34.14,4.06,2.86,27.23,63.63,6.44,2.7,23.64,23.05,38.91,14.4,4.4,24.05,4.8,44.91,21.84,2.77,57.92,0.64,5.84,4.25,0.4,1.42,22.31
2025-12-27,4.67,10.26,4.16,0.02,6.21,32.79,14.07,1.95,25.87,25.9,1.61,31.55,40.94,7.99,3.0,12.3,35.68,34.11,4.07,2.85,27.29,63.57,6.42,2.72,23.61,23.09,38.92,14.38,4.36,24.07,4.81,44.89,21.87,2.75,58.03,0.65,5.84,4.25,0.4,1.33,22.29
2025-12-28,4.63,10.34,4.16,0.02,6.18,32.74,14.02,1.95,25.96,25.88,1.6,31.58,40.94,7.99,3.02,12.24,35.74,34.09,4.07,2.85,27.25,63.58,6.44,2.73,23.65,23.01,38.93,14.41,4.25,24.08,4.83,45.0,21.84,2.78,57.88,0.64,5.86,4.27,0.41,1.33,22.39
2025-12-29,4.72,10.34,4.08,0.01,6.26,32.79,13.98,1.97,25.85,26.03,1.59,31.48,40.9,7.99,3.03,12.17,35.73,34.24,4.13,2.71,27.37,63.7,6.2,2.73,23.56,23.14,38.85,14.45,4.33,24.01,4.82,44.93,21.91,2.67,58.01,0.63,5.85,4.29,0.41,1.39,22.29
2025-12-30,4.72,10.43,4.07,0.01,6.19,32.72,13.98,1.94,25.94,25.92,1.59,31.47,41.02,7.95,3.02,12.09,35.77,34.31,4.13,2.73,27.49,63.5,6.29,2.72,23.57,23.17,38.79,14.47,4.39,24.06,4.87,44.81,21.87,2.6,58.11,0.65,5.81,4.22,0.42,1.33,22.43
2025-12-31,4.67,10.36,4.0,0.01,6.15,32.85,14.09,1.97,25.9,26.14,1.54,31.36,40.96,7.85,3.0,12.15,35.75,34.26,4.25,2.74,27.5,63.57,6.13,2.8,23.47,23.19,38.83,14.51,4.46,24.03,4.95,44.81,21.75,2.59,58.1,0.65,5.95,4.22,0.43,1.33,22.25
2026-01-01,4.66,10.42,3.96,0.01,6.16,32.89,14.08,1.99,25.83,26.09,1.62,31.35,40.94,7.88,3.0,12.22,35.73,34.16,4.27,2.74,27.53,63.57,6.09,2.81,23.46,23.28,38.78,14.48,4.42,24.06,4.95,44.88,21.69,2.61,58.0,0.61,5.94,4.18,0.44,1.38,22.33
2026-01-02,4.82,10.42,3.99,0.01,6.07,32.72,13.99,1.93,26.05,25.98,1.57,31.27,41.18,7.92,2.99,12.18,35.78,34.09,4.27,2.77,27.56,63.69,6.11,2.64,23.39,23.2,38.88,14.53,4.52,23.69,4.86,45.07,21.86,2.63,57.98,0.64,6.0,4.09,0.37,1.38,22.39
2026-01-03,4.8,10.56,4.0,0.01,6.05,32.6,14.04,1.95,25.99,26.02,1.56,31.26,41.16,7.83,2.99,12.15,35.83,34.08,4.31,2.81,27.53,63.76,6.1,2.61,23.37,23.21,38.8,14.62,4.45,23.67,4.86,45.13,21.89,2.58,57.91,0.65,6.05,4.1,0.38,1.37,22.45
2026-01-04,4.79,10.48,4.03,0.01,6.05,32.61,14.02,1.95,26.06,25.96,1.56,31.27,41.21,7.84,2.99,12.18,35.77,34.12,4.3,2.8,27.57,63.7,6.11,2.62,23.36,23.13,38.88,14.63,4.41,23.65,4.86,45.19,21.89,2.59,58.01,0.65,6.06,4.06,0.38,1.38,22.4
2026-01-05,4.78,10.44,4.02,0.01,6.09,32.54,14.02,1.96,26.14,25.98,1.59,31.2,41.23,7.83,2.99,12.07,35.89,34.11,4.32,2.79,27.5,63.78,6.1,2.62,23.34,23.19,38.83,14.64,4.46,23.7,4.84,45.09,21.91,2.58,57.95,0.65,6.01,4.08,0.37,1.38,22.44
2026-01-06,4.8,10.46,4.02,0.01,6.05,32.61,14.01,2.01,26.03,26.02,1.56,31.27,41.15,7.88,2.99,12.16,35.82,34.06,4.31,2.78,27.5,63.76,6.11,2.63,23.4,23.11,38.89,14.6,4.5,23.63,4.84,45.16,21.87,2.63,57.84,0.63,6.04,4.06,0.38,1.44,22.49
2026-01-07,4.85,10.5,4.01,0.01,6.08,32.54,13.99,1.92,26.1,25.95,1.59,31.29,41.17,7.83,2.99,12.13,35.78,34.17,4.32,2.78,27.43,63.9,6.03,2.64,23.36,23.23,38.8,14.61,4.51,23.7,4.86,45.05,21.88,2.58,57.97,0.64,6.02,4.06,0.37,1.37,22.47
2026-01-08,4.77,10.49,4.05,0.01,6.03,32.48,14.11,1.98,26.08,25.9,1.59,31.27,41.24,7.83,2.99,12.11,35.87,34.06,4.33,2.81,27.4,63.85,6.11,2.64,23.33,23.22,38.74,14.71,4.51,23.64,4.8,45.12,21.93,2.62,57.8,0.63,5.96,4.12,0.38,1.46,22.5
2026-01-09,4.82,10.55,4.08,0.01,5.96,32.58,14.07,1.91,26.02,26.02,1.6,31.27,41.11,7.9,3.01,12.21,35.74,33.93,4.39,2.82,27.58,63.76,6.01,2.65,23.19,23.18,38.8,14.83,4.38,23.53,4.93,45.13,22.03,2.62,57.94,0.64,5.98,4.07,0.4,1.44,22.39
2026-01-10,4.86,10.42,4.09,0.01,6.02,32.5,14.13,1.86,26.11,25.96,1.59,31.24,41.21,7.98,2.97,12.07,35.69,34.04,4.36,2.89,27.57,63.87,5.89,2.67,23.37,23.07,38.67,14.89,4.63,23.39,5.0,44.8,22.18,2.52,57.77,0.65,6.26,4.11,0.42,1.42,22.43
2026-01-11,4.79,10.45,4.11,0.01,6.07,32.74,14.01,1.93,25.89,25.9,1.66,31.3,41.14,8.15,2.99,12.1,35.48,34.05,4.32,2.91,27.59,63.64,6.06,2.71,23.49,22.99,38.64,14.88,4.62,23.27,4.94,44.96,22.21,2.66,57.44,0.64,6.17,4.17,0.36,1.49,22.64
2026-01-12,4.76,10.57,4.2,0.01,6.03,32.6,13.97,1.91,25.95,25.53,1.66,31.49,41.32,8.34,2.97,12.18,35.24,34.06,4.22,2.99,27.84,63.36,6.2,2.6,23.73,22.72,38.68,14.87,4.63,23.12,4.96,45.12,22.17,2.67,57.4,0.64,6.26,4.1,0.37,1.4,22.8
2026-01-13,4.64,10.49,4.22,0.01,6.13,32.72,14.06,1.88,25.85,25.61,1.63,31.68,41.08,8.39,2.92,12.09,34.97,34.36,4.18,3.09,27.88,63.13,6.29,2.7,24.02,22.6,38.62,14.76,4.52,23.17,4.93,45.09,22.29,2.55,57.4,0.65,6.27,4.08,0.44,1.4,22.72
2026-01-14,4.63,10.75,4.12,0.01,6.19,32.53,14.03,1.88,25.86,25.54,1.61,31.67,41.18,8.33,2.85,12.23,34.9,34.42,4.15,3.12,27.85,63.02,6.39,2.74,23.87,22.78,38.72,14.63,4.48,23.18,5.0,45.09,22.25,2.53,57.34,0.67,6.26,4.09,0.49,1.41,22.75
2026-01-15,4.6,10.79,4.09,0.01,6.21,32.66,13.96,1.9,25.78,25.55,1.69,31.59,41.17,8.31,2.85,12.37,34.79,34.41,4.12,3.15,27.87,62.92,6.47,2.74,23.94,22.62,38.93,14.51,4.59,23.21,4.88,45.14,22.18,2.51,57.5,0.67,6.3,4.04,0.42,1.4,22.65
2026-01-16,4.65,10.7,4.12,0.02,6.2,32.61,13.93,1.9,25.87,25.48,1.61,31.71,41.2,8.31,2.85,12.36,34.83,34.4,4.11,3.14,27.87,62.95,6.43,2.75,23.95,22.71,38.81,14.53,4.58,23.24,4.89,45.21,22.08,2.55,57.43,0.67,6.3,4.1,0.43,1.42,22.56
2026-01-17,4.71,10.7,4.15,0.02,6.18,32.75,13.87,1.89,25.73,25.51,1.64,31.66,41.19,8.33,2.84,12.39,34.81,34.36,4.09,3.18,27.87,62.89,6.49,2.75,24.04,22.62,38.88,14.46,4.53,23.29,4.89,45.2,22.09,2.57,57.46,0.66,6.27,4.08,0.43,1.41,22.57
2026-01-18,4.71,10.8,4.15,0.02,6.14,32.64,13.96,1.96,25.62,25.57,1.64,31.67,41.12,8.34,2.83,12.47,34.81,34.27,4.1,3.18,27.86,62.89,6.49,2.76,24.01,22.64,38.82,14.53,4.6,23.18,4.89,45.32,22.01,2.56,57.43,0.67,6.27,4.1,0.43,1.48,22.53
2026-01-19,4.56,10.66,4.18,0.02,6.15,32.69,14.04,1.96,25.74,25.34,1.59,31.74,41.33,8.22,2.82,12.43,34.87,34.06,4.3,3.3,27.68,62.97,6.59,2.76,24.05,22.68,38.86,14.41,4.61,23.26,4.84,45.21,22.08,2.55,57.34,0.68,6.19,4.1,0.51,1.47,22.7
2026-01-20,4.56,10.6,4.23,0.02,6.14,32.78,13.93,1.98,25.76,25.47,1.54,31.7,41.29,8.19,2.82,12.31,34.95,34.15,4.28,3.3,27.59,63.03,6.62,2.76,24.04,22.63,38.88,14.45,4.64,23.3,4.83,45.11,22.12,2.55,57.4,0.68,6.2,4.11,0.5,1.46,22.72
2026-01-21,4.57,10.7,4.25,0.02,6.02,32.86,13.97,1.9,25.71,25.37,1.6,31.65,41.38,8.03,2.79,12.55,34.8,34.2,4.29,3.34,27.53,63.05,6.65,2.77,24.15,22.58,38.87,14.4,4.64,23.19,4.94,45.11,22.12,2.53,57.43,0.69,6.23,4.03,0.48,1.43,22.76
2026-01-22,4.56,10.6,4.19,0.02,6.01,32.83,13.87,1.96,25.96,25.39,1.63,31.34,41.64,7.9,2.73,12.5,35.16,34.21,4.28,3.22,27.68,63.19,6.5,2.63,23.82,22.53,39.13,14.52,4.72,23.19,5.08,44.72,22.29,2.5,57.43,0.66,6.04,4.13,0.52,1.48,22.74
2026-01-23,4.52,10.63,4.17,0.02,6.14,32.95,14.02,1.78,25.77,25.36,1.7,31.33,41.61,7.77,2.75,12.68,35.04,34.24,4.25,3.27,27.91,63.14,6.37,2.58,23.83,22.82,38.83,14.52,4.7,22.89,5.13,44.83,22.45,2.69,57.57,0.68,5.98,4.32,0.49,1.3,22.58
2026-01-24,4.63,10.76,4.12,0.04,5.99,32.62,14.2,1.76,25.88,25.15,1.74,31.54,41.57,7.67,2.71,12.54,35.2,34.39,4.27,3.22,27.65,63.45,6.3,2.6,23.93,22.85,38.51,14.71,4.51,22.69,5.26,44.9,22.64,2.62,56.96,0.72,6.04,4.23,0.4,1.18,23.32
2026-01-25,4.61,10.72,4.1,0.04,6.0,32.7,14.19,1.75,25.89,25.16,1.69,31.62,41.53,7.67,2.71,12.69,35.22,34.26,4.26,3.19,27.68,63.5,6.21,2.61,23.91,22.9,38.51,14.68,4.62,22.57,5.25,44.91,22.65,2.64,57.02,0.72,5.99,4.24,0.39,1.18,23.29
2026-01-26,4.59,10.69,4.1,0.04,6.01,32.78,14.2,1.76,25.83,25.09,1.72,31.57,41.62,7.69,2.7,12.68,35.18,34.27,4.27,3.21,27.69,63.42,6.29,2.6,23.96,22.95,38.43,14.66,4.64,22.58,5.23,44.97,22.58,2.66,56.94,0.72,6.04,4.24,0.39,1.18,23.35
2026-01-27,4.59,10.78,4.38,0.04,6.18,32.01,14.01,1.78,26.23,25.72,1.66,31.54,41.08,7.53,2.83,12.69,35.33,34.1,4.35,3.17,27.6,63.51,6.21,2.68,23.93,22.85,38.48,14.74,4.5,22.84,5.15,44.81,22.7,2.58,56.08,0.69,6.08,4.3,0.38,1.4,23.98
2026-01-28,4.46,10.72,4.44,0.04,6.46,31.68,13.62,1.82,26.76,26.33,1.73,31.3,40.64,7.54,2.92,12.49,35.31,34.28,4.27,3.19,27.29,63.65,6.27,2.79,23.87,22.99,38.07,15.07,4.56,23.88,5.08,43.93,22.55,2.38,56.33,0.61,5.86,4.27,0.34,1.55,23.93
2026-01-29,4.58,10.36,4.29,0.03,6.32,31.05,13.71,1.69,27.97,26.26,1.67,30.81,41.26,7.57,2.67,12.84,34.41,34.94,4.31,3.26,27.43,63.26,6.42,2.89,23.11,22.68,38.87,15.34,4.62,24.79,5.02,43.04,22.53,2.4,56.37,0.55,5.73,4.18,0.38,1.54,24.22
2026-01-30,4.56,9.82,4.15,0.03,6.52,31.23,14.54,1.56,27.59,26.24,1.78,31.05,40.93,7.22,2.67,13.75,34.14,34.35,4.34,3.53,26.8,63.77,6.26,3.17,23.16,22.28,39.61,14.95,4.59,24.32,5.46,43.09,22.54,2.38,56.68,0.44,5.43,3.89,0.46,1.52,24.42
2026-01-31,4.71,9.85,4.07,0.03,5.74,33.26,14.58,1.43,26.33,27.3,1.72,30.4,40.58,7.78,2.2,14.04,33.63,35.03,3.78,3.54,26.96,64.21,5.76,3.07,23.21,22.44,39.43,14.92,4.49,24.12,6.11,42.66,22.62,2.58,56.05,0.46,5.17,4.65,0.47,1.33,24.93
2026-02-01,4.7,9.81,4.12,0.03,5.72,33.34,14.57,1.41,26.3,27.22,1.75,30.33,40.7,7.78,2.21,14.04,33.58,35.07,3.82,3.5,26.95,64.21,5.75,3.09,23.27,22.38,39.38,14.97,4.53,24.05,6.12,42.74,22.56,2.6,56.02,0.47,5.12,4.69,0.46,1.33,24.93
2026-02-02,4.76,9.54,4.0,0.01,5.8,32.74,16.06,1.43,25.66,26.86,1.66,30.49,40.99,7.15,2.21,13.63,33.52,36.23,3.82,3.44,26.47,64.93,5.6,3.0,22.9,23.37,39.38,14.35,4.7,25.41,6.22,41.75,21.92,2.63,56.08,0.43,5.93,4.44,0.34,1.18,24.84
2026-02-03,4.87,9.96,3.68,0.01,5.59,32.81,16.2,1.35,25.53,26.92,1.73,31.01,40.34,6.96,2.2,13.76,33.99,36.39,3.29,3.41,26.93,64.85,5.26,2.96,22.0,24.99,39.22,13.79,5.0,24.64,6.63,42.08,21.65,2.73,55.12,0.36,5.9,4.31,0.19,1.35,25.8
2026-02-04,4.98,9.77,3.97,0.01,5.55,32.8,15.99,1.35,25.58,27.19,1.7,30.77,40.34,7.08,2.08,13.55,34.61,36.05,3.33,3.3,26.8,64.7,5.55,2.95,22.98,24.68,38.27,14.07,5.08,24.79,6.21,42.19,21.73,2.25,54.93,0.37,6.11,4.44,0.27,1.4,26.08
2026-02-05,5.13,9.65,3.97,0.02,5.51,31.85,16.81,1.32,25.74,27.12,1.53,30.0,41.35,7.06,2.13,13.45,34.73,36.22,3.21,3.2,26.99,64.37,5.8,2.84,22.88,24.75,38.37,14.0,5.04,25.0,5.87,41.76,22.33,1.96,54.21,0.31,6.38,4.51,0.28,1.34,26.74
2026-02-06,4.89,10.17,3.81,0.02,5.18,31.5,16.66,1.29,26.48,26.85,1.47,30.63,41.05,7.18,2.49,13.97,34.25,35.65,3.21,3.25,27.54,63.73,6.05,2.68,21.65,25.14,38.88,14.33,5.33,25.38,5.28,41.68,22.33,2.1,53.69,0.51,6.62,4.51,0.45,1.44,26.66
2026-02-07,5.29,10.37,4.0,0.02,5.61,31.53,16.3,1.11,25.77,26.19,1.47,30.51,41.83,6.95,2.55,14.27,34.49,35.06,3.46,3.22,27.54,63.85,6.06,2.55,22.63,24.32,38.54,14.51,4.89,24.6,5.0,42.07,23.44,2.2,53.51,0.49,6.11,4.71,0.47,1.05,27.62
2026-02-08,5.3,10.39,4.0,0.02,5.62,31.49,16.36,1.11,25.71,26.18,1.49,30.43,41.9,6.91,2.55,14.24,34.64,35.09,3.39,3.18,27.51,63.9,6.04,2.55,22.75,24.38,38.42,14.45,4.91,24.62,5.03,41.96,23.48,2.19,53.47,0.48,6.1,4.74,0.46,1.08,27.6
2026-02-09,5.33,9.93,3.82,0.02,5.86,30.72,16.09,1.13,27.1,26.02,1.59,30.02,42.37,6.56,2.68,14.21,34.83,35.25,3.39,3.08,27.58,63.42,6.24,2.76,22.29,24.71,39.14,13.86,5.21,25.0,4.74,41.71,23.34,2.41,54.43,0.39,5.83,4.65,0.45,0.9,26.96
2026-02-10,5.43,9.81,4.12,0.19,5.94,30.07,17.1,0.97,26.37,26.27,1.58,30.91,41.24,5.97,1.85,13.95,37.16,34.48,3.34,3.25,27.13,64.5,5.77,2.6,24.3,24.97,35.77,14.96,4.9,24.17,4.87,41.77,24.29,2.18,54.47,0.42,7.73,4.27,0.26,0.93,25.45
2026-02-11,5.22,9.59,4.09,0.19,6.22,29.52,16.25,0.88,28.04,27.01,1.51,31.03,40.45,5.58,1.85,13.94,36.59,34.93,3.27,3.84,26.98,64.61,5.76,2.65,24.35,24.02,35.53,16.1,5.24,23.62,5.42,42.02,23.7,1.47,55.9,0.35,7.89,4.63,0.28,0.79,24.29
2026-02-12,5.1,8.92,3.91,0.2,6.13,31.9,16.21,0.87,26.76,28.53,0.77,29.39,41.31,5.7,1.86,14.19,36.89,35.27,3.37,2.72,28.37,63.88,6.01,1.74,23.59,24.03,36.7,15.68,4.77,24.56,5.51,41.47,23.69,1.92,55.63,0.33,7.67,4.34,0.25,0.88,25.2
2026-02-13,4.88,9.95,4.19,0.19,6.06,33.19,14.8,0.94,25.8,28.81,1.65,28.24,41.3,6.83,1.93,13.47,35.1,36.28,3.09,3.3,27.95,62.7,6.67,2.68,23.37,24.11,38.31,14.21,5.94,25.5,4.98,40.15,23.43,2.0,53.49,0.66,7.72,4.71,0.22,0.91,26.2
2026-02-14,5.28,9.68,3.8,0.21,6.41,32.47,14.62,0.94,26.59,26.96,1.57,30.03,41.44,7.06,2.16,14.1,34.61,35.68,3.32,3.07,27.51,63.51,6.29,2.69,23.7,24.51,37.56,14.23,5.9,25.13,5.81,39.8,23.36,2.13,53.37,0.55,7.34,5.18,0.22,0.93,25.99
2026-02-15,5.25,9.67,3.87,0.21,6.45,32.54,14.59,0.94,26.48,26.93,1.58,30.1,41.39,7.07,2.15,14.17,34.54,35.64,3.36,3.07,27.53,63.44,6.34,2.69,23.62,24.49,37.63,14.26,5.83,25.05,5.82,39.86,23.44,2.16,53.37,0.55,7.32,5.17,0.22,0.93,25.96
2026-02-16,5.23,9.87,3.82,0.19,6.25,32.68,15.78,0.83,25.35,26.01,1.79,28.73,43.47,7.25,1.93,13.18,34.71,35.87,3.81,3.25,28.07,63.42,5.98,2.53,23.42,24.46,37.71,14.41,5.8,24.04,5.77,40.09,24.3,2.13,54.04,0.44,7.56,5.45,0.29,0.91,24.88
2026-02-17,4.84,9.88,4.07,0.18,6.32,32.28,16.17,0.78,25.48,25.82,1.77,28.85,43.56,6.57,2.13,12.84,35.44,35.89,3.78,3.35,26.43,65.6,5.5,2.47,23.65,23.71,37.61,15.03,5.14,23.79,5.82,41.5,23.75,2.22,54.86,0.11,7.16,5.25,0.32,0.91,24.74
2026-02-18,4.97,9.94,3.93,0.12,5.77,32.6,15.74,0.74,26.19,24.72,1.78,30.08,43.42,7.03,2.35,13.61,35.95,34.07,3.73,3.26,27.21,64.3,6.08,2.41,23.33,23.31,38.77,14.59,4.89,23.59,5.87,42.47,23.18,2.3,55.02,0.34,7.46,4.98,0.32,1.0,24.64
2026-02-19,4.79,9.97,3.96,0.07,5.58,33.26,15.05,0.95,26.37,24.78,1.84,30.93,42.45,6.93,2.49,13.01,37.03,33.58,3.7,3.26,28.28,62.94,6.27,2.51,23.46,22.35,39.21,14.98,5.12,23.55,5.7,42.71,22.92,2.21,55.34,0.39,7.84,4.18,0.26,1.19,24.73
2026-02-20,4.87,9.5,3.93,0.07,5.35,33.01,15.27,0.91,27.09,25.38,1.81,30.65,42.16,7.11,2.41,12.06,37.08,34.05,3.79,3.5,28.91,62.24,6.2,2.65,23.66,23.15,38.86,14.33,5.15,24.69,5.12,42.62,22.42,2.41,56.13,0.19,7.51,4.08,0.23,1.09,24.65
2026-02-21,4.61,9.86,3.68,0.02,5.32,32.82,15.37,0.94,27.38,25.91,1.79,29.67,42.63,6.56,2.16,12.16,36.62,35.35,3.67,3.48,28.48,62.84,6.07,2.61,24.16,23.45,38.49,13.9,4.46,26.35,4.9,42.57,21.72,2.2,58.07,0.3,7.33,4.43,0.21,0.92,23.1
2026-02-22,4.57,9.9,3.69,0.02,5.32,32.77,15.35,0.95,27.43,25.91,1.82,29.68,42.59,6.58,2.17,12.12,36.68,35.31,3.68,3.46,28.57,62.72,6.09,2.62,24.14,23.31,38.65,13.9,4.4,26.42,4.93,42.53,21.72,2.2,58.0,0.3,7.29,4.42,0.22,0.92,23.18
2026-02-23,4.87,9.9,3.61,0.03,5.36,33.19,15.61,0.91,26.52,27.08,1.82,28.48,42.62,6.74,1.96,12.06,37.14,35.07,3.59,3.44,26.91,64.49,5.92,2.68,24.32,23.58,37.43,14.67,4.36,26.42,4.9,42.14,22.18,2.04,57.59,0.29,7.6,4.29,0.25,1.19,23.02
2026-02-24,5.52,9.81,3.46,0.03,5.33,34.15,15.46,0.73,25.51,27.24,1.78,29.47,41.51,6.76,1.77,13.02,35.05,35.99,3.91,3.5,27.0,64.15,6.21,2.64,26.28,23.75,36.32,13.65,4.65,26.44,4.99,42.65,21.27,1.79,56.0,0.37,8.12,4.45,0.25,1.17,23.96
2026-02-25,5.07,9.74,3.52,0.01,5.54,33.73,14.84,0.83,26.72,27.16,1.57,29.16,42.11,6.74,1.79,12.62,35.75,35.91,3.72,3.47,27.62,64.12,5.94,2.32,26.41,23.26,35.76,14.57,4.49,25.9,5.11,42.34,22.16,1.95,56.14,0.43,7.42,4.41,0.15,1.43,23.84
2026-02-26,4.93,9.71,3.19,0.0,5.9,32.75,15.92,0.87,26.73,27.77,1.54,28.73,41.96,6.43,1.86,12.78,34.97,36.53,3.85,3.58,26.82,64.71,6.09,2.38,25.74,23.2,36.02,15.04,4.66,26.08,4.8,42.6,21.86,1.88,55.44,0.34,7.65,4.34,0.15,1.35,24.29
2026-02-27,4.63,9.74,3.52,0.0,6.21,32.13,15.65,0.82,27.3,27.92,1.63,28.32,42.13,6.33,1.93,12.9,34.91,36.51,4.24,3.18,25.81,65.3,6.5,2.39,25.18,22.78,37.01,15.03,4.67,27.16,4.64,41.21,22.32,2.12,55.62,0.38,7.75,4.68,0.13,1.34,23.61
2026-02-28,4.39,9.57,3.78,0.0,5.9,31.66,16.05,0.66,27.99,27.27,1.6,28.14,42.99,7.1,2.06,12.4,35.59,35.88,3.85,3.12,24.78,66.47,6.62,2.13,24.34,24.76,35.99,14.91,4.86,27.19,4.91,40.8,22.24,2.43,55.26,0.46,8.51,4.82,0.24,1.28,23.24
2026-03-01,4.36,9.56,3.77,0.0,5.89,31.62,16.07,0.66,28.07,27.36,1.57,28.13,42.94,7.22,2.05,12.39,35.53,35.86,3.83,3.12,24.74,66.52,6.61,2.13,24.27,24.85,35.97,14.91,4.89,27.21,4.9,40.85,22.15,2.42,55.26,0.46,8.48,4.82,0.24,1.27,23.26
2026-03-02,4.92,9.6,3.44,0.0,6.02,31.73,15.06,0.57,28.66,27.72,1.55,28.45,42.28,6.66,2.52,12.8,35.41,35.85,3.77,2.99,25.74,65.54,6.6,2.12,23.68,24.91,36.45,14.96,4.71,25.61,4.6,41.91,23.17,2.73,54.6,0.47,7.72,4.56,0.36,1.17,24.13
2026-03-03,4.74,9.55,3.51,0.0,5.72,32.02,15.4,0.53,28.53,27.34,1.56,28.61,42.49,7.25,2.11,12.56,35.42,35.72,3.62,3.32,26.09,65.01,6.38,2.52,24.45,25.44,35.36,14.75,4.62,26.05,4.18,41.82,23.33,2.47,55.01,0.41,8.17,4.26,0.48,1.14,24.33
2026-03-04,4.75,9.54,3.54,0.0,5.75,31.99,15.27,0.52,28.64,27.25,1.53,28.59,42.63,7.26,2.12,12.61,35.33,35.72,3.62,3.34,26.17,64.93,6.38,2.52,24.49,25.38,35.37,14.76,4.65,26.1,4.19,41.74,23.32,2.46,55.12,0.41,8.18,4.3,0.47,1.14,24.17
2026-03-05,4.76,9.62,3.52,0.0,5.74,32.02,15.32,0.52,28.5,27.23,1.58,28.68,42.51,7.27,2.11,12.64,35.36,35.68,3.6,3.34,26.18,64.91,6.4,2.51,24.54,25.28,35.47,14.71,4.64,26.07,4.17,41.84,23.28,2.47,54.95,0.41,8.17,4.27,0.48,1.15,24.39
2026-03-06,5.03,10.53,3.44,0.0,5.26,31.71,15.91,0.74,27.38,27.55,1.58,28.89,41.98,7.12,2.32,12.62,36.26,35.12,3.36,3.2,26.62,64.98,5.8,2.6,24.32,23.95,36.43,15.3,4.51,25.51,4.74,42.06,23.18,2.63,56.29,0.54,7.34,4.87,0.41,1.03,23.42
2026-03-07,4.65,10.22,3.7,0.0,4.66,32.02,16.99,0.92,26.84,27.0,1.62,29.32,42.06,7.45,2.05,12.47,35.12,35.72,3.5,3.69,25.83,65.7,5.81,2.66,23.91,23.45,37.31,15.33,4.33,25.9,4.84,41.6,23.33,2.39,55.86,0.57,7.63,5.18,0.49,0.95,23.34
2026-03-08,4.66,10.2,3.66,0.0,4.65,32.07,16.95,0.92,26.89,27.01,1.59,29.36,42.04,7.47,2.01,12.47,35.15,35.76,3.5,3.64,25.79,65.75,5.81,2.65,23.98,23.43,37.29,15.3,4.31,25.93,4.88,41.58,23.3,2.38,55.94,0.57,7.61,5.13,0.49,0.94,23.28
2026-03-09,4.6,10.79,3.79,0.0,4.9,31.25,17.6,1.19,25.88,26.78,1.6,29.23,42.39,7.39,2.15,11.49,36.46,35.29,3.76,3.46,26.08,65.3,5.99,2.63,24.44,24.23,36.15,15.18,4.33,26.39,4.9,42.48,21.9,2.43,55.0,0.48,7.66,5.28,0.52,1.07,23.49
2026-03-10,4.68,11.57,3.59,0.02,5.06,29.97,17.92,1.51,25.68,26.47,1.65,29.92,41.96,6.99,2.48,11.97,35.52,35.71,4.19,3.14,26.28,65.31,6.07,2.34,23.37,24.74,37.16,14.73,4.29,25.33,5.12,42.7,22.56,2.51,54.53,0.38,7.22,5.58,0.36,1.18,24.02
2026-03-11,4.91,11.18,4.0,0.02,5.18,30.13,18.34,1.29,24.95,27.07,1.65,29.39,41.89,7.0,2.81,12.15,34.9,35.46,4.58,3.1,26.06,65.82,5.8,2.32,23.5,24.86,37.07,14.57,4.2,25.71,5.29,42.88,21.92,2.48,53.57,0.32,7.77,5.72,0.3,1.26,24.34
2026-03-12,4.52,12.4,3.98,0.02,5.03,29.23,18.79,1.54,24.49,28.14,1.62,28.82,41.42,6.66,2.66,12.2,34.72,35.9,4.8,3.06,25.43,66.38,5.79,2.4,24.33,25.74,35.97,13.96,4.4,27.04,5.3,42.15,21.11,2.57,53.68,0.31,8.29,5.29,0.2,1.29,24.01
2026-03-13,4.58,11.22,3.83,0.02,5.56,29.16,19.74,1.68,24.21,28.59,1.58,28.96,40.87,6.7,2.37,12.56,34.54,36.51,4.41,2.91,25.48,66.45,5.63,2.44,24.18,24.85,35.77,15.2,4.85,26.57,5.72,41.61,21.25,2.3,54.14,0.34,8.12,5.52,0.14,1.34,23.97
2026-03-14,4.95,10.69,3.5,0.02,5.68,30.89,19.75,0.88,23.64,28.55,1.63,27.96,41.86,6.83,2.02,12.58,34.27,36.87,4.32,3.11,26.34,65.18,6.07,2.41,25.53,24.16,35.35,14.96,4.93,25.1,5.99,42.03,21.95,2.48,53.28,0.34,8.73,5.32,0.2,1.33,24.29
2026-03-15,4.97,10.67,3.52,0.02,5.62,30.93,19.81,0.87,23.59,28.63,1.69,27.96,41.72,6.85,1.98,12.52,34.2,37.01,4.32,3.12,26.43,65.09,6.06,2.42,25.65,24.17,35.31,14.87,4.96,25.23,5.97,41.82,22.02,2.45,53.27,0.33,8.74,5.27,0.2,1.35,24.4
2026-03-16,5.5,10.34,3.52,0.02,5.7,30.85,19.76,0.85,23.46,28.48,1.6,28.52,41.4,7.19,1.57,13.31,33.8,36.88,4.09,3.16,26.99,64.71,5.72,2.58,24.66,24.79,35.98,14.57,4.84,25.34,5.75,42.14,21.93,2.31,53.92,0.24,8.55,4.95,0.28,1.3,24.48
2026-03-17,5.25,10.93,3.63,0.02,5.43,29.53,20.76,0.75,23.7,28.41,1.47,29.07,41.05,6.63,1.68,13.85,34.78,35.68,4.49,2.89,27.82,64.02,5.55,2.61,23.62,24.54,37.75,14.09,4.68,25.79,5.32,42.44,21.77,2.42,54.9,0.2,7.6,4.93,0.29,1.28,24.69
2026-03-18,5.71,11.35,3.54,0.02,5.48,28.86,20.45,0.76,23.83,28.0,1.52,29.0,41.48,6.46,1.6,13.95,34.68,35.49,4.72,3.1,28.12,64.03,5.38,2.47,22.78,24.56,38.57,14.09,4.17,26.37,5.71,41.89,21.86,2.45,54.73,0.19,8.17,4.77,0.3,1.31,24.29
2026-03-19,5.83,11.33,3.57,0.02,5.57,28.92,20.23,0.74,23.79,28.34,1.48,28.9,41.28,6.39,1.6,14.1,34.4,35.44,4.87,3.2,27.83,64.07,5.52,2.58,23.03,24.4,38.66,13.91,4.24,27.12,5.81,41.92,20.91,2.54,54.34,0.18,8.21,4.72,0.29,1.34,24.77
2026-03-20,5.63,11.41,3.5,0.03,5.42,29.28,20.1,0.95,23.68,28.35,1.48,28.7,41.47,6.57,1.72,13.96,34.21,35.87,4.64,3.03,28.03,63.98,5.44,2.55,23.54,24.71,38.01,13.74,4.24,28.36,5.39,41.19,20.82,2.37,53.86,0.17,8.52,4.89,0.3,1.39,24.77
2026-03-21,5.63,11.52,3.53,0.02,5.42,29.22,20.04,0.93,23.69,28.31,1.48,28.83,41.38,6.55,1.75,14.07,34.12,35.85,4.63,3.03,27.97,64.0,5.48,2.55,23.67,24.63,38.0,13.7,4.2,28.34,5.42,41.23,20.81,2.36,53.93,0.17,8.5,4.89,0.3,1.38,24.76
2026-03-22,5.64,11.43,3.54,0.02,5.44,29.29,20.09,0.94,23.61,28.49,1.51,28.54,41.46,6.58,1.72,13.87,34.25,35.91,4.64,3.03,27.97,63.98,5.49,2.56,23.52,24.75,37.99,13.74,4.2,28.29,5.39,41.24,20.88,2.34,53.88,0.17,8.52,4.89,0.3,1.39,24.8
2026-03-23,5.55,11.32,3.74,0.0,5.6,29.54,20.16,1.02,23.07,28.24,1.51,28.5,41.75,6.56,1.7,13.95,34.16,36.19,4.33,3.11,27.63,64.15,5.75,2.47,23.8,23.91,38.31,13.98,4.51,28.27,5.32,41.06,20.84,2.1,54.23,0.21,8.55,4.95,0.26,1.34,24.69
2026-03-24,5.42,11.45,3.89,0.0,5.43,30.45,19.81,1.04,22.51,27.49,1.5,28.49,42.52,6.52,1.72,13.91,34.02,36.55,4.22,3.06,27.78,63.89,5.93,2.4,23.89,23.85,38.31,13.95,4.59,27.94,5.38,41.06,21.03,1.98,54.48,0.24,7.96,5.37,0.24,1.24,24.73
2026-03-25,5.2,10.74,3.76,0.0,5.47,31.11,19.56,0.98,23.18,27.52,1.5,28.28,42.7,6.55,1.76,13.89,34.07,36.4,4.23,3.1,27.8,63.87,5.86,2.47,24.17,24.12,37.95,13.76,4.66,28.13,5.52,40.75,20.94,2.11,54.85,0.23,7.92,4.83,0.27,1.23,24.79
2026-03-26,5.15,10.74,3.75,0.0,5.46,31.28,19.5,0.97,23.15,27.4,1.45,28.08,43.07,6.52,1.75,13.73,34.44,36.34,4.09,3.13,27.44,64.43,5.73,2.4,23.57,24.73,37.89,13.81,4.52,28.27,5.74,40.61,20.86,2.19,54.64,0.26,7.59,4.97,0.27,1.13,25.1
2026-03-27,5.18,11.13,3.81,0.0,5.17,31.35,19.11,0.88,23.37,27.22,1.41,27.97,43.4,6.14,1.86,13.89,34.67,36.3,3.96,3.18,26.89,64.78,5.93,2.4,23.43,24.86,38.14,13.57,4.52,28.25,5.69,41.03,20.51,2.19,54.75,0.23,7.26,5.59,0.33,1.12,24.64
2026-03-28,5.06,11.06,4.09,0.0,4.78,31.48,19.15,0.77,23.61,27.29,1.56,27.67,43.48,6.03,1.82,13.88,34.73,36.25,3.96,3.33,26.91,64.74,5.74,2.61,23.08,25.26,38.0,13.66,4.61,28.42,5.69,40.89,20.39,2.22,54.55,0.51,7.16,4.96,0.43,1.19,25.03
2026-03-29,5.1,11.02,4.07,0.0,4.78,31.55,19.12,0.77,23.59,27.35,1.58,27.51,43.56,6.05,1.82,13.82,34.72,36.3,3.95,3.34,26.94,64.68,5.77,2.61,23.11,25.21,38.0,13.68,4.59,28.33,5.7,40.93,20.45,2.23,54.58,0.51,7.16,4.98,0.43,1.19,24.98
2026-03-30,4.94,10.58,4.01,0.0,4.59,31.07,19.59,0.83,24.39,27.38,1.48,28.91,42.23,5.95,1.94,13.59,35.62,35.35,4.41,3.14,26.6,64.96,5.89,2.55,22.71,25.43,38.49,13.37,4.36,29.24,6.22,40.43,19.75,2.38,54.66,0.49,7.24,5.0,0.37,1.44,24.41
2026-03-31,4.6,10.33,3.83,0.0,4.85,32.67,19.09,0.84,23.79,26.83,1.44,29.81,41.92,6.02,2.06,13.51,37.38,33.34,4.43,3.26,27.13,64.08,6.19,2.6,22.77,25.59,38.54,13.1,4.53,29.27,5.98,41.3,18.92,2.35,55.06,0.5,7.34,4.93,0.35,1.44,23.94
2026-04-01,4.79,9.45,3.75,0.0,4.63,33.8,19.51,0.86,23.21,26.71,1.48,29.28,42.53,6.21,2.06,13.3,37.75,32.82,4.53,3.33,27.42,64.07,5.9,2.61,22.23,26.82,38.02,12.93,4.97,29.79,5.6,41.13,18.51,2.27,55.45,0.63,7.5,4.38,0.33,1.49,24.16
2026-04-02,4.56,9.53,3.58,0.01,4.81,35.76,19.27,0.9,21.58,26.37,1.5,30.41,41.72,6.52,1.81,13.04,38.42,32.99,4.04,3.18,27.44,63.97,5.96,2.63,21.87,28.77,36.61,12.75,5.37,29.1,5.48,40.74,19.31,2.34,55.14,0.64,6.8,4.24,0.33,1.5,25.06
2026-04-03,4.88,9.59,4.14,0.04,5.18,35.21,19.8,0.8,20.36,26.19,1.56,30.13,42.12,7.1,1.84,12.84,37.88,32.73,4.4,3.21,28.26,63.62,5.7,2.42,22.21,28.81,35.23,13.75,5.28,27.26,5.44,41.45,20.57,2.89,54.43,0.36,6.78,3.99,0.22,1.49,25.17
2026-04-04,4.86,10.82,4.45,0.04,5.11,33.04,20.08,1.03,20.57,26.55,1.51,28.83,43.11,6.78,1.92,12.53,36.72,34.03,4.73,3.29,27.81,64.59,5.18,2.42,21.68,28.04,36.55,13.73,5.08,26.43,5.75,41.81,20.93,2.91,53.53,0.39,6.61,4.22,0.25,1.85,25.28
2026-04-05,4.89,10.78,4.45,0.04,5.08,32.99,20.18,1.03,20.56,26.54,1.52,28.79,43.15,6.78,1.9,12.43,36.62,34.24,4.74,3.29,27.79,64.63,5.18,2.4,21.68,28.0,36.59,13.73,5.04,26.5,5.74,41.72,21.0,2.92,53.6,0.39,6.56,4.28,0.25,1.85,25.23
2026-04-06,4.97,10.48,4.4,0.04,4.7,33.45,20.05,0.94,20.97,26.35,1.68,28.69,43.28,6.61,2.15,11.42,35.94,35.8,4.82,3.26,27.87,64.52,5.2,2.41,21.38,28.23,36.42,13.97,4.86,26.36,5.89,41.62,21.27,2.89,52.74,0.38,6.71,4.53,0.25,1.74,26.42
2026-04-07,5.14,10.49,4.53,0.04,4.59,33.81,19.23,0.97,21.2,26.19,1.55,28.75,43.51,6.79,2.25,11.62,35.73,35.28,4.8,3.53,28.61,63.57,5.42,2.4,21.85,26.12,37.21,14.82,5.11,25.47,6.23,42.78,20.41,2.67,53.0,0.39,6.78,4.8,0.3,1.75,25.98
2026-04-08,4.69,10.25,4.17,0.03,4.81,34.01,18.84,0.95,22.25,27.5,1.53,28.2,42.77,6.69,2.17,11.36,35.44,36.6,4.21,3.53,28.11,63.7,5.7,2.49,21.59,26.71,36.69,15.01,5.03,26.65,5.98,42.07,20.27,2.37,53.1,0.37,6.7,4.8,0.26,1.67,26.88
2026-04-09,4.18,9.95,4.57,0.03,4.75,34.44,18.22,0.85,23.01,25.86,1.49,29.08,43.57,6.24,2.53,11.23,35.57,37.21,3.99,3.23,28.53,62.98,6.02,2.47,22.13,26.6,36.65,14.62,4.6,26.33,6.92,41.47,20.68,2.04,53.85,0.36,7.05,5.03,0.27,1.81,26.13
2026-04-10,4.06,8.49,4.04,0.03,4.7,35.8,19.14,0.71,23.03,26.46,1.53,30.12,41.89,6.3,3.82,11.22,35.03,37.11,3.15,3.37,28.5,62.75,6.31,2.44,23.11,26.64,35.88,14.37,4.86,26.49,7.92,40.88,19.85,2.0,54.97,0.33,6.92,4.86,0.28,1.62,25.61
2026-04-11,4.6,8.74,3.93,0.02,4.87,36.15,18.06,0.67,22.96,26.92,1.51,29.78,41.79,6.19,3.09,11.29,34.48,38.54,2.84,3.57,28.0,63.06,6.54,2.4,24.22,27.9,34.39,13.49,5.02,27.38,7.47,39.79,20.34,1.99,55.07,0.44,7.46,4.92,0.27,1.57,24.62
2026-04-12,4.59,8.71,3.92,0.02,4.89,36.01,18.09,0.69,23.08,26.9,1.47,29.81,41.82,6.21,3.08,11.29,34.52,38.51,2.84,3.55,27.95,63.13,6.54,2.38,24.18,27.93,34.37,13.52,4.99,27.36,7.45,39.81,20.39,2.04,55.07,0.42,7.5,4.92,0.27,1.58,24.59
2026-04-13,4.45,8.95,3.73,0.02,4.79,35.35,18.46,0.73,23.52,27.1,1.49,28.56,42.85,6.24,2.72,11.06,35.26,38.36,3.07,3.29,26.81,64.29,6.54,2.36,24.27,28.08,34.3,13.35,4.62,28.15,6.88,39.8,20.55,2.12,55.46,0.75,7.5,5.1,0.2,1.8,23.38
2026-04-14,4.35,8.81,3.25,0.02,4.71,34.78,20.04,0.7,23.34,27.79,1.53,28.07,42.61,6.3,1.85,11.08,35.75,38.33,3.21,3.48,26.41,64.65,6.65,2.29,23.66,28.6,34.61,13.13,4.59,28.83,5.86,39.48,21.24,2.18,55.46,0.76,7.16,4.93,0.22,1.84,23.5
2026-04-15,4.47,8.87,3.24,0.02,4.87,34.86,19.58,0.73,23.36,27.1,1.52,28.73,42.65,5.91,1.89,11.25,36.16,37.97,3.28,3.54,26.4,64.99,6.15,2.46,23.51,28.33,35.06,13.1,4.59,28.86,6.0,39.35,21.2,2.39,55.27,0.77,7.05,5.06,0.18,1.59,23.59
2026-04-16,4.44,8.79,3.37,0.02,4.68,34.87,19.34,0.72,23.77,27.47,1.58,28.38,42.57,5.93,1.84,11.1,36.04,38.39,3.24,3.46,26.26,65.24,5.96,2.54,23.32,28.67,34.9,13.11,4.6,28.82,5.86,39.22,21.5,2.4,55.43,0.76,6.86,5.11,0.3,1.63,23.43
2026-04-17,4.41,8.61,3.37,0.02,4.68,35.18,19.36,0.73,23.64,27.47,1.59,28.23,42.71,5.93,1.82,11.09,36.02,38.43,3.24,3.47,26.07,65.4,5.97,2.56,23.21,28.75,34.89,13.15,4.64,29.05,5.86,39.07,21.38,2.4,55.11,0.73,6.9,5.13,0.31,1.61,23.75
2026-04-18,4.44,8.7,3.5,0.02,4.67,34.66,19.52,0.73,23.76,27.38,1.58,28.32,42.72,5.84,1.84,11.15,36.24,38.1,3.29,3.54,26.24,65.17,6.0,2.59,22.95,28.56,34.96,13.53,4.64,28.77,5.91,38.87,21.81,2.48,55.38,0.73,6.95,5.01,0.32,1.54,23.48
2026-04-19,4.42,8.69,3.5,0.02,4.69,34.68,19.6,0.72,23.68,27.41,1.6,28.32,42.67,5.81,1.83,11.12,36.31,38.08,3.3,3.55,26.25,65.16,6.0,2.59,22.99,28.58,34.95,13.48,4.68,28.87,5.88,38.86,21.71,2.48,55.38,0.69,7.01,5.02,0.32,1.51,23.46
2026-04-20,4.45,8.47,3.56,0.02,4.53,35.13,19.04,0.68,24.12,27.26,1.78,28.33,42.63,5.59,1.89,11.02,36.17,38.59,3.1,3.64,26.1,65.61,5.63,2.66,22.8,28.7,35.0,13.5,4.86,29.0,5.73,38.55,21.86,2.75,55.16,0.72,6.9,4.97,0.31,1.52,23.31
2026-04-21,5.46,8.28,3.83,0.02,4.98,33.36,19.48,0.79,23.8,28.23,1.73,28.46,41.58,5.82,1.99,11.52,35.64,38.32,3.17,3.54,26.23,64.77,6.11,2.89,23.55,28.75,34.65,13.05,4.98,29.26,6.23,37.39,22.14,3.1,55.58,0.49,6.38,5.31,0.33,1.46,22.86
2026-04-22,5.05,8.79,3.69,0.02,4.9,33.53,19.87,0.81,23.34,27.9,1.67,30.09,40.34,5.84,2.09,11.44,35.67,38.11,3.26,3.59,26.64,64.47,6.0,2.89,23.67,28.16,35.1,13.07,4.87,28.61,6.67,37.24,22.61,3.07,54.77,0.25,6.39,5.2,0.32,1.66,23.99
2026-04-23,5.0,8.85,3.8,0.02,5.46,32.86,19.63,0.91,23.47,28.84,1.57,30.1,39.49,5.77,1.91,11.51,36.41,37.53,3.73,3.14,26.1,64.97,6.11,2.82,23.83,27.91,35.84,12.42,4.87,28.76,6.6,37.84,21.93,3.17,54.97,0.35,6.58,4.81,0.24,1.75,24.01
2026-04-24,4.26,8.6,3.43,0.0,5.33,33.02,19.42,0.88,25.06,29.34,1.81,29.05,39.8,5.92,2.03,11.63,35.71,37.98,3.49,3.24,25.6,65.48,5.91,3.01,23.7,28.24,35.7,12.36,5.24,28.97,6.04,38.2,21.55,2.48,55.13,0.43,7.17,4.79,0.25,1.79,23.85
2026-04-25,3.5,8.98,3.69,0.0,4.66,33.57,18.76,0.87,25.97,28.24,2.11,28.52,41.13,6.73,2.22,10.96,34.75,38.36,3.74,3.24,25.87,65.16,6.19,2.78,22.9,28.72,35.89,12.49,5.04,28.67,6.02,38.53,21.74,2.12,55.09,0.56,7.27,5.06,0.27,1.65,24.21
2026-04-26,3.52,8.92,3.68,0.0,4.61,33.62,18.95,0.87,25.83,28.26,2.1,28.57,41.07,6.71,2.21,10.95,34.88,38.27,3.74,3.24,25.97,65.13,6.13,2.77,22.86,28.58,36.09,12.47,5.04,28.61,6.12,38.49,21.74,2.12,55.07,0.55,7.35,5.03,0.27,1.65,24.18
2026-04-27,3.89,9.51,3.81,0.0,4.61,33.41,18.35,0.97,25.45,27.99,2.18,27.62,42.21,7.32,2.31,10.99,34.48,37.55,3.87,3.48,25.4,65.35,6.44,2.81,22.84,28.83,35.76,12.57,4.94,29.11,6.25,38.81,20.89,2.13,55.81,0.53,7.37,5.23,0.29,1.24,23.42
2026-04-28,3.81,9.56,3.66,0.01,4.79,32.42,18.4,0.97,26.38,27.17,2.22,27.94,42.67,7.49,2.27,11.64,35.13,36.5,3.33,3.64,25.66,64.84,6.55,2.95,22.84,28.05,36.18,12.93,5.06,28.14,5.88,40.11,20.81,2.31,54.89,0.52,7.31,5.38,0.25,1.36,24.28
2026-04-29,3.82,10.22,3.6,0.02,4.82,32.73,18.71,1.0,25.08,27.07,2.21,28.89,41.83,7.03,2.3,11.55,33.26,38.58,3.6,3.68,24.56,65.39,6.75,3.3,23.14,28.14,36.02,12.7,4.97,29.01,6.26,38.96,20.8,2.7,54.23,0.51,7.5,5.78,0.29,1.32,24.11
2026-04-30,4.67,10.14,3.73,0.02,4.7,32.3,17.96,0.97,25.51,28.07,1.99,29.23,40.71,6.68,2.35,11.76,32.74,39.35,3.54,3.58,24.23,65.78,6.84,3.15,23.62,27.19,36.49,12.7,4.82,28.65,6.27,39.0,21.26,2.67,53.98,0.36,7.56,5.5,0.34,1.31,24.61
2026-05-01,3.79,11.89,3.45,0.02,4.84,32.7,18.0,0.99,24.32,27.3,3.42,28.75,40.53,6.39,2.14,11.57,32.96,38.9,3.1,4.94,24.51,64.87,5.95,4.67,25.44,27.17,34.69,12.7,6.36,28.6,5.36,37.85,21.83,2.66,52.96,0.37,7.65,5.23,0.38,1.34,24.24
2026-05-02,3.65,10.85,3.64,0.02,4.64,34.05,18.21,0.89,24.05,28.47,1.9,28.81,40.82,7.18,2.13,11.64,32.55,39.49,3.44,3.57,26.01,65.11,5.72,3.16,25.23,26.52,35.38,12.87,5.35,28.54,5.73,38.35,22.03,2.6,54.25,0.38,8.01,5.19,0.35,1.59,23.78
2026-05-03,3.64,10.82,3.62,0.02,4.64,34.08,18.13,0.89,24.16,28.38,1.95,28.9,40.77,7.25,2.11,11.66,32.54,39.46,3.41,3.57,26.09,65.02,5.73,3.16,25.2,26.53,35.44,12.83,5.36,28.54,5.72,38.4,21.98,2.64,54.26,0.38,7.97,5.19,0.35,1.58,23.77
2026-05-04,3.75,10.36,3.68,0.02,4.71,34.51,18.13,1.2,23.64,29.9,1.86,28.67,39.57,6.75,2.07,11.19,33.08,39.97,3.54,3.4,26.14,65.13,5.92,2.81,23.84,27.75,35.24,13.17,5.21,29.09,5.43,38.46,21.81,2.6,54.3,0.24,7.79,4.98,0.31,1.57,24.58
2026-05-05,3.6,9.89,4.19,0.02,4.85,34.67,17.63,1.18,23.97,29.52,1.68,28.67,40.13,6.74,2.22,11.63,33.13,39.02,3.68,3.58,26.5,65.0,5.81,2.69,22.93,27.86,35.69,13.52,4.72,28.83,5.21,39.57,21.67,2.72,54.83,0.27,7.51,4.96,0.28,1.69,24.22
2026-05-06,3.36,9.43,4.25,0.02,4.77,36.0,17.9,1.09,23.18,27.88,1.56,29.92,40.64,6.56,2.42,11.97,33.75,38.02,3.84,3.44,27.02,64.79,5.64,2.55,22.61,26.98,36.75,13.66,4.84,27.51,5.56,40.59,21.5,2.68,54.92,0.24,6.95,5.23,0.29,1.67,24.4
2026-05-07,3.49,9.61,4.39,0.02,4.89,35.11,18.85,1.05,22.59,27.17,1.68,29.86,41.29,6.73,2.43,11.8,33.83,37.57,4.0,3.64,25.55,66.18,5.81,2.46,23.21,26.06,36.33,14.4,4.61,27.54,5.33,41.14,21.38,2.91,54.2,0.19,7.52,4.89,0.29,1.89,24.52
2026-05-08,3.77,9.77,4.41,0.01,4.82,34.8,19.0,0.98,22.44,27.06,1.6,30.1,41.24,6.67,2.48,11.96,33.33,37.96,3.95,3.65,24.89,66.69,5.98,2.44,23.06,25.86,36.65,14.43,4.67,27.68,5.19,40.67,21.79,3.03,54.1,0.16,7.64,4.85,0.29,1.92,24.51
2026-05-09,4.18,9.83,4.72,0.02,4.55,35.01,18.75,0.69,22.25,26.58,1.66,29.8,41.96,6.92,2.64,12.17,33.01,37.61,3.98,3.67,24.68,66.91,5.89,2.52,23.56,25.73,36.4,14.31,5.0,27.65,5.28,40.45,21.62,2.84,53.81,0.19,7.81,4.79,0.28,1.8,24.73
2026-05-10,4.21,9.81,4.7,0.02,4.56,35.1,18.73,0.68,22.19,26.63,1.62,29.79,41.96,6.91,2.64,12.15,32.96,37.69,3.98,3.67,24.65,66.95,5.88,2.52,23.5,25.84,36.36,14.3,4.97,27.67,5.25,40.51,21.6,2.85,53.6,0.18,7.75,4.81,0.28,1.79,24.97
2026-05-11,4.32,9.95,4.72,0.02,4.7,34.49,18.98,0.63,22.19,26.28,1.72,30.07,41.93,6.75,2.62,12.38,33.6,37.08,3.83,3.74,24.84,66.84,5.78,2.54,23.47,25.3,36.51,14.72,4.95,27.39,5.5,40.74,21.42,2.86,54.07,0.17,7.55,4.83,0.28,1.8,24.71
2026-05-12,4.46,10.01,4.7,0.02,4.68,34.29,18.85,0.65,22.34,25.71,1.67,30.44,42.18,7.03,2.56,12.34,33.65,36.71,3.91,3.8,24.99,66.66,5.88,2.47,23.66,24.63,36.84,14.87,4.84,27.21,5.75,40.58,21.62,2.79,54.45,0.17,7.2,4.79,0.28,1.83,24.79
2026-05-13,4.57,9.96,5.08,0.02,4.67,34.52,18.84,0.67,21.67,25.31,1.68,30.31,42.7,7.01,2.52,12.25,33.64,36.76,3.91,3.91,24.92,66.93,5.68,2.47,23.66,24.62,36.61,15.11,4.82,26.92,5.83,40.94,21.49,2.78,54.71,0.17,7.34,4.96,0.28,1.88,24.17
2026-05-14,4.25,10.26,4.9,0.02,5.39,34.32,18.92,0.63,21.31,25.08,1.71,30.21,43.0,7.08,2.52,11.99,34.2,36.46,3.81,3.94,24.95,66.98,5.57,2.5,23.54,24.67,36.74,15.05,4.75,26.54,6.17,40.57,21.97,2.71,55.31,0.17,7.32,4.75,0.27,1.8,23.87
2026-05-15,4.24,10.34,4.9,0.02,5.2,34.53,19.2,0.62,20.95,24.74,1.66,30.54,43.06,7.12,2.6,12.36,34.28,36.28,3.7,3.66,24.92,66.95,5.58,2.55,23.87,24.57,36.47,15.09,4.86,26.32,6.18,40.9,21.74,2.64,55.57,0.15,7.38,4.45,0.27,1.8,23.95
2026-05-16,4.31,10.22,4.96,0.02,5.12,34.98,19.31,0.56,20.52,24.57,1.6,30.53,43.3,7.22,2.54,12.18,34.09,36.53,3.82,3.62,25.14,66.67,5.57,2.62,23.95,24.83,36.13,15.09,5.02,26.54,6.04,40.69,21.71,2.69,55.68,0.19,7.25,4.43,0.22,1.8,24.02
2026-05-17,4.31,10.26,4.95,0.02,5.12,34.84,19.28,0.56,20.66,24.83,1.63,30.37,43.17,7.18,2.53,12.14,34.3,36.4,3.81,3.64,25.06,66.75,5.56,2.63,23.92,25.04,36.1,14.94,5.02,26.7,5.98,40.63,21.67,2.69,55.72,0.19,7.19,4.51,0.22,1.78,24.0
2026-05-18,4.26,10.28,4.91,0.02,5.05,35.29,19.44,0.56,20.19,24.9,1.59,29.94,43.57,7.03,2.51,11.97,34.37,36.72,3.88,3.52,24.61,67.36,5.48,2.55,23.73,25.56,35.44,15.27,4.94,27.0,6.2,39.86,22.0,2.76,55.73,0.19,7.15,4.51,0.19,1.87,24.01
2026-05-19,4.29,10.02,4.78,0.02,4.83,35.67,19.87,0.59,19.93,24.95,1.6,29.41,44.04,6.89,2.3,12.02,34.84,36.61,3.9,3.44,24.31,67.54,5.64,2.51,24.15,25.8,34.98,15.07,5.0,27.6,5.72,39.7,21.98,2.8,55.49,0.17,7.3,4.54,0.2,1.98,24.08
2026-05-20,4.27,10.19,4.8,0.02,4.85,35.57,19.39,0.56,20.35,25.55,1.58,28.99,43.88,6.81,2.3,11.48,35.02,37.02,3.95,3.42,24.03,67.84,5.62,2.51,24.37,26.5,34.57,14.56,5.12,27.83,5.56,39.55,21.94,2.83,55.41,0.17,7.33,4.54,0.2,2.03,24.12
2026-05-21,4.2,9.77,4.74,0.02,4.91,35.19,19.22,0.56,21.39,26.29,1.6,28.31,43.8,6.69,1.92,11.58,35.69,37.03,3.69,3.4,24.12,68.08,5.29,2.51,24.41,26.24,34.47,14.88,5.18,27.12,5.32,39.68,22.7,2.62,56.12,0.17,7.07,4.3,0.22,1.76,24.38
2026-05-22,4.02,9.6,4.87,0.01,4.92,35.16,18.89,0.56,21.97,26.12,1.6,27.94,44.34,6.7,1.92,11.65,35.72,36.96,3.68,3.37,23.62,68.56,5.32,2.5,24.51,26.18,34.24,15.07,5.16,28.0,5.32,39.41,22.11,2.56,55.73,0.17,7.29,4.34,0.21,1.83,24.52
2026-05-23,3.95,9.44,4.72,0.01,5.2,35.08,18.6,0.54,22.46,26.0,1.59,27.83,44.58,6.69,1.86,11.41,36.21,36.84,3.73,3.26,23.91,68.32,5.31,2.46,24.52,26.29,33.77,15.42,5.14,28.27,5.45,39.33,21.81,2.57,55.64,0.17,7.13,4.04,0.21,1.8,25.04
2026-05-24,3.92,9.55,4.73,0.01,5.17,34.92,18.66,0.54,22.5,26.0,1.58,27.92,44.5,6.64,1.86,11.53,36.16,36.83,3.73,3.25,23.89,68.36,5.29,2.46,24.42,26.41,33.77,15.4,5.16,28.26,5.46,39.24,21.88,2.53,55.74,0.17,7.16,4.02,0.21,1.76,24.99
2026-05-25,4.03,9.38,4.81,0.01,5.18,34.72,18.75,0.53,22.59,26.0,1.57,27.91,44.52,6.54,1.89,11.4,36.13,37.12,3.69,3.23,23.72,68.54,5.29,2.45,24.41,26.6,33.7,15.29,5.11,28.29,5.49,39.16,21.95,2.41,55.71,0.18,7.15,4.09,0.21,1.8,25.12
2026-05-26,4.05,9.3,4.67,0.01,5.09,34.81,18.81,0.54,22.72,26.43,1.64,27.62,44.31,6.67,1.95,11.27,36.1,37.2,3.64,3.17,23.78,68.5,5.21,2.51,23.99,26.89,33.72,15.4,5.04,28.16,5.64,39.34,21.82,2.33,55.29,0.17,7.23,4.07,0.19,1.81,25.46
2026-05-27,3.98,9.47,4.5,0.02,4.99,34.89,18.99,0.57,22.59,26.34,1.64,28.19,43.83,6.53,1.93,11.44,36.68,36.54,3.78,3.1,24.19,68.18,5.13,2.5,23.6,27.35,33.86,15.19,5.09,28.57,5.37,38.88,22.09,2.69,55.36,0.21,7.17,3.8,0.21,1.96,25.15
2026-05-28,3.99,9.46,4.51,0.02,5.01,34.81,19.03,0.57,22.6,26.41,1.61,28.26,43.72,6.48,1.93,11.44,36.65,36.56,3.8,3.14,24.18,68.23,5.1,2.49,23.6,27.45,33.91,15.04,5.11,28.62,5.37,38.84,22.06,2.68,55.48,0.21,7.2,3.82,0.21,1.84,25.14
2026-05-29,4.01,9.39,4.72,0.02,5.15,34.75,18.93,0.61,22.42,26.3,1.66,28.37,43.67,6.29,1.83,11.12,37.15,37.01,3.58,3.02,24.05,68.31,5.16,2.48,23.18,28.03,33.79,15.0,5.23,28.78,5.67,38.29,22.03,2.51,55.77,0.24,6.77,3.88,0.23,1.93,25.15
2026-05-30,4.09,9.38,4.48,0.02,4.95,34.92,19.23,0.61,22.32,25.6,1.62,28.84,43.94,6.28,1.89,11.61,37.6,35.7,3.9,3.02,24.03,67.9,5.64,2.43,23.18,28.13,33.37,15.32,5.26,29.14,5.56,38.38,21.66,2.47,55.8,0.21,7.05,4.17,0.27,1.96,24.44
2026-05-31,4.15,9.32,4.45,0.02,4.97,34.98,19.06,0.61,22.44,25.67,1.61,28.72,44.0,6.26,1.88,11.54,37.59,35.77,3.92,3.04,24.07,67.83,5.69,2.41,23.27,28.05,33.42,15.26,5.17,29.08,5.58,38.4,21.77,2.55,55.89,0.21,7.04,4.05,0.27,1.97,24.38
2026-06-01,4.02,9.08,4.13,0.02,4.78,35.15,19.35,0.76,22.71,26.42,1.63,29.24,42.71,6.14,2.27,12.27,36.53,35.74,4.17,2.88,24.41,67.4,5.8,2.39,22.26,28.03,34.6,15.11,5.17,28.55,5.59,39.2,21.49,2.5,55.52,0.28,7.23,4.35,0.28,1.86,24.46
2026-06-02,4.12,8.62,4.13,0.02,5.1,34.5,19.36,0.81,23.34,26.38,1.59,29.16,42.87,6.23,2.29,11.82,37.47,35.06,4.39,2.74,25.16,66.56,5.88,2.4,21.81,28.27,34.44,15.48,5.12,28.81,5.67,38.7,21.7,2.4,54.71,0.34,7.58,4.34,0.38,1.63,25.24
2026-06-03,4.36,8.31,4.23,0.02,5.13,34.23,20.37,0.82,22.53,26.64,1.58,28.6,43.18,6.17,2.15,11.99,37.66,34.94,4.43,2.66,25.81,65.86,5.88,2.45,21.56,28.56,34.41,15.47,5.41,28.42,5.77,38.21,22.19,2.19,53.93,0.4,7.38,4.6,0.39,1.58,26.08
2026-06-04,4.35,8.46,4.31,0.02,5.19,33.27,20.41,0.83,23.16,27.58,1.66,28.37,42.39,6.18,2.26,11.68,37.0,35.74,4.53,2.61,25.61,66.45,5.52,2.42,21.03,29.8,33.53,15.64,5.51,29.3,5.7,37.52,21.97,1.93,54.84,0.4,7.66,4.63,0.37,1.32,25.62
2026-06-05,4.27,8.52,4.43,0.01,5.12,32.57,20.89,0.85,23.34,28.55,1.58,27.34,42.53,6.01,2.12,11.61,37.21,36.37,4.11,2.57,25.09,66.99,5.52,2.4,20.12,30.93,33.35,15.6,5.35,30.78,5.85,36.54,21.48,1.71,55.45,0.44,7.51,4.34,0.27,1.22,25.81
2026-06-06,4.42,8.46,4.34,0.04,4.73,31.38,21.59,0.89,24.15,28.86,1.55,26.58,43.01,6.07,2.12,11.95,36.48,36.68,4.23,2.47,25.41,66.83,5.37,2.39,19.61,31.79,33.72,14.88,5.31,31.4,5.77,36.24,21.28,1.78,57.02,0.48,7.02,4.51,0.2,1.11,24.66
2026-06-07,4.42,8.48,4.34,0.04,4.8,31.33,21.61,0.88,24.1,28.92,1.56,26.62,42.9,6.09,2.12,11.93,36.61,36.58,4.22,2.45,25.39,66.82,5.4,2.39,19.53,31.84,33.75,14.88,5.31,31.43,5.76,36.24,21.26,1.77,57.02,0.48,7.03,4.55,0.2,1.12,24.61
2026-06-08,4.33,8.56,4.52,0.04,4.43,31.25,21.32,0.83,24.72,30.15,1.6,26.17,42.08,6.01,2.37,12.78,35.61,36.1,4.62,2.51,25.53,66.58,5.68,2.21,19.7,32.25,34.15,13.9,5.21,31.19,6.9,35.17,21.53,1.8,57.83,0.47,6.69,4.42,0.36,1.1,23.95
2026-06-09,4.24,8.96,4.01,0.04,3.93,29.15,22.44,0.85,26.38,29.94,1.57,25.46,43.03,6.37,2.2,12.01,36.15,35.82,4.69,2.76,25.76,66.44,5.54,2.26,20.83,31.42,34.07,13.68,4.53,31.97,6.07,35.76,21.67,1.91,57.4,0.71,6.21,4.7,0.43,1.33,23.79
2026-06-10,4.14,8.75,4.13,0.04,3.94,29.26,22.33,0.82,26.59,29.85,1.51,25.38,43.26,6.47,2.15,11.86,36.21,35.82,4.68,2.81,25.51,66.76,5.59,2.14,20.65,31.45,33.99,13.91,4.55,32.3,6.15,35.81,21.19,1.84,58.06,0.71,5.95,4.31,0.42,1.28,23.84
2026-06-11,4.3,9.0,3.97,0.04,4.03,29.29,22.11,0.8,26.46,29.58,1.55,25.66,43.21,6.57,2.18,12.03,36.4,35.56,4.45,2.81,25.94,66.52,5.37,2.17,20.58,31.12,34.42,13.88,4.69,31.56,6.03,36.06,21.66,1.77,58.45,0.65,5.67,4.35,0.43,1.24,23.77
2026-06-12,4.16,8.82,4.18,0.04,4.2,30.13,21.8,0.81,25.86,29.89,1.54,25.96,42.61,6.18,2.32,11.96,36.05,36.23,4.4,2.86,25.59,66.99,5.27,2.15,20.55,30.82,34.8,13.83,4.59,31.72,6.08,35.81,21.8,1.78,57.86,0.65,5.82,4.36,0.4,1.34,23.92
2026-06-13,4.25,9.05,4.05,0.04,4.19,29.72,22.14,0.73,25.83,29.62,1.66,25.61,43.11,6.12,2.12,12.03,34.87,37.52,4.26,3.08,25.29,66.59,5.9,2.22,21.57,30.69,34.27,13.47,4.81,32.29,5.89,35.04,21.97,2.11,58.11,0.6,5.68,4.12,0.35,1.2,23.99
2026-06-14,4.29,9.0,4.11,0.04,4.17,29.76,22.12,0.73,25.78,29.61,1.62,25.57,43.2,6.11,2.12,12.06,34.92,37.5,4.2,3.09,25.23,66.64,5.9,2.23,21.45,30.75,34.32,13.48,4.87,32.27,5.89,34.97,22.0,2.09,58.18,0.6,5.67,4.1,0.35,1.19,23.95
2026-06-15,4.51,8.67,3.98,0.04,4.13,29.8,22.23,0.65,25.99,29.58,1.62,25.83,42.97,6.35,1.95,12.55,34.64,37.01,4.45,3.05,24.55,67.8,5.51,2.14,21.34,30.99,34.21,13.46,4.61,32.51,5.52,35.4,21.96,1.84,59.33,0.64,5.33,3.81,0.46,1.33,23.58
2026-06-16,4.61,8.85,4.0,0.04,4.58,29.73,22.73,0.66,24.8,30.73,1.63,25.31,42.33,6.32,1.96,12.42,35.15,37.18,4.03,2.94,23.71,68.41,5.56,2.32,20.45,32.52,33.5,13.53,4.51,33.98,5.49,34.66,21.36,2.07,58.76,0.58,5.36,4.44,0.44,1.49,23.29
2026-06-17,4.86,8.41,3.96,0.06,4.67,29.44,23.28,0.63,24.69,30.83,1.57,26.15,41.45,6.41,1.97,11.71,35.47,37.38,4.19,2.87,24.31,68.12,5.4,2.17,20.16,33.37,33.48,12.99,4.3,33.59,5.61,35.29,21.21,2.07,59.4,0.31,5.38,4.13,0.37,1.33,23.55
2026-06-18,4.84,8.25,3.79,0.06,4.75,29.97,23.49,0.67,24.18,30.58,1.6,26.44,41.38,6.35,1.92,11.86,35.39,37.36,4.27,2.85,24.28,68.21,5.31,2.2,20.47,32.8,33.65,13.08,4.33,33.04,5.67,35.61,21.35,2.16,58.9,0.24,5.47,4.3,0.36,1.57,23.63
2026-06-19,4.75,8.16,3.91,0.06,5.02,30.12,23.39,0.65,23.94,30.55,1.45,26.05,41.95,6.25,2.01,11.41,35.28,38.05,4.24,2.76,24.78,67.7,5.23,2.29,21.18,32.81,32.73,13.28,4.48,33.1,5.63,35.23,21.56,2.11,58.51,0.28,5.31,4.53,0.36,1.7,23.84
2026-06-20,4.61,7.91,3.83,0.06,4.9,30.6,23.19,0.68,24.22,30.15,1.35,26.36,42.14,6.27,1.82,11.78,35.57,37.48,4.22,2.86,25.02,67.71,5.04,2.23,21.55,32.87,32.28,13.3,4.46,33.06,5.84,35.21,21.43,2.06,58.39,0.27,5.52,4.47,0.25,1.86,24.06
2026-06-21,4.64,7.9,3.87,0.06,4.9,30.57,23.21,0.68,24.17,30.13,1.39,26.39,42.09,6.25,1.82,11.77,35.6,37.49,4.21,2.86,25.06,67.7,5.01,2.23,21.46,32.86,32.38,13.3,4.45,33.04,5.85,35.23,21.43,2.05,58.29,0.27,5.48,4.52,0.24,1.93,24.07
2026-06-22,4.52,7.94,3.93,0.06,4.88,30.84,23.19,0.67,23.97,30.54,1.37,26.27,41.82,5.88,1.89,12.17,35.52,37.65,3.98,2.91,24.85,67.95,4.98,2.22,21.86,32.83,31.67,13.64,4.61,33.66,5.56,34.89,21.28,2.0,58.43,0.23,5.66,4.64,0.32,1.99,23.65
2026-06-23,4.16,8.12,3.92,0.04,5.08,31.37,22.87,0.68,23.76,30.73,1.43,26.45,41.39,6.15,2.08,11.96,35.06,37.76,4.14,2.85,24.77,68.16,4.77,2.3,21.67,32.95,32.12,13.26,4.64,33.18,5.59,35.19,21.4,2.03,58.76,0.24,5.77,4.52,0.36,1.96,23.43
2026-06-24,4.13,8.07,3.96,0.04,5.1,31.96,22.46,0.64,23.64,30.46,1.43,26.51,41.6,5.85,2.05,12.16,35.06,37.87,4.16,2.85,24.76,68.17,4.78,2.29,21.76,32.93,32.4,12.91,4.37,33.25,5.66,35.32,21.4,1.75,59.17,0.19,5.53,4.61,0.27,1.87,23.59
2026-06-25,4.14,7.92,4.28,0.04,5.05,31.47,23.16,0.7,23.24,30.7,1.37,26.39,41.54,5.78,2.02,12.34,34.93,37.95,4.21,2.77,24.37,68.58,4.81,2.24,22.1,32.38,32.7,12.82,4.23,33.71,5.42,35.24,21.4,1.76,59.68,0.15,5.7,4.65,0.3,1.67,22.93
2026-06-26,4.14,7.99,4.22,0.04,5.01,31.58,23.13,0.66,23.23,30.73,1.43,26.38,41.46,5.79,2.01,12.32,34.96,37.96,4.18,2.78,24.32,68.61,4.82,2.25,22.13,32.36,32.68,12.83,4.16,33.75,5.45,35.27,21.37,1.76,59.77,0.15,5.69,4.63,0.31,1.69,22.89
2026-06-27,4.22,7.78,4.25,0.04,5.16,31.16,23.01,0.69,23.69,30.79,1.44,25.86,41.91,5.6,2.01,12.13,34.85,38.55,4.18,2.68,23.82,69.34,4.59,2.25,21.63,32.95,32.55,12.87,3.99,34.18,5.34,34.81,21.68,1.75,60.54,0.15,5.5,4.48,0.32,1.45,22.63
2026-06-28,4.23,7.78,4.24,0.04,5.15,31.22,22.89,0.67,23.78,30.74,1.47,26.05,41.74,5.61,2.03,12.14,34.96,38.31,4.27,2.68,23.73,69.44,4.59,2.24,21.4,33.03,32.68,12.89,4.01,34.14,5.31,34.9,21.64,1.81,60.37,0.15,5.55,4.52,0.31,1.44,22.66
2026-06-29,4.11,7.85,4.37,0.04,5.39,31.07,22.4,0.67,24.1,31.07,1.47,25.85,41.61,5.82,1.78,12.42,34.57,38.48,4.23,2.7,23.52,69.71,4.53,2.24,21.57,32.94,32.89,12.6,3.86,33.92,5.54,34.76,21.92,1.95,59.88,0.15,5.59,4.47,0.19,1.41,22.97
2026-06-30,4.27,7.79,4.45,0.04,5.35,30.86,22.73,0.64,23.87,30.86,1.5,26.16,41.48,5.66,1.81,12.39,34.34,38.73,4.19,2.88,23.53,69.62,4.66,2.19,21.87,32.63,32.61,12.89,3.87,34.2,5.33,34.83,21.77,1.84,59.85,0.15,5.51,4.57,0.2,1.45,22.88
2026-07-01,4.43,7.59,4.43,0.03,5.38,30.94,22.74,0.65,23.81,31.2,1.49,25.6,41.71,5.64,1.68,12.29,34.43,38.84,4.21,2.91,23.19,69.8,4.75,2.26,21.48,32.92,32.71,12.89,3.8,34.38,5.32,34.72,21.78,2.06,59.57,0.14,5.39,4.51,0.24,1.51,23.11
2026-07-02,4.63,7.57,4.27,0.03,5.57,30.52,23.01,0.66,23.74,31.41,1.56,25.46,41.57,5.57,1.72,12.01,34.77,38.59,4.33,3.01,23.37,69.84,4.56,2.23,21.44,32.35,33.21,13.0,4.24,34.43,5.45,34.58,21.3,2.1,59.2,0.17,5.24,4.65,0.24,1.51,23.31
2026-07-03,4.65,7.6,4.32,0.03,5.49,30.52,23.07,0.67,23.65,31.39,1.5,25.49,41.62,5.52,1.73,11.99,34.83,38.56,4.36,3.01,23.32,69.91,4.55,2.22,21.42,32.43,33.2,12.95,4.23,34.47,5.48,34.47,21.35,2.1,59.22,0.19,5.22,4.67,0.25,1.51,23.28
2026-07-04,4.68,7.66,4.28,0.03,5.5,30.42,23.16,0.62,23.65,31.45,1.52,25.47,41.56,5.52,1.72,11.99,34.82,38.55,4.34,3.06,23.32,69.91,4.52,2.25,21.49,32.34,33.16,13.01,4.21,34.51,5.48,34.51,21.29,2.1,59.28,0.19,5.19,4.67,0.25,1.52,23.25
2026-07-05,4.66,7.65,4.26,0.03,5.47,30.53,23.06,0.67,23.67,31.51,1.48,25.48,41.53,5.56,1.72,11.94,34.82,38.57,4.33,3.06,23.34,69.89,4.55,2.22,21.51,32.35,33.15,12.99,4.16,34.6,5.5,34.48,21.26,2.1,59.29,0.19,5.2,4.62,0.25,1.5,23.31
2026-07-06,4.63,7.74,4.25,0.03,5.49,30.5,23.09,0.63,23.64,31.49,1.52,25.44,41.55,5.59,1.72,11.94,34.79,38.54,4.37,3.05,23.32,69.9,4.55,2.23,21.57,32.31,33.11,13.01,4.21,34.61,5.51,34.44,21.23,2.1,59.2,0.2,5.2,4.66,0.24,1.51,23.37
2026-07-07,4.68,7.72,4.24,0.03,5.5,30.39,23.17,0.63,23.64,31.63,1.56,25.38,41.43,5.54,1.72,11.95,34.89,38.53,4.32,3.05,23.3,69.89,4.58,2.23,21.55,32.37,33.09,12.99,4.19,34.56,5.51,34.45,21.29,2.1,59.31,0.2,5.21,4.58,0.24,1.51,23.29
2026-07-08,4.7,7.65,4.35,0.03,5.52,30.36,23.17,0.61,23.61,31.65,1.5,25.4,41.45,5.56,1.7,11.96,34.78,38.58,4.36,3.06,23.28,69.88,4.61,2.23,21.48,32.39,33.09,13.04,4.18,34.66,5.47,34.37,21.32,2.1,59.33,0.2,5.25,4.56,0.25,1.49,23.27
2026-07-09,4.69,7.72,4.28,0.03,5.5,30.58,23.06,0.59,23.55,31.63,1.54,25.25,41.58,5.51,1.68,12.01,34.72,38.67,4.39,3.02,23.49,69.76,4.57,2.18,21.64,32.33,32.93,13.1,4.17,34.71,5.41,34.43,21.28,2.1,59.19,0.2,5.16,4.59,0.25,1.48,23.49
2026-07-10,4.66,7.66,4.33,0.03,5.46,30.57,23.05,0.58,23.66,31.62,1.55,25.22,41.61,5.42,1.7,12.04,34.72,38.7,4.42,3.0,23.52,69.69,4.61,2.18,21.65,32.3,32.91,13.14,4.15,34.75,5.46,34.32,21.32,2.1,59.11,0.22,5.23,4.58,0.24,1.46,23.45
2026-07-11,4.75,7.66,4.29,0.03,5.49,30.47,23.03,0.61,23.67,31.7,1.53,25.27,41.5,5.45,1.7,12.12,34.51,38.82,4.37,3.03,23.51,69.72,4.58,2.19,21.54,32.33,32.95,13.18,4.22,34.67,5.49,34.31,21.31,2.11,59.02,0.22,5.23,4.54,0.24,1.42,23.64
2026-07-12,4.76,7.59,4.26,0.03,5.5,30.46,23.13,0.62,23.65,31.75,1.52,25.24,41.49,5.46,1.7,12.12,34.51,38.81,4.39,3.01,23.54,69.7,4.59,2.17,21.53,32.33,32.92,13.22,4.19,34.6,5.47,34.38,21.36,2.1,59.08,0.22,5.23,4.55,0.24,1.46,23.64
2026-07-13,4.72,7.53,4.28,0.03,5.45,30.77,23.01,0.58,23.63,31.52,1.55,25.35,41.58,5.47,1.69,12.25,34.24,38.79,4.55,3.01,23.77,69.37,4.62,2.24,21.62,32.04,33.08,13.26,4.32,34.62,5.3,34.54,21.22,2.1,59.32,0.24,5.22,4.57,0.24,1.47,23.35
2026-07-14,4.72,7.55,4.29,0.03,5.46,31.05,22.92,0.6,23.38,31.57,1.58,25.54,41.31,5.63,1.63,12.27,34.05,38.94,4.49,2.99,23.97,69.28,4.47,2.28,21.69,31.95,33.05,13.31,4.3,34.69,5.3,34.66,21.05,2.12,59.34,0.25,5.2,4.55,0.27,1.4,23.48
2026-07-15,4.82,7.58,4.25,0.03,5.45,31.38,22.82,0.56,23.11,31.67,1.58,25.51,41.24,5.59,1.59,12.28,34.14,38.94,4.5,2.96,23.8,69.44,4.42,2.34,21.57,31.82,33.23,13.38,4.26,34.66,5.34,34.62,21.12,2.1,59.19,0.25,5.12,4.55,0.26,1.37,23.68
2026-07-16,4.79,7.57,4.13,0.03,5.3,31.34,22.88,0.58,23.38,31.63,1.56,25.4,41.41,5.66,1.58,12.2,34.22,38.56,4.76,3.02,24.07,69.3,4.22,2.41,21.58,32.15,32.89,13.38,4.23,34.68,5.31,34.72,21.06,2.14,59.36,0.25,5.18,4.35,0.3,1.41,23.81
2026-07-17,4.7,7.48,4.0,0.03,5.43,31.38,23.39,0.65,22.94,31.77,1.55,25.56,41.12,5.83,1.57,12.33,34.26,38.3,4.66,3.05,24.07,69.05,4.36,2.52,21.59,31.71,33.11,13.59,4.17,33.82,5.48,35.01,21.52,2.3,59.29,0.22,5.2,4.24,0.28,1.67,23.6
2026-07-18,5.0,7.52,3.98,0.05,5.32,30.87,23.54,0.67,23.05,31.54,1.52,25.78,41.16,5.86,1.72,12.36,34.93,37.48,4.58,3.07,24.23,68.86,4.35,2.56,21.64,31.55,33.54,13.27,4.22,33.6,5.6,35.67,20.91,2.41,59.35,0.25,4.91,4.38,0.31,1.66,23.63
2026-07-19,5.02,7.45,3.97,0.05,5.33,30.87,23.49,0.66,23.16,31.35,1.55,25.73,41.37,5.88,1.71,12.32,34.83,37.7,4.51,3.05,24.12,68.66,4.65,2.57,21.5,31.68,33.46,13.36,4.2,33.67,5.62,35.57,20.94,2.36,59.08,0.25,4.91,4.39,0.31,1.67,23.96
2026-07-20,5.01,7.53,3.96,0.05,5.32,30.85,23.36,0.67,23.25,31.32,1.58,25.71,41.39,5.85,1.71,12.3,34.92,37.66,4.5,3.06,24.12,68.63,4.66,2.59,21.56,31.58,33.54,13.32,4.22,33.73,5.59,35.58,20.88,2.36,59.05,0.25,4.9,4.41,0.31,1.67,23.93
2026-07-21,5.08,7.71,4.11,0.05,5.3,30.65,23.48,0.63,22.99,31.47,1.48,25.88,41.17,5.81,1.73,12.37,34.92,37.39,4.58,3.2,24.32,68.6,4.5,2.58,21.73,31.18,33.46,13.63,4.32,33.27,6.11,35.39,20.91,2.24,59.12,0.32,5.07,4.37,0.39,1.65,23.58
2026-07-22,5.29,7.71,3.92,0.05,5.11,31.4,22.84,0.63,23.05,30.91,1.46,26.07,41.56,5.67,1.88,12.22,35.03,37.65,4.47,3.08,24.22,68.63,4.55,2.6,21.96,31.05,33.61,13.38,4.29,32.97,6.35,35.59,20.8,2.14,58.63,0.32,5.62,4.69,0.39,1.45,23.53
2026-07-23,5.25,7.81,4.17,0.05,5.13,31.47,22.74,0.7,22.68,31.34,1.42,26.22,41.02,5.57,1.85,12.22,34.89,38.04,4.41,3.02,23.85,69.2,4.5,2.45,22.05,31.03,33.88,13.04,4.32,33.44,6.33,35.45,20.46,2.02,58.78,0.37,5.9,4.68,0.34,1.42,23.27
2026-07-24,5.45,7.83,4.06,0.03,5.16,31.64,22.2,0.69,22.94,31.37,1.47,26.29,40.87,5.56,1.84,12.15,34.44,38.55,4.44,3.02,23.84,69.16,4.52,2.48,21.77,31.18,34.1,12.95,4.23,33.52,6.37,35.47,20.41,1.96,58.98,0.35,5.94,4.61,0.35,1.39,23.22
2026-07-25,5.5,7.77,4.05,0.03,5.15,31.68,22.33,0.68,22.81,31.53,1.5,26.28,40.69,5.6,1.87,12.01,34.62,38.47,4.42,3.01,23.91,69.14,4.45,2.5,22.07,31.1,34.0,12.83,4.25,33.57,6.31,35.42,20.45,1.96,59.04,0.34,5.97,4.63,0.38,1.4,23.06
2026-07-26,5.51,7.81,4.03,0.03,5.15,31.71,22.31,0.68,22.77,31.63,1.43,26.23,40.71,5.58,1.84,12.0,34.55,38.51,4.5,3.02,23.85,69.22,4.43,2.5,21.94,31.19,34.05,12.82,4.31,33.67,6.22,35.35,20.45,1.94,58.98,0.35,5.98,4.65,0.38,1.4,23.1
2026-07-27,5.55,7.73,4.06,0.03,5.16,31.79,22.29,0.68,22.71,31.7,1.44,26.36,40.5,5.58,1.84,12.07,34.47,38.56,4.46,3.02,23.73,69.35,4.43,2.49,22.14,31.17,33.89,12.8,4.28,33.72,6.23,35.3,20.47,1.94,59.09,0.35,5.97,4.62,0.38,1.4,23.06
2026-07-28,5.56,7.82,4.04,0.03,5.2,31.77,22.26,0.68,22.64,31.59,1.46,26.45,40.5,5.6,1.87,12.11,34.57,38.37,4.46,3.02,23.83,69.26,4.42,2.49,22.25,30.97,33.98,12.8,4.25,33.56,6.3,35.43,20.46,1.95,58.97,0.38,6.01,4.64,0.38,1.4,23.0
2026-07-29,5.53,7.78,4.04,0.03,5.19,32.03,22.19,0.68,22.53,31.56,1.43,26.59,40.42,5.55,1.94,12.26,34.49,38.32,4.4,3.04,23.82,69.18,4.5,2.5,22.33,30.87,34.13,12.67,4.22,33.48,6.24,35.65,20.41,1.96,58.91,0.39,6.0,4.57,0.38,1.42,23.13
2026-07-30,5.52,7.75,4.02,0.03,5.14,32.2,22.33,0.68,22.33,31.65,1.45,26.6,40.3,5.57,1.94,12.22,34.43,38.32,4.47,3.05,23.92,69.13,4.47,2.48,22.37,30.85,34.13,12.65,4.28,33.48,6.14,35.6,20.5,1.95,58.86,0.39,6.07,4.6,0.39,1.43,23.07
2026-07-31,5.61,7.76,4.16,0.03,5.16,31.75,22.2,0.68,22.65,31.49,1.41,26.54,40.56,5.57,1.91,12.03,34.51,38.52,4.45,3.01,23.81,69.39,4.39,2.41,22.59,30.73,33.91,12.77,4.29,33.48,6.21,35.42,20.6,1.93,58.81,0.4,6.03,4.59,0.38,1.42,23.16
2026-08-01,5.7,7.78,4.14,0.03,5.16,31.69,22.15,0.68,22.67,31.4,1.45,26.61,40.54,5.46,1.91,12.12,34.6,38.49,4.42,3.0,23.72,69.51,4.38,2.39,22.62,30.7,33.82,12.86,4.3,33.5,6.21,35.46,20.53,1.95,58.9,0.4,5.96,4.53,0.38,1.46,23.14
2026-08-02,5.67,7.78,4.16,0.03,5.16,31.74,22.12,0.68,22.66,31.44,1.46,26.62,40.48,5.46,1.91,12.11,34.57,38.54,4.42,2.99,23.73,69.5,4.38,2.39,22.6,30.7,33.88,12.82,4.32,33.52,6.17,35.46,20.53,1.97,58.79,0.4,5.98,4.53,0.38,1.47,23.22
