date,composite_sentiment,governance_score,NDA_proj_vote_share,INDIA_proj_vote_share,OTHERS_proj_vote_share,NDA_proj_seats,INDIA_proj_seats,OTHERS_proj_seats,is_election_period,is_mcc_active,election_phase_tag,days_to_nearest_election,NDA_actual_baseline_2024,INDIA_actual_baseline_2024,OTHERS_actual_baseline_2024,NDA_majority,NDA_proj_seats_ma7,NDA_proj_seats_ma30,NDA_proj_seats_volatility30,NDA_proj_seats_slope30,NDA_proj_seats_momentum,NDA_proj_seats_roc14,NDA_proj_seats_momentum_z,INDIA_proj_seats_ma7,INDIA_proj_seats_ma30,INDIA_proj_seats_volatility30,INDIA_proj_seats_slope30,INDIA_proj_seats_momentum,INDIA_proj_seats_roc14,INDIA_proj_seats_momentum_z,composite_sentiment_ma7,composite_sentiment_ma30,composite_sentiment_volatility30,composite_sentiment_slope30,composite_sentiment_momentum,composite_sentiment_roc14,composite_sentiment_momentum_z
2019-01-01,8.534,54.27,44.56,40.99,14.45,293,235,15,False,False,Pre-2019 (90d),-142,293,234,16,True,,,,,,,,,,,,,,,,,,,,,
2019-01-02,8.862,54.43,44.57,40.98,14.45,293,235,15,False,False,Pre-2019 (90d),-141,293,234,16,True,293.0,,,,,,,235.0,,,,,,,8.7,,,,,,
2019-01-03,9.334,54.67,44.59,40.97,14.44,294,235,14,False,False,Pre-2019 (90d),-140,293,234,16,True,293.33,293.33,,,0.0,,,235.0,235.0,,,0.0,,,8.91,8.91,,,0.0,,
2019-01-04,9.929,54.96,44.61,40.95,14.44,294,234,15,False,False,Pre-2019 (90d),-139,293,234,16,True,293.5,293.5,,,0.0,,,234.75,234.75,,,0.0,,,9.16,9.16,,,0.0,,
2019-01-05,11.603,55.8,44.67,40.91,14.42,295,233,15,False,False,Pre-2019 (90d),-138,293,234,16,True,293.8,293.8,,0.5,0.0,,0.0,234.4,234.4,,-0.5,0.0,,0.0,9.65,9.65,,0.7205,0.0,,0.0
2019-01-06,12.156,56.08,44.69,40.89,14.42,295,233,15,False,False,Pre-2019 (90d),-137,293,234,16,True,294.0,294.0,0.548,0.4571,0.0,,0.0,234.17,234.17,0.548,-0.4857,0.0,,0.0,10.07,10.07,0.541,0.7694,0.0,,0.0
2019-01-07,12.152,56.08,44.69,40.89,14.42,295,233,15,False,False,Pre-2019 (90d),-136,293,234,16,True,294.14,294.14,0.516,0.3929,0.0,,0.0,234.0,234.0,0.516,-0.4286,0.0,,0.0,10.37,10.37,0.568,0.704,0.0,,0.0
2019-01-08,11.273,55.64,44.66,40.92,14.42,295,234,14,False,False,Pre-2019 (90d),-135,293,234,16,True,294.43,294.25,0.488,0.3333,0.18,,0.203,233.86,234.0,0.69,-0.2857,-0.14,,-0.151,10.76,10.48,0.763,0.5448,0.28,,0.188
2019-01-09,11.273,55.64,44.66,40.92,14.42,295,234,14,False,False,Pre-2019 (90d),-134,293,234,16,True,294.71,294.33,0.463,0.2833,0.38,,0.439,233.71,234.0,0.641,-0.2,-0.29,,-0.335,11.1,10.57,0.72,0.4342,0.53,,0.374
2019-01-10,10.493,55.25,44.63,40.94,14.43,294,234,15,False,False,Pre-2019 (90d),-133,293,234,16,True,294.71,294.3,0.601,0.1879,0.41,,0.498,233.57,234.0,0.601,-0.1455,-0.43,,-0.527,11.27,10.56,0.77,0.3117,0.71,,0.531
2019-01-11,10.089,55.04,44.61,40.95,14.44,294,234,15,False,False,Pre-2019 (90d),-132,293,234,16,True,294.71,294.27,0.568,0.1273,0.44,,0.56,233.57,234.0,0.568,-0.1091,-0.43,,-0.555,11.29,10.52,0.752,0.2123,0.77,,0.603
2019-01-12,10.389,55.19,44.63,40.94,14.43,294,234,15,False,False,Pre-2019 (90d),-131,293,234,16,True,294.57,294.25,0.539,0.0874,0.32,,0.425,233.71,234.0,0.539,-0.0839,-0.29,,-0.393,11.12,10.51,0.715,0.1583,0.61,,0.501
2019-01-13,10.367,55.18,44.63,40.94,14.43,294,234,15,False,False,Pre-2019 (90d),-130,293,234,16,True,294.43,294.23,0.515,0.0604,0.2,,0.276,233.86,234.0,0.515,-0.0659,-0.14,,-0.198,10.86,10.5,0.684,0.1198,0.36,,0.309
2019-01-14,10.382,55.19,44.63,40.94,14.43,294,234,15,False,False,Pre-2019 (90d),-129,293,234,16,True,294.29,294.21,0.494,0.0418,0.08,,0.114,234.0,234.0,0.494,-0.0527,0.0,,0.0,10.61,10.49,0.656,0.0926,0.12,,0.107
2019-01-15,9.946,54.97,44.61,40.95,14.44,294,234,15,False,False,Pre-2019 (90d),-128,293,234,16,True,294.14,294.2,0.475,0.0286,-0.06,1.0,-0.089,234.0,234.0,0.475,-0.0429,0.0,-1.0,0.0,10.42,10.45,0.649,0.0617,-0.03,1.41,-0.028
2019-01-16,10.347,55.17,44.62,40.94,14.43,294,234,15,False,False,Pre-2019 (90d),-127,293,234,16,True,294.0,294.19,0.458,0.0191,-0.19,1.0,-0.29,234.0,234.0,0.458,-0.0353,0.0,-1.0,0.0,10.29,10.45,0.63,0.0485,-0.16,1.48,-0.152
2019-01-17,9.967,54.98,44.61,40.95,14.44,294,234,15,False,False,Pre-2019 (90d),-126,293,234,16,True,294.0,294.18,0.443,0.0123,-0.18,0.0,-0.283,234.0,234.0,0.443,-0.0294,0.0,-1.0,0.0,10.21,10.42,0.622,0.031,-0.21,0.63,-0.205
2019-01-18,10.785,55.39,44.64,40.93,14.43,294,234,15,False,False,Pre-2019 (90d),-125,293,234,16,True,294.0,294.17,0.429,0.0072,-0.17,0.0,-0.275,234.0,234.0,0.429,-0.0248,0.0,0.0,0.0,10.31,10.44,0.627,0.0325,-0.13,0.86,-0.13
2019-01-19,11.028,55.51,44.65,40.92,14.43,295,234,14,False,False,Pre-2019 (90d),-124,293,234,16,True,294.14,294.21,0.471,0.0193,-0.07,0.0,-0.111,234.0,234.0,0.416,-0.0211,0.0,1.0,0.0,10.4,10.47,0.609,0.037,-0.07,-0.57,-0.071
2019-01-20,11.229,55.61,44.66,40.92,14.42,295,234,14,False,False,Pre-2019 (90d),-123,293,234,16,True,294.29,294.25,0.459,0.0278,0.04,0.0,0.063,234.0,234.0,0.405,-0.018,0.0,1.0,0.0,10.53,10.51,0.592,0.0426,0.02,-0.93,0.021
2019-01-21,11.229,55.61,44.66,40.92,14.42,295,234,14,False,False,Pre-2019 (90d),-122,293,234,16,True,294.43,294.29,0.447,0.0338,0.14,0.0,0.218,234.0,234.0,0.394,-0.0156,0.0,1.0,0.0,10.65,10.54,0.577,0.0461,0.11,-0.92,0.115
2019-01-22,11.482,55.74,44.67,40.91,14.42,295,234,14,False,False,Pre-2019 (90d),-121,293,234,16,True,294.57,294.32,0.436,0.0378,0.25,0.0,0.387,234.0,234.0,0.384,-0.0136,0.0,0.0,0.0,10.87,10.58,0.563,0.0513,0.29,0.21,0.303
2019-01-23,11.867,55.93,44.68,40.9,14.42,295,233,15,False,False,Pre-2019 (90d),-120,293,234,16,True,294.71,294.35,0.426,0.0405,0.36,0.0,0.556,233.86,233.96,0.426,-0.0227,-0.1,-1.0,-0.178,11.08,10.64,0.552,0.0588,0.44,0.59,0.453
2019-01-24,12.094,56.05,44.69,40.9,14.42,295,233,15,False,False,Pre-2019 (90d),-119,293,234,16,True,294.86,294.38,0.417,0.0422,0.48,1.0,0.742,233.71,233.92,0.417,-0.0296,-0.21,-1.0,-0.36,11.39,10.7,0.54,0.0663,0.69,1.6,0.693
2019-01-25,11.386,55.69,44.66,40.91,14.42,295,234,14,False,False,Pre-2019 (90d),-118,293,234,16,True,295.0,294.4,0.408,0.0431,0.6,1.0,0.93,233.71,233.92,0.464,-0.0254,-0.21,0.0,-0.367,11.47,10.73,0.556,0.065,0.74,1.3,0.752
2019-01-26,11.003,55.5,44.65,40.92,14.43,295,234,14,False,False,Pre-2019 (90d),-117,293,234,16,True,295.0,294.42,0.4,0.0434,0.58,1.0,0.902,233.71,233.92,0.455,-0.0219,-0.21,0.0,-0.375,11.47,10.74,0.554,0.0601,0.73,0.61,0.756
2019-01-27,10.933,55.47,44.65,40.93,14.43,295,234,14,False,False,Pre-2019 (90d),-116,293,234,16,True,295.0,294.44,0.392,0.0433,0.56,1.0,0.874,233.71,233.93,0.445,-0.0189,-0.22,0.0,-0.4,11.43,10.75,0.544,0.0552,0.68,0.57,0.718
2019-01-28,11.747,55.87,44.68,40.9,14.42,295,233,15,False,False,Pre-2019 (90d),-115,293,234,16,True,295.0,294.46,0.385,0.043,0.54,1.0,0.847,233.57,233.89,0.474,-0.0238,-0.32,-1.0,-0.564,11.5,10.78,0.551,0.0569,0.72,1.37,0.759
2019-01-29,12.113,56.06,44.69,40.89,14.42,295,233,15,False,False,Pre-2019 (90d),-114,293,234,16,True,295.0,294.48,0.378,0.0424,0.52,1.0,0.821,233.43,233.86,0.466,-0.0276,-0.43,-1.0,-0.74,11.59,10.83,0.543,0.0604,0.76,2.17,0.788
2019-01-30,12.204,56.1,44.69,40.89,14.42,295,233,15,False,False,Pre-2019 (90d),-113,293,234,16,True,295.0,294.5,0.371,0.0416,0.5,1.0,0.794,233.43,233.83,0.458,-0.0305,-0.4,-1.0,-0.676,11.64,10.87,0.533,0.0634,0.77,1.86,0.786
2019-01-31,12.749,56.37,44.71,40.88,14.41,295,233,15,False,False,Pre-2019 (90d),-112,293,234,16,True,295.0,294.57,0.365,0.0345,0.43,1.0,0.757,233.43,233.77,0.45,-0.0278,-0.34,-1.0,-0.598,11.73,11.01,0.529,0.0594,0.72,2.78,0.771
2019-02-01,13.026,56.51,44.72,40.87,14.41,296,233,14,False,False,Pre-2019 (90d),-111,293,234,16,True,295.14,294.67,0.403,0.0329,0.47,2.0,0.86,233.29,233.7,0.45,-0.0242,-0.41,-1.0,-0.766,11.97,11.15,0.529,0.0575,0.82,2.24,0.899
2019-02-02,13.587,56.79,44.74,40.85,14.4,296,232,15,False,False,Pre-2019 (90d),-110,293,234,16,True,295.29,294.73,0.365,0.0369,0.56,1.0,0.96,233.0,233.6,0.481,-0.0263,-0.6,-2.0,-1.065,12.34,11.29,0.531,0.0607,1.05,2.56,1.105
2019-02-03,13.873,56.94,44.75,40.85,14.4,296,232,15,False,False,Pre-2019 (90d),-109,293,234,16,True,295.43,294.8,0.365,0.04,0.63,1.0,1.032,232.71,233.53,0.45,-0.0338,-0.82,-2.0,-1.304,12.76,11.43,0.525,0.0679,1.33,2.64,1.298
2019-02-04,13.619,56.81,44.74,40.85,14.4,296,232,15,False,False,Pre-2019 (90d),-108,293,234,16,True,295.57,294.83,0.32,0.0492,0.74,1.0,1.142,232.57,233.5,0.414,-0.0474,-0.93,-2.0,-1.363,13.02,11.49,0.44,0.0833,1.53,2.39,1.391
2019-02-05,14.241,57.12,44.77,40.84,14.4,296,232,15,False,False,Pre-2019 (90d),-107,293,234,16,True,295.71,294.87,0.32,0.0578,0.84,1.0,1.233,232.43,233.47,0.414,-0.0605,-1.04,-2.0,-1.424,13.33,11.56,0.443,0.1056,1.77,2.76,1.47
2019-02-06,14.297,57.15,44.77,40.84,14.4,296,232,15,False,False,Pre-2019 (90d),-106,293,234,16,True,295.86,294.9,0.32,0.0661,0.96,1.0,1.348,232.29,233.43,0.414,-0.0732,-1.14,-1.0,-1.473,13.63,11.63,0.443,0.1273,2.0,2.43,1.538
2019-02-07,14.832,57.42,44.79,40.82,14.39,297,232,14,False,False,Pre-2019 (90d),-105,293,234,16,True,296.14,294.97,0.365,0.0803,1.17,2.0,1.447,232.14,233.37,0.365,-0.0785,-1.23,-1.0,-1.521,13.92,11.75,0.413,0.1455,2.17,2.74,1.525
2019-02-08,14.682,57.34,44.78,40.83,14.39,297,232,14,False,False,Pre-2019 (90d),-104,293,234,16,True,296.29,295.03,0.365,0.0937,1.26,2.0,1.416,232.0,233.3,0.365,-0.083,-1.3,-2.0,-1.554,14.16,11.87,0.415,0.161,2.29,3.3,1.51
2019-02-09,14.938,57.47,44.79,40.82,14.39,297,232,14,False,False,Pre-2019 (90d),-103,293,234,16,True,296.43,295.13,0.305,0.0992,1.3,2.0,1.387,232.0,233.23,0.365,-0.0865,-1.23,-2.0,-1.433,14.35,12.01,0.38,0.1714,2.34,3.94,1.469
2019-02-10,14.829,57.41,44.79,40.82,14.39,297,232,14,False,False,Pre-2019 (90d),-102,293,234,16,True,296.57,295.23,0.305,0.1034,1.34,2.0,1.379,232.0,233.17,0.365,-0.0892,-1.17,-2.0,-1.338,14.49,12.17,0.369,0.1763,2.32,3.9,1.424
2019-02-11,14.601,57.3,44.78,40.83,14.39,296,232,15,False,False,Pre-2019 (90d),-101,293,234,16,True,296.57,295.3,0.365,0.0999,1.27,1.0,1.334,232.0,233.1,0.365,-0.091,-1.1,-1.0,-1.243,14.63,12.31,0.374,0.1796,2.32,2.85,1.404
2019-02-12,14.57,57.28,44.78,40.83,14.39,296,232,15,False,False,Pre-2019 (90d),-100,293,234,16,True,296.57,295.37,0.365,0.0954,1.2,1.0,1.293,232.0,233.03,0.365,-0.0919,-1.03,-1.0,-1.157,14.68,12.45,0.374,0.1808,2.23,2.46,1.344
2019-02-13,14.301,57.15,44.77,40.84,14.4,296,232,15,False,False,Pre-2019 (90d),-99,293,234,16,True,296.57,295.43,0.365,0.0901,1.14,1.0,1.27,232.0,232.97,0.365,-0.0919,-0.97,-1.0,-1.09,14.68,12.58,0.381,0.1784,2.1,2.1,1.277
2019-02-14,13.951,56.98,44.76,40.84,14.4,296,232,15,False,False,Pre-2019 (90d),-98,293,234,16,True,296.43,295.5,0.365,0.0839,0.93,1.0,1.08,232.0,232.9,0.365,-0.091,-0.9,-1.0,-1.017,14.55,12.72,0.377,0.1691,1.83,1.2,1.155
2019-02-15,14.439,57.22,44.77,40.83,14.39,296,232,15,False,False,Pre-2019 (90d),-97,293,234,16,True,296.29,295.57,0.365,0.0768,0.72,0.0,0.881,232.0,232.83,0.365,-0.0892,-0.83,-1.0,-0.949,14.52,12.85,0.379,0.1638,1.67,1.41,1.078
2019-02-16,15.949,57.97,44.83,40.79,14.38,297,231,15,False,False,Pre-2019 (90d),-96,293,234,16,True,296.29,295.67,0.403,0.0752,0.62,1.0,0.773,231.86,232.73,0.403,-0.093,-0.87,-1.0,-0.959,14.66,13.05,0.442,0.1639,1.61,2.36,1.038
2019-02-17,15.906,57.95,44.83,40.79,14.38,297,231,15,False,False,Pre-2019 (90d),-95,293,234,16,True,296.29,295.77,0.403,0.0723,0.52,1.0,0.672,231.71,232.63,0.403,-0.0954,-0.92,-1.0,-0.992,14.82,13.22,0.429,0.1667,1.6,2.03,1.017
2019-02-18,15.822,57.91,44.83,40.79,14.38,297,231,15,False,False,Pre-2019 (90d),-94,293,234,16,True,296.43,295.83,0.365,0.075,0.6,1.0,0.758,231.57,232.53,0.403,-0.0966,-0.96,-1.0,-1.024,14.99,13.38,0.431,0.1683,1.61,2.2,1.015
2019-02-19,15.987,57.99,44.83,40.79,14.38,297,231,15,False,False,Pre-2019 (90d),-93,293,234,16,True,296.57,295.9,0.365,0.0768,0.67,1.0,0.834,231.43,232.43,0.403,-0.0963,-1.0,-1.0,-1.069,15.19,13.54,0.431,0.1702,1.65,1.75,1.03
2019-02-20,16.625,58.31,44.85,40.77,14.37,298,231,14,False,False,Pre-2019 (90d),-92,293,234,16,True,296.86,296.0,0.403,0.0841,0.86,2.0,0.987,231.29,232.33,0.403,-0.0948,-1.04,-1.0,-1.128,15.53,13.72,0.438,0.1742,1.81,2.33,1.107
2019-02-21,18.801,59.4,44.93,40.71,14.35,299,230,14,False,False,Pre-2019 (90d),-91,293,234,16,True,297.29,296.13,0.434,0.0966,1.16,2.0,1.151,231.0,232.2,0.434,-0.0983,-1.2,-2.0,-1.248,16.22,13.97,0.57,0.1915,2.25,3.97,1.233
2019-02-22,20.346,60.17,44.99,40.67,14.34,300,229,14,False,False,Pre-2019 (90d),-90,293,234,16,True,297.86,296.3,0.461,0.1137,1.56,3.0,1.292,230.57,232.07,0.434,-0.1135,-1.5,-3.0,-1.349,17.06,14.25,0.617,0.2182,2.81,5.66,1.325
2019-02-23,21.269,60.63,45.02,40.65,14.33,300,229,14,False,False,Pre-2019 (90d),-89,293,234,16,True,298.29,296.47,0.461,0.1286,1.82,3.0,1.34,230.29,231.93,0.434,-0.1268,-1.64,-3.0,-1.333,17.82,14.55,0.628,0.2486,3.27,6.33,1.342
2019-02-24,21.499,60.75,45.03,40.64,14.33,300,229,14,False,False,Pre-2019 (90d),-88,293,234,16,True,298.71,296.63,0.461,0.1413,2.08,3.0,1.412,230.0,231.77,0.379,-0.1315,-1.77,-3.0,-1.385,18.62,14.89,0.599,0.2716,3.73,6.67,1.396
2019-02-25,21.504,60.75,45.03,40.64,14.33,300,229,14,False,False,Pre-2019 (90d),-87,293,234,16,True,299.14,296.8,0.461,0.1517,2.34,4.0,1.498,229.71,231.6,0.379,-0.1339,-1.89,-3.0,-1.451,19.43,15.24,0.587,0.2874,4.19,6.9,1.481
2019-02-26,21.526,60.76,45.03,40.64,14.33,300,229,14,False,False,Pre-2019 (90d),-86,293,234,16,True,299.57,296.97,0.461,0.16,2.6,4.0,1.596,229.43,231.43,0.379,-0.1341,-2.0,-3.0,-1.533,20.22,15.59,0.585,0.2982,4.63,6.96,1.579
2019-02-27,22.75,61.38,45.08,40.61,14.31,301,228,14,False,False,Pre-2019 (90d),-85,293,234,16,True,300.0,297.17,0.484,0.1724,2.83,5.0,1.623,229.0,231.27,0.379,-0.1455,-2.27,-4.0,-1.607,21.1,15.96,0.6,0.3179,5.14,8.45,1.65
2019-02-28,23.719,61.86,45.11,40.58,14.31,301,227,15,False,False,Pre-2019 (90d),-84,293,234,16,True,300.29,297.37,0.484,0.1822,2.92,5.0,1.597,228.57,231.07,0.407,-0.1611,-2.5,-5.0,-1.588,21.8,16.35,0.61,0.3414,5.45,9.77,1.634
2019-03-01,24.2,62.1,45.13,40.57,14.3,302,227,14,False,False,Pre-2019 (90d),-83,293,234,16,True,300.57,297.6,0.504,0.1958,2.97,6.0,1.517,228.29,230.87,0.407,-0.174,-2.58,-5.0,-1.521,22.35,16.75,0.608,0.3635,5.6,9.76,1.585
2019-03-02,25.094,62.55,45.17,40.54,14.29,302,227,14,False,False,Pre-2019 (90d),-82,293,234,16,True,300.86,297.83,0.504,0.2062,3.03,5.0,1.476,228.0,230.67,0.407,-0.1842,-2.67,-4.0,-1.494,22.9,17.16,0.614,0.3897,5.74,9.15,1.525
2019-03-03,25.474,62.74,45.18,40.53,14.29,302,227,14,False,False,Pre-2019 (90d),-81,293,234,16,True,301.14,298.03,0.484,0.2205,3.11,5.0,1.442,227.71,230.47,0.407,-0.1918,-2.76,-4.0,-1.49,23.47,17.57,0.614,0.4149,5.9,9.57,1.485
2019-03-04,25.537,62.77,45.18,40.53,14.29,302,227,14,False,False,Pre-2019 (90d),-80,293,234,16,True,301.43,298.23,0.484,0.232,3.2,5.0,1.429,227.43,230.3,0.379,-0.2036,-2.87,-4.0,-1.485,24.04,17.97,0.616,0.4387,6.07,9.72,1.461
2019-03-05,26.276,63.14,45.21,40.51,14.28,303,226,14,False,False,Pre-2019 (90d),-79,293,234,16,True,301.86,298.47,0.504,0.2474,3.39,6.0,1.437,227.0,230.1,0.407,-0.2196,-3.1,-5.0,-1.507,24.72,18.39,0.619,0.464,6.33,10.29,1.457
2019-03-06,27.389,63.69,45.25,40.48,14.27,303,226,14,False,False,Pre-2019 (90d),-78,293,234,16,True,302.14,298.7,0.504,0.2596,3.44,5.0,1.403,226.71,229.9,0.407,-0.2329,-3.19,-5.0,-1.48,25.38,18.85,0.618,0.4892,6.53,10.76,1.436
2019-03-07,26.69,63.34,45.22,40.5,14.28,303,226,14,False,False,Pre-2019 (90d),-77,293,234,16,True,302.43,298.93,0.504,0.2687,3.5,4.0,1.39,226.57,229.7,0.407,-0.2436,-3.13,-4.0,-1.403,25.81,19.26,0.653,0.5081,6.55,7.89,1.4
2019-03-08,26.6,63.3,45.22,40.5,14.28,303,226,14,False,False,Pre-2019 (90d),-76,293,234,16,True,302.57,299.17,0.504,0.2747,3.4,3.0,1.328,226.43,229.5,0.407,-0.2516,-3.07,-3.0,-1.343,26.15,19.67,0.656,0.5212,6.48,6.25,1.36
2019-03-09,27.086,63.54,45.24,40.49,14.27,303,226,14,False,False,Pre-2019 (90d),-75,293,234,16,True,302.71,299.37,0.484,0.2845,3.34,3.0,1.275,226.29,229.3,0.407,-0.257,-3.01,-3.0,-1.297,26.44,20.08,0.656,0.5357,6.36,5.82,1.308
2019-03-10,25.79,62.9,45.19,40.52,14.29,302,226,15,False,True,2019 MCC Active,-74,293,234,16,True,302.71,299.53,0.531,0.2852,3.18,2.0,1.213,226.14,229.1,0.407,-0.2596,-2.96,-3.0,-1.265,26.48,20.45,0.72,0.5353,6.03,4.29,1.241
2019-03-11,26.143,63.07,45.2,40.51,14.28,303,226,14,False,True,2019 MCC Active,-73,293,234,16,True,302.86,299.73,0.551,0.2901,3.13,3.0,1.181,226.0,228.9,0.407,-0.2596,-2.9,-3.0,-1.24,26.57,20.82,0.719,0.5341,5.75,4.64,1.185
2019-03-12,25.755,62.88,45.19,40.52,14.29,302,226,15,False,True,2019 MCC Active,-72,293,234,16,True,302.71,299.9,0.592,0.2859,2.81,2.0,1.068,226.0,228.7,0.407,-0.257,-2.7,-3.0,-1.163,26.49,21.19,0.727,0.5246,5.3,4.23,1.105
2019-03-13,24.888,62.44,45.16,40.55,14.29,302,227,14,False,True,2019 MCC Active,-71,293,234,16,True,302.57,300.1,0.551,0.2725,2.47,1.0,0.968,226.14,228.53,0.461,-0.2452,-2.39,-1.0,-1.06,26.14,21.53,0.754,0.503,4.61,2.14,0.986
2019-03-14,25.255,62.63,45.17,40.54,14.29,302,227,14,False,True,2019 MCC Active,-70,293,234,16,True,302.43,300.3,0.551,0.2565,2.13,1.0,0.869,226.29,228.37,0.461,-0.2311,-2.08,0.0,-0.957,25.93,21.89,0.751,0.4791,4.04,1.54,0.892
2019-03-15,25.257,62.63,45.17,40.54,14.29,302,227,14,False,True,2019 MCC Active,-69,293,234,16,True,302.29,300.5,0.551,0.2378,1.79,0.0,0.768,226.43,228.2,0.461,-0.2149,-1.77,0.0,-0.853,25.74,22.25,0.745,0.4485,3.49,1.06,0.805
2019-03-16,24.239,62.12,45.13,40.57,14.3,302,227,14,False,True,2019 MCC Active,-68,293,234,16,True,302.14,300.7,0.551,0.2165,1.44,0.0,0.659,226.57,228.03,0.461,-0.1964,-1.46,0.0,-0.746,25.33,22.59,0.776,0.4041,2.74,-0.86,0.676
2019-03-17,24.308,62.15,45.14,40.56,14.3,302,227,14,False,True,2019 MCC Active,-67,293,234,16,True,302.14,300.9,0.551,0.1924,1.24,0.0,0.618,226.71,227.87,0.461,-0.1758,-1.16,0.0,-0.639,25.12,22.92,0.777,0.3589,2.2,-1.17,0.585
2019-03-18,23.851,61.93,45.12,40.58,14.3,301,227,15,False,True,2019 MCC Active,-66,293,234,16,True,301.86,301.03,0.571,0.1662,0.83,-1.0,0.445,226.86,227.73,0.434,-0.1597,-0.87,0.0,-0.506,24.79,23.19,0.757,0.3168,1.6,-1.69,0.454
2019-03-19,23.334,61.67,45.1,40.59,14.31,301,228,14,False,True,2019 MCC Active,-65,293,234,16,True,301.71,301.17,0.571,0.1382,0.54,-2.0,0.317,227.14,227.63,0.481,-0.1355,-0.49,2.0,-0.305,24.45,23.43,0.768,0.2675,1.02,-2.94,0.314
2019-03-20,22.577,61.29,45.07,40.61,14.32,301,228,14,False,True,2019 MCC Active,-64,293,234,16,True,301.57,301.3,0.571,0.1083,0.27,-2.0,0.179,227.29,227.53,0.481,-0.1099,-0.24,2.0,-0.162,24.12,23.66,0.788,0.2095,0.46,-4.81,0.158
2019-03-21,23.151,61.58,45.09,40.6,14.31,301,228,14,False,True,2019 MCC Active,-63,293,234,16,True,301.43,301.43,0.571,0.0768,0.0,-2.0,0.0,227.43,227.43,0.481,-0.083,0.0,2.0,0.0,23.82,23.9,0.79,0.1533,-0.08,-3.54,-0.032
2019-03-22,22.3,61.15,45.06,40.62,14.32,301,228,14,False,True,2019 MCC Active,-62,293,234,16,True,301.29,301.53,0.548,0.0503,-0.24,-2.0,-0.217,227.57,227.33,0.481,-0.0547,0.24,2.0,0.208,23.39,24.09,0.811,0.0929,-0.7,-4.3,-0.325
2019-03-23,21.908,60.95,45.05,40.63,14.32,300,228,15,False,True,2019 MCC Active,-61,293,234,16,True,301.0,301.57,0.556,0.0229,-0.57,-3.0,-0.548,227.71,227.27,0.45,-0.032,0.44,2.0,0.42,23.06,24.19,0.725,0.0424,-1.13,-5.18,-0.577
2019-03-24,22.037,61.02,45.05,40.63,14.32,300,228,15,False,True,2019 MCC Active,-60,293,234,16,True,300.71,301.57,0.525,0.002,-0.86,-2.0,-0.827,227.86,227.23,0.414,-0.0154,0.63,2.0,0.626,22.74,24.25,0.672,0.0019,-1.51,-3.75,-0.809
2019-03-25,21.944,60.97,45.05,40.63,14.32,300,228,15,False,True,2019 MCC Active,-59,293,234,16,True,300.57,301.57,0.525,-0.0189,-1.0,-3.0,-0.962,228.0,227.2,0.414,0.0018,0.8,2.0,0.832,22.46,24.27,0.652,-0.0334,-1.81,-4.2,-0.987
2019-03-26,21.769,60.88,45.04,40.63,14.32,300,228,15,False,True,2019 MCC Active,-58,293,234,16,True,300.43,301.57,0.525,-0.0398,-1.14,-2.0,-1.096,228.0,227.17,0.414,0.0194,0.83,2.0,0.909,22.24,24.28,0.652,-0.0687,-2.04,-3.99,-1.12
2019-03-27,21.688,60.84,45.04,40.64,14.32,300,228,15,False,True,2019 MCC Active,-57,293,234,16,True,300.29,301.57,0.525,-0.0607,-1.28,-2.0,-1.231,228.0,227.13,0.414,0.0374,0.87,1.0,1.011,22.11,24.28,0.652,-0.1045,-2.17,-3.2,-1.198
2019-03-28,20.979,60.49,45.01,40.65,14.33,300,229,14,False,True,2019 MCC Active,-56,293,234,16,True,300.14,301.57,0.525,-0.0816,-1.43,-2.0,-1.375,228.14,227.13,0.455,0.0623,1.01,2.0,1.174,21.8,24.27,0.665,-0.1449,-2.47,-4.28,-1.341
2019-03-29,20.248,60.12,44.99,40.67,14.34,299,229,15,False,True,2019 MCC Active,-55,293,234,16,True,299.86,301.5,0.521,-0.1021,-1.64,-3.0,-1.442,228.29,227.17,0.414,0.0803,1.12,2.0,1.227,21.51,24.18,0.634,-0.1813,-2.67,-5.01,-1.358
2019-03-30,20.273,60.14,44.99,40.67,14.34,299,229,15,False,True,2019 MCC Active,-54,293,234,16,True,299.71,301.43,0.521,-0.1217,-1.72,-3.0,-1.407,228.43,227.23,0.365,0.091,1.2,2.0,1.235,21.28,24.07,0.603,-0.2097,-2.79,-3.97,-1.334
2019-03-31,20.604,60.3,45.0,40.66,14.33,300,229,14,False,True,2019 MCC Active,-53,293,234,16,True,299.71,301.37,0.521,-0.127,-1.66,-2.0,-1.333,228.57,227.3,0.365,0.1008,1.27,2.0,1.242,21.07,23.95,0.598,-0.2311,-2.88,-3.7,-1.319
2019-04-01,20.635,60.32,45.0,40.66,14.33,300,229,14,False,True,2019 MCC Active,-52,293,234,16,True,299.71,301.3,0.521,-0.1315,-1.59,-1.0,-1.258,228.71,227.37,0.365,0.1097,1.34,2.0,1.257,20.89,23.8,0.568,-0.2446,-2.91,-3.22,-1.291
2019-04-02,19.993,60.0,44.98,40.68,14.34,299,229,15,False,True,2019 MCC Active,-51,293,234,16,True,299.57,301.2,0.548,-0.1415,-1.63,-2.0,-1.232,228.86,227.43,0.365,0.1177,1.43,1.0,1.295,20.63,23.62,0.566,-0.2576,-2.99,-3.34,-1.281
2019-04-03,19.604,59.8,44.96,40.69,14.34,299,229,15,False,True,2019 MCC Active,-50,293,234,16,True,299.43,301.1,0.548,-0.1502,-1.67,-2.0,-1.216,229.0,227.5,0.365,0.1248,1.5,1.0,1.319,20.33,23.42,0.565,-0.2703,-3.09,-2.97,-1.279
2019-04-04,19.972,59.99,44.98,40.68,14.34,299,229,15,False,True,2019 MCC Active,-49,293,234,16,True,299.29,300.97,0.507,-0.1506,-1.68,-2.0,-1.22,229.0,227.6,0.305,0.1241,1.4,1.0,1.236,20.19,23.21,0.548,-0.2728,-3.02,-3.18,-1.241
2019-04-05,19.719,59.86,44.97,40.69,14.34,299,229,15,False,True,2019 MCC Active,-48,293,234,16,True,299.29,300.83,0.507,-0.1493,-1.54,-2.0,-1.127,229.0,227.7,0.305,0.1221,1.3,1.0,1.162,20.11,22.95,0.487,-0.2665,-2.84,-2.58,-1.193
2019-04-06,20.041,60.02,44.98,40.68,14.34,299,229,15,False,True,2019 MCC Active,-47,293,234,16,True,299.29,300.7,0.507,-0.1462,-1.41,-1.0,-1.05,229.0,227.8,0.305,0.1188,1.2,1.0,1.095,20.08,22.73,0.491,-0.2595,-2.65,-1.87,-1.137
2019-04-07,20.584,60.29,45.0,40.67,14.34,300,229,14,False,True,2019 MCC Active,-46,293,234,16,True,299.29,300.6,0.548,-0.1348,-1.31,0.0,-1.027,229.0,227.9,0.305,0.1141,1.1,1.0,1.036,20.08,22.53,0.51,-0.2467,-2.45,-1.45,-1.092
2019-04-08,20.597,60.3,45.0,40.66,14.34,300,229,14,False,True,2019 MCC Active,-45,293,234,16,True,299.29,300.5,0.548,-0.1221,-1.21,0.0,-1.011,229.0,228.0,0.305,0.1081,1.0,1.0,0.983,20.07,22.31,0.495,-0.2277,-2.24,-1.35,-1.068
2019-04-09,19.19,59.6,44.95,40.7,14.35,299,230,14,False,True,2019 MCC Active,-44,293,234,16,True,299.29,300.4,0.548,-0.1215,-1.11,-1.0,-0.931,229.14,228.13,0.346,0.1072,1.01,2.0,1.002,19.96,22.09,0.504,-0.2239,-2.13,-2.58,-1.031
2019-04-10,19.174,59.59,44.95,40.7,14.35,299,230,14,False,True,2019 MCC Active,-43,293,234,16,True,299.29,300.27,0.507,-0.1126,-0.98,-1.0,-0.881,229.29,228.27,0.346,0.1046,1.02,2.0,1.041,19.9,21.86,0.494,-0.2149,-1.96,-2.51,-0.988
2019-04-11,18.877,59.44,44.94,40.71,14.35,299,230,14,True,True,2019 Polling Phase,-42,293,234,16,True,299.29,300.17,0.481,-0.1088,-0.88,-1.0,-0.811,229.43,228.4,0.346,0.1001,1.03,1.0,1.105,19.74,21.63,0.493,-0.2073,-1.89,-2.1,-0.987
2019-04-12,18.867,59.43,44.94,40.71,14.35,299,230,14,True,True,2019 Polling Phase,-41,293,234,16,True,299.29,300.07,0.481,-0.1037,-0.78,0.0,-0.744,229.57,228.5,0.305,0.1008,1.07,1.0,1.141,19.62,21.43,0.479,-0.2027,-1.81,-1.38,-0.964
2019-04-13,20.007,60.0,44.98,40.68,14.34,299,229,15,True,True,2019 Polling Phase,-40,293,234,16,True,299.29,299.97,0.481,-0.0972,-0.68,0.0,-0.68,229.57,228.57,0.365,0.0937,1.0,0.0,1.114,19.61,21.26,0.529,-0.1855,-1.65,-0.27,-0.943
2019-04-14,19.42,59.71,44.96,40.7,14.35,299,230,14,True,True,2019 Polling Phase,-39,293,234,16,True,299.14,299.87,0.481,-0.0894,-0.73,-1.0,-0.779,229.71,228.67,0.403,0.0921,1.04,1.0,1.176,19.45,21.06,0.533,-0.1698,-1.61,-1.18,-1.001
2019-04-15,19.071,59.54,44.94,40.71,14.35,299,230,14,True,True,2019 Polling Phase,-38,293,234,16,True,299.0,299.77,0.481,-0.0803,-0.77,-1.0,-0.897,229.86,228.77,0.403,0.0892,1.09,1.0,1.27,19.23,20.89,0.511,-0.1607,-1.66,-1.56,-1.084
2019-04-16,19.449,59.72,44.96,40.7,14.35,299,230,14,True,True,2019 Polling Phase,-37,293,234,16,True,299.0,299.67,0.481,-0.0699,-0.67,0.0,-0.884,229.86,228.87,0.403,0.085,0.99,1.0,1.208,19.27,20.73,0.519,-0.1465,-1.46,-0.54,-1.036
2019-04-17,20.348,60.17,44.99,40.67,14.34,300,229,14,True,True,2019 Polling Phase,-36,293,234,16,True,299.14,299.63,0.49,-0.0585,-0.49,1.0,-0.682,229.71,228.93,0.45,0.073,0.78,0.0,1.055,19.43,20.61,0.551,-0.1274,-1.18,0.74,-0.921
2019-04-18,19.994,60.0,44.98,40.68,14.34,299,229,15,True,True,2019 Polling Phase,-35,293,234,16,True,299.14,299.57,0.521,-0.0532,-0.43,0.0,-0.633,229.57,228.97,0.414,0.067,0.6,0.0,0.835,19.59,20.5,0.547,-0.1126,-0.91,0.02,-0.773
2019-04-19,20.51,60.26,45.0,40.67,14.34,300,229,14,True,True,2019 Polling Phase,-34,293,234,16,True,299.29,299.53,0.556,-0.0405,-0.24,1.0,-0.382,229.43,229.0,0.414,0.0605,0.43,0.0,0.619,19.83,20.43,0.545,-0.0982,-0.6,0.79,-0.54
2019-04-20,20.34,60.17,44.99,40.67,14.34,300,229,14,True,True,2019 Polling Phase,-33,293,234,16,True,299.43,299.5,0.556,-0.0274,-0.07,1.0,-0.122,229.43,229.03,0.414,0.0536,0.4,0.0,0.598,19.88,20.34,0.532,-0.0801,-0.46,0.3,-0.467
2019-04-21,20.42,60.21,44.99,40.67,14.34,300,229,14,True,True,2019 Polling Phase,-32,293,234,16,True,299.57,299.47,0.556,-0.0138,0.1,0.0,0.197,229.29,229.07,0.414,0.0463,0.22,0.0,0.344,20.02,20.28,0.513,-0.066,-0.26,-0.16,-0.285
2019-04-22,20.33,60.16,44.99,40.67,14.34,300,229,14,True,True,2019 Polling Phase,-31,293,234,16,True,299.71,299.47,0.525,-0.0067,0.24,0.0,0.473,229.14,229.1,0.414,0.0385,0.04,0.0,0.066,20.2,20.22,0.509,-0.0544,-0.02,-0.27,-0.023
2019-04-23,20.353,60.18,44.99,40.67,14.34,300,229,14,True,True,2019 Polling Phase,-30,293,234,16,True,299.86,299.47,0.525,0.0004,0.39,1.0,0.769,229.0,229.13,0.414,0.0303,-0.13,-1.0,-0.228,20.33,20.17,0.508,-0.041,0.16,1.16,0.203
2019-04-24,20.386,60.19,44.99,40.67,14.34,300,229,14,True,True,2019 Polling Phase,-29,293,234,16,True,299.86,299.47,0.525,0.0076,0.39,1.0,0.769,229.0,229.17,0.414,0.0216,-0.17,-1.0,-0.32,20.33,20.11,0.508,-0.0274,0.22,1.21,0.308
2019-04-25,20.029,60.01,44.98,40.68,14.34,299,229,15,True,True,2019 Polling Phase,-28,293,234,16,True,299.86,299.43,0.556,0.0082,0.43,0.0,0.853,229.0,229.2,0.414,0.0125,-0.2,-1.0,-0.413,20.34,20.06,0.511,-0.0165,0.28,1.15,0.435
2019-04-26,20.365,60.18,44.99,40.67,14.34,300,229,14,True,True,2019 Polling Phase,-27,293,234,16,True,299.86,299.43,0.587,0.0158,0.43,1.0,0.853,229.0,229.23,0.414,0.0029,-0.23,-1.0,-0.535,20.32,20.01,0.516,-0.0033,0.31,1.5,0.545
2019-04-27,20.718,60.36,45.0,40.66,14.33,300,229,14,True,True,2019 Polling Phase,-26,293,234,16,True,299.86,299.43,0.587,0.0234,0.43,1.0,0.853,229.0,229.23,0.371,-0.0002,-0.23,0.0,-0.535,20.37,20.0,0.505,0.0079,0.37,0.71,0.667
2019-04-28,20.573,60.29,45.0,40.67,14.34,300,229,14,True,True,2019 Polling Phase,-25,293,234,16,True,299.86,299.47,0.556,0.024,0.39,1.0,0.769,229.0,229.23,0.371,-0.0033,-0.23,-1.0,-0.535,20.39,20.01,0.487,0.0133,0.38,1.15,0.675
2019-04-29,20.298,60.15,44.99,40.67,14.34,299,229,15,True,True,2019 Polling Phase,-24,293,234,16,True,299.71,299.47,0.587,0.0178,0.24,0.0,0.473,229.0,229.23,0.371,-0.0065,-0.23,-1.0,-0.535,20.39,20.02,0.49,0.0169,0.37,1.23,0.657
2019-04-30,20.327,60.16,44.99,40.67,14.34,300,229,14,True,True,2019 Polling Phase,-23,293,234,16,True,299.71,299.47,0.587,0.0249,0.24,1.0,0.473,229.0,229.23,0.371,-0.0096,-0.23,-1.0,-0.535,20.39,20.01,0.486,0.023,0.38,0.88,0.684
2019-05-01,20.072,60.04,44.98,40.68,14.34,299,229,15,True,True,2019 Polling Phase,-22,293,234,16,True,299.57,299.43,0.615,0.0256,0.14,-1.0,0.278,229.0,229.23,0.371,-0.0127,-0.23,0.0,-0.535,20.34,19.99,0.488,0.0277,0.35,-0.28,0.645
2019-05-02,19.844,59.92,44.97,40.69,14.34,299,229,15,True,True,2019 Polling Phase,-21,293,234,16,True,299.57,299.43,0.587,0.0198,0.14,0.0,0.278,229.0,229.23,0.371,-0.0158,-0.23,0.0,-0.535,20.31,19.98,0.475,0.0268,0.33,-0.15,0.607
2019-05-03,19.823,59.91,44.97,40.69,14.34,299,229,15,True,True,2019 Polling Phase,-20,293,234,16,True,299.43,299.43,0.587,0.014,0.0,-1.0,0.0,229.0,229.23,0.371,-0.0189,-0.23,0.0,-0.535,20.24,19.99,0.47,0.0232,0.25,-0.69,0.463
2019-05-04,19.303,59.65,44.95,40.7,14.35,299,230,14,True,True,2019 Polling Phase,-19,293,234,16,True,299.29,299.43,0.587,0.0082,-0.14,-1.0,-0.278,229.14,229.27,0.414,-0.0156,-0.13,1.0,-0.289,20.03,19.97,0.474,0.0187,0.06,-1.04,0.108
2019-05-05,18.689,59.34,44.93,40.72,14.35,299,230,14,True,True,2019 Polling Phase,-18,293,234,16,True,299.14,299.43,0.587,0.0024,-0.29,-1.0,-0.575,229.29,229.3,0.414,-0.0127,-0.01,1.0,-0.021,19.77,19.93,0.485,0.0087,-0.16,-1.73,-0.267
2019-05-06,18.92,59.46,44.94,40.71,14.35,299,230,14,True,True,2019 Polling Phase,-17,293,234,16,True,299.14,299.43,0.587,-0.0033,-0.29,-1.0,-0.575,229.43,229.33,0.414,-0.0102,0.1,1.0,0.209,19.57,19.9,0.483,0.0029,-0.33,-1.41,-0.526
2019-05-07,18.423,59.21,44.92,40.72,14.36,298,230,15,True,True,2019 Polling Phase,-16,293,234,16,True,298.86,299.37,0.583,-0.0087,-0.51,-2.0,-0.917,229.57,229.37,0.414,-0.0082,0.2,1.0,0.408,19.3,19.82,0.477,-0.0019,-0.52,-1.93,-0.778
2019-05-08,18.337,59.17,44.92,40.73,14.36,298,230,15,True,True,2019 Polling Phase,-15,293,234,16,True,298.71,299.3,0.583,-0.0131,-0.59,-2.0,-0.99,229.71,229.4,0.414,-0.0067,0.31,1.0,0.622,19.05,19.75,0.477,-0.0061,-0.7,-2.05,-0.993
2019-05-09,17.568,58.78,44.89,40.75,14.36,298,230,15,True,True,2019 Polling Phase,-14,293,234,16,True,298.57,299.27,0.556,-0.0236,-0.7,-1.0,-1.094,229.86,229.4,0.371,0.0013,0.46,1.0,0.923,18.72,19.69,0.427,-0.024,-0.97,-2.46,-1.206
2019-05-10,17.903,58.95,44.9,40.74,14.36,298,230,15,True,True,2019 Polling Phase,-13,293,234,16,True,298.43,299.23,0.556,-0.0336,-0.8,-2.0,-1.178,230.0,229.4,0.371,0.0093,0.6,1.0,1.204,18.45,19.65,0.433,-0.0392,-1.2,-2.46,-1.389
2019-05-11,17.849,58.92,44.9,40.74,14.36,298,230,15,True,True,2019 Polling Phase,-12,293,234,16,True,298.29,299.2,0.556,-0.0432,-0.91,-2.0,-1.274,230.0,229.4,0.371,0.0174,0.6,1.0,1.204,18.24,19.62,0.43,-0.0562,-1.38,-2.87,-1.509
2019-05-12,18.289,59.14,44.92,40.73,14.36,298,230,15,True,True,2019 Polling Phase,-11,293,234,16,True,298.14,299.17,0.556,-0.0523,-1.03,-2.0,-1.38,230.0,229.4,0.371,0.0254,0.6,1.0,1.204,18.18,19.6,0.439,-0.0699,-1.42,-2.28,-1.516
2019-05-13,18.198,59.1,44.91,40.73,14.36,298,230,15,True,True,2019 Polling Phase,-10,293,234,16,True,298.0,299.13,0.556,-0.061,-1.13,-1.0,-1.456,230.0,229.43,0.32,0.0265,0.57,1.0,1.131,18.08,19.54,0.38,-0.0761,-1.46,-2.1,-1.509
2019-05-14,18.241,59.12,44.91,40.73,14.36,298,230,15,True,True,2019 Polling Phase,-9,293,234,16,True,298.0,299.1,0.556,-0.0692,-1.1,-2.0,-1.37,230.0,229.43,0.263,0.034,0.57,1.0,1.131,18.06,19.5,0.367,-0.0853,-1.44,-2.09,-1.446
2019-05-15,18.477,59.24,44.92,40.72,14.36,299,230,14,True,True,2019 Polling Phase,-8,293,234,16,True,298.14,299.1,0.587,-0.0705,-0.96,0.0,-1.195,230.0,229.43,0.263,0.0416,0.57,1.0,1.131,18.08,19.48,0.366,-0.0949,-1.4,-1.59,-1.386
2019-05-16,18.564,59.28,44.93,40.72,14.35,299,230,14,True,True,2019 Polling Phase,-7,293,234,16,True,298.29,299.1,0.587,-0.0719,-0.81,0.0,-1.009,230.0,229.43,0.263,0.0492,0.57,1.0,1.131,18.22,19.45,0.359,-0.101,-1.23,-1.28,-1.201
2019-05-17,18.799,59.4,44.93,40.71,14.35,299,230,14,True,True,2019 Polling Phase,-6,293,234,16,True,298.43,299.07,0.556,-0.0663,-0.64,0.0,-0.815,230.0,229.47,0.183,0.0498,0.53,1.0,1.045,18.35,19.4,0.317,-0.099,-1.05,-1.02,-1.033
2019-05-18,18.221,59.11,44.91,40.73,14.36,298,230,15,True,True,2019 Polling Phase,-5,293,234,16,True,298.43,299.03,0.556,-0.0736,-0.6,-1.0,-0.742,230.0,229.5,0.183,0.0501,0.5,0.0,0.983,18.4,19.34,0.327,-0.1025,-0.94,-1.08,-0.911
2019-05-19,18.09,59.05,44.91,40.73,14.36,298,230,15,True,True,2019 Polling Phase,-4,293,234,16,True,298.43,298.97,0.521,-0.0736,-0.54,-1.0,-0.668,230.0,229.53,0.183,0.0498,0.47,0.0,0.926,18.37,19.26,0.309,-0.1025,-0.89,-0.6,-0.863
2019-05-20,17.402,58.7,44.88,40.75,14.37,298,231,14,False,True,2019 MCC Active,-3,293,234,16,True,298.43,298.9,0.521,-0.0727,-0.47,-1.0,-0.585,230.14,229.6,0.254,0.0556,0.54,1.0,0.959,18.26,19.16,0.328,-0.107,-0.9,-1.52,-0.845
2019-05-21,17.254,58.63,44.88,40.76,14.37,298,231,14,False,True,2019 MCC Active,-2,293,234,16,True,298.43,298.83,0.521,-0.071,-0.4,0.0,-0.505,230.29,229.67,0.254,0.0605,0.62,1.0,1.022,18.12,19.05,0.326,-0.1106,-0.93,-1.17,-0.852
2019-05-22,16.82,58.41,44.86,40.77,14.37,298,231,14,False,True,2019 MCC Active,-1,293,234,16,True,298.29,298.77,0.521,-0.0683,-0.48,0.0,-0.62,230.43,229.73,0.254,0.0645,0.7,1.0,1.094,17.88,18.94,0.332,-0.1162,-1.06,-1.52,-0.932
2019-05-23,16.801,58.4,44.86,40.77,14.37,298,231,14,False,True,2019 MCC Active,0,293,234,16,True,298.14,298.7,0.521,-0.0647,-0.56,0.0,-0.747,230.57,229.8,0.254,0.0676,0.77,1.0,1.159,17.63,18.82,0.331,-0.1202,-1.19,-0.77,-1.017
2019-05-24,18.531,59.27,44.92,40.72,14.35,299,230,14,False,False,Post-2019 (30d),1,293,234,16,True,298.14,298.67,0.556,-0.0538,-0.53,1.0,-0.745,230.57,229.83,0.32,0.0634,0.74,0.0,1.142,17.59,18.76,0.473,-0.1113,-1.17,0.63,-1.033
2019-05-25,18.63,59.32,44.93,40.72,14.35,299,230,14,False,False,Post-2019 (30d),2,293,234,16,True,298.29,298.67,0.525,-0.0494,-0.38,1.0,-0.534,230.57,229.87,0.32,0.0587,0.7,0.0,1.113,17.65,18.71,0.47,-0.1033,-1.06,0.78,-0.958
2019-05-26,18.63,59.32,44.93,40.72,14.35,299,230,14,False,False,Post-2019 (30d),3,293,234,16,True,298.43,298.63,0.49,-0.038,-0.2,1.0,-0.299,230.57,229.9,0.32,0.0536,0.67,0.0,1.103,17.72,18.65,0.465,-0.0925,-0.93,0.34,-0.876
2019-05-27,18.425,59.21,44.92,40.72,14.36,298,230,15,False,False,Post-2019 (30d),4,293,234,16,True,298.43,298.57,0.521,-0.0327,-0.14,0.0,-0.224,230.43,229.93,0.32,0.0481,0.5,0.0,0.857,17.87,18.58,0.459,-0.0797,-0.71,0.23,-0.719
2019-05-28,19.559,59.78,44.96,40.69,14.34,299,229,15,False,False,Post-2019 (30d),5,293,234,16,True,298.57,298.53,0.556,-0.02,0.04,1.0,0.07,230.14,229.93,0.371,0.0356,0.21,-1.0,0.36,18.2,18.54,0.509,-0.0596,-0.34,1.32,-0.364
2019-05-29,19.311,59.66,44.95,40.7,14.35,299,230,14,False,False,Post-2019 (30d),6,293,234,16,True,298.71,298.53,0.525,-0.0138,0.18,0.0,0.315,230.0,229.97,0.414,0.0296,0.03,0.0,0.054,18.56,18.51,0.508,-0.0425,0.05,0.83,0.056
2019-05-30,18.875,59.44,44.94,40.71,14.35,299,230,14,False,False,Post-2019 (30d),7,293,234,16,True,298.86,298.5,0.49,-0.0007,0.36,0.0,0.708,229.86,230.0,0.414,0.0231,-0.14,0.0,-0.267,18.85,18.46,0.514,-0.0276,0.39,0.31,0.476
2019-05-31,17.848,58.92,44.9,40.74,14.36,298,230,15,False,False,Post-2019 (30d),8,293,234,16,True,298.71,298.47,0.49,-0.0004,0.24,-1.0,0.473,229.86,230.03,0.414,0.0162,-0.17,0.0,-0.347,18.75,18.39,0.543,-0.0205,0.36,-0.95,0.469
2019-06-01,17.848,58.92,44.9,40.74,14.36,298,230,15,False,False,Post-2019 (30d),9,293,234,16,True,298.57,298.43,0.49,0.0002,0.14,0.0,0.278,229.86,230.07,0.414,0.0089,-0.21,0.0,-0.467,18.64,18.32,0.542,-0.0139,0.32,-0.37,0.443
2019-06-02,17.848,58.92,44.9,40.74,14.36,298,230,15,False,False,Post-2019 (30d),10,293,234,16,True,298.43,298.4,0.49,0.0013,0.03,0.0,0.06,229.86,230.1,0.414,0.0011,-0.24,0.0,-0.596,18.53,18.26,0.542,-0.0066,0.27,-0.24,0.404
2019-06-03,17.188,58.59,44.88,40.76,14.37,298,231,14,False,False,Post-2019 (30d),11,293,234,16,True,298.43,298.37,0.49,0.0029,0.06,0.0,0.122,230.0,230.13,0.414,0.0062,-0.13,0.0,-0.299,18.35,18.18,0.547,-0.0063,0.17,-0.21,0.255
2019-06-04,16.276,58.14,44.84,40.78,14.38,297,231,15,False,False,Post-2019 (30d),12,293,234,16,True,298.14,298.3,0.521,-0.0016,-0.16,-1.0,-0.299,230.29,230.17,0.414,0.0109,0.12,0.0,0.26,17.88,18.1,0.56,-0.0151,-0.22,-0.98,-0.296
2019-06-05,16.276,58.14,44.84,40.78,14.38,297,231,15,False,False,Post-2019 (30d),13,293,234,16,True,297.86,298.23,0.521,-0.0051,-0.37,-1.0,-0.651,230.43,230.2,0.414,0.0151,0.23,0.0,0.475,17.45,18.02,0.557,-0.0213,-0.57,-0.54,-0.713
2019-06-06,16.636,58.32,44.85,40.77,14.37,298,231,14,False,False,Post-2019 (30d),14,293,234,16,True,297.71,298.23,0.525,-0.0082,-0.52,0.0,-0.915,230.57,230.23,0.414,0.0189,0.34,0.0,0.675,17.13,17.96,0.557,-0.0274,-0.83,-0.16,-0.996
2019-06-07,17.304,58.65,44.88,40.75,14.37,298,231,14,False,False,Post-2019 (30d),15,293,234,16,True,297.71,298.23,0.525,-0.0113,-0.52,-1.0,-0.915,230.71,230.27,0.414,0.0222,0.44,1.0,0.845,17.05,17.92,0.573,-0.029,-0.87,-1.23,-1.038
2019-06-08,18.044,59.02,44.91,40.73,14.36,298,230,15,False,False,Post-2019 (30d),16,293,234,16,True,297.71,298.23,0.525,-0.0145,-0.52,-1.0,-0.915,230.71,230.27,0.455,0.0187,0.44,0.0,0.845,17.08,17.94,0.572,-0.0306,-0.86,-0.59,-1.029
2019-06-09,18.044,59.02,44.91,40.73,14.36,298,230,15,False,False,Post-2019 (30d),17,293,234,16,True,297.71,298.23,0.525,-0.0176,-0.52,-1.0,-0.915,230.71,230.27,0.455,0.0151,0.44,0.0,0.845,17.11,17.94,0.569,-0.0302,-0.83,-0.59,-0.992
2019-06-10,20.177,60.09,44.98,40.68,14.34,299,229,15,False,False,Post-2019 (30d),18,293,234,16,True,297.86,298.27,0.556,-0.0142,-0.41,1.0,-0.703,230.43,230.23,0.49,0.0051,0.2,-1.0,0.352,17.54,18.02,0.689,-0.0164,-0.48,1.75,-0.516
2019-06-11,19.676,59.84,44.97,40.69,14.34,299,229,15,False,False,Post-2019 (30d),19,293,234,16,True,298.14,298.3,0.556,-0.0113,-0.16,0.0,-0.268,230.14,230.2,0.49,-0.0044,-0.06,0.0,-0.098,18.02,18.07,0.693,-0.0039,-0.05,0.12,-0.051
2019-06-12,19.227,59.61,44.95,40.7,14.35,299,230,14,False,False,Post-2019 (30d),20,293,234,16,True,298.43,298.33,0.556,-0.0089,0.1,0.0,0.165,230.0,230.2,0.525,-0.0071,-0.2,0.0,-0.328,18.44,18.1,0.699,0.0045,0.34,-0.08,0.34
2019-06-13,19.564,59.78,44.96,40.69,14.34,299,229,15,False,False,Post-2019 (30d),21,293,234,16,True,298.57,298.37,0.556,-0.0069,0.2,0.0,0.325,229.71,230.17,0.556,-0.0162,-0.46,-1.0,-0.71,18.86,18.14,0.701,0.0149,0.72,0.69,0.696
2019-06-14,19.718,59.86,44.97,40.69,14.34,299,229,15,False,False,Post-2019 (30d),22,293,234,16,True,298.71,298.37,0.525,0.0016,0.34,1.0,0.553,229.43,230.13,0.556,-0.0249,-0.7,-1.0,-1.027,19.21,18.19,0.7,0.0274,1.02,1.87,0.951
2019-06-15,19.32,59.66,44.95,40.7,14.35,299,230,14,False,False,Post-2019 (30d),23,293,234,16,True,298.86,298.37,0.525,0.01,0.49,1.0,0.797,229.43,230.13,0.587,-0.0267,-0.7,0.0,-1.027,19.39,18.21,0.705,0.0373,1.18,1.47,1.082
2019-06-16,19.32,59.66,44.95,40.7,14.35,299,230,14,False,False,Post-2019 (30d),24,293,234,16,True,299.0,298.37,0.525,0.0185,0.63,1.0,1.024,229.43,230.13,0.587,-0.0285,-0.7,0.0,-1.027,19.57,18.23,0.703,0.0485,1.34,1.47,1.214
2019-06-17,20.145,60.07,44.98,40.68,14.34,299,229,15,False,False,Post-2019 (30d),25,293,234,16,True,299.0,298.4,0.49,0.02,0.6,1.0,0.965,229.43,230.1,0.615,-0.0367,-0.67,-2.0,-0.941,19.57,18.29,0.709,0.0608,1.28,2.96,1.105
2019-06-18,19.555,59.78,44.96,40.69,14.35,299,229,15,False,False,Post-2019 (30d),26,293,234,16,True,299.0,298.43,0.49,0.0211,0.57,2.0,0.91,229.43,230.07,0.615,-0.0445,-0.64,-2.0,-0.865,19.55,18.34,0.718,0.0676,1.21,3.28,1.025
2019-06-19,20.342,60.17,44.99,40.67,14.34,300,229,14,False,False,Post-2019 (30d),27,293,234,16,True,299.14,298.5,0.521,0.0283,0.64,3.0,0.938,229.29,230.0,0.583,-0.0449,-0.71,-2.0,-0.956,19.71,18.44,0.717,0.074,1.27,4.07,1.04
2019-06-20,20.959,60.48,45.01,40.65,14.33,300,229,14,False,False,Post-2019 (30d),28,293,234,16,True,299.29,298.57,0.521,0.0345,0.72,2.0,0.989,229.29,229.93,0.583,-0.0445,-0.64,-2.0,-0.865,19.91,18.56,0.721,0.0821,1.35,4.32,1.053
2019-06-21,21.142,60.57,45.02,40.65,14.33,300,229,14,False,False,Post-2019 (30d),29,293,234,16,True,299.43,298.63,0.521,0.0398,0.8,2.0,1.046,229.29,229.87,0.583,-0.0432,-0.58,-2.0,-0.794,20.11,18.71,0.714,0.0867,1.4,3.84,1.059
2019-06-22,20.668,60.33,45.0,40.66,14.33,300,229,14,False,False,Post-2019 (30d),30,293,234,16,True,299.57,298.7,0.521,0.0443,0.87,2.0,1.095,229.14,229.8,0.583,-0.0409,-0.66,-1.0,-0.924,20.3,18.84,0.722,0.0862,1.46,2.62,1.107
2019-06-23,20.668,60.33,45.0,40.66,14.33,300,229,14,False,False,Inter-Election,31,293,234,16,True,299.71,298.73,0.49,0.0547,0.98,2.0,1.184,229.0,229.77,0.556,-0.0447,-0.77,-1.0,-1.058,20.5,18.91,0.656,0.0959,1.59,2.62,1.17
2019-06-24,19.401,59.7,44.96,40.7,14.35,299,230,14,False,False,Inter-Election,32,293,234,16,True,299.71,298.73,0.525,0.0583,0.98,0.0,1.184,229.14,229.77,0.587,-0.0416,-0.63,1.0,-0.865,20.39,18.93,0.7,0.0972,1.46,-0.78,1.073
2019-06-25,19.564,59.78,44.96,40.69,14.34,299,229,15,False,False,Inter-Election,33,293,234,16,True,299.71,298.73,0.525,0.0618,0.98,0.0,1.184,229.14,229.73,0.615,-0.0449,-0.59,0.0,-0.798,20.39,18.96,0.7,0.0991,1.43,-0.11,1.049
2019-06-26,19.844,59.92,44.97,40.69,14.34,299,229,15,False,False,Inter-Election,34,293,234,16,True,299.57,298.77,0.49,0.0585,0.8,0.0,0.979,229.14,229.7,0.615,-0.0478,-0.56,-1.0,-0.747,20.32,19.01,0.7,0.1011,1.31,0.62,0.957
2019-06-27,20.555,60.28,45.0,40.67,14.34,300,229,14,False,False,Inter-Election,35,293,234,16,True,299.57,298.8,0.49,0.0681,0.77,1.0,0.909,229.14,229.7,0.587,-0.0572,-0.56,0.0,-0.747,20.26,19.04,0.681,0.1148,1.22,0.99,0.875
2019-06-28,19.638,59.82,44.96,40.69,14.34,299,229,15,False,False,Inter-Election,36,293,234,16,True,299.43,298.8,0.525,0.0707,0.63,0.0,0.744,229.14,229.67,0.556,-0.0596,-0.53,0.0,-0.699,20.05,19.06,0.702,0.1205,0.99,-0.08,0.708
2019-06-29,17.333,58.67,44.88,40.75,14.37,298,231,14,False,False,Inter-Election,37,293,234,16,True,299.14,298.77,0.556,0.067,0.37,-1.0,0.431,229.43,229.7,0.669,-0.0487,-0.27,1.0,-0.34,19.57,19.0,0.816,0.1081,0.57,-1.99,0.398
2019-06-30,17.333,58.67,44.88,40.75,14.37,298,231,14,False,False,Inter-Election,38,293,234,16,True,298.86,298.77,0.525,0.0567,0.09,-1.0,0.105,229.71,229.73,0.669,-0.0383,-0.02,1.0,-0.024,19.1,18.99,0.795,0.0894,0.11,-1.99,0.076
2019-07-01,16.786,58.39,44.86,40.77,14.37,298,231,14,False,False,Inter-Election,39,293,234,16,True,298.71,298.77,0.525,0.0465,-0.06,-1.0,-0.07,229.86,229.77,0.669,-0.0283,0.09,2.0,0.105,18.72,18.95,0.801,0.0673,-0.23,-3.36,-0.154
2019-07-02,16.448,58.22,44.85,40.78,14.37,297,231,15,False,False,Inter-Election,40,293,234,16,True,298.43,298.73,0.556,0.0298,-0.3,-2.0,-0.331,230.14,229.8,0.669,-0.0187,0.34,2.0,0.383,18.28,18.91,0.803,0.0435,-0.63,-3.11,-0.407
2019-07-03,15.525,57.76,44.81,40.8,14.38,297,232,14,False,False,Inter-Election,41,293,234,16,True,298.14,298.7,0.556,0.0136,-0.56,-3.0,-0.588,230.57,229.83,0.669,0.0038,0.74,3.0,0.779,17.66,18.85,0.811,0.0099,-1.19,-4.82,-0.726
2019-07-04,14.888,57.44,44.79,40.82,14.39,297,232,14,False,False,Inter-Election,42,293,234,16,True,297.71,298.7,0.525,-0.0091,-0.99,-3.0,-1.04,231.0,229.87,0.669,0.0258,1.13,3.0,1.121,16.85,18.8,0.803,-0.0334,-1.95,-6.07,-1.127
2019-07-05,14.647,57.32,44.78,40.83,14.39,296,232,15,False,False,Inter-Election,43,293,234,16,True,297.29,298.67,0.556,-0.0383,-1.38,-4.0,-1.342,231.43,229.9,0.669,0.0474,1.53,3.0,1.441,16.14,18.75,0.803,-0.0777,-2.61,-6.49,-1.422
2019-07-06,14.646,57.32,44.78,40.83,14.39,296,232,15,False,False,Inter-Election,44,293,234,16,True,297.0,298.6,0.521,-0.0601,-1.6,-4.0,-1.413,231.57,229.93,0.669,0.0685,1.64,3.0,1.475,15.75,18.68,0.8,-0.1187,-2.93,-6.02,-1.505
2019-07-07,14.646,57.32,44.78,40.83,14.39,296,232,15,False,False,Inter-Election,45,293,234,16,True,296.71,298.53,0.521,-0.081,-1.82,-4.0,-1.487,231.71,229.97,0.669,0.0892,1.74,3.0,1.501,15.37,18.59,0.788,-0.1542,-3.22,-6.02,-1.557
2019-07-08,15.876,57.94,44.83,40.79,14.38,297,231,15,False,False,Inter-Election,46,293,234,16,True,296.57,298.5,0.556,-0.0945,-1.93,-2.0,-1.541,231.71,230.0,0.669,0.0961,1.71,1.0,1.456,15.24,18.52,0.81,-0.1756,-3.28,-3.53,-1.543
2019-07-09,15.758,57.88,44.82,40.8,14.38,297,231,15,False,False,Inter-Election,47,293,234,16,True,296.57,298.47,0.556,-0.1077,-1.9,-2.0,-1.485,231.71,230.03,0.669,0.1026,1.68,2.0,1.413,15.14,18.45,0.81,-0.1967,-3.31,-3.81,-1.516
2019-07-10,14.785,57.39,44.79,40.82,14.39,297,232,14,False,False,Inter-Election,48,293,234,16,True,296.57,298.4,0.521,-0.1135,-1.83,-2.0,-1.405,231.71,230.13,0.662,0.1081,1.58,3.0,1.291,15.04,18.27,0.71,-0.2084,-3.23,-5.06,-1.431
2019-07-11,15.064,57.53,44.8,40.81,14.39,297,232,14,False,False,Inter-Election,49,293,234,16,True,296.57,298.33,0.521,-0.1184,-1.76,-3.0,-1.332,231.71,230.23,0.662,0.1123,1.48,3.0,1.183,15.06,18.11,0.713,-0.2193,-3.05,-5.49,-1.318
2019-07-12,14.647,57.32,44.78,40.83,14.39,296,232,15,False,False,Inter-Election,50,293,234,16,True,296.57,298.23,0.548,-0.1288,-1.66,-3.0,-1.201,231.71,230.3,0.64,0.1221,1.41,3.0,1.093,15.06,17.96,0.712,-0.234,-2.9,-4.99,-1.215
2019-07-13,14.651,57.33,44.78,40.83,14.39,296,232,15,False,False,Inter-Election,51,293,234,16,True,296.57,298.13,0.548,-0.1379,-1.56,-2.0,-1.089,231.71,230.4,0.607,0.1241,1.31,1.0,1.006,15.06,17.8,0.707,-0.2443,-2.74,-2.68,-1.122
2019-07-14,14.651,57.33,44.78,40.83,14.39,296,232,15,False,False,Inter-Election,52,293,234,16,True,296.57,298.03,0.548,-0.1457,-1.46,-2.0,-0.991,231.71,230.5,0.607,0.1248,1.21,1.0,0.926,15.06,17.63,0.705,-0.2513,-2.57,-2.68,-1.037
2019-07-15,14.674,57.34,44.78,40.83,14.39,297,232,14,False,False,Inter-Election,53,293,234,16,True,296.57,297.97,0.583,-0.1457,-1.4,-1.0,-0.95,231.86,230.57,0.583,0.131,1.29,1.0,0.969,14.89,17.47,0.704,-0.2587,-2.58,-2.11,-1.026
2019-07-16,13.93,56.96,44.76,40.85,14.4,296,232,15,False,False,Inter-Election,54,293,234,16,True,296.43,297.87,0.607,-0.1513,-1.44,-1.0,-0.958,232.0,230.63,0.583,0.1364,1.37,1.0,1.014,14.63,17.29,0.712,-0.2688,-2.66,-2.52,-1.035
2019-07-17,13.93,56.96,44.76,40.85,14.4,296,232,15,False,False,Inter-Election,55,293,234,16,True,296.29,297.77,0.607,-0.1555,-1.48,-1.0,-0.971,232.0,230.73,0.548,0.1339,1.27,0.0,0.95,14.51,17.09,0.687,-0.2708,-2.58,-1.6,-0.999
2019-07-18,14.082,57.04,44.76,40.84,14.4,296,232,15,False,False,Inter-Election,56,293,234,16,True,296.14,297.67,0.607,-0.1584,-1.53,-1.0,-0.994,232.0,230.83,0.548,0.1301,1.17,0.0,0.89,14.37,16.9,0.686,-0.2731,-2.53,-0.81,-0.975
2019-07-19,14.22,57.11,44.77,40.84,14.4,296,232,15,False,False,Inter-Election,57,293,234,16,True,296.14,297.53,0.571,-0.1531,-1.39,0.0,-0.925,232.0,230.93,0.548,0.125,1.07,0.0,0.833,14.31,16.7,0.665,-0.2667,-2.39,-0.43,-0.935
2019-07-20,13.367,56.68,44.74,40.86,14.4,296,233,14,False,False,Inter-Election,58,293,234,16,True,296.14,297.4,0.571,-0.1459,-1.26,0.0,-0.867,232.14,231.07,0.571,0.125,1.07,1.0,0.833,14.12,16.45,0.656,-0.2588,-2.33,-1.28,-0.934
2019-07-21,13.367,56.68,44.74,40.86,14.4,296,233,14,False,False,Inter-Election,59,293,234,16,True,296.14,297.27,0.571,-0.137,-1.13,0.0,-0.814,232.29,231.2,0.571,0.1232,1.09,1.0,0.858,13.94,16.19,0.653,-0.2463,-2.25,-1.28,-0.941
2019-07-22,13.791,56.9,44.75,40.85,14.4,296,232,15,False,False,Inter-Election,60,293,234,16,True,296.0,297.13,0.571,-0.1264,-1.13,-1.0,-0.865,232.29,231.3,0.607,0.1132,0.99,1.0,0.82,13.81,15.96,0.663,-0.2309,-2.15,-2.08,-0.946
2019-07-23,14.816,57.41,44.79,40.82,14.39,297,232,14,False,False,Inter-Election,61,293,234,16,True,296.14,297.03,0.607,-0.1075,-0.89,0.0,-0.749,232.29,231.4,0.607,0.1019,0.89,1.0,0.786,13.94,15.76,0.701,-0.2057,-1.82,-0.94,-0.867
2019-07-24,14.911,57.46,44.79,40.82,14.39,297,232,14,False,False,Inter-Election,62,293,234,16,True,296.29,296.97,0.583,-0.0941,-0.68,0.0,-0.602,232.29,231.47,0.583,0.0961,0.82,0.0,0.741,14.08,15.61,0.672,-0.1861,-1.53,0.13,-0.769
2019-07-25,14.542,57.27,44.78,40.83,14.39,296,232,15,False,False,Inter-Election,63,293,234,16,True,296.29,296.87,0.607,-0.0863,-0.58,-1.0,-0.54,232.29,231.57,0.548,0.0825,0.72,0.0,0.715,14.14,15.45,0.671,-0.1658,-1.31,-0.52,-0.708
2019-07-26,14.329,57.16,44.77,40.83,14.39,296,232,15,False,False,Inter-Election,64,293,234,16,True,296.29,296.77,0.607,-0.0772,-0.48,0.0,-0.477,232.29,231.67,0.548,0.0676,0.62,0.0,0.701,14.16,15.26,0.666,-0.1426,-1.1,-0.32,-0.661
2019-07-27,14.464,57.23,44.78,40.83,14.39,296,232,15,False,False,Inter-Election,65,293,234,16,True,296.29,296.63,0.571,-0.0598,-0.34,0.0,-0.42,232.14,231.77,0.548,0.0514,0.37,0.0,0.508,14.32,15.06,0.647,-0.1113,-0.74,-0.19,-0.555
2019-07-28,14.464,57.23,44.78,40.83,14.39,296,232,15,False,False,Inter-Election,66,293,234,16,True,296.29,296.53,0.548,-0.0476,-0.24,0.0,-0.352,232.0,231.87,0.548,0.0338,0.13,0.0,0.256,14.47,14.89,0.633,-0.0835,-0.42,-0.19,-0.412
2019-07-29,14.88,57.44,44.79,40.82,14.39,297,232,14,False,False,Inter-Election,67,293,234,16,True,296.43,296.5,0.556,-0.0345,-0.07,0.0,-0.111,232.0,231.9,0.414,0.0287,0.1,0.0,0.208,14.63,14.8,0.498,-0.0667,-0.17,0.21,-0.187
2019-07-30,14.853,57.43,44.79,40.82,14.39,297,232,14,False,False,Inter-Election,68,293,234,16,True,296.43,296.47,0.556,-0.0209,-0.04,1.0,-0.07,232.0,231.93,0.414,0.0231,0.07,0.0,0.156,14.63,14.72,0.498,-0.0489,-0.09,0.92,-0.116
2019-07-31,14.628,57.31,44.78,40.83,14.39,296,232,15,False,False,Inter-Election,69,293,234,16,True,296.29,296.4,0.583,-0.0133,-0.11,0.0,-0.221,232.0,231.97,0.414,0.0171,0.03,0.0,0.072,14.59,14.65,0.491,-0.0353,-0.06,0.7,-0.09
2019-08-01,14.797,57.4,44.79,40.82,14.39,297,232,14,False,False,Inter-Election,70,293,234,16,True,296.43,296.4,0.587,-0.0053,0.03,1.0,0.06,232.0,232.0,0.414,0.0107,0.0,0.0,0.0,14.63,14.59,0.49,-0.0219,0.04,0.71,0.069
2019-08-02,15.175,57.59,44.8,40.81,14.39,297,232,14,False,False,Inter-Election,71,293,234,16,True,296.57,296.4,0.587,0.0027,0.17,1.0,0.341,232.0,232.0,0.371,0.0107,0.0,0.0,0.0,14.75,14.58,0.468,-0.0118,0.17,0.96,0.304
2019-08-03,15.175,57.59,44.8,40.81,14.39,297,232,14,False,False,Inter-Election,72,293,234,16,True,296.71,296.4,0.587,0.0107,0.31,1.0,0.622,232.0,232.0,0.371,0.0107,0.0,-1.0,0.0,14.85,14.59,0.453,-0.0058,0.26,1.81,0.458
2019-08-04,15.175,57.59,44.8,40.81,14.39,297,232,14,False,False,Inter-Election,73,293,234,16,True,296.86,296.43,0.556,0.0118,0.43,1.0,0.853,232.0,232.0,0.371,0.0107,0.0,-1.0,0.0,14.95,14.61,0.45,-0.0017,0.34,1.81,0.589
2019-08-05,14.585,57.29,44.78,40.83,14.39,296,232,15,False,False,Inter-Election,74,293,234,16,True,296.71,296.43,0.587,0.006,0.28,0.0,0.556,232.0,232.0,0.371,0.0107,0.0,0.0,0.0,14.91,14.61,0.464,-0.0016,0.3,0.79,0.52
2019-08-06,15.043,57.52,44.8,40.82,14.39,297,232,14,False,False,Inter-Election,75,293,234,16,True,296.71,296.47,0.615,0.0067,0.24,0.0,0.473,232.0,232.0,0.371,0.0107,0.0,0.0,0.0,14.94,14.62,0.471,0.0015,0.32,0.23,0.549
2019-08-07,15.92,57.96,44.83,40.79,14.38,297,231,15,False,False,Inter-Election,76,293,234,16,True,296.86,296.47,0.587,0.0138,0.39,0.0,0.769,231.86,232.0,0.371,-0.0027,-0.14,-1.0,-0.377,15.12,14.62,0.443,0.0185,0.5,1.01,0.853
2019-08-08,16.405,58.2,44.85,40.78,14.38,297,231,15,False,False,Inter-Election,77,293,234,16,True,296.86,296.47,0.587,0.0209,0.39,1.0,0.769,231.71,232.0,0.371,-0.016,-0.29,-1.0,-0.781,15.35,14.64,0.451,0.0378,0.71,1.86,1.111
2019-08-09,16.412,58.21,44.85,40.78,14.38,297,231,15,False,False,Inter-Election,78,293,234,16,True,296.86,296.47,0.587,0.028,0.39,1.0,0.769,231.57,231.97,0.32,-0.0225,-0.4,-1.0,-0.967,15.53,14.7,0.41,0.0502,0.83,2.08,1.16
2019-08-10,16.148,58.07,44.84,40.79,14.38,297,231,15,False,False,Inter-Election,79,293,234,16,True,296.86,296.47,0.587,0.0352,0.39,1.0,0.769,231.43,231.93,0.32,-0.0285,-0.5,-1.0,-1.112,15.67,14.73,0.412,0.0621,0.94,1.68,1.236
2019-08-11,16.148,58.07,44.84,40.79,14.38,297,231,15,False,False,Inter-Election,80,293,234,16,True,296.86,296.5,0.556,0.0354,0.36,1.0,0.708,231.29,231.9,0.32,-0.034,-0.61,-1.0,-1.269,15.81,14.78,0.403,0.0706,1.03,1.68,1.283
2019-08-12,16.148,58.07,44.84,40.79,14.38,297,231,15,False,False,Inter-Election,81,293,234,16,True,297.0,296.53,0.556,0.0352,0.47,0.0,0.926,231.14,231.87,0.32,-0.0392,-0.73,-1.0,-1.439,16.03,14.83,0.403,0.0785,1.2,1.27,1.428
2019-08-13,16.427,58.21,44.85,40.78,14.37,297,231,15,False,False,Inter-Election,82,293,234,16,True,297.0,296.57,0.556,0.0345,0.43,0.0,0.853,231.0,231.83,0.32,-0.0438,-0.83,-1.0,-1.564,16.23,14.89,0.405,0.0875,1.34,1.57,1.509
2019-08-14,16.432,58.22,44.85,40.78,14.37,297,231,15,False,False,Inter-Election,83,293,234,16,True,297.0,296.57,0.525,0.0403,0.43,1.0,0.853,231.0,231.8,0.32,-0.0481,-0.8,-1.0,-1.452,16.3,14.95,0.405,0.0959,1.35,1.8,1.452
2019-08-15,16.432,58.22,44.85,40.78,14.37,297,231,15,False,False,Inter-Election,84,293,234,16,True,297.0,296.6,0.49,0.0392,0.4,0.0,0.803,231.0,231.77,0.32,-0.0518,-0.77,-1.0,-1.355,16.31,15.04,0.376,0.0984,1.27,1.63,1.341
2019-08-16,16.69,58.35,44.86,40.77,14.37,298,231,14,False,False,Inter-Election,85,293,234,16,True,297.14,296.67,0.521,0.044,0.47,1.0,0.86,231.0,231.73,0.32,-0.0552,-0.73,-1.0,-1.252,16.35,15.13,0.377,0.1015,1.22,1.52,1.258
2019-08-17,16.181,58.09,44.84,40.78,14.38,297,231,15,False,False,Inter-Election,86,293,234,16,True,297.14,296.7,0.556,0.0416,0.44,0.0,0.822,231.0,231.7,0.32,-0.0581,-0.7,-1.0,-1.175,16.35,15.2,0.393,0.101,1.15,1.01,1.189
2019-08-18,16.181,58.09,44.84,40.78,14.38,297,231,15,False,False,Inter-Election,87,293,234,16,True,297.14,296.73,0.556,0.0387,0.41,0.0,0.787,231.0,231.67,0.32,-0.0605,-0.67,-1.0,-1.105,16.36,15.26,0.393,0.1006,1.1,1.01,1.139
2019-08-19,16.958,58.48,44.87,40.76,14.37,298,231,14,False,False,Inter-Election,88,293,234,16,True,297.29,296.8,0.583,0.0418,0.49,2.0,0.89,231.0,231.6,0.254,-0.0556,-0.6,-1.0,-1.065,16.47,15.38,0.373,0.0985,1.09,2.37,1.154
2019-08-20,16.98,58.49,44.87,40.76,14.37,298,231,14,False,False,Inter-Election,89,293,234,16,True,297.43,296.87,0.583,0.044,0.56,1.0,0.98,231.0,231.53,0.254,-0.0498,-0.53,-1.0,-1.045,16.55,15.5,0.373,0.0949,1.05,1.94,1.156
2019-08-21,16.661,58.33,44.86,40.77,14.37,298,231,14,False,False,Inter-Election,90,293,234,16,True,297.57,296.93,0.583,0.0454,0.64,1.0,1.097,231.0,231.5,0.183,-0.0501,-0.5,0.0,-0.983,16.58,15.6,0.377,0.0906,0.98,0.74,1.123
2019-08-22,16.73,58.37,44.86,40.77,14.37,298,231,14,False,False,Inter-Election,91,293,234,16,True,297.71,296.97,0.556,0.0527,0.74,1.0,1.203,231.0,231.47,0.183,-0.0498,-0.47,0.0,-0.926,16.63,15.66,0.334,0.0925,0.97,0.32,1.098
2019-08-23,16.727,58.36,44.86,40.77,14.37,298,231,14,False,False,Inter-Election,92,293,234,16,True,297.71,297.0,0.556,0.0596,0.71,1.0,1.104,231.0,231.43,0.183,-0.0492,-0.43,0.0,-0.853,16.63,15.72,0.334,0.0942,0.91,0.32,1.02
2019-08-24,16.727,58.36,44.86,40.77,14.37,298,231,14,False,False,Inter-Election,93,293,234,16,True,297.86,297.07,0.521,0.0592,0.79,1.0,1.235,231.0,231.4,0.183,-0.0481,-0.4,0.0,-0.803,16.71,15.8,0.324,0.0925,0.91,0.58,1.032
2019-08-25,16.727,58.36,44.86,40.77,14.37,298,231,14,False,False,Inter-Election,94,293,234,16,True,298.0,297.13,0.521,0.0578,0.87,1.0,1.384,231.0,231.37,0.183,-0.0465,-0.37,0.0,-0.755,16.79,15.88,0.32,0.0884,0.91,0.58,1.068
2019-08-26,16.655,58.33,44.86,40.77,14.37,298,231,14,False,False,Inter-Election,95,293,234,16,True,298.0,297.2,0.521,0.0556,0.8,1.0,1.311,231.0,231.33,0.183,-0.0445,-0.33,0.0,-0.688,16.74,15.95,0.321,0.0837,0.79,0.51,0.963
2019-08-27,16.653,58.33,44.86,40.77,14.37,298,231,14,False,False,Inter-Election,96,293,234,16,True,298.0,297.27,0.521,0.0525,0.73,1.0,1.252,231.0,231.3,0.183,-0.042,-0.3,0.0,-0.644,16.7,16.02,0.321,0.078,0.68,0.23,0.872
2019-08-28,16.5,58.25,44.85,40.78,14.37,297,231,15,False,False,Inter-Election,97,293,234,16,True,297.86,297.27,0.525,0.0489,0.59,0.0,1.011,231.0,231.27,0.183,-0.0392,-0.27,0.0,-0.6,16.67,16.08,0.317,0.0732,0.59,0.07,0.783
2019-08-29,15.843,57.92,44.83,40.79,14.38,297,231,15,False,False,Inter-Election,98,293,234,16,True,297.71,297.27,0.525,0.0454,0.44,0.0,0.754,231.0,231.23,0.183,-0.0358,-0.23,0.0,-0.535,16.55,16.11,0.342,0.0633,0.44,-0.59,0.612
2019-08-30,15.788,57.89,44.82,40.8,14.38,297,231,15,False,False,Inter-Election,99,293,234,16,True,297.57,297.3,0.49,0.0349,0.27,-1.0,0.505,231.0,231.2,0.183,-0.032,-0.2,0.0,-0.492,16.41,16.15,0.339,0.051,0.26,-0.9,0.39
2019-08-31,15.735,57.87,44.82,40.8,14.38,297,231,15,False,False,Inter-Election,100,293,234,16,True,297.43,297.3,0.455,0.0309,0.13,0.0,0.243,231.0,231.17,0.183,-0.0278,-0.17,0.0,-0.448,16.27,16.18,0.339,0.039,0.09,-0.45,0.145
2019-09-01,15.735,57.87,44.82,40.8,14.38,297,231,15,False,False,Inter-Election,101,293,234,16,True,297.29,297.3,0.455,0.0269,-0.01,0.0,-0.019,231.0,231.13,0.183,-0.0231,-0.13,0.0,-0.376,16.13,16.2,0.332,0.0292,-0.07,-0.45,-0.117
2019-09-02,15.735,57.87,44.82,40.8,14.38,297,231,15,False,False,Inter-Election,102,293,234,16,True,297.14,297.3,0.455,0.0229,-0.16,-1.0,-0.299,231.0,231.1,0.183,-0.018,-0.1,0.0,-0.328,16.0,16.22,0.332,0.0192,-0.22,-1.22,-0.384
2019-09-03,15.573,57.79,44.82,40.8,14.38,297,231,15,False,False,Inter-Election,103,293,234,16,True,297.0,297.3,0.455,0.0189,-0.3,-1.0,-0.561,231.0,231.07,0.183,-0.0125,-0.07,0.0,-0.276,15.84,16.23,0.334,0.0079,-0.39,-1.41,-0.706
2019-09-04,15.625,57.81,44.82,40.8,14.38,297,231,15,False,False,Inter-Election,104,293,234,16,True,297.0,297.33,0.414,0.008,-0.33,-1.0,-0.688,231.0,231.03,0.183,-0.0065,-0.03,0.0,-0.164,15.72,16.26,0.314,-0.0074,-0.54,-1.04,-1.143
2019-09-05,15.572,57.79,44.82,40.8,14.38,297,231,15,False,False,Inter-Election,105,293,234,16,True,297.0,297.33,0.371,0.0036,-0.33,-1.0,-0.688,231.0,231.0,0.183,-0.0,0.0,0.0,,15.68,16.28,0.304,-0.0203,-0.6,-1.16,-1.384
2019-09-06,15.474,57.74,44.81,40.8,14.38,297,232,14,False,False,Inter-Election,106,293,234,16,True,297.0,297.33,0.371,-0.0009,-0.33,-1.0,-0.688,231.14,231.03,0.183,0.0065,0.11,1.0,0.602,15.64,16.27,0.257,-0.028,-0.63,-1.25,-1.389
2019-09-07,15.527,57.76,44.81,40.8,14.38,297,232,14,False,False,Inter-Election,107,293,234,16,True,297.0,297.33,0.371,-0.0053,-0.33,-1.0,-0.688,231.29,231.07,0.183,0.0125,0.22,1.0,0.867,15.61,16.24,0.24,-0.0318,-0.63,-1.2,-1.334
2019-09-08,15.527,57.76,44.81,40.8,14.38,297,232,14,False,False,Inter-Election,108,293,234,16,True,297.0,297.33,0.371,-0.0098,-0.33,-1.0,-0.688,231.43,231.1,0.183,0.018,0.33,1.0,1.082,15.58,16.21,0.24,-0.0352,-0.63,-1.2,-1.29
2019-09-09,15.386,57.69,44.81,40.81,14.38,297,232,14,False,False,Inter-Election,109,293,234,16,True,297.0,297.33,0.371,-0.0142,-0.33,-1.0,-0.688,231.57,231.13,0.183,0.0231,0.44,1.0,1.273,15.53,16.18,0.237,-0.0409,-0.65,-1.27,-1.272
2019-09-10,15.408,57.7,44.81,40.81,14.38,297,232,14,False,False,Inter-Election,110,293,234,16,True,297.0,297.33,0.371,-0.0187,-0.33,-1.0,-0.688,231.71,231.17,0.183,0.0278,0.54,1.0,1.425,15.5,16.16,0.237,-0.0461,-0.66,-1.24,-1.245
2019-09-11,15.522,57.76,44.81,40.8,14.38,297,232,14,False,False,Inter-Election,111,293,234,16,True,297.0,297.33,0.371,-0.0231,-0.33,0.0,-0.688,231.86,231.2,0.183,0.032,0.66,1.0,1.622,15.49,16.14,0.238,-0.0503,-0.65,-0.98,-1.198
2019-09-12,15.497,57.75,44.81,40.8,14.38,297,232,14,False,False,Inter-Election,112,293,234,16,True,297.0,297.33,0.371,-0.0276,-0.33,0.0,-0.688,232.0,231.23,0.183,0.0358,0.77,1.0,1.79,15.48,16.11,0.231,-0.0524,-0.63,-0.35,-1.141
2019-09-13,15.281,57.64,44.81,40.81,14.39,297,232,14,False,False,Inter-Election,113,293,234,16,True,297.0,297.33,0.371,-0.032,-0.33,0.0,-0.688,232.0,231.27,0.183,0.0392,0.73,1.0,1.623,15.45,16.07,0.234,-0.0555,-0.62,-0.51,-1.091
2019-09-14,15.218,57.61,44.8,40.81,14.39,297,232,14,False,False,Inter-Election,114,293,234,16,True,297.0,297.33,0.371,-0.0365,-0.33,0.0,-0.688,232.0,231.3,0.183,0.042,0.7,1.0,1.502,15.41,16.03,0.234,-0.0585,-0.62,-0.52,-1.061
2019-09-15,15.218,57.61,44.8,40.81,14.39,297,232,14,False,False,Inter-Election,115,293,234,16,True,297.0,297.3,0.32,-0.034,-0.3,0.0,-0.644,232.0,231.33,0.183,0.0445,0.67,1.0,1.397,15.36,15.98,0.227,-0.0591,-0.62,-0.52,-1.053
2019-09-16,15.24,57.62,44.8,40.81,14.39,297,232,14,False,False,Inter-Election,116,293,234,16,True,297.0,297.3,0.263,-0.038,-0.3,0.0,-0.644,232.0,231.37,0.183,0.0465,0.63,1.0,1.285,15.34,15.95,0.21,-0.0625,-0.61,-0.49,-1.013
2019-09-17,14.883,57.44,44.79,40.82,14.39,297,232,14,False,False,Inter-Election,117,293,234,16,True,297.0,297.3,0.263,-0.042,-0.3,0.0,-0.644,232.0,231.4,0.183,0.0481,0.6,1.0,1.204,15.27,15.9,0.218,-0.0677,-0.63,-0.69,-0.999
2019-09-18,15.014,57.51,44.8,40.82,14.39,297,232,14,False,False,Inter-Election,118,293,234,16,True,297.0,297.27,0.183,-0.0392,-0.27,0.0,-0.6,232.0,231.43,0.183,0.0492,0.57,1.0,1.131,15.19,15.84,0.158,-0.0662,-0.65,-0.61,-1.051
2019-09-19,14.251,57.13,44.77,40.84,14.4,296,232,15,False,False,Inter-Election,119,293,234,16,True,296.86,297.2,0.254,-0.0423,-0.34,-1.0,-0.702,232.0,231.47,0.183,0.0498,0.53,1.0,1.045,15.02,15.75,0.202,-0.0686,-0.73,-1.32,-1.132
2019-09-20,12.43,56.21,44.7,40.89,14.41,295,233,15,False,False,Inter-Election,120,293,234,16,True,296.57,297.1,0.305,-0.0509,-0.53,-2.0,-0.873,232.14,231.53,0.254,0.0565,0.61,1.0,1.068,14.61,15.61,0.374,-0.0837,-1.0,-3.04,-1.158
2019-09-21,11.351,55.68,44.66,40.92,14.42,295,234,14,False,False,Inter-Election,121,293,234,16,True,296.29,297.0,0.305,-0.0583,-0.71,-2.0,-1.022,232.43,231.63,0.305,0.0687,0.8,2.0,1.114,14.06,15.43,0.408,-0.1034,-1.37,-4.18,-1.204
2019-09-22,11.351,55.68,44.66,40.92,14.42,295,234,14,False,False,Inter-Election,122,293,234,16,True,296.0,296.9,0.305,-0.0643,-0.9,-2.0,-1.186,232.71,231.73,0.305,0.0796,0.98,2.0,1.184,13.5,15.25,0.408,-0.1207,-1.75,-4.18,-1.313
2019-09-23,11.295,55.65,44.66,40.92,14.42,295,234,14,False,False,Inter-Election,123,293,234,16,True,295.71,296.8,0.305,-0.069,-1.09,-2.0,-1.354,233.0,231.83,0.305,0.0892,1.17,2.0,1.282,12.94,15.07,0.408,-0.136,-2.13,-4.09,-1.434
2019-09-24,11.42,55.71,44.66,40.91,14.42,295,234,14,False,False,Inter-Election,124,293,234,16,True,295.43,296.7,0.305,-0.0723,-1.27,-2.0,-1.518,233.29,231.93,0.305,0.0974,1.36,2.0,1.387,12.44,14.89,0.41,-0.1481,-2.45,-3.99,-1.538
2019-09-25,11.625,55.81,44.67,40.91,14.42,295,233,15,False,False,Inter-Election,125,293,234,16,True,295.14,296.6,0.305,-0.0743,-1.46,-2.0,-1.708,233.43,232.0,0.365,0.0979,1.43,1.0,1.455,11.96,14.72,0.416,-0.157,-2.76,-3.9,-1.659
2019-09-26,11.538,55.77,44.67,40.91,14.42,295,233,15,False,False,Inter-Election,126,293,234,16,True,295.0,296.5,0.305,-0.075,-1.5,-2.0,-1.742,233.57,232.07,0.365,0.0974,1.5,1.0,1.53,11.57,14.55,0.415,-0.1642,-2.98,-3.96,-1.732
2019-09-27,11.384,55.69,44.66,40.91,14.42,295,234,14,False,False,Inter-Election,127,293,234,16,True,295.0,296.43,0.254,-0.0812,-1.43,-2.0,-1.593,233.71,232.17,0.403,0.1026,1.54,2.0,1.51,11.42,14.38,0.415,-0.1712,-2.96,-3.9,-1.669
2019-09-28,11.384,55.69,44.66,40.91,14.42,295,234,14,False,False,Inter-Election,128,293,234,16,True,295.0,296.37,0.254,-0.0865,-1.37,-2.0,-1.477,233.71,232.27,0.403,0.1063,1.44,2.0,1.374,11.43,14.23,0.406,-0.1805,-2.8,-3.83,-1.528
2019-09-29,11.384,55.69,44.66,40.91,14.42,295,234,14,False,False,Inter-Election,129,293,234,16,True,295.0,296.3,0.254,-0.091,-1.3,-2.0,-1.365,233.71,232.37,0.403,0.1088,1.34,2.0,1.257,11.43,14.09,0.406,-0.1882,-2.66,-3.83,-1.415
2019-09-30,10.112,55.06,44.62,40.95,14.44,294,234,15,False,False,Inter-Election,130,293,234,16,True,294.86,296.2,0.305,-0.101,-1.34,-3.0,-1.3,233.71,232.47,0.403,0.1099,1.24,2.0,1.154,11.26,13.9,0.455,-0.2024,-2.64,-5.13,-1.329
2019-10-01,9.74,54.87,44.6,40.96,14.44,294,234,15,False,False,Inter-Election,131,293,234,16,True,294.71,296.1,0.305,-0.1097,-1.39,-3.0,-1.271,233.71,232.57,0.403,0.1097,1.14,2.0,1.063,11.02,13.7,0.454,-0.2166,-2.68,-5.14,-1.28
2019-10-02,9.74,54.87,44.6,40.96,14.44,294,234,15,False,False,Inter-Election,132,293,234,16,True,294.57,296.0,0.305,-0.117,-1.43,-3.0,-1.249,233.86,232.67,0.403,0.1081,1.19,2.0,1.121,10.75,13.5,0.454,-0.2281,-2.75,-5.27,-1.263
2019-10-03,9.558,54.78,44.6,40.96,14.44,294,234,15,False,False,Inter-Election,133,293,234,16,True,294.43,295.9,0.305,-0.123,-1.47,-2.0,-1.241,234.0,232.77,0.403,0.1052,1.23,2.0,1.183,10.47,13.3,0.454,-0.2392,-2.83,-4.69,-1.255
2019-10-04,9.024,54.51,44.58,40.98,14.45,294,235,14,False,False,Inter-Election,134,293,234,16,True,294.29,295.8,0.305,-0.1277,-1.51,-1.0,-1.243,234.14,232.9,0.434,0.1075,1.24,2.0,1.168,10.13,13.08,0.456,-0.2507,-2.95,-3.41,-1.26
2019-10-05,6.853,53.43,44.5,41.04,14.47,292,236,15,False,False,Inter-Election,135,293,234,16,True,293.86,295.63,0.461,-0.1439,-1.77,-3.0,-1.286,234.43,233.07,0.461,0.1143,1.36,2.0,1.19,9.49,12.79,0.577,-0.2737,-3.3,-4.5,-1.293
2019-10-06,6.853,53.43,44.5,41.04,14.47,292,236,15,False,False,Inter-Election,136,293,234,16,True,293.43,295.47,0.461,-0.158,-2.04,-3.0,-1.358,234.71,233.2,0.434,0.1259,1.51,2.0,1.215,8.84,12.5,0.578,-0.2935,-3.66,-4.5,-1.346
2019-10-07,6.084,53.04,44.47,41.06,14.47,292,236,15,False,False,Inter-Election,137,293,234,16,True,293.14,295.3,0.461,-0.1697,-2.16,-3.0,-1.349,235.0,233.33,0.434,0.1357,1.67,2.0,1.263,8.26,12.19,0.581,-0.314,-3.93,-5.21,-1.356
2019-10-08,6.084,53.04,44.47,41.06,14.47,292,236,15,False,False,Inter-Election,138,293,234,16,True,292.86,295.13,0.461,-0.1793,-2.27,-3.0,-1.354,235.29,233.47,0.434,0.1437,1.82,2.0,1.316,7.74,11.87,0.581,-0.3303,-4.13,-5.34,-1.362
2019-10-09,6.033,53.02,44.47,41.06,14.47,292,236,15,False,False,Inter-Election,139,293,234,16,True,292.57,294.97,0.461,-0.1867,-2.4,-3.0,-1.386,235.57,233.6,0.434,0.1499,1.97,3.0,1.379,7.21,11.56,0.582,-0.3437,-4.35,-5.59,-1.387
2019-10-10,6.183,53.09,44.47,41.06,14.47,292,236,15,False,False,Inter-Election,140,293,234,16,True,292.29,294.8,0.461,-0.1918,-2.51,-3.0,-1.419,235.86,233.73,0.434,0.1544,2.13,3.0,1.458,6.73,11.25,0.585,-0.3519,-4.52,-5.36,-1.413
2019-10-11,4.22,52.11,44.4,41.11,14.49,291,237,15,False,False,Inter-Election,141,293,234,16,True,291.86,294.6,0.484,-0.2011,-2.74,-4.0,-1.481,236.14,233.9,0.461,0.1635,2.24,3.0,1.455,6.04,10.87,0.653,-0.3678,-4.83,-7.16,-1.446
2019-10-12,-13.526,43.24,43.75,41.59,14.66,281,246,16,False,False,Inter-Election,142,293,234,16,True,290.29,294.07,1.852,-0.2723,-3.78,-14.0,-1.239,237.57,234.37,1.676,0.2285,3.2,12.0,1.204,3.13,9.91,3.235,-0.4934,-6.78,-24.91,-1.238
2019-10-13,-13.511,43.24,43.75,41.59,14.66,281,246,16,False,False,Inter-Election,143,293,234,16,True,288.71,293.53,1.852,-0.3364,-4.82,-14.0,-1.261,239.0,234.83,1.676,0.2872,4.17,12.0,1.24,0.22,8.95,3.237,-0.6074,-8.73,-24.9,-1.274
2019-10-14,-13.657,43.17,43.74,41.59,14.66,281,246,16,False,False,Inter-Election,144,293,234,16,True,287.14,293.0,1.852,-0.3933,-5.86,-13.0,-1.334,240.43,235.3,1.676,0.3397,5.13,12.0,1.32,-2.6,7.99,3.236,-0.71,-10.59,-23.77,-1.342
2019-10-15,-13.677,43.16,43.74,41.59,14.66,281,246,16,False,False,Inter-Election,145,293,234,16,True,285.57,292.47,1.852,-0.4432,-6.9,-13.0,-1.425,241.86,235.77,1.676,0.386,6.09,12.0,1.417,-5.42,7.02,3.236,-0.7998,-12.44,-23.42,-1.43
2019-10-16,-13.763,43.12,43.74,41.6,14.66,281,246,16,False,False,Inter-Election,146,293,234,16,True,284.0,291.93,1.852,-0.4859,-7.93,-13.0,-1.527,243.29,236.23,1.676,0.426,7.06,12.0,1.528,-8.25,6.06,3.235,-0.8773,-14.31,-23.5,-1.532
2019-10-17,-13.282,43.36,43.76,41.58,14.66,282,246,15,False,False,Inter-Election,147,293,234,16,True,282.57,291.43,1.871,-0.515,-8.86,-12.0,-1.639,244.71,236.7,1.676,0.4598,8.01,12.0,1.642,-11.03,5.12,3.244,-0.9411,-16.15,-22.84,-1.643
2019-10-18,-13.903,43.05,43.74,41.6,14.66,281,246,16,False,False,Inter-Election,148,293,234,16,True,281.14,290.9,1.871,-0.5439,-9.76,-13.0,-1.736,246.0,237.17,1.676,0.4874,8.83,11.0,1.738,-13.62,4.15,3.238,-0.9956,-17.77,-22.93,-1.737
2019-10-19,-12.632,43.68,43.78,41.57,14.65,282,246,15,False,False,Inter-Election,149,293,234,16,True,281.29,290.43,1.889,-0.5662,-9.14,-10.0,-1.586,246.0,237.63,1.676,0.5088,8.37,10.0,1.601,-13.49,3.26,3.264,-1.0342,-16.75,-19.48,-1.597
2019-10-20,-12.826,43.59,43.77,41.57,14.65,282,246,15,False,False,Inter-Election,150,293,234,16,True,281.43,290.0,1.888,-0.5891,-8.57,-10.0,-1.454,246.0,238.07,1.675,0.5308,7.93,10.0,1.477,-13.39,2.41,3.261,-1.0747,-15.8,-19.68,-1.471
2019-10-21,-11.498,44.25,43.82,41.53,14.64,283,245,15,False,False,Inter-Election,151,293,234,16,True,281.71,289.6,1.905,-0.5998,-7.89,-9.0,-1.326,245.86,238.43,1.691,0.5475,7.43,9.0,1.362,-13.08,1.65,3.285,-1.1029,-14.73,-17.58,-1.352
2019-10-22,-11.484,44.26,43.82,41.53,14.64,283,245,15,False,False,Inter-Election,152,293,234,16,True,282.0,289.2,1.905,-0.6051,-7.2,-9.0,-1.204,245.71,238.8,1.691,0.5593,6.91,9.0,1.252,-12.77,0.89,3.285,-1.1207,-13.66,-17.57,-1.243
2019-10-23,-13.395,43.3,43.75,41.59,14.66,282,246,15,False,False,Inter-Election,153,293,234,16,True,282.14,288.77,1.906,-0.6116,-6.63,-10.0,-1.102,245.71,239.2,1.694,0.5726,6.51,10.0,1.164,-12.72,0.07,3.289,-1.1412,-12.79,-19.43,-1.151
2019-10-24,-13.45,43.27,43.75,41.59,14.66,282,246,15,False,False,Inter-Election,154,293,234,16,True,282.14,288.33,1.906,-0.6122,-6.19,-10.0,-1.028,245.71,239.6,1.694,0.5806,6.11,10.0,1.084,-12.74,-0.76,3.287,-1.1501,-11.98,-19.63,-1.074
2019-10-25,-13.343,43.33,43.76,41.58,14.66,282,246,15,False,False,Inter-Election,155,293,234,16,True,282.29,287.9,1.906,-0.6071,-5.61,-9.0,-0.936,245.71,240.03,1.675,0.5764,5.68,9.0,1.012,-12.66,-1.59,3.286,-1.1459,-11.07,-17.56,-0.994
2019-10-26,-13.336,43.33,43.76,41.58,14.66,282,246,15,False,False,Inter-Election,156,293,234,16,True,282.29,287.47,1.906,-0.5962,-5.18,1.0,-0.874,245.71,240.47,1.675,0.5664,5.24,0.0,0.944,-12.76,-2.42,3.287,-1.1311,-10.34,0.19,-0.936
2019-10-27,-13.334,43.33,43.76,41.58,14.66,282,246,15,False,False,Inter-Election,157,293,234,16,True,282.29,287.03,1.906,-0.5795,-4.74,1.0,-0.813,245.71,240.87,1.673,0.5575,4.84,0.0,0.88,-12.83,-3.25,3.288,-1.1063,-9.58,0.18,-0.878
2019-10-28,-13.399,43.3,43.75,41.59,14.66,282,246,15,False,False,Inter-Election,158,293,234,16,True,282.14,286.6,1.906,-0.5571,-4.46,1.0,-0.782,245.86,241.27,1.673,0.5433,4.59,0.0,0.847,-13.11,-4.07,3.288,-1.0709,-9.04,0.26,-0.845
2019-10-29,-13.433,43.28,43.75,41.59,14.66,282,246,15,False,False,Inter-Election,159,293,234,16,True,282.0,286.17,1.906,-0.5288,-4.17,1.0,-0.754,246.0,241.67,1.673,0.5237,4.33,0.0,0.816,-13.38,-4.9,3.287,-1.0247,-8.48,0.24,-0.814
2019-10-30,-13.183,43.41,43.76,41.58,14.66,282,246,15,False,False,Inter-Election,160,293,234,16,True,282.0,285.77,1.905,-0.5017,-3.77,1.0,-0.701,246.0,242.07,1.673,0.4988,3.93,0.0,0.762,-13.35,-5.68,3.292,-0.9746,-7.67,0.58,-0.758
2019-10-31,-12.597,43.7,43.78,41.56,14.65,282,246,15,False,False,Inter-Election,161,293,234,16,True,282.0,285.37,1.905,-0.4692,-3.37,0.0,-0.649,246.0,242.47,1.673,0.4685,3.53,0.0,0.71,-13.23,-6.42,3.301,-0.9129,-6.81,0.69,-0.698
2019-11-01,-12.05,43.97,43.8,41.55,14.65,282,245,16,False,False,Inter-Election,162,293,234,16,True,282.0,284.97,1.905,-0.4314,-2.97,1.0,-0.599,245.86,242.83,1.691,0.4265,3.03,-1.0,0.641,-13.05,-7.15,3.306,-0.8378,-5.9,1.85,-0.633
2019-11-02,-11.999,44.0,43.8,41.55,14.65,282,245,16,False,False,Inter-Election,163,293,234,16,True,282.0,284.57,1.905,-0.3882,-2.57,0.0,-0.549,245.71,243.2,1.691,0.3795,2.51,-1.0,0.566,-12.86,-7.86,3.308,-0.7539,-5.0,0.63,-0.568
2019-11-03,-11.459,44.27,43.82,41.53,14.64,283,245,15,False,False,Inter-Election,164,293,234,16,True,282.14,284.2,1.921,-0.3333,-2.06,1.0,-0.475,245.57,243.53,1.688,0.3346,2.04,-1.0,0.49,-12.59,-8.55,3.316,-0.6606,-4.04,1.37,-0.491
2019-11-04,-12.54,43.73,43.79,41.56,14.65,282,246,15,False,False,Inter-Election,165,293,234,16,True,282.14,283.87,1.9,-0.2937,-1.73,-1.0,-0.423,245.57,243.87,1.688,0.2986,1.7,1.0,0.432,-12.47,-9.19,3.305,-0.5802,-3.28,-1.04,-0.425
2019-11-05,-12.45,43.77,43.79,41.56,14.65,282,246,15,False,False,Inter-Election,166,293,234,16,True,282.14,283.53,1.9,-0.2496,-1.39,-1.0,-0.365,245.57,244.2,1.688,0.2581,1.37,1.0,0.374,-12.33,-9.84,3.306,-0.4905,-2.49,-0.97,-0.35
2019-11-06,-12.413,43.79,43.79,41.56,14.65,282,246,15,False,False,Inter-Election,167,293,234,16,True,282.14,283.2,1.9,-0.2011,-1.06,0.0,-0.307,245.57,244.53,1.688,0.2131,1.04,0.0,0.312,-12.22,-10.45,3.308,-0.3973,-1.77,0.98,-0.274
2019-11-07,-12.546,43.73,43.78,41.56,14.65,282,246,15,False,False,Inter-Election,168,293,234,16,True,282.14,282.87,1.9,-0.1482,-0.73,0.0,-0.24,245.57,244.87,1.688,0.1637,0.7,0.0,0.24,-12.21,-11.08,3.307,-0.2968,-1.13,0.9,-0.2
2019-11-08,-12.903,43.55,43.77,41.57,14.66,282,246,15,False,False,Inter-Election,169,293,234,16,True,282.14,282.53,1.9,-0.0908,-0.39,0.0,-0.156,245.71,245.2,1.688,0.1099,0.51,0.0,0.213,-12.33,-11.71,3.306,-0.1906,-0.62,0.44,-0.133
2019-11-09,-13.039,43.48,43.77,41.58,14.66,282,246,15,False,False,Inter-Election,170,293,234,16,True,282.14,282.2,1.9,-0.0289,-0.06,0.0,-0.034,245.86,245.53,1.688,0.0516,0.33,0.0,0.199,-12.48,-12.35,3.304,-0.0758,-0.13,0.3,-0.041
2019-11-10,-12.868,43.57,43.77,41.57,14.65,282,246,15,False,False,Inter-Election,171,293,234,16,True,282.0,281.9,1.896,0.0305,0.1,0.0,0.183,246.0,245.83,1.685,-0.0042,0.17,0.0,0.448,-12.68,-12.92,3.297,0.0351,0.24,0.47,0.345
2019-11-11,-12.96,43.52,43.77,41.57,14.66,282,246,15,False,False,Inter-Election,172,293,234,16,True,282.0,281.93,0.49,0.0249,0.07,0.0,0.134,246.0,245.83,0.371,-0.002,0.17,0.0,0.448,-12.74,-12.9,0.59,0.0306,0.16,0.44,0.233
2019-11-12,-13.203,43.4,43.76,41.58,14.66,282,246,15,False,False,Inter-Election,173,293,234,16,True,282.0,281.97,0.49,0.0189,0.03,0.0,0.061,246.0,245.83,0.371,0.0002,0.17,0.0,0.448,-12.85,-12.89,0.592,0.0244,0.04,0.23,0.059
2019-11-13,-13.551,43.22,43.75,41.59,14.66,281,246,16,False,False,Inter-Election,174,293,234,16,True,281.86,281.97,0.525,0.006,-0.11,-1.0,-0.224,246.0,245.83,0.371,0.0024,0.17,0.0,0.448,-13.01,-12.88,0.595,0.0148,-0.13,-0.37,-0.193
2019-11-14,-13.775,43.11,43.74,41.6,14.66,281,246,16,False,False,Inter-Election,175,293,234,16,True,281.71,281.97,0.525,-0.0069,-0.26,-1.0,-0.53,246.0,245.83,0.371,0.0047,0.17,0.0,0.448,-13.19,-12.89,0.597,0.0036,-0.3,-1.18,-0.442
2019-11-15,-14.369,42.82,43.72,41.61,14.67,281,247,15,False,False,Inter-Election,176,293,234,16,True,281.57,281.97,0.525,-0.0198,-0.4,-1.0,-0.816,246.14,245.87,0.414,0.0133,0.27,2.0,0.622,-13.4,-12.91,0.606,-0.012,-0.49,-2.32,-0.686
2019-11-16,-14.066,42.97,43.73,41.6,14.67,281,246,16,False,False,Inter-Election,177,293,234,16,True,281.43,281.93,0.49,-0.0258,-0.5,-1.0,-0.96,246.14,245.87,0.455,0.0151,0.27,1.0,0.622,-13.54,-12.93,0.602,-0.0221,-0.61,-2.07,-0.822
2019-11-17,-13.976,43.01,43.73,41.6,14.67,281,246,16,False,False,Inter-Election,178,293,234,16,True,281.29,281.93,0.455,-0.0383,-0.64,-2.0,-1.229,246.14,245.87,0.455,0.0169,0.27,1.0,0.622,-13.7,-12.94,0.592,-0.0355,-0.76,-2.52,-1.019
2019-11-18,-13.987,43.01,43.73,41.6,14.67,281,246,16,False,False,Inter-Election,179,293,234,16,True,281.14,281.9,0.414,-0.0438,-0.76,-1.0,-1.388,246.14,245.87,0.455,0.0187,0.27,0.0,0.622,-13.85,-12.98,0.541,-0.0402,-0.87,-1.45,-1.134
2019-11-19,-13.929,43.04,43.73,41.6,14.67,281,246,16,False,False,Inter-Election,180,293,234,16,True,281.0,281.87,0.414,-0.0489,-0.87,-1.0,-1.523,246.14,245.87,0.455,0.0205,0.27,0.0,0.622,-13.95,-13.02,0.54,-0.0452,-0.93,-1.48,-1.183
2019-11-20,-13.979,43.01,43.73,41.6,14.67,281,246,16,False,False,Inter-Election,181,293,234,16,True,281.0,281.8,0.365,-0.0467,-0.8,-1.0,-1.452,246.14,245.9,0.414,0.0154,0.24,0.0,0.596,-14.01,-13.1,0.475,-0.0409,-0.91,-1.57,-1.213
2019-11-21,-14.093,42.95,43.73,41.61,14.67,281,246,16,False,False,Inter-Election,182,293,234,16,True,281.0,281.73,0.365,-0.0436,-0.73,-1.0,-1.402,246.14,245.93,0.414,0.0098,0.21,0.0,0.575,-14.06,-13.19,0.474,-0.0362,-0.87,-1.55,-1.232
2019-11-22,-14.098,42.95,43.73,41.61,14.67,281,246,16,False,False,Inter-Election,183,293,234,16,True,281.0,281.7,0.32,-0.0465,-0.7,-1.0,-1.308,246.0,245.93,0.371,0.0107,0.07,0.0,0.192,-14.02,-13.21,0.326,-0.0435,-0.81,-1.2,-1.118
2019-11-23,-14.292,42.85,43.72,41.61,14.67,281,246,16,False,False,Inter-Election,184,293,234,16,True,281.0,281.67,0.32,-0.0489,-0.67,-1.0,-1.226,246.0,245.93,0.371,0.0116,0.07,0.0,0.192,-14.05,-13.24,0.328,-0.0521,-0.81,-1.25,-1.08
2019-11-24,-14.323,42.84,43.72,41.61,14.67,281,246,16,False,False,Inter-Election,185,293,234,16,True,281.0,281.63,0.32,-0.0509,-0.63,-1.0,-1.133,246.0,245.93,0.371,0.0125,0.07,0.0,0.192,-14.1,-13.27,0.327,-0.0598,-0.83,-1.46,-1.07
2019-11-25,-14.257,42.87,43.72,41.61,14.67,281,246,16,False,False,Inter-Election,186,293,234,16,True,281.0,281.6,0.32,-0.0525,-0.6,-1.0,-1.065,246.0,245.93,0.371,0.0133,0.07,0.0,0.192,-14.14,-13.3,0.327,-0.0666,-0.84,-1.3,-1.055
2019-11-26,-14.325,42.84,43.72,41.61,14.67,281,246,16,False,False,Inter-Election,187,293,234,16,True,281.0,281.57,0.32,-0.0536,-0.57,-1.0,-1.003,246.0,245.93,0.371,0.0142,0.07,0.0,0.192,-14.2,-13.34,0.327,-0.0734,-0.86,-1.12,-1.051
2019-11-27,-14.18,42.91,43.72,41.61,14.67,281,246,16,False,False,Inter-Election,188,293,234,16,True,281.0,281.53,0.32,-0.0543,-0.53,0.0,-0.928,246.0,245.93,0.371,0.0151,0.07,0.0,0.192,-14.22,-13.36,0.329,-0.0793,-0.86,-0.63,-1.033
2019-11-28,-13.547,43.23,43.75,41.59,14.66,281,246,16,False,False,Inter-Election,189,293,234,16,True,281.0,281.5,0.32,-0.0545,-0.5,0.0,-0.874,246.0,245.93,0.371,0.016,0.07,0.0,0.192,-14.15,-13.37,0.35,-0.081,-0.78,0.23,-0.936
2019-11-29,-13.778,43.11,43.74,41.6,14.66,281,246,16,False,False,Inter-Election,190,293,234,16,True,281.0,281.47,0.32,-0.0543,-0.47,0.0,-0.823,246.0,245.93,0.371,0.0169,0.07,-1.0,0.192,-14.1,-13.39,0.349,-0.0824,-0.71,0.59,-0.85
2019-11-30,-13.977,43.01,43.73,41.6,14.67,281,246,16,False,False,Inter-Election,191,293,234,16,True,281.0,281.43,0.32,-0.0536,-0.43,0.0,-0.757,246.0,245.93,0.371,0.0178,0.07,0.0,0.192,-14.06,-13.43,0.331,-0.0808,-0.63,0.09,-0.76
2019-12-01,-14.168,42.92,43.73,41.61,14.67,281,246,16,False,False,Inter-Election,192,293,234,16,True,281.0,281.4,0.32,-0.0525,-0.4,0.0,-0.71,246.0,245.97,0.32,0.0118,0.03,0.0,0.094,-14.03,-13.5,0.312,-0.076,-0.53,-0.19,-0.665
2019-12-02,-14.381,42.81,43.72,41.61,14.67,281,247,15,False,False,Inter-Election,193,293,234,16,True,281.0,281.37,0.32,-0.0509,-0.37,0.0,-0.665,246.14,246.03,0.365,0.0118,0.11,1.0,0.344,-14.05,-13.58,0.312,-0.0714,-0.47,-0.39,-0.619
2019-12-03,-14.481,42.76,43.71,41.62,14.67,281,247,15,False,False,Inter-Election,194,293,234,16,True,281.0,281.3,0.254,-0.042,-0.3,0.0,-0.644,246.29,246.1,0.365,0.0109,0.19,1.0,0.623,-14.07,-13.68,0.29,-0.0625,-0.39,-0.55,-0.589
2019-12-04,-14.495,42.75,43.71,41.62,14.67,281,247,15,False,False,Inter-Election,195,293,234,16,True,281.0,281.27,0.183,-0.0392,-0.27,0.0,-0.6,246.43,246.13,0.32,0.016,0.3,1.0,0.868,-14.12,-13.75,0.223,-0.0599,-0.37,-0.52,-0.576
2019-12-05,-14.551,42.72,43.71,41.62,14.67,281,247,15,False,False,Inter-Election,196,293,234,16,True,281.0,281.23,0.183,-0.0358,-0.23,0.0,-0.535,246.57,246.17,0.32,0.0207,0.4,1.0,1.055,-14.26,-13.82,0.221,-0.0561,-0.44,-0.46,-0.722
2019-12-06,-15.054,42.47,43.69,41.63,14.68,281,247,15,False,False,Inter-Election,197,293,234,16,True,281.0,281.2,0.183,-0.032,-0.2,0.0,-0.492,246.71,246.2,0.32,0.0249,0.51,1.0,1.254,-14.44,-13.91,0.234,-0.0544,-0.53,-0.96,-0.898
2019-12-07,-15.074,42.46,43.69,41.63,14.68,281,247,15,False,False,Inter-Election,198,293,234,16,True,281.0,281.17,0.183,-0.0278,-0.17,0.0,-0.448,246.86,246.23,0.32,0.0287,0.63,1.0,1.464,-14.6,-13.99,0.234,-0.0526,-0.61,-0.78,-1.071
2019-12-08,-14.84,42.58,43.7,41.63,14.67,281,247,15,False,False,Inter-Election,199,293,234,16,True,281.0,281.13,0.183,-0.0231,-0.13,0.0,-0.376,247.0,246.27,0.32,0.032,0.73,1.0,1.623,-14.7,-14.05,0.235,-0.0506,-0.65,-0.52,-1.178
2019-12-09,-14.717,42.64,43.71,41.62,14.67,281,247,15,False,False,Inter-Election,200,293,234,16,True,281.0,281.1,0.183,-0.018,-0.1,0.0,-0.328,247.0,246.3,0.32,0.0349,0.7,1.0,1.502,-14.74,-14.11,0.237,-0.0479,-0.63,-0.46,-1.189
2019-12-10,-14.467,42.77,43.71,41.62,14.67,281,247,15,False,False,Inter-Election,201,293,234,16,True,281.0,281.07,0.183,-0.0125,-0.07,0.0,-0.276,247.0,246.33,0.32,0.0374,0.67,1.0,1.397,-14.74,-14.16,0.24,-0.0416,-0.58,-0.14,-1.212
2019-12-11,-14.677,42.66,43.71,41.62,14.67,281,247,15,False,False,Inter-Election,202,293,234,16,True,281.0,281.03,0.183,-0.0065,-0.03,0.0,-0.164,247.0,246.37,0.32,0.0394,0.63,1.0,1.285,-14.77,-14.22,0.241,-0.0366,-0.55,-0.5,-1.279
2019-12-12,-14.705,42.65,43.71,41.62,14.67,281,247,15,False,False,Inter-Election,203,293,234,16,True,281.0,281.0,0.183,-0.0,0.0,0.0,,247.0,246.4,0.32,0.0409,0.6,1.0,1.204,-14.79,-14.27,0.239,-0.0328,-0.52,-1.16,-1.323
2019-12-13,-14.297,42.85,43.72,41.61,14.67,281,246,16,False,False,Inter-Election,204,293,234,16,True,281.0,281.0,0.0,-0.0,0.0,0.0,,246.86,246.4,0.371,0.0356,0.46,0.0,0.923,-14.68,-14.3,0.246,-0.028,-0.38,-0.52,-1.03
2019-12-14,-14.984,42.51,43.7,41.63,14.68,281,247,15,False,False,Inter-Election,205,293,234,16,True,281.0,281.0,0.0,-0.0,0.0,0.0,,246.86,246.43,0.414,0.0367,0.43,1.0,0.853,-14.67,-14.34,0.272,-0.0288,-0.33,-1.01,-0.877
2019-12-15,-14.98,42.51,43.7,41.63,14.68,281,247,15,False,False,Inter-Election,206,293,234,16,True,281.0,281.0,0.0,-0.0,0.0,0.0,,246.86,246.43,0.371,0.0443,0.43,1.0,0.853,-14.69,-14.36,0.251,-0.0332,-0.33,-0.81,-0.837
2019-12-16,-15.013,42.49,43.69,41.63,14.68,281,247,15,False,False,Inter-Election,207,293,234,16,True,281.0,281.0,0.0,-0.0,0.0,0.0,,246.86,246.47,0.32,0.0449,0.39,0.0,0.769,-14.73,-14.39,0.244,-0.0354,-0.34,-0.63,-0.834
2019-12-17,-15.243,42.38,43.69,41.64,14.68,281,247,15,False,False,Inter-Election,208,293,234,16,True,281.0,281.0,0.0,-0.0,0.0,0.0,,246.86,246.5,0.32,0.0452,0.36,0.0,0.708,-14.84,-14.43,0.245,-0.0381,-0.41,-0.76,-0.956
2019-12-18,-15.259,42.37,43.69,41.64,14.68,281,247,15,False,False,Inter-Election,209,293,234,16,True,281.0,281.0,0.0,-0.0,0.0,0.0,,246.86,246.53,0.32,0.0449,0.33,0.0,0.65,-14.93,-14.47,0.245,-0.0404,-0.46,-0.76,-1.031
2019-12-19,-15.144,42.43,43.69,41.63,14.68,281,247,15,False,False,Inter-Election,210,293,234,16,True,281.0,281.0,0.0,-0.0,0.0,0.0,,246.86,246.57,0.32,0.0443,0.29,0.0,0.575,-14.99,-14.51,0.246,-0.041,-0.48,-0.59,-1.066
2019-12-20,-14.869,42.57,43.7,41.63,14.67,281,247,15,False,False,Inter-Election,211,293,234,16,True,281.0,281.0,0.0,-0.0,0.0,0.0,,247.0,246.6,0.32,0.0432,0.4,0.0,0.803,-15.07,-14.54,0.253,-0.0396,-0.53,0.19,-1.196
2019-12-21,-14.5,42.75,43.71,41.62,14.67,281,247,15,False,False,Inter-Election,212,293,234,16,True,281.0,281.0,0.0,-0.0,0.0,0.0,,247.0,246.63,0.32,0.0416,0.37,0.0,0.755,-15.0,-14.56,0.263,-0.0363,-0.44,0.57,-1.012
2019-12-22,-14.692,42.65,43.71,41.62,14.67,281,247,15,False,False,Inter-Election,213,293,234,16,True,281.0,281.0,0.0,-0.0,0.0,0.0,,247.0,246.67,0.32,0.0396,0.33,0.0,0.688,-14.96,-14.58,0.265,-0.034,-0.38,0.15,-0.89
2019-12-23,-15.223,42.39,43.69,41.64,14.68,281,247,15,False,False,Inter-Election,214,293,234,16,True,281.0,281.0,0.0,-0.0,0.0,0.0,,247.0,246.7,0.32,0.0372,0.3,0.0,0.644,-14.99,-14.61,0.279,-0.0362,-0.38,-0.51,-0.865
2019-12-24,-14.803,42.6,43.7,41.62,14.67,281,247,15,False,False,Inter-Election,215,293,234,16,True,281.0,281.0,0.0,-0.0,0.0,0.0,,247.0,246.73,0.32,0.0343,0.27,0.0,0.6,-14.93,-14.62,0.291,-0.0355,-0.31,-0.34,-0.709
2019-12-25,-14.519,42.74,43.71,41.62,14.67,281,247,15,False,False,Inter-Election,216,293,234,16,True,281.0,281.0,0.0,-0.0,0.0,0.0,,247.0,246.77,0.32,0.0309,0.23,0.0,0.535,-14.82,-14.63,0.296,-0.0323,-0.19,0.16,-0.44
2019-12-26,-14.186,42.91,43.72,41.61,14.67,281,246,16,False,False,Inter-Election,217,293,234,16,True,281.0,281.0,0.0,-0.0,0.0,0.0,,246.86,246.77,0.371,0.0207,0.09,-1.0,0.209,-14.68,-14.63,0.302,-0.0273,-0.05,0.52,-0.115
2019-12-27,-13.843,43.08,43.74,41.6,14.66,281,246,16,False,False,Inter-Election,218,293,234,16,True,281.0,281.0,0.0,-0.0,0.0,0.0,,246.71,246.77,0.371,0.0105,-0.06,0.0,-0.139,-14.54,-14.62,0.307,-0.0192,0.08,0.45,0.177
2019-12-28,-14.155,42.92,43.73,41.61,14.67,281,246,16,False,False,Inter-Election,219,293,234,16,True,281.0,281.0,0.0,-0.0,0.0,0.0,,246.57,246.77,0.371,0.0002,-0.2,-1.0,-0.465,-14.49,-14.64,0.289,-0.0089,0.15,0.83,0.362
2019-12-29,-14.017,42.99,43.73,41.6,14.67,281,246,16,False,False,Inter-Election,220,293,234,16,True,281.0,281.0,0.0,-0.0,0.0,0.0,,246.43,246.77,0.371,-0.01,-0.34,-1.0,-0.79,-14.39,-14.64,0.288,0.0011,0.25,0.96,0.625
2019-12-30,-13.873,43.06,43.74,41.6,14.66,281,246,16,False,False,Inter-Election,221,293,234,16,True,281.0,281.0,0.0,-0.0,0.0,0.0,,246.29,246.77,0.371,-0.0202,-0.48,-1.0,-1.116,-14.2,-14.64,0.287,0.0106,0.44,1.14,1.083
2019-12-31,-13.525,43.24,43.75,41.59,14.66,281,246,16,False,False,Inter-Election,222,293,234,16,True,281.0,281.0,0.0,-0.0,0.0,0.0,,246.14,246.77,0.371,-0.0305,-0.63,-1.0,-1.464,-14.02,-14.62,0.291,0.0211,0.6,1.72,1.342
2020-01-01,-13.985,43.01,43.73,41.6,14.67,281,246,16,False,False,Inter-Election,223,293,234,16,True,281.0,281.0,0.0,-0.0,0.0,0.0,,246.0,246.73,0.32,-0.0338,-0.73,-1.0,-1.623,-13.94,-14.61,0.301,0.0268,0.67,1.27,1.457
2020-01-02,-14.206,42.9,43.72,41.61,14.67,281,246,16,False,False,Inter-Election,224,293,234,16,True,281.0,281.0,0.0,-0.0,0.0,0.0,,246.0,246.7,0.32,-0.0367,-0.7,-1.0,-1.502,-13.94,-14.6,0.304,0.0302,0.66,0.94,1.419
2020-01-03,-13.997,43.0,43.73,41.6,14.67,281,246,16,False,False,Inter-Election,225,293,234,16,True,281.0,281.0,0.0,-0.0,0.0,0.0,,246.0,246.67,0.32,-0.0392,-0.67,-1.0,-1.397,-13.97,-14.58,0.306,0.0348,0.61,0.87,1.277
2020-01-04,-13.843,43.08,43.74,41.6,14.66,281,246,16,False,False,Inter-Election,226,293,234,16,True,281.0,281.0,0.0,-0.0,0.0,0.0,,246.0,246.63,0.32,-0.0412,-0.63,-1.0,-1.285,-13.92,-14.56,0.306,0.0398,0.64,0.66,1.29
2020-01-05,-14.08,42.96,43.73,41.6,14.67,281,246,16,False,False,Inter-Election,227,293,234,16,True,281.0,281.0,0.0,-0.0,0.0,0.0,,246.0,246.6,0.32,-0.0427,-0.6,-1.0,-1.204,-13.93,-14.52,0.294,0.0394,0.59,0.61,1.193
2020-01-06,-13.678,43.16,43.74,41.59,14.66,281,246,16,False,False,Inter-Election,228,293,234,16,True,281.0,281.0,0.0,-0.0,0.0,0.0,,246.0,246.57,0.32,-0.0438,-0.57,-1.0,-1.131,-13.9,-14.48,0.302,0.0411,0.58,1.54,1.145
2020-01-07,-13.481,43.26,43.75,41.59,14.66,281,246,16,False,False,Inter-Election,229,293,234,16,True,281.0,281.0,0.0,-0.0,0.0,0.0,,246.0,246.53,0.32,-0.0445,-0.53,-1.0,-1.045,-13.9,-14.43,0.301,0.045,0.53,1.32,0.995
2020-01-08,-13.31,43.34,43.76,41.58,14.66,282,246,15,False,False,Inter-Election,230,293,234,16,True,281.14,281.03,0.183,0.0065,0.11,1.0,0.602,246.0,246.5,0.32,-0.0447,-0.5,-1.0,-0.983,-13.8,-14.39,0.301,0.0503,0.59,1.21,1.039
2020-01-09,-13.707,43.15,43.74,41.59,14.66,281,246,16,False,False,Inter-Election,231,293,234,16,True,281.14,281.03,0.263,0.006,0.11,0.0,0.602,246.0,246.47,0.32,-0.0445,-0.47,0.0,-0.926,-13.73,-14.36,0.309,0.0541,0.63,0.48,1.085
2020-01-10,-14.075,42.96,43.73,41.6,14.67,281,246,16,False,False,Inter-Election,232,293,234,16,True,281.14,281.03,0.263,0.0056,0.11,0.0,0.602,246.0,246.43,0.32,-0.0438,-0.43,0.0,-0.853,-13.74,-14.34,0.315,0.0537,0.6,-0.23,1.035
2020-01-11,-14.178,42.91,43.73,41.61,14.67,281,246,16,False,False,Inter-Election,233,293,234,16,True,281.14,281.03,0.263,0.0051,0.11,0.0,0.602,246.0,246.4,0.32,-0.0427,-0.4,0.0,-0.803,-13.79,-14.32,0.316,0.0523,0.53,-0.02,0.92
2020-01-12,-14.429,42.79,43.72,41.61,14.67,281,247,15,False,False,Inter-Election,234,293,234,16,True,281.14,281.03,0.263,0.0047,0.11,0.0,0.602,246.14,246.43,0.32,-0.0416,-0.29,1.0,-0.575,-13.84,-14.33,0.31,0.0517,0.49,-0.41,0.85
2020-01-13,-14.426,42.79,43.72,41.61,14.67,281,247,15,False,False,Inter-Election,235,293,234,16,True,281.14,281.03,0.263,0.0042,0.11,0.0,0.602,246.29,246.43,0.263,-0.034,-0.14,1.0,-0.278,-13.94,-14.31,0.282,0.0466,0.37,-0.55,0.657
2020-01-14,-14.319,42.84,43.72,41.61,14.67,281,246,16,False,False,Inter-Election,236,293,234,16,True,281.14,281.03,0.263,0.0038,0.11,0.0,0.602,246.29,246.4,0.32,-0.0329,-0.11,0.0,-0.221,-14.06,-14.29,0.283,0.0419,0.23,-0.79,0.419
2020-01-15,-14.488,42.76,43.71,41.62,14.67,281,247,15,False,False,Inter-Election,237,293,234,16,True,281.0,281.03,0.263,0.0033,-0.03,0.0,-0.164,246.43,246.4,0.371,-0.0249,0.03,1.0,0.06,-14.23,-14.27,0.285,0.0355,0.04,-0.5,0.075
2020-01-16,-14.701,42.65,43.71,41.62,14.67,281,247,15,False,False,Inter-Election,238,293,234,16,True,281.0,281.03,0.263,0.0029,-0.03,0.0,-0.164,246.57,246.4,0.371,-0.0169,0.17,1.0,0.341,-14.37,-14.25,0.284,0.026,-0.12,-0.5,-0.236
2020-01-17,-14.706,42.65,43.71,41.62,14.67,281,247,15,False,False,Inter-Election,239,293,234,16,True,281.0,281.03,0.263,0.0024,-0.03,0.0,-0.164,246.71,246.4,0.371,-0.0089,0.31,1.0,0.622,-14.46,-14.23,0.284,0.0161,-0.23,-0.71,-0.48
2020-01-18,-14.785,42.61,43.7,41.62,14.67,281,247,15,False,False,Inter-Election,240,293,234,16,True,281.0,281.03,0.263,0.002,-0.03,0.0,-0.164,246.86,246.4,0.371,-0.0009,0.46,1.0,0.923,-14.55,-14.22,0.284,0.0063,-0.33,-0.94,-0.718
2020-01-19,-14.512,42.74,43.71,41.62,14.67,281,247,15,False,False,Inter-Election,241,293,234,16,True,281.0,281.03,0.263,0.0016,-0.03,0.0,-0.164,246.86,246.4,0.371,0.0071,0.46,1.0,0.923,-14.56,-14.21,0.284,-0.0001,-0.35,-0.43,-0.784
2020-01-20,-14.96,42.52,43.7,41.63,14.67,281,247,15,False,False,Inter-Election,242,293,234,16,True,281.0,281.03,0.263,0.0011,-0.03,0.0,-0.164,246.86,246.4,0.371,0.0151,0.46,1.0,0.923,-14.64,-14.22,0.288,-0.0069,-0.42,-1.28,-0.904
2020-01-21,-15.24,42.38,43.69,41.64,14.68,281,247,15,False,False,Inter-Election,243,293,234,16,True,281.0,281.03,0.263,0.0007,-0.03,0.0,-0.164,247.0,246.4,0.371,0.0231,0.6,1.0,1.204,-14.77,-14.24,0.29,-0.0167,-0.53,-1.76,-1.074
2020-01-22,-15.199,42.4,43.69,41.64,14.68,281,247,15,False,False,Inter-Election,244,293,234,16,True,281.0,281.03,0.263,0.0002,-0.03,-1.0,-0.164,247.0,246.4,0.371,0.0311,0.6,1.0,1.204,-14.87,-14.24,0.274,-0.0297,-0.63,-1.89,-1.281
2020-01-23,-15.232,42.38,43.69,41.64,14.68,281,247,15,False,False,Inter-Election,245,293,234,16,True,281.0,281.03,0.263,-0.0002,-0.03,0.0,-0.164,247.0,246.4,0.371,0.0392,0.6,1.0,1.204,-14.95,-14.26,0.262,-0.04,-0.69,-1.52,-1.341
2020-01-24,-15.127,42.44,43.69,41.63,14.68,281,247,15,False,False,Inter-Election,246,293,234,16,True,281.0,281.03,0.263,-0.0007,-0.03,0.0,-0.164,247.0,246.4,0.371,0.0472,0.6,1.0,1.204,-15.01,-14.28,0.257,-0.0474,-0.73,-1.05,-1.36
2020-01-25,-15.024,42.49,43.69,41.63,14.68,281,247,15,False,False,Inter-Election,247,293,234,16,True,281.0,281.03,0.263,-0.0011,-0.03,0.0,-0.164,247.0,246.43,0.32,0.0483,0.57,1.0,1.131,-15.04,-14.3,0.249,-0.0516,-0.74,-0.85,-1.337
2020-01-26,-14.976,42.51,43.7,41.63,14.68,281,247,15,False,False,Inter-Election,248,293,234,16,True,281.0,281.03,0.263,-0.0016,-0.03,0.0,-0.164,247.0,246.47,0.32,0.0489,0.53,0.0,1.045,-15.11,-14.34,0.24,-0.0528,-0.77,-0.55,-1.376
2020-01-27,-14.719,42.64,43.71,41.62,14.67,281,247,15,False,False,Inter-Election,249,293,234,16,True,281.0,281.03,0.263,-0.002,-0.03,0.0,-0.164,247.0,246.5,0.32,0.0492,0.5,0.0,0.983,-15.07,-14.36,0.24,-0.0539,-0.71,-0.29,-1.262
2020-01-28,-14.816,42.59,43.7,41.62,14.67,281,247,15,False,False,Inter-Election,250,293,234,16,True,281.0,281.03,0.263,-0.0024,-0.03,0.0,-0.164,247.0,246.53,0.32,0.0489,0.47,1.0,0.926,-15.01,-14.39,0.238,-0.0545,-0.62,-0.5,-1.098
2020-01-29,-14.491,42.75,43.71,41.62,14.67,281,247,15,False,False,Inter-Election,251,293,234,16,True,281.0,281.03,0.263,-0.0029,-0.03,0.0,-0.164,247.0,246.57,0.32,0.0483,0.43,0.0,0.853,-14.91,-14.41,0.245,-0.0516,-0.5,-0.0,-0.898
2020-01-30,-14.559,42.72,43.71,41.62,14.67,281,247,15,False,False,Inter-Election,252,293,234,16,True,281.0,281.03,0.263,-0.0033,-0.03,0.0,-0.164,247.0,246.6,0.32,0.0472,0.4,0.0,0.803,-14.82,-14.44,0.235,-0.0465,-0.38,0.14,-0.715
2020-01-31,-14.743,42.63,43.7,41.62,14.67,281,247,15,False,False,Inter-Election,253,293,234,16,True,281.0,281.03,0.263,-0.0038,-0.03,0.0,-0.164,247.0,246.63,0.32,0.0456,0.37,0.0,0.755,-14.76,-14.47,0.223,-0.0453,-0.29,-0.04,-0.55
2020-02-01,-14.678,42.66,43.71,41.62,14.67,281,247,15,False,False,Inter-Election,254,293,234,16,True,281.0,281.03,0.263,-0.0042,-0.03,0.0,-0.164,247.0,246.67,0.32,0.0436,0.33,0.0,0.688,-14.71,-14.48,0.22,-0.0449,-0.23,0.11,-0.437
2020-02-02,-14.683,42.66,43.71,41.62,14.67,281,247,15,False,False,Inter-Election,255,293,234,16,True,281.0,281.03,0.263,-0.0047,-0.03,0.0,-0.164,247.0,246.7,0.32,0.0412,0.3,0.0,0.644,-14.67,-14.51,0.216,-0.0428,-0.16,-0.17,-0.308
2020-02-03,-14.665,42.67,43.71,41.62,14.67,281,247,15,False,False,Inter-Election,256,293,234,16,True,281.0,281.03,0.263,-0.0051,-0.03,0.0,-0.164,247.0,246.73,0.32,0.0383,0.27,0.0,0.6,-14.66,-14.53,0.214,-0.0393,-0.13,0.3,-0.258
2020-02-04,-14.39,42.81,43.72,41.61,14.67,281,247,15,False,False,Inter-Election,257,293,234,16,True,281.0,281.03,0.263,-0.0056,-0.03,0.0,-0.164,247.0,246.77,0.32,0.0349,0.23,0.0,0.535,-14.6,-14.54,0.217,-0.0352,-0.06,0.85,-0.121
2020-02-05,-14.421,42.79,43.72,41.61,14.67,281,247,15,False,False,Inter-Election,258,293,234,16,True,281.0,281.03,0.263,-0.006,-0.03,0.0,-0.164,247.0,246.8,0.32,0.0311,0.2,0.0,0.492,-14.59,-14.57,0.202,-0.0285,-0.02,0.78,-0.042
2020-02-06,-14.723,42.64,43.71,41.62,14.67,281,247,15,False,False,Inter-Election,259,293,234,16,True,281.0,281.03,0.263,-0.0065,-0.03,0.0,-0.164,247.0,246.83,0.32,0.0269,0.17,0.0,0.448,-14.61,-14.61,0.204,-0.022,0.0,0.51,0.0
2020-02-07,-14.189,42.91,43.72,41.61,14.67,281,246,16,False,False,Inter-Election,260,293,234,16,True,281.0,281.0,0.183,-0.0,0.0,0.0,,246.86,246.83,0.371,0.0158,0.03,-1.0,0.079,-14.54,-14.64,0.227,-0.0103,0.1,0.94,0.28
2020-02-08,-14.22,42.89,43.72,41.61,14.67,281,246,16,False,False,Inter-Election,261,293,234,16,True,281.0,281.0,0.0,-0.0,0.0,0.0,,246.71,246.83,0.371,0.0047,-0.12,-1.0,-0.317,-14.47,-14.66,0.216,-0.0012,0.19,0.8,0.592
2020-02-09,-14.206,42.9,43.72,41.61,14.67,281,246,16,False,False,Inter-Election,262,293,234,16,True,281.0,281.0,0.0,-0.0,0.0,0.0,,246.57,246.83,0.371,-0.0065,-0.26,-1.0,-0.686,-14.4,-14.66,0.205,0.0057,0.26,0.77,0.829
2020-02-10,-13.884,43.06,43.74,41.6,14.66,281,246,16,False,False,Inter-Election,263,293,234,16,True,281.0,281.0,0.0,-0.0,0.0,0.0,,246.43,246.83,0.371,-0.0176,-0.4,-1.0,-1.055,-14.29,-14.65,0.213,0.014,0.36,0.83,1.081
2020-02-11,-13.943,43.03,43.73,41.6,14.67,281,246,16,False,False,Inter-Election,264,293,234,16,True,281.0,281.0,0.0,-0.0,0.0,0.0,,246.29,246.8,0.32,-0.0218,-0.51,-1.0,-1.254,-14.23,-14.63,0.208,0.0201,0.4,0.87,1.126
2020-02-12,-14.338,42.83,43.72,41.61,14.67,281,246,16,False,False,Inter-Election,265,293,234,16,True,281.0,281.0,0.0,-0.0,0.0,0.0,,246.14,246.77,0.32,-0.0256,-0.63,-1.0,-1.464,-14.21,-14.63,0.221,0.0235,0.42,0.15,1.175
2020-02-13,-14.558,42.72,43.71,41.62,14.67,281,247,15,False,False,Inter-Election,266,293,234,16,True,281.0,281.0,0.0,-0.0,0.0,0.0,,246.14,246.8,0.32,-0.0294,-0.66,0.0,-1.622,-14.19,-14.64,0.223,0.0261,0.45,0.0,1.275
2020-02-14,-14.171,42.91,43.73,41.61,14.67,281,246,16,False,False,Inter-Election,267,293,234,16,True,281.0,281.0,0.0,-0.0,0.0,0.0,,246.14,246.77,0.32,-0.0331,-0.63,-1.0,-1.464,-14.19,-14.63,0.233,0.0302,0.44,0.57,1.215
2020-02-15,-14.342,42.83,43.72,41.61,14.67,281,246,16,False,False,Inter-Election,268,293,234,16,True,281.0,281.0,0.0,-0.0,0.0,0.0,,246.14,246.73,0.32,-0.0365,-0.59,-1.0,-1.312,-14.21,-14.62,0.231,0.0315,0.41,0.34,1.121
2020-02-16,-14.338,42.83,43.72,41.61,14.67,281,246,16,False,False,Inter-Election,269,293,234,16,True,281.0,281.0,0.0,-0.0,0.0,0.0,,246.14,246.7,0.32,-0.0394,-0.56,-1.0,-1.201,-14.22,-14.6,0.231,0.0327,0.38,0.35,1.03
2020-02-17,-14.0,43.0,43.73,41.6,14.67,281,246,16,False,False,Inter-Election,270,293,234,16,True,281.0,281.0,0.0,-0.0,0.0,0.0,,246.14,246.67,0.32,-0.0418,-0.53,-1.0,-1.105,-14.24,-14.58,0.238,0.0354,0.34,0.66,0.888
2020-02-18,-14.264,42.87,43.72,41.61,14.67,281,246,16,False,False,Inter-Election,271,293,234,16,True,281.0,281.0,0.0,-0.0,0.0,0.0,,246.14,246.63,0.32,-0.0438,-0.49,-1.0,-1.0,-14.29,-14.57,0.239,0.0378,0.28,0.13,0.723
2020-02-19,-14.975,42.51,43.7,41.63,14.68,281,247,15,False,False,Inter-Election,272,293,234,16,True,281.0,281.0,0.0,-0.0,0.0,0.0,,246.29,246.63,0.371,-0.0389,-0.34,0.0,-0.694,-14.38,-14.57,0.26,0.0325,0.19,-0.55,0.49
2020-02-20,-15.367,42.32,43.68,41.64,14.68,280,247,16,False,False,Inter-Election,273,293,234,16,True,280.86,280.97,0.183,-0.0065,-0.11,-1.0,-0.602,246.29,246.63,0.371,-0.034,-0.34,0.0,-0.694,-14.49,-14.57,0.265,0.0228,0.08,-0.64,0.202
2020-02-21,-15.372,42.31,43.68,41.64,14.68,280,247,16,False,False,Inter-Election,274,293,234,16,True,280.71,280.93,0.183,-0.0125,-0.22,-1.0,-0.867,246.43,246.63,0.371,-0.0291,-0.2,1.0,-0.408,-14.67,-14.58,0.265,0.0133,-0.09,-1.18,-0.221
2020-02-22,-14.889,42.56,43.7,41.63,14.67,281,247,15,False,False,Inter-Election,275,293,234,16,True,280.71,280.93,0.263,-0.0116,-0.22,0.0,-0.867,246.57,246.63,0.371,-0.0242,-0.06,1.0,-0.122,-14.74,-14.57,0.279,0.0068,-0.17,-0.67,-0.434
2020-02-23,-14.879,42.56,43.7,41.63,14.67,281,247,15,False,False,Inter-Election,276,293,234,16,True,280.71,280.93,0.263,-0.0107,-0.22,0.0,-0.867,246.71,246.63,0.371,-0.0194,0.08,1.0,0.163,-14.82,-14.56,0.279,0.001,-0.26,-0.67,-0.68
2020-02-24,-15.25,42.38,43.69,41.64,14.68,281,247,15,False,False,Inter-Election,277,293,234,16,True,280.71,280.93,0.263,-0.0098,-0.22,0.0,-0.867,246.86,246.63,0.371,-0.0145,0.23,1.0,0.469,-15.0,-14.57,0.287,-0.0066,-0.43,-1.37,-1.092
2020-02-25,-14.477,42.76,43.71,41.62,14.67,281,247,15,False,False,Inter-Election,278,293,234,16,True,280.71,280.93,0.263,-0.0089,-0.22,0.0,-0.867,247.0,246.63,0.371,-0.0096,0.37,1.0,0.755,-15.03,-14.55,0.32,-0.0089,-0.48,-0.53,-1.242
2020-02-26,-14.482,42.76,43.71,41.62,14.67,281,247,15,False,False,Inter-Election,279,293,234,16,True,280.71,280.93,0.263,-0.008,-0.22,0.0,-0.867,247.0,246.63,0.371,-0.0047,0.37,1.0,0.755,-14.96,-14.54,0.317,-0.0096,-0.42,-0.14,-1.09
2020-02-27,-14.042,42.98,43.73,41.6,14.67,281,246,16,False,False,Inter-Election,280,293,234,16,True,280.86,280.93,0.263,-0.0071,-0.07,0.0,-0.276,246.86,246.6,0.414,-0.0062,0.26,-1.0,0.522,-14.77,-14.52,0.326,-0.0082,-0.25,0.52,-0.637
2020-02-28,-13.417,43.29,43.75,41.59,14.66,282,246,15,False,False,Inter-Election,281,293,234,16,True,281.14,280.97,0.32,0.0002,0.17,1.0,0.532,246.71,246.57,0.414,-0.0073,0.14,0.0,0.278,-14.49,-14.48,0.34,-0.0009,-0.01,0.75,-0.023
2020-02-29,-13.417,43.29,43.75,41.59,14.66,282,246,15,False,False,Inter-Election,282,293,234,16,True,281.29,281.0,0.32,0.0071,0.29,1.0,0.781,246.57,246.53,0.414,-0.008,0.04,0.0,0.079,-14.28,-14.44,0.339,0.0054,0.16,0.93,0.332
2020-03-01,-13.423,43.29,43.75,41.59,14.66,282,246,15,False,False,Inter-Election,283,293,234,16,True,281.43,281.03,0.32,0.0136,0.4,1.0,0.967,246.43,246.5,0.414,-0.0082,-0.07,0.0,-0.138,-14.07,-14.4,0.337,0.0099,0.33,0.91,0.644
2020-03-02,-14.696,42.65,43.71,41.62,14.67,281,247,15,False,False,Inter-Election,284,293,234,16,True,281.43,281.03,0.371,0.0131,0.4,0.0,0.967,246.43,246.5,0.455,-0.0016,-0.07,1.0,-0.138,-13.99,-14.4,0.414,0.0061,0.41,-0.7,0.799
2020-03-03,-14.293,42.85,43.72,41.61,14.67,281,246,16,False,False,Inter-Election,285,293,234,16,True,281.43,281.03,0.371,0.0127,0.4,0.0,0.967,246.29,246.47,0.49,-0.0013,-0.18,0.0,-0.355,-13.97,-14.39,0.42,0.0049,0.42,-0.03,0.823
2020-03-04,-14.312,42.84,43.72,41.61,14.67,281,246,16,False,False,Inter-Election,286,293,234,16,True,281.43,281.03,0.371,0.0122,0.4,0.0,0.967,246.14,246.43,0.49,-0.0007,-0.29,-1.0,-0.575,-13.94,-14.38,0.42,0.0034,0.44,0.66,0.866
2020-03-05,-14.293,42.85,43.72,41.61,14.67,281,246,16,False,False,Inter-Election,287,293,234,16,True,281.43,281.03,0.371,0.0118,0.4,1.0,0.967,246.14,246.4,0.49,0.0004,-0.26,-1.0,-0.522,-13.98,-14.37,0.417,0.0039,0.39,1.07,0.768
2020-03-06,-14.27,42.86,43.72,41.61,14.67,281,246,16,False,False,Inter-Election,288,293,234,16,True,281.29,281.03,0.371,0.0113,0.26,1.0,0.628,246.14,246.37,0.49,0.002,-0.23,-1.0,-0.469,-14.1,-14.37,0.417,0.0042,0.27,1.1,0.531
2020-03-07,-14.199,42.9,43.72,41.61,14.67,281,246,16,False,False,Inter-Election,289,293,234,16,True,281.14,281.03,0.371,0.0109,0.11,0.0,0.266,246.14,246.33,0.49,0.004,-0.19,-1.0,-0.396,-14.21,-14.35,0.413,0.0029,0.14,0.69,0.277
2020-03-08,-14.193,42.9,43.72,41.61,14.67,281,246,16,False,False,Inter-Election,290,293,234,16,True,281.0,281.03,0.371,0.0105,-0.03,0.0,-0.072,246.14,246.33,0.455,-0.0004,-0.19,-1.0,-0.396,-14.32,-14.35,0.402,0.005,0.03,0.69,0.059
2020-03-09,-13.994,43.0,43.73,41.6,14.67,281,246,16,False,False,Inter-Election,291,293,234,16,True,281.0,281.03,0.371,0.01,-0.03,0.0,-0.072,246.0,246.33,0.455,-0.0049,-0.33,-1.0,-0.688,-14.22,-14.34,0.403,0.0082,0.12,1.26,0.236
2020-03-10,-13.981,43.01,43.73,41.6,14.67,281,246,16,False,False,Inter-Election,292,293,234,16,True,281.0,281.03,0.371,0.0096,-0.03,0.0,-0.072,246.0,246.33,0.455,-0.0093,-0.33,-1.0,-0.688,-14.18,-14.34,0.403,0.0115,0.16,0.5,0.312
2020-03-11,-13.98,43.01,43.73,41.6,14.67,281,246,16,False,False,Inter-Election,293,293,234,16,True,281.0,281.03,0.371,0.0091,-0.03,0.0,-0.072,246.0,246.33,0.455,-0.0138,-0.33,-1.0,-0.688,-14.13,-14.34,0.399,0.0169,0.21,0.5,0.412
2020-03-12,-14.094,42.95,43.73,41.61,14.67,281,246,16,False,False,Inter-Election,294,293,234,16,True,281.0,281.03,0.371,0.0087,-0.03,0.0,-0.072,246.0,246.33,0.455,-0.0182,-0.33,0.0,-0.688,-14.1,-14.34,0.399,0.0212,0.24,-0.05,0.474
2020-03-13,-13.939,43.03,43.73,41.6,14.67,281,246,16,False,False,Inter-Election,295,293,234,16,True,281.0,281.03,0.371,0.0082,-0.03,-1.0,-0.072,246.0,246.33,0.455,-0.0227,-0.33,0.0,-0.688,-14.05,-14.33,0.393,0.0238,0.28,-0.52,0.547
2020-03-14,-12.97,43.51,43.77,41.57,14.66,282,246,15,False,False,Inter-Election,296,293,234,16,True,281.14,281.07,0.414,0.0142,0.07,0.0,0.156,246.0,246.3,0.414,-0.0202,-0.3,0.0,-0.644,-13.88,-14.28,0.427,0.031,0.4,0.45,0.706
2020-03-15,-12.991,43.5,43.77,41.58,14.66,282,246,15,False,False,Inter-Election,297,293,234,16,True,281.29,281.1,0.414,0.0198,0.19,0.0,0.395,246.0,246.3,0.371,-0.0242,-0.3,0.0,-0.644,-13.71,-14.24,0.423,0.04,0.53,0.43,0.865
2020-03-16,-12.971,43.51,43.77,41.57,14.66,282,246,15,False,False,Inter-Election,298,293,234,16,True,281.43,281.13,0.414,0.0249,0.3,1.0,0.591,246.0,246.3,0.371,-0.0283,-0.3,-1.0,-0.644,-13.56,-14.19,0.421,0.0475,0.63,1.72,0.962
2020-03-17,-12.744,43.63,43.78,41.57,14.65,282,246,15,False,False,Inter-Election,299,293,234,16,True,281.57,281.17,0.414,0.0296,0.4,1.0,0.754,246.0,246.3,0.371,-0.0323,-0.3,0.0,-0.644,-13.38,-14.14,0.422,0.0558,0.76,1.55,1.078
2020-03-18,-12.585,43.71,43.78,41.56,14.65,282,246,15,False,False,Inter-Election,300,293,234,16,True,281.71,281.2,0.414,0.0338,0.51,1.0,0.926,246.0,246.3,0.371,-0.0363,-0.3,0.0,-0.644,-13.18,-14.09,0.419,0.0668,0.91,1.73,1.197
2020-03-19,-12.199,43.9,43.8,41.55,14.65,282,245,16,False,False,Inter-Election,301,293,234,16,True,281.86,281.23,0.414,0.0376,0.63,1.0,1.109,245.86,246.27,0.414,-0.0467,-0.41,-1.0,-0.787,-12.91,-14.02,0.419,0.0779,1.11,2.09,1.331
2020-03-20,-12.395,43.8,43.79,41.56,14.65,282,246,15,False,False,Inter-Election,302,293,234,16,True,282.0,281.27,0.414,0.0409,0.73,1.0,1.252,245.86,246.23,0.414,-0.0434,-0.37,0.0,-0.734,-12.69,-13.94,0.396,0.0818,1.25,1.88,1.446
2020-03-21,-12.225,43.89,43.8,41.55,14.65,282,245,16,False,False,Inter-Election,303,293,234,16,True,282.0,281.33,0.365,0.0369,0.67,1.0,1.226,245.71,246.17,0.45,-0.0461,-0.46,-1.0,-0.867,-12.59,-13.83,0.386,0.083,1.24,1.97,1.416
2020-03-22,-12.238,43.88,43.8,41.55,14.65,282,245,16,False,False,Inter-Election,304,293,234,16,True,282.0,281.4,0.365,0.032,0.6,1.0,1.204,245.57,246.1,0.45,-0.0478,-0.53,-1.0,-0.968,-12.48,-13.73,0.386,0.0826,1.25,1.96,1.432
2020-03-23,-10.99,44.5,43.84,41.52,14.64,283,245,15,False,False,Inter-Election,305,293,234,16,True,282.14,281.47,0.365,0.0396,0.67,2.0,1.173,245.43,246.03,0.45,-0.0487,-0.6,-1.0,-1.079,-12.2,-13.6,0.434,0.0923,1.4,3.0,1.432
2020-03-24,-10.524,44.74,43.86,41.51,14.63,283,245,15,False,False,Inter-Election,306,293,234,16,True,282.29,281.53,0.365,0.0463,0.76,2.0,1.209,245.29,245.97,0.45,-0.0487,-0.68,-1.0,-1.223,-11.88,-13.45,0.438,0.1033,1.57,3.46,1.431
2020-03-25,-10.558,44.72,43.86,41.51,14.63,283,245,15,False,False,Inter-Election,307,293,234,16,True,282.43,281.6,0.365,0.0521,0.83,2.0,1.23,245.14,245.9,0.45,-0.0478,-0.76,-1.0,-1.388,-11.59,-13.3,0.428,0.1096,1.71,3.42,1.469
2020-03-26,-10.519,44.74,43.86,41.51,14.63,283,245,15,False,False,Inter-Election,308,293,234,16,True,282.57,281.67,0.365,0.057,0.9,2.0,1.266,245.14,245.83,0.45,-0.0461,-0.69,-1.0,-1.3,-11.35,-13.16,0.413,0.1194,1.81,3.57,1.451
2020-03-27,-10.149,44.93,43.87,41.5,14.63,283,244,16,False,False,Inter-Election,309,293,234,16,True,282.71,281.73,0.365,0.061,0.98,2.0,1.325,244.86,245.73,0.481,-0.0498,-0.87,-2.0,-1.492,-11.03,-13.02,0.414,0.1297,1.99,3.79,1.488
2020-03-28,-10.595,44.7,43.86,41.51,14.63,283,245,15,False,False,Inter-Election,310,293,234,16,True,282.86,281.8,0.365,0.0641,1.06,1.0,1.393,244.86,245.7,0.49,-0.0527,-0.84,-1.0,-1.409,-10.8,-12.91,0.424,0.1383,2.11,2.38,1.514
2020-03-29,-10.603,44.7,43.86,41.51,14.63,283,245,15,False,False,Inter-Election,311,293,234,16,True,283.0,281.83,0.32,0.0732,1.17,1.0,1.478,244.86,245.67,0.49,-0.0552,-0.81,-1.0,-1.336,-10.56,-12.81,0.413,0.1496,2.25,2.39,1.551
2020-03-30,-11.462,44.27,43.82,41.53,14.64,283,245,15,False,False,Inter-Election,312,293,234,16,True,283.0,281.87,0.32,0.0819,1.13,1.0,1.379,244.86,245.63,0.49,-0.0572,-0.77,-1.0,-1.252,-10.63,-12.75,0.448,0.1542,2.12,1.51,1.445
2020-03-31,-11.601,44.2,43.82,41.54,14.64,283,245,15,False,False,Inter-Election,313,293,234,16,True,283.0,281.9,0.32,0.0901,1.1,1.0,1.302,244.86,245.6,0.49,-0.0587,-0.74,-1.0,-1.191,-10.78,-12.69,0.449,0.1569,1.91,1.14,1.294
2020-04-01,-10.936,44.53,43.84,41.52,14.64,283,245,15,False,False,Inter-Election,314,293,234,16,True,283.0,281.97,0.254,0.091,1.03,1.0,1.211,244.86,245.53,0.45,-0.0529,-0.67,-1.0,-1.173,-10.84,-12.56,0.386,0.1543,1.72,1.65,1.179
2020-04-02,-10.947,44.53,43.84,41.52,14.64,283,245,15,False,False,Inter-Election,315,293,234,16,True,283.0,282.03,0.254,0.091,0.97,1.0,1.141,244.86,245.5,0.414,-0.0532,-0.64,0.0,-1.118,-10.9,-12.45,0.383,0.1528,1.55,1.25,1.07
2020-04-03,-11.466,44.27,43.82,41.53,14.64,283,245,15,False,False,Inter-Election,316,293,234,16,True,283.0,282.1,0.254,0.0901,0.9,1.0,1.065,245.0,245.47,0.414,-0.0529,-0.47,-1.0,-0.823,-11.09,-12.35,0.399,0.1463,1.26,0.93,0.89
2020-04-04,-11.471,44.26,43.82,41.53,14.64,283,245,15,False,False,Inter-Election,317,293,234,16,True,283.0,282.17,0.254,0.0883,0.83,1.0,0.995,245.0,245.43,0.414,-0.0523,-0.43,0.0,-0.757,-11.21,-12.26,0.4,0.1386,1.05,0.75,0.763
2020-04-05,-11.482,44.26,43.82,41.53,14.64,283,245,15,False,False,Inter-Election,318,293,234,16,True,283.0,282.23,0.254,0.0857,0.77,1.0,0.942,245.0,245.4,0.414,-0.0512,-0.4,0.0,-0.71,-11.34,-12.17,0.4,0.1297,0.83,0.76,0.625
2020-04-06,-11.493,44.25,43.82,41.53,14.64,283,245,15,False,False,Inter-Election,319,293,234,16,True,283.0,282.3,0.254,0.0821,0.7,0.0,0.881,245.0,245.37,0.414,-0.0496,-0.37,0.0,-0.665,-11.34,-12.08,0.4,0.1201,0.74,-0.5,0.58
2020-04-07,-11.323,44.34,43.83,41.53,14.64,283,245,15,False,False,Inter-Election,320,293,234,16,True,283.0,282.37,0.254,0.0776,0.63,0.0,0.824,245.0,245.33,0.414,-0.0476,-0.33,0.0,-0.604,-11.3,-11.98,0.4,0.1103,0.68,-0.8,0.558
2020-04-08,-11.482,44.26,43.82,41.53,14.64,283,245,15,False,False,Inter-Election,321,293,234,16,True,283.0,282.43,0.254,0.0723,0.57,0.0,0.783,245.0,245.3,0.414,-0.0452,-0.3,0.0,-0.561,-11.38,-11.9,0.402,0.0997,0.52,-0.92,0.448
2020-04-09,-11.583,44.21,43.82,41.54,14.64,283,245,15,False,False,Inter-Election,322,293,234,16,True,283.0,282.5,0.254,0.0661,0.5,0.0,0.733,245.0,245.27,0.414,-0.0423,-0.27,0.0,-0.518,-11.47,-11.82,0.404,0.0873,0.35,-1.06,0.32
2020-04-10,-11.464,44.27,43.82,41.53,14.64,283,245,15,False,False,Inter-Election,323,293,234,16,True,283.0,282.57,0.254,0.059,0.43,0.0,0.687,245.0,245.23,0.414,-0.0389,-0.23,1.0,-0.456,-11.47,-11.73,0.403,0.0747,0.26,-1.32,0.256
2020-04-11,-11.303,44.35,43.83,41.53,14.64,283,245,15,False,False,Inter-Election,324,293,234,16,True,283.0,282.63,0.254,0.0509,0.37,0.0,0.665,245.0,245.2,0.414,-0.0352,-0.2,0.0,-0.413,-11.45,-11.64,0.402,0.0612,0.19,-0.71,0.208
2020-04-12,-12.09,43.96,43.8,41.55,14.65,282,245,16,False,False,Inter-Election,325,293,234,16,True,282.86,282.67,0.32,0.0356,0.19,-1.0,0.396,245.0,245.17,0.414,-0.0309,-0.17,0.0,-0.369,-11.53,-11.58,0.433,0.0424,0.05,-1.49,0.062
2020-04-13,-12.533,43.73,43.79,41.56,14.65,282,246,15,False,False,Inter-Election,326,293,234,16,True,282.71,282.67,0.263,0.0267,0.04,-1.0,0.083,245.14,245.17,0.455,-0.0198,-0.03,1.0,-0.065,-11.68,-11.56,0.406,0.0267,-0.12,-1.07,-0.152
2020-04-14,-13.574,43.21,43.75,41.59,14.66,281,246,16,False,False,Inter-Election,327,293,234,16,True,282.43,282.63,0.32,0.0113,-0.2,-2.0,-0.36,245.29,245.17,0.455,-0.0087,0.12,1.0,0.26,-12.0,-11.58,0.45,0.0039,-0.42,-1.97,-0.506
2020-04-15,-13.298,43.35,43.76,41.58,14.66,282,246,15,False,False,Inter-Election,328,293,234,16,True,282.29,282.63,0.371,0.0029,-0.34,-1.0,-0.611,245.43,245.17,0.455,0.0024,0.26,1.0,0.564,-12.26,-11.59,0.453,-0.0168,-0.67,-2.36,-0.787
2020-04-16,-12.235,43.88,43.8,41.55,14.65,282,245,16,False,False,Inter-Election,329,293,234,16,True,282.14,282.63,0.371,-0.0056,-0.49,-1.0,-0.881,245.43,245.13,0.49,0.0071,0.3,0.0,0.691,-12.36,-11.58,0.492,-0.0288,-0.78,-1.29,-0.937
2020-04-17,-12.274,43.86,43.79,41.56,14.65,282,245,16,False,False,Inter-Election,330,293,234,16,True,282.0,282.63,0.371,-0.014,-0.63,-1.0,-1.133,245.43,245.1,0.49,0.0122,0.33,0.0,0.82,-12.47,-11.57,0.492,-0.0403,-0.9,-0.81,-1.096
2020-04-18,-12.663,43.67,43.78,41.57,14.65,282,246,15,False,False,Inter-Election,331,293,234,16,True,281.86,282.63,0.371,-0.0225,-0.77,-1.0,-1.385,245.57,245.13,0.49,0.0174,0.44,1.0,1.013,-12.67,-11.58,0.491,-0.0517,-1.09,-1.19,-1.302
2020-04-19,-12.637,43.68,43.78,41.57,14.65,282,246,15,False,False,Inter-Election,332,293,234,16,True,281.86,282.63,0.371,-0.0309,-0.77,-1.0,-1.385,245.71,245.13,0.455,0.0289,0.58,1.0,1.336,-12.74,-11.59,0.49,-0.0641,-1.15,-1.16,-1.358
2020-04-20,-13.199,43.4,43.76,41.58,14.66,282,246,15,False,False,Inter-Election,333,293,234,16,True,281.86,282.63,0.371,-0.0394,-0.77,-1.0,-1.385,245.71,245.17,0.414,0.0336,0.54,1.0,1.171,-12.84,-11.62,0.499,-0.0789,-1.22,-1.71,-1.372
2020-04-21,-14.304,42.85,43.72,41.61,14.67,281,246,16,False,False,Inter-Election,334,293,234,16,True,281.86,282.6,0.414,-0.0543,-0.74,-2.0,-1.191,245.71,245.2,0.414,0.0378,0.51,1.0,1.053,-12.94,-11.69,0.536,-0.1004,-1.25,-2.98,-1.237
2020-04-22,-13.742,43.13,43.74,41.6,14.66,281,246,16,False,False,Inter-Election,335,293,234,16,True,281.71,282.53,0.365,-0.0618,-0.82,-2.0,-1.203,245.71,245.23,0.414,0.0416,0.48,1.0,0.952,-13.01,-11.78,0.491,-0.1088,-1.23,-2.26,-1.152
2020-04-23,-13.697,43.15,43.74,41.59,14.66,281,246,16,False,False,Inter-Election,336,293,234,16,True,281.57,282.47,0.365,-0.0685,-0.9,-2.0,-1.232,245.86,245.27,0.414,0.0449,0.59,1.0,1.133,-13.22,-11.89,0.48,-0.1124,-1.33,-2.11,-1.214
2020-04-24,-12.567,43.72,43.78,41.56,14.65,282,246,15,False,False,Inter-Election,337,293,234,16,True,281.57,282.43,0.414,-0.0679,-0.86,-1.0,-1.181,246.0,245.3,0.414,0.0478,0.7,1.0,1.308,-13.26,-11.96,0.531,-0.1076,-1.3,-1.1,-1.212
2020-04-25,-12.312,43.84,43.79,41.56,14.65,282,245,16,False,False,Inter-Election,338,293,234,16,True,281.57,282.4,0.414,-0.0667,-0.83,-1.0,-1.146,245.86,245.3,0.455,0.0438,0.56,0.0,1.047,-13.21,-12.02,0.534,-0.1,-1.19,-1.01,-1.145
2020-04-26,-13.342,43.33,43.76,41.58,14.66,282,246,15,False,False,Inter-Election,339,293,234,16,True,281.57,282.37,0.414,-0.0652,-0.8,0.0,-1.114,245.86,245.37,0.45,0.0394,0.49,1.0,1.0,-13.31,-12.12,0.556,-0.0957,-1.19,-1.25,-1.185
2020-04-27,-12.928,43.54,43.77,41.57,14.66,282,246,15,False,False,Inter-Election,340,293,234,16,True,281.57,282.33,0.414,-0.0632,-0.76,0.0,-1.069,245.86,245.4,0.414,0.0409,0.46,0.0,0.923,-13.27,-12.2,0.56,-0.0903,-1.07,-0.4,-1.101
2020-04-28,-12.522,43.74,43.79,41.56,14.65,282,246,15,False,False,Inter-Election,341,293,234,16,True,281.71,282.3,0.414,-0.0607,-0.59,1.0,-0.84,245.86,245.43,0.414,0.042,0.43,0.0,0.853,-13.02,-12.26,0.566,-0.0814,-0.76,1.05,-0.822
2020-04-29,-12.812,43.59,43.78,41.57,14.65,282,246,15,False,False,Inter-Election,342,293,234,16,True,281.86,282.27,0.414,-0.0578,-0.41,0.0,-0.593,245.86,245.47,0.414,0.0427,0.39,0.0,0.769,-12.88,-12.31,0.548,-0.0794,-0.57,0.49,-0.621
2020-04-30,-13.106,43.45,43.76,41.58,14.66,282,246,15,False,False,Inter-Election,343,293,234,16,True,282.0,282.23,0.414,-0.0545,-0.23,0.0,-0.339,245.86,245.5,0.414,0.0429,0.36,1.0,0.708,-12.8,-12.36,0.55,-0.0797,-0.44,-0.87,-0.479
2020-05-01,-13.038,43.48,43.77,41.58,14.66,282,246,15,False,False,Inter-Election,344,293,234,16,True,282.0,282.2,0.414,-0.0507,-0.2,0.0,-0.301,245.86,245.53,0.414,0.0427,0.33,1.0,0.65,-12.87,-12.43,0.534,-0.0742,-0.44,-0.76,-0.497
2020-05-02,-13.025,43.49,43.77,41.58,14.66,282,246,15,False,False,Inter-Election,345,293,234,16,True,282.0,282.17,0.414,-0.0465,-0.17,0.0,-0.262,246.0,245.57,0.414,0.042,0.43,0.0,0.853,-12.97,-12.5,0.534,-0.0678,-0.47,-0.36,-0.556
2020-05-03,-13.923,43.04,43.73,41.6,14.66,281,246,16,False,False,Inter-Election,346,293,234,16,True,281.86,282.1,0.45,-0.0483,-0.24,-1.0,-0.363,246.0,245.6,0.414,0.0409,0.4,0.0,0.803,-13.05,-12.58,0.549,-0.0699,-0.47,-1.29,-0.546
2020-05-04,-13.974,43.01,43.73,41.6,14.67,281,246,16,False,False,Inter-Election,347,293,234,16,True,281.71,282.03,0.45,-0.0492,-0.32,-1.0,-0.479,246.0,245.63,0.414,0.0394,0.37,0.0,0.755,-13.2,-12.66,0.549,-0.0712,-0.54,-0.78,-0.62
2020-05-05,-14.308,42.85,43.72,41.61,14.67,281,246,16,False,False,Inter-Election,348,293,234,16,True,281.57,281.97,0.45,-0.0492,-0.4,0.0,-0.598,246.0,245.67,0.414,0.0374,0.33,0.0,0.688,-13.46,-12.76,0.55,-0.0737,-0.7,-0.0,-0.785
2020-05-06,-15.089,42.46,43.69,41.63,14.68,281,247,15,False,False,Inter-Election,349,293,234,16,True,281.43,281.9,0.45,-0.0483,-0.47,0.0,-0.71,246.14,245.73,0.45,0.0414,0.41,1.0,0.787,-13.78,-12.88,0.564,-0.08,-0.9,-1.35,-0.942
2020-05-07,-15.269,42.37,43.68,41.64,14.68,281,247,15,False,False,Inter-Election,350,293,234,16,True,281.29,281.83,0.45,-0.0465,-0.54,0.0,-0.834,246.29,245.8,0.45,0.0445,0.49,1.0,0.89,-14.09,-13.01,0.562,-0.0847,-1.08,-1.57,-1.076
2020-05-08,-15.967,42.02,43.66,41.66,14.68,280,247,16,False,False,Inter-Election,351,293,234,16,True,281.0,281.73,0.481,-0.0503,-0.73,-2.0,-1.056,246.43,245.87,0.45,0.0467,0.56,1.0,0.98,-14.51,-13.16,0.571,-0.0932,-1.35,-3.4,-1.229
2020-05-09,-16.219,41.89,43.65,41.66,14.69,280,247,16,False,False,Inter-Election,352,293,234,16,True,280.71,281.63,0.481,-0.0527,-0.92,-2.0,-1.281,246.57,245.93,0.45,0.0481,0.64,2.0,1.097,-14.96,-13.31,0.571,-0.1021,-1.65,-3.91,-1.385
2020-05-10,-16.465,41.77,43.64,41.67,14.69,280,248,15,False,False,Inter-Election,353,293,234,16,True,280.57,281.53,0.481,-0.0538,-0.96,-2.0,-1.315,246.86,246.03,0.481,0.0549,0.83,2.0,1.241,-15.33,-13.48,0.569,-0.1097,-1.85,-3.12,-1.456
2020-05-11,-16.339,41.83,43.65,41.67,14.69,280,248,15,False,False,Inter-Election,354,293,234,16,True,280.43,281.43,0.481,-0.0536,-1.0,-2.0,-1.374,247.14,246.13,0.481,0.0605,1.01,2.0,1.383,-15.67,-13.65,0.569,-0.1131,-2.02,-3.41,-1.548
2020-05-12,-16.217,41.89,43.65,41.66,14.69,280,247,16,False,False,Inter-Election,355,293,234,16,True,280.29,281.37,0.45,-0.059,-1.08,-2.0,-1.412,247.29,246.2,0.521,0.0583,1.09,1.0,1.526,-15.94,-13.79,0.559,-0.1189,-2.15,-3.69,-1.59
2020-05-13,-16.197,41.9,43.65,41.66,14.69,280,247,16,False,False,Inter-Election,356,293,234,16,True,280.14,281.3,0.45,-0.0634,-1.16,-2.0,-1.46,247.29,246.23,0.49,0.0621,1.06,1.0,1.456,-16.1,-13.91,0.556,-0.1258,-2.19,-3.38,-1.565
2020-05-14,-16.18,41.91,43.65,41.66,14.69,280,247,16,False,False,Inter-Election,357,293,234,16,True,280.0,281.27,0.414,-0.0739,-1.27,-2.0,-1.534,247.29,246.27,0.49,0.0654,1.02,1.0,1.379,-16.23,-13.99,0.529,-0.1382,-2.24,-3.07,-1.537
2020-05-15,-16.306,41.85,43.65,41.67,14.69,280,247,16,False,False,Inter-Election,358,293,234,16,True,280.0,281.2,0.365,-0.077,-1.2,-2.0,-1.417,247.29,246.3,0.49,0.0683,0.99,1.0,1.321,-16.27,-14.1,0.524,-0.1483,-2.17,-3.27,-1.437
2020-05-16,-16.858,41.57,43.63,41.68,14.69,280,248,15,False,False,Inter-Election,359,293,234,16,True,280.0,281.13,0.365,-0.0792,-1.13,-2.0,-1.313,247.43,246.4,0.481,0.0703,1.03,2.0,1.337,-16.37,-14.25,0.482,-0.1533,-2.12,-3.83,-1.368
2020-05-17,-16.632,41.68,43.64,41.67,14.69,280,248,15,False,False,Inter-Election,360,293,234,16,True,280.0,281.07,0.365,-0.0805,-1.07,-1.0,-1.232,247.43,246.5,0.481,0.071,0.93,2.0,1.197,-16.39,-14.39,0.487,-0.1551,-2.0,-2.71,-1.28
2020-05-18,-17.369,41.32,43.61,41.69,14.7,279,248,16,False,False,Inter-Election,361,293,234,16,True,279.86,280.97,0.403,-0.0874,-1.11,-2.0,-1.196,247.43,246.57,0.45,0.0772,0.86,2.0,1.052,-16.54,-14.55,0.497,-0.1623,-1.99,-3.39,-1.23
2020-05-19,-18.094,40.95,43.58,41.71,14.7,279,248,16,False,False,Inter-Election,362,293,234,16,True,279.71,280.87,0.403,-0.093,-1.16,-2.0,-1.192,247.57,246.63,0.45,0.0825,0.94,2.0,1.106,-16.81,-14.73,0.506,-0.172,-2.08,-3.79,-1.224
2020-05-20,-17.794,41.1,43.59,41.71,14.7,279,248,16,False,False,Inter-Election,363,293,234,16,True,279.57,280.77,0.403,-0.0972,-1.2,-2.0,-1.192,247.71,246.7,0.45,0.087,1.01,1.0,1.152,-17.03,-14.89,0.508,-0.1811,-2.14,-2.7,-1.214
2020-05-21,-18.439,40.78,43.57,41.72,14.71,279,249,15,False,False,Inter-Election,364,293,234,16,True,279.43,280.7,0.365,-0.107,-1.27,-2.0,-1.203,248.0,246.8,0.481,0.097,1.2,2.0,1.248,-17.36,-15.02,0.485,-0.2,-2.34,-3.17,-1.249
2020-05-22,-18.117,40.94,43.58,41.71,14.71,279,248,16,False,False,Inter-Election,365,293,234,16,True,279.29,280.63,0.365,-0.1159,-1.34,-1.0,-1.22,248.14,246.87,0.521,0.0992,1.27,1.0,1.305,-17.61,-15.17,0.475,-0.2111,-2.44,-2.15,-1.258
2020-05-23,-18.025,40.99,43.58,41.71,14.7,279,248,16,False,False,Inter-Election,366,293,234,16,True,279.14,280.57,0.365,-0.1239,-1.43,-1.0,-1.26,248.14,246.93,0.521,0.1006,1.21,1.0,1.234,-17.78,-15.31,0.475,-0.2194,-2.47,-1.81,-1.243
2020-05-24,-17.371,41.31,43.61,41.69,14.7,279,248,16,False,False,Inter-Election,367,293,234,16,True,279.0,280.47,0.305,-0.1241,-1.47,-1.0,-1.293,248.14,247.0,0.521,0.101,1.14,0.0,1.16,-17.89,-15.47,0.438,-0.2137,-2.42,-0.91,-1.241
2020-05-25,-17.156,41.42,43.62,41.69,14.7,280,248,15,False,False,Inter-Election,368,293,234,16,True,279.14,280.4,0.365,-0.1166,-1.26,0.0,-1.144,248.14,247.1,0.481,0.0937,1.04,0.0,1.127,-17.86,-15.64,0.437,-0.2027,-2.22,-0.82,-1.181
2020-05-26,-16.963,41.52,43.62,41.68,14.69,280,248,15,False,False,Inter-Election,369,293,234,16,True,279.29,280.33,0.365,-0.1081,-1.04,0.0,-0.98,248.14,247.17,0.45,0.0919,0.97,1.0,1.063,-17.7,-15.76,0.409,-0.1955,-1.94,-0.75,-1.053
2020-05-27,-16.828,41.59,43.63,41.68,14.69,280,248,15,False,False,Inter-Election,370,293,234,16,True,279.43,280.27,0.365,-0.0988,-0.84,0.0,-0.828,248.14,247.23,0.45,0.0892,0.91,1.0,1.014,-17.56,-15.89,0.399,-0.1829,-1.67,-0.63,-0.942
2020-05-28,-16.805,41.6,43.63,41.68,14.69,280,248,15,False,False,Inter-Election,371,293,234,16,True,279.57,280.2,0.365,-0.0885,-0.63,0.0,-0.655,248.0,247.3,0.45,0.0857,0.7,1.0,0.798,-17.32,-16.03,0.388,-0.1656,-1.29,-0.62,-0.777
2020-05-29,-16.931,41.53,43.62,41.68,14.69,280,248,15,False,False,Inter-Election,372,293,234,16,True,279.71,280.13,0.365,-0.0774,-0.42,0.0,-0.467,248.0,247.37,0.45,0.0812,0.63,1.0,0.741,-17.15,-16.17,0.387,-0.1492,-0.98,-0.62,-0.631
2020-05-30,-17.061,41.47,43.62,41.69,14.69,280,248,15,False,False,Inter-Election,373,293,234,16,True,279.86,280.07,0.365,-0.0654,-0.21,0.0,-0.254,248.0,247.43,0.45,0.0759,0.57,0.0,0.698,-17.02,-16.3,0.386,-0.1339,-0.72,-0.2,-0.497
2020-05-31,-17.119,41.44,43.62,41.69,14.7,280,248,15,False,False,Inter-Election,374,293,234,16,True,280.0,280.0,0.365,-0.0525,0.0,0.0,0.0,248.0,247.5,0.45,0.0696,0.5,0.0,0.644,-16.98,-16.43,0.384,-0.1167,-0.55,-0.49,-0.418
2020-06-01,-17.31,41.34,43.61,41.69,14.7,279,248,16,False,False,Inter-Election,375,293,234,16,True,279.86,279.9,0.403,-0.0452,-0.04,0.0,-0.06,248.0,247.57,0.45,0.0625,0.43,0.0,0.591,-17.0,-16.58,0.383,-0.0988,-0.42,0.06,-0.363
2020-06-02,-17.528,41.24,43.6,41.7,14.7,279,248,16,False,False,Inter-Election,376,293,234,16,True,279.71,279.83,0.365,-0.0434,-0.12,0.0,-0.185,248.0,247.63,0.45,0.0545,0.37,0.0,0.553,-17.08,-16.7,0.356,-0.0867,-0.38,0.57,-0.36
2020-06-03,-17.909,41.05,43.59,41.71,14.7,279,248,16,False,False,Inter-Election,377,293,234,16,True,279.57,279.77,0.365,-0.0407,-0.2,0.0,-0.319,248.0,247.7,0.45,0.0456,0.3,0.0,0.503,-17.24,-16.83,0.359,-0.0757,-0.41,-0.11,-0.435
2020-06-04,-17.621,41.19,43.6,41.7,14.7,279,248,16,False,False,Inter-Election,378,293,234,16,True,279.43,279.7,0.365,-0.0372,-0.27,0.0,-0.453,248.0,247.77,0.45,0.0358,0.23,-1.0,0.456,-17.35,-16.94,0.365,-0.0634,-0.41,0.82,-0.498
2020-06-05,-17.241,41.38,43.61,41.69,14.7,279,248,16,False,False,Inter-Election,379,293,234,16,True,279.29,279.63,0.365,-0.0327,-0.34,0.0,-0.611,248.0,247.8,0.414,0.032,0.2,0.0,0.413,-17.4,-17.01,0.352,-0.0526,-0.39,0.88,-0.522
2020-06-06,-16.922,41.54,43.62,41.68,14.69,280,248,15,False,False,Inter-Election,380,293,234,16,True,279.29,279.6,0.414,-0.0209,-0.31,1.0,-0.622,248.0,247.83,0.414,0.0278,0.17,0.0,0.369,-17.38,-17.07,0.359,-0.04,-0.31,1.1,-0.462
2020-06-07,-16.923,41.54,43.62,41.68,14.69,280,248,15,False,False,Inter-Election,381,293,234,16,True,279.29,279.6,0.371,-0.0156,-0.31,1.0,-0.622,248.0,247.87,0.414,0.0231,0.13,0.0,0.299,-17.35,-17.1,0.338,-0.0315,-0.25,0.45,-0.391
2020-06-08,-17.689,41.16,43.6,41.7,14.7,279,248,16,False,False,Inter-Election,382,293,234,16,True,279.29,279.57,0.414,-0.0167,-0.28,-1.0,-0.556,248.0,247.9,0.414,0.018,0.1,0.0,0.248,-17.4,-17.15,0.361,-0.0293,-0.25,-0.53,-0.399
2020-06-09,-17.819,41.09,43.59,41.71,14.7,279,248,16,False,False,Inter-Election,383,293,234,16,True,279.29,279.53,0.414,-0.0174,-0.24,-1.0,-0.473,248.0,247.9,0.371,0.0194,0.1,0.0,0.248,-17.45,-17.19,0.36,-0.0289,-0.26,-0.86,-0.417
2020-06-10,-17.557,41.22,43.6,41.7,14.7,279,248,16,False,False,Inter-Election,384,293,234,16,True,279.29,279.5,0.414,-0.0176,-0.21,-1.0,-0.413,248.0,247.9,0.371,0.0207,0.1,0.0,0.248,-17.4,-17.23,0.363,-0.0254,-0.17,-0.73,-0.281
2020-06-11,-17.627,41.19,43.6,41.7,14.7,279,248,16,False,False,Inter-Election,385,293,234,16,True,279.29,279.47,0.414,-0.0174,-0.18,-1.0,-0.355,248.0,247.93,0.32,0.0151,0.07,0.0,0.192,-17.4,-17.28,0.362,-0.0209,-0.12,-0.82,-0.207
2020-06-12,-17.614,41.19,43.6,41.7,14.7,279,248,16,False,False,Inter-Election,386,293,234,16,True,279.29,279.43,0.414,-0.0167,-0.14,-1.0,-0.278,248.0,247.97,0.32,0.0091,0.03,0.0,0.094,-17.45,-17.33,0.362,-0.0156,-0.12,-0.68,-0.221
2020-06-13,-17.372,41.31,43.61,41.69,14.7,279,248,16,False,False,Inter-Election,387,293,234,16,True,279.14,279.4,0.414,-0.0156,-0.26,-1.0,-0.522,248.0,248.0,0.32,0.0027,0.0,0.0,0.0,-17.51,-17.37,0.365,-0.008,-0.14,-0.31,-0.281
2020-06-14,-17.484,41.26,43.6,41.7,14.7,279,248,16,False,False,Inter-Election,388,293,234,16,True,279.0,279.37,0.414,-0.014,-0.37,-1.0,-0.755,248.0,248.03,0.32,-0.0042,-0.03,0.0,-0.164,-17.59,-17.41,0.365,-0.0014,-0.18,-0.37,-0.394
2020-06-15,-17.642,41.18,43.6,41.7,14.7,279,248,16,False,False,Inter-Election,389,293,234,16,True,279.0,279.33,0.414,-0.012,-0.33,0.0,-0.688,248.0,248.03,0.263,-0.0047,-0.03,0.0,-0.164,-17.59,-17.43,0.353,0.0008,-0.16,-0.33,-0.358
2020-06-16,-18.321,40.84,43.57,41.72,14.71,279,249,15,False,False,Inter-Election,390,293,234,16,True,279.0,279.3,0.414,-0.0096,-0.3,0.0,-0.644,248.14,248.07,0.32,0.0013,0.07,1.0,0.276,-17.66,-17.49,0.369,0.0006,-0.17,-0.79,-0.379
2020-06-17,-18.382,40.81,43.57,41.72,14.71,279,249,15,False,False,Inter-Election,391,293,234,16,True,279.0,279.3,0.371,-0.0136,-0.3,0.0,-0.644,248.29,248.1,0.32,0.0069,0.19,1.0,0.623,-17.78,-17.52,0.346,-0.0043,-0.26,-0.47,-0.545
2020-06-18,-19.169,40.42,43.54,41.74,14.72,278,249,16,False,False,Inter-Election,392,293,234,16,True,278.86,279.27,0.414,-0.024,-0.41,-1.0,-0.787,248.43,248.13,0.32,0.012,0.3,1.0,0.868,-18.0,-17.56,0.35,-0.0189,-0.44,-1.55,-0.792
2020-06-19,-19.121,40.44,43.54,41.74,14.71,278,249,16,False,False,Inter-Election,393,293,234,16,True,278.71,279.23,0.414,-0.034,-0.52,-1.0,-0.915,248.57,248.17,0.32,0.0167,0.4,1.0,1.055,-18.21,-17.6,0.345,-0.0306,-0.61,-1.88,-0.979
2020-06-20,-19.6,40.2,43.53,41.75,14.72,278,249,16,False,False,Inter-Election,394,293,234,16,True,278.57,279.2,0.414,-0.0436,-0.63,-2.0,-1.032,248.71,248.17,0.263,0.0278,0.54,1.0,1.425,-18.53,-17.64,0.336,-0.0493,-0.89,-2.68,-1.258
2020-06-21,-19.739,40.13,43.52,41.76,14.72,278,249,16,False,False,Inter-Election,395,293,234,16,True,278.43,279.17,0.414,-0.0527,-0.74,-2.0,-1.142,248.86,248.2,0.183,0.032,0.66,1.0,1.622,-18.85,-17.69,0.33,-0.0661,-1.16,-2.82,-1.448
2020-06-22,-19.817,40.09,43.52,41.76,14.72,278,249,16,False,False,Inter-Election,396,293,234,16,True,278.29,279.13,0.414,-0.0614,-0.84,-1.0,-1.233,249.0,248.23,0.183,0.0358,0.77,1.0,1.79,-19.16,-17.75,0.329,-0.082,-1.41,-2.13,-1.587
2020-06-23,-19.921,40.04,43.51,41.76,14.72,278,249,16,False,False,Inter-Election,397,293,234,16,True,278.14,279.1,0.414,-0.0696,-0.96,-1.0,-1.348,249.0,248.27,0.183,0.0392,0.73,1.0,1.623,-19.39,-17.84,0.3,-0.0934,-1.55,-2.1,-1.6
2020-06-24,-19.817,40.09,43.52,41.76,14.72,278,249,16,False,False,Inter-Election,398,293,234,16,True,278.0,279.03,0.365,-0.0705,-1.03,-1.0,-1.434,249.0,248.3,0.183,0.042,0.7,1.0,1.502,-19.6,-17.93,0.297,-0.1014,-1.67,-2.26,-1.63
2020-06-25,-19.974,40.01,43.51,41.76,14.72,278,249,16,False,False,Inter-Election,399,293,234,16,True,278.0,278.97,0.365,-0.0705,-0.97,-1.0,-1.35,249.0,248.33,0.183,0.0445,0.67,1.0,1.397,-19.71,-18.03,0.292,-0.108,-1.68,-2.35,-1.566
2020-06-26,-19.805,40.1,43.52,41.76,14.72,278,249,16,False,False,Inter-Election,400,293,234,16,True,278.0,278.9,0.365,-0.0696,-0.9,-1.0,-1.264,249.0,248.37,0.183,0.0465,0.63,1.0,1.285,-19.81,-18.13,0.293,-0.1111,-1.68,-2.19,-1.534
2020-06-27,-19.91,40.04,43.51,41.76,14.72,278,249,16,False,False,Inter-Election,401,293,234,16,True,278.0,278.83,0.365,-0.0679,-0.83,-1.0,-1.188,249.0,248.4,0.183,0.0481,0.6,1.0,1.204,-19.85,-18.23,0.292,-0.1135,-1.62,-2.54,-1.456
2020-06-28,-19.781,40.11,43.52,41.76,14.72,278,249,16,False,False,Inter-Election,402,293,234,16,True,278.0,278.77,0.365,-0.0652,-0.77,-1.0,-1.134,249.0,248.43,0.183,0.0492,0.57,1.0,1.131,-19.86,-18.33,0.295,-0.1145,-1.53,-2.3,-1.367
2020-06-29,-19.611,40.19,43.53,41.75,14.72,278,249,16,False,False,Inter-Election,403,293,234,16,True,278.0,278.7,0.365,-0.0616,-0.7,-1.0,-1.075,249.0,248.47,0.183,0.0498,0.53,1.0,1.045,-19.83,-18.41,0.299,-0.1141,-1.42,-1.97,-1.272
2020-06-30,-19.569,40.22,43.53,41.75,14.72,278,249,16,False,False,Inter-Election,404,293,234,16,True,278.0,278.63,0.365,-0.0572,-0.63,-1.0,-1.024,249.0,248.5,0.183,0.0501,0.5,0.0,0.983,-19.78,-18.49,0.3,-0.1126,-1.29,-1.25,-1.164
2020-07-01,-19.428,40.29,43.53,41.75,14.72,278,249,16,False,False,Inter-Election,405,293,234,16,True,278.0,278.6,0.32,-0.0587,-0.6,-1.0,-0.965,249.0,248.53,0.183,0.0498,0.47,0.0,0.926,-19.73,-18.56,0.302,-0.1105,-1.17,-1.05,-1.066
2020-07-02,-19.466,40.27,43.53,41.75,14.72,278,249,16,False,False,Inter-Election,406,293,234,16,True,278.0,278.57,0.32,-0.0598,-0.57,0.0,-0.91,249.0,248.57,0.183,0.0492,0.43,0.0,0.853,-19.65,-18.63,0.3,-0.1092,-1.02,-0.3,-0.934
2020-07-03,-19.895,40.05,43.52,41.76,14.72,278,249,16,False,False,Inter-Election,407,293,234,16,True,278.0,278.53,0.32,-0.0605,-0.53,0.0,-0.843,249.0,248.6,0.183,0.0481,0.4,0.0,0.803,-19.67,-18.69,0.302,-0.1124,-0.98,-0.77,-0.885
2020-07-04,-19.778,40.11,43.52,41.76,14.72,278,249,16,False,False,Inter-Election,408,293,234,16,True,278.0,278.5,0.32,-0.0607,-0.5,0.0,-0.794,249.0,248.63,0.183,0.0465,0.37,0.0,0.755,-19.65,-18.77,0.297,-0.112,-0.88,-0.18,-0.797
2020-07-05,-18.933,40.53,43.55,41.74,14.71,279,249,15,False,False,Inter-Election,409,293,234,16,True,278.14,278.5,0.371,-0.0541,-0.36,1.0,-0.572,249.0,248.67,0.183,0.0445,0.33,0.0,0.688,-19.53,-18.82,0.332,-0.1025,-0.71,0.81,-0.666
2020-07-06,-18.953,40.52,43.55,41.74,14.71,279,249,15,False,False,Inter-Election,410,293,234,16,True,278.29,278.47,0.32,-0.0405,-0.18,1.0,-0.315,249.0,248.7,0.183,0.042,0.3,0.0,0.644,-19.43,-18.89,0.324,-0.0903,-0.54,0.86,-0.538
2020-07-07,-19.315,40.34,43.54,41.75,14.72,278,249,16,False,False,Inter-Election,411,293,234,16,True,278.29,278.4,0.365,-0.0329,-0.11,0.0,-0.221,249.0,248.73,0.183,0.0392,0.27,0.0,0.6,-19.4,-18.97,0.328,-0.0794,-0.43,0.61,-0.46
2020-07-08,-19.409,40.3,43.53,41.75,14.72,278,249,16,False,False,Inter-Election,412,293,234,16,True,278.29,278.37,0.32,-0.0314,-0.08,0.0,-0.163,249.0,248.77,0.183,0.0358,0.23,0.0,0.535,-19.39,-19.03,0.301,-0.0734,-0.36,0.41,-0.397
2020-07-09,-19.795,40.1,43.52,41.76,14.72,278,249,16,False,False,Inter-Election,413,293,234,16,True,278.29,278.33,0.32,-0.0294,-0.04,0.0,-0.083,249.0,248.8,0.183,0.032,0.2,0.0,0.492,-19.44,-19.09,0.307,-0.0701,-0.35,0.18,-0.394
2020-07-10,-20.012,39.99,43.51,41.77,14.72,278,249,16,False,False,Inter-Election,414,293,234,16,True,278.29,278.3,0.32,-0.0269,-0.01,0.0,-0.021,249.0,248.83,0.183,0.0278,0.17,0.0,0.448,-19.46,-19.18,0.302,-0.0654,-0.28,-0.21,-0.328
2020-07-11,-19.548,40.23,43.53,41.75,14.72,278,249,16,False,False,Inter-Election,415,293,234,16,True,278.29,278.27,0.32,-0.024,0.02,0.0,0.044,249.0,248.87,0.183,0.0231,0.13,0.0,0.376,-19.42,-19.24,0.318,-0.0571,-0.18,0.36,-0.224
2020-07-12,-19.257,40.37,43.54,41.75,14.72,278,249,16,False,False,Inter-Election,416,293,234,16,True,278.14,278.23,0.32,-0.0207,-0.09,0.0,-0.209,249.0,248.9,0.183,0.018,0.1,0.0,0.328,-19.47,-19.29,0.324,-0.046,-0.18,0.52,-0.242
2020-07-13,-19.115,40.44,43.54,41.74,14.71,278,249,16,False,False,Inter-Election,417,293,234,16,True,278.0,278.2,0.32,-0.0169,-0.2,0.0,-0.492,249.0,248.93,0.183,0.0125,0.07,0.0,0.276,-19.49,-19.35,0.322,-0.0316,-0.14,0.5,-0.215
2020-07-14,-19.01,40.49,43.55,41.74,14.71,279,249,15,False,False,Inter-Election,418,293,234,16,True,278.14,278.2,0.371,-0.0062,-0.06,1.0,-0.147,249.0,248.97,0.183,0.0065,0.03,0.0,0.164,-19.45,-19.4,0.323,-0.0165,-0.05,0.56,-0.091
2020-07-15,-19.088,40.46,43.54,41.74,14.71,278,249,16,False,False,Inter-Election,419,293,234,16,True,278.14,278.17,0.414,-0.002,-0.03,0.0,-0.079,249.0,249.0,0.183,-0.0,0.0,0.0,,-19.4,-19.45,0.322,-0.0023,0.05,0.34,0.113
2020-07-16,-19.028,40.49,43.55,41.74,14.71,279,249,15,False,False,Inter-Election,420,293,234,16,True,278.29,278.17,0.455,0.0091,0.12,1.0,0.317,249.0,249.0,0.0,-0.0,0.0,0.0,,-19.29,-19.47,0.3,0.0082,0.18,0.44,0.452
2020-07-17,-19.989,40.01,43.51,41.77,14.72,278,249,16,False,False,Inter-Election,421,293,234,16,True,278.29,278.13,0.49,0.0138,0.16,0.0,0.463,249.0,249.0,0.0,-0.0,0.0,0.0,,-19.29,-19.53,0.345,0.0124,0.24,-0.09,0.682
2020-07-18,-21.249,39.38,43.47,41.8,14.73,277,250,16,False,False,Inter-Election,422,293,234,16,True,278.14,278.1,0.49,0.0056,0.04,-1.0,0.099,249.14,249.03,0.183,0.0065,0.11,1.0,0.602,-19.53,-19.6,0.388,0.0038,0.07,-1.47,0.15
2020-07-19,-20.494,39.75,43.49,41.78,14.73,278,250,15,False,False,Inter-Election,423,293,234,16,True,278.14,278.1,0.525,0.0042,0.04,-1.0,0.099,249.29,249.07,0.183,0.0125,0.22,1.0,0.867,-19.71,-19.64,0.416,0.0013,-0.07,-1.56,-0.145
2020-07-20,-20.484,39.76,43.49,41.78,14.73,278,250,15,False,False,Inter-Election,424,293,234,16,True,278.14,278.1,0.525,0.0029,0.04,-1.0,0.099,249.43,249.1,0.183,0.018,0.33,1.0,1.082,-19.91,-19.67,0.408,-0.0038,-0.24,-1.53,-0.473
2020-07-21,-20.215,39.89,43.5,41.77,14.73,278,249,16,False,False,Inter-Election,425,293,234,16,True,278.0,278.1,0.525,0.0016,-0.1,0.0,-0.248,249.43,249.1,0.263,0.0167,0.33,0.0,1.082,-20.08,-19.69,0.411,-0.0078,-0.39,-0.9,-0.754
2020-07-22,-20.333,39.83,43.5,41.77,14.73,278,250,15,False,False,Inter-Election,426,293,234,16,True,278.0,278.1,0.525,0.0002,-0.1,0.0,-0.248,249.57,249.13,0.32,0.0218,0.44,1.0,1.273,-20.26,-19.71,0.411,-0.0128,-0.55,-0.92,-1.038
2020-07-23,-20.236,39.88,43.5,41.77,14.73,278,249,16,False,False,Inter-Election,427,293,234,16,True,277.86,278.1,0.525,-0.0011,-0.24,0.0,-0.596,249.57,249.13,0.371,0.02,0.44,0.0,1.273,-20.43,-19.72,0.411,-0.0177,-0.71,-0.44,-1.322
2020-07-24,-20.507,39.75,43.49,41.78,14.73,278,250,15,False,False,Inter-Election,428,293,234,16,True,277.86,278.1,0.525,-0.0024,-0.24,0.0,-0.596,249.71,249.17,0.414,0.0247,0.54,1.0,1.425,-20.5,-19.74,0.413,-0.0235,-0.76,-0.5,-1.367
2020-07-25,-20.539,39.73,43.49,41.78,14.73,278,250,15,False,False,Inter-Election,429,293,234,16,True,278.0,278.1,0.525,-0.0038,-0.1,0.0,-0.248,249.71,249.2,0.414,0.0289,0.51,1.0,1.254,-20.4,-19.76,0.413,-0.0303,-0.64,-0.99,-1.116
2020-07-26,-20.513,39.74,43.49,41.78,14.73,278,250,15,False,False,Inter-Election,430,293,234,16,True,278.0,278.1,0.525,-0.0051,-0.1,0.0,-0.248,249.71,249.23,0.414,0.0327,0.48,1.0,1.116,-20.4,-19.78,0.411,-0.0355,-0.62,-1.26,-1.051
2020-07-27,-20.828,39.59,43.48,41.79,14.73,278,250,15,False,False,Inter-Election,431,293,234,16,True,278.0,278.1,0.525,-0.0065,-0.1,0.0,-0.248,249.71,249.27,0.414,0.036,0.44,1.0,0.978,-20.45,-19.81,0.414,-0.0431,-0.64,-1.71,-1.032
2020-07-28,-21.337,39.33,43.46,41.8,14.74,277,250,16,False,False,Inter-Election,432,293,234,16,True,277.86,278.07,0.556,-0.0142,-0.21,-2.0,-0.467,249.86,249.3,0.414,0.0389,0.56,1.0,1.201,-20.61,-19.86,0.422,-0.0527,-0.75,-2.33,-1.104
2020-07-29,-21.731,39.13,43.45,41.81,14.74,277,250,16,False,False,Inter-Election,433,293,234,16,True,277.71,278.03,0.556,-0.0216,-0.32,-1.0,-0.653,249.86,249.33,0.414,0.0414,0.53,1.0,1.105,-20.81,-19.94,0.425,-0.063,-0.87,-2.64,-1.148
2020-07-30,-21.939,39.03,43.44,41.82,14.74,277,250,16,False,False,Inter-Election,434,293,234,16,True,277.57,278.0,0.556,-0.0285,-0.43,-2.0,-0.819,250.0,249.37,0.414,0.0434,0.63,1.0,1.285,-21.06,-20.01,0.425,-0.0734,-1.05,-2.91,-1.253
2020-07-31,-22.066,38.97,43.44,41.82,14.74,277,250,16,False,False,Inter-Election,435,293,234,16,True,277.43,277.97,0.556,-0.0349,-0.54,-1.0,-0.971,250.0,249.4,0.414,0.0449,0.6,1.0,1.204,-21.28,-20.1,0.423,-0.0826,-1.18,-2.08,-1.298
2020-08-01,-21.736,39.13,43.45,41.81,14.74,277,250,16,False,False,Inter-Election,436,293,234,16,True,277.29,277.93,0.556,-0.0409,-0.64,0.0,-1.097,250.0,249.43,0.414,0.0461,0.57,0.0,1.131,-21.45,-20.18,0.43,-0.0888,-1.27,-0.49,-1.339
2020-08-02,-21.803,39.1,43.45,41.81,14.74,277,250,16,False,False,Inter-Election,437,293,234,16,True,277.14,277.9,0.556,-0.0465,-0.76,-1.0,-1.251,250.0,249.47,0.414,0.0467,0.53,0.0,1.045,-21.63,-20.24,0.424,-0.0973,-1.39,-1.31,-1.402
2020-08-03,-21.781,39.11,43.45,41.81,14.74,277,250,16,False,False,Inter-Election,438,293,234,16,True,277.0,277.87,0.556,-0.0516,-0.87,-1.0,-1.384,250.0,249.5,0.414,0.0469,0.5,0.0,0.983,-21.77,-20.31,0.423,-0.104,-1.46,-1.3,-1.423
2020-08-04,-21.802,39.1,43.45,41.81,14.74,277,250,16,False,False,Inter-Election,439,293,234,16,True,277.0,277.8,0.521,-0.0494,-0.8,-1.0,-1.311,250.0,249.53,0.414,0.0467,0.47,1.0,0.926,-21.84,-20.4,0.387,-0.1042,-1.44,-1.59,-1.402
2020-08-05,-21.854,39.07,43.44,41.82,14.74,277,250,16,False,False,Inter-Election,440,293,234,16,True,277.0,277.73,0.521,-0.0463,-0.73,-1.0,-1.252,250.0,249.57,0.414,0.0461,0.43,0.0,0.853,-21.85,-20.5,0.387,-0.1035,-1.35,-1.52,-1.32
2020-08-06,-21.751,39.12,43.45,41.81,14.74,277,250,16,False,False,Inter-Election,441,293,234,16,True,277.0,277.7,0.49,-0.0492,-0.7,-1.0,-1.175,250.0,249.6,0.414,0.0449,0.4,1.0,0.803,-21.83,-20.58,0.385,-0.1034,-1.25,-1.52,-1.223
2020-08-07,-21.537,39.23,43.46,41.81,14.74,277,250,16,False,False,Inter-Election,442,293,234,16,True,277.0,277.67,0.49,-0.0516,-0.67,-1.0,-1.105,250.0,249.63,0.414,0.0434,0.37,0.0,0.755,-21.75,-20.65,0.389,-0.1015,-1.1,-1.03,-1.087
2020-08-08,-21.563,39.22,43.45,41.81,14.74,277,250,16,False,False,Inter-Election,443,293,234,16,True,277.0,277.63,0.49,-0.0536,-0.63,-1.0,-1.024,250.0,249.67,0.414,0.0414,0.33,0.0,0.688,-21.73,-20.71,0.384,-0.1015,-1.02,-1.02,-1.009
2020-08-09,-21.566,39.22,43.45,41.81,14.74,277,250,16,False,False,Inter-Election,444,293,234,16,True,277.0,277.6,0.49,-0.0552,-0.6,-1.0,-0.965,250.0,249.7,0.414,0.0389,0.3,0.0,0.644,-21.69,-20.76,0.383,-0.1022,-0.93,-1.05,-0.917
2020-08-10,-21.575,39.21,43.45,41.81,14.74,277,250,16,False,False,Inter-Election,445,293,234,16,True,277.0,277.57,0.49,-0.0563,-0.57,-1.0,-0.91,250.0,249.73,0.414,0.036,0.27,0.0,0.6,-21.66,-20.83,0.371,-0.099,-0.83,-0.75,-0.832
2020-08-11,-21.809,39.1,43.45,41.81,14.74,277,250,16,False,False,Inter-Election,446,293,234,16,True,277.0,277.53,0.49,-0.057,-0.53,0.0,-0.843,250.0,249.77,0.414,0.0327,0.23,0.0,0.535,-21.66,-20.92,0.366,-0.0945,-0.74,-0.47,-0.765
2020-08-12,-21.812,39.09,43.45,41.81,14.74,277,250,16,False,False,Inter-Election,447,293,234,16,True,277.0,277.5,0.49,-0.0572,-0.5,0.0,-0.794,250.0,249.8,0.414,0.0289,0.2,0.0,0.492,-21.66,-21.01,0.364,-0.0878,-0.65,-0.08,-0.708
2020-08-13,-21.854,39.07,43.44,41.82,14.74,277,250,16,False,False,Inter-Election,448,293,234,16,True,277.0,277.43,0.45,-0.0501,-0.43,0.0,-0.757,250.0,249.83,0.414,0.0247,0.17,0.0,0.448,-21.67,-21.1,0.362,-0.0795,-0.57,0.09,-0.671
2020-08-14,-21.308,39.35,43.46,41.8,14.74,277,250,16,False,False,Inter-Election,449,293,234,16,True,277.0,277.4,0.414,-0.0489,-0.4,0.0,-0.71,250.0,249.87,0.414,0.02,0.13,0.0,0.376,-21.64,-21.17,0.38,-0.067,-0.47,0.76,-0.619
2020-08-15,-21.529,39.24,43.46,41.81,14.74,277,250,16,False,False,Inter-Election,450,293,234,16,True,277.0,277.33,0.365,-0.0405,-0.33,0.0,-0.688,250.0,249.9,0.414,0.0149,0.1,0.0,0.328,-21.64,-21.26,0.38,-0.0545,-0.38,0.21,-0.59
2020-08-16,-21.539,39.23,43.46,41.81,14.74,277,250,16,False,False,Inter-Election,451,293,234,16,True,277.0,277.3,0.32,-0.038,-0.3,0.0,-0.644,250.0,249.93,0.414,0.0093,0.07,0.0,0.276,-21.63,-21.31,0.342,-0.0475,-0.32,0.26,-0.533
2020-08-17,-21.855,39.07,43.44,41.82,14.74,277,250,16,False,False,Inter-Election,452,293,234,16,True,277.0,277.3,0.263,-0.042,-0.3,0.0,-0.644,250.0,249.93,0.371,0.0102,0.07,0.0,0.276,-21.67,-21.33,0.261,-0.0506,-0.34,-0.07,-0.559
2020-08-18,-21.864,39.07,43.44,41.82,14.74,277,250,16,False,False,Inter-Election,453,293,234,16,True,277.0,277.27,0.183,-0.0392,-0.27,0.0,-0.6,250.0,249.93,0.371,0.0111,0.07,0.0,0.276,-21.68,-21.38,0.216,-0.0483,-0.3,-0.06,-0.505
2020-08-19,-22.03,38.99,43.44,41.82,14.74,277,250,16,False,False,Inter-Election,454,293,234,16,True,277.0,277.23,0.183,-0.0358,-0.23,0.0,-0.535,250.0,249.93,0.371,0.012,0.07,0.0,0.276,-21.71,-21.43,0.217,-0.0464,-0.28,-0.18,-0.482
2020-08-20,-22.21,38.89,43.43,41.83,14.74,277,250,16,False,False,Inter-Election,455,293,234,16,True,277.0,277.2,0.183,-0.032,-0.2,0.0,-0.492,250.0,249.97,0.32,0.006,0.03,0.0,0.164,-21.76,-21.49,0.21,-0.0431,-0.27,-0.46,-0.49
2020-08-21,-22.113,38.94,43.43,41.82,14.74,277,250,16,False,False,Inter-Election,456,293,234,16,True,277.0,277.17,0.183,-0.0278,-0.17,0.0,-0.448,250.0,249.97,0.263,0.0065,0.03,0.0,0.164,-21.88,-21.55,0.212,-0.0391,-0.33,-0.58,-0.639
2020-08-22,-21.824,39.09,43.44,41.81,14.74,277,250,16,False,False,Inter-Election,457,293,234,16,True,277.0,277.13,0.183,-0.0231,-0.13,0.0,-0.376,250.0,250.0,0.183,-0.0,0.0,0.0,,-21.92,-21.61,0.219,-0.0318,-0.31,-0.26,-0.682
2020-08-23,-21.776,39.11,43.45,41.81,14.74,277,250,16,False,False,Inter-Election,458,293,234,16,True,277.0,277.1,0.183,-0.018,-0.1,0.0,-0.328,250.0,250.0,0.0,-0.0,0.0,0.0,,-21.95,-21.65,0.216,-0.0253,-0.3,-0.21,-0.74
2020-08-24,-22.335,38.83,43.43,41.83,14.75,277,251,15,False,False,Inter-Election,459,293,234,16,True,277.0,277.07,0.183,-0.0125,-0.07,0.0,-0.276,250.14,250.03,0.183,0.0065,0.11,1.0,0.602,-22.02,-21.71,0.236,-0.0221,-0.31,-0.76,-0.846
2020-08-25,-22.308,38.85,43.43,41.83,14.75,277,251,15,False,False,Inter-Election,460,293,234,16,True,277.0,277.03,0.183,-0.0065,-0.03,0.0,-0.164,250.29,250.07,0.183,0.0125,0.22,1.0,0.867,-22.09,-21.77,0.236,-0.0177,-0.32,-0.5,-1.045
2020-08-26,-22.414,38.79,43.42,41.83,14.75,277,251,15,False,False,Inter-Election,461,293,234,16,True,277.0,277.0,0.183,-0.0,0.0,0.0,0.0,250.43,250.1,0.183,0.018,0.33,1.0,1.082,-22.14,-21.82,0.231,-0.0154,-0.32,-0.6,-1.169
2020-08-27,-22.458,38.77,43.42,41.83,14.75,277,251,15,False,False,Inter-Election,462,293,234,16,True,277.0,277.0,0.0,-0.0,0.0,0.0,0.0,250.57,250.13,0.183,0.0231,0.44,1.0,1.273,-22.18,-21.86,0.214,-0.0161,-0.32,-0.6,-1.136
2020-08-28,-22.254,38.87,43.43,41.83,14.74,277,250,16,False,False,Inter-Election,463,293,234,16,True,277.0,277.0,0.0,-0.0,0.0,0.0,0.0,250.57,250.13,0.263,0.0214,0.44,0.0,1.273,-22.2,-21.88,0.208,-0.0178,-0.32,-0.95,-1.105
2020-08-29,-21.664,39.17,43.45,41.81,14.74,277,250,16,False,False,Inter-Election,464,293,234,16,True,277.0,277.0,0.0,-0.0,0.0,0.0,0.0,250.57,250.13,0.263,0.0196,0.44,0.0,1.273,-22.17,-21.87,0.232,-0.0169,-0.3,-0.14,-1.028
2020-08-30,-21.568,39.22,43.45,41.81,14.74,277,250,16,False,False,Inter-Election,465,293,234,16,True,277.0,277.0,0.0,-0.0,0.0,0.0,0.0,250.57,250.13,0.263,0.0178,0.44,0.0,1.273,-22.14,-21.85,0.231,-0.0164,-0.29,-0.03,-0.985
2020-08-31,-20.69,39.66,43.49,41.78,14.73,278,250,15,False,False,Inter-Election,466,293,234,16,True,277.14,277.03,0.183,0.0065,0.11,1.0,0.602,250.43,250.13,0.263,0.016,0.3,0.0,0.868,-21.91,-21.81,0.274,-0.0081,-0.1,1.16,-0.276
2020-09-01,-21.332,39.33,43.46,41.8,14.74,277,250,16,False,False,Inter-Election,467,293,234,16,True,277.14,277.03,0.263,0.006,0.11,0.0,0.602,250.29,250.13,0.263,0.0142,0.16,0.0,0.463,-21.77,-21.8,0.301,-0.0049,0.03,0.53,0.08
2020-09-02,-21.245,39.38,43.47,41.8,14.73,277,250,16,False,False,Inter-Election,468,293,234,16,True,277.14,277.03,0.263,0.0056,0.11,0.0,0.602,250.14,250.13,0.263,0.0125,0.01,0.0,0.029,-21.6,-21.78,0.301,-0.0012,0.18,0.79,0.466
2020-09-03,-21.06,39.47,43.47,41.79,14.73,277,250,16,False,False,Inter-Election,469,293,234,16,True,277.14,277.03,0.263,0.0051,0.11,0.0,0.602,250.0,250.13,0.263,0.0107,-0.13,0.0,-0.376,-21.4,-21.76,0.302,0.0033,0.36,1.15,0.882
2020-09-04,-22.657,38.67,43.41,41.84,14.75,277,251,15,False,False,Inter-Election,470,293,234,16,True,277.14,277.03,0.263,0.0047,0.11,0.0,0.602,250.14,250.17,0.32,0.0154,-0.03,1.0,-0.079,-21.46,-21.78,0.423,-0.0032,0.32,-0.54,0.727
2020-09-05,-22.646,38.68,43.41,41.84,14.75,277,251,15,False,False,Inter-Election,471,293,234,16,True,277.14,277.03,0.263,0.0042,0.11,0.0,0.602,250.29,250.2,0.32,0.0196,0.09,1.0,0.221,-21.6,-21.81,0.423,-0.0085,0.21,-0.82,0.45
2020-09-06,-22.603,38.7,43.42,41.84,14.75,277,251,15,False,False,Inter-Election,472,293,234,16,True,277.14,277.03,0.263,0.0038,0.11,0.0,0.602,250.43,250.23,0.32,0.0234,0.2,1.0,0.465,-21.75,-21.85,0.42,-0.0117,0.1,-0.83,0.206
2020-09-07,-23.033,38.48,43.4,41.85,14.75,276,251,16,False,False,Inter-Election,473,293,234,16,True,276.86,277.0,0.32,-0.0031,-0.14,-1.0,-0.533,250.57,250.27,0.32,0.0267,0.3,0.0,0.667,-22.08,-21.9,0.426,-0.0174,-0.18,-0.7,-0.341
2020-09-08,-23.354,38.32,43.39,41.86,14.76,276,251,16,False,False,Inter-Election,474,293,234,16,True,276.71,276.97,0.32,-0.0096,-0.26,-1.0,-0.813,250.71,250.3,0.32,0.0296,0.41,0.0,0.88,-22.37,-21.96,0.429,-0.0245,-0.41,-1.05,-0.698
2020-09-09,-23.524,38.24,43.38,41.86,14.76,276,251,16,False,False,Inter-Election,475,293,234,16,True,276.57,276.93,0.32,-0.0156,-0.36,-1.0,-0.986,250.86,250.33,0.32,0.032,0.53,0.0,1.105,-22.7,-22.02,0.43,-0.0319,-0.68,-1.11,-1.05
2020-09-10,-23.828,38.09,43.37,41.87,14.76,276,251,16,False,False,Inter-Election,476,293,234,16,True,276.43,276.9,0.32,-0.0211,-0.47,-1.0,-1.167,251.0,250.37,0.32,0.034,0.63,0.0,1.285,-23.09,-22.09,0.431,-0.0421,-1.0,-1.37,-1.379
2020-09-11,-23.537,38.23,43.38,41.86,14.76,276,251,16,False,False,Inter-Election,477,293,234,16,True,276.29,276.87,0.32,-0.0263,-0.58,-1.0,-1.336,251.0,250.4,0.32,0.0356,0.6,1.0,1.204,-23.22,-22.15,0.436,-0.0495,-1.07,-1.28,-1.391
2020-09-12,-23.358,38.32,43.39,41.86,14.76,276,251,16,False,False,Inter-Election,478,293,234,16,True,276.14,276.83,0.32,-0.0309,-0.69,-1.0,-1.496,251.0,250.43,0.32,0.0367,0.57,1.0,1.131,-23.32,-22.2,0.438,-0.0553,-1.12,-1.69,-1.403
2020-09-13,-23.478,38.26,43.38,41.86,14.76,276,251,16,False,False,Inter-Election,479,293,234,16,True,276.0,276.8,0.32,-0.0352,-0.8,-1.0,-1.652,251.0,250.47,0.32,0.0374,0.53,1.0,1.045,-23.44,-22.27,0.423,-0.0575,-1.17,-1.91,-1.439
2020-09-14,-23.588,38.21,43.38,41.86,14.76,276,251,16,False,False,Inter-Election,480,293,234,16,True,276.0,276.77,0.32,-0.0389,-0.77,-2.0,-1.528,251.0,250.5,0.32,0.0376,0.5,1.0,0.983,-23.52,-22.34,0.422,-0.0609,-1.18,-2.9,-1.413
2020-09-15,-23.56,38.22,43.38,41.86,14.76,276,251,16,False,False,Inter-Election,481,293,234,16,True,276.0,276.73,0.32,-0.0423,-0.73,-1.0,-1.402,251.0,250.53,0.32,0.0374,0.47,1.0,0.926,-23.55,-22.41,0.422,-0.0632,-1.14,-2.23,-1.342
2020-09-16,-23.668,38.17,43.38,41.86,14.76,276,251,16,False,False,Inter-Election,482,293,234,16,True,276.0,276.7,0.32,-0.0452,-0.7,-1.0,-1.308,251.0,250.57,0.32,0.0367,0.43,1.0,0.853,-23.57,-22.47,0.42,-0.0676,-1.1,-2.42,-1.26
2020-09-17,-23.569,38.22,43.38,41.86,14.76,276,251,16,False,False,Inter-Election,483,293,234,16,True,276.0,276.67,0.32,-0.0476,-0.67,-1.0,-1.226,251.0,250.6,0.32,0.0356,0.4,1.0,0.803,-23.54,-22.52,0.421,-0.0705,-1.02,-2.51,-1.148
2020-09-18,-23.793,38.1,43.37,41.87,14.76,276,251,16,False,False,Inter-Election,484,293,234,16,True,276.0,276.63,0.32,-0.0496,-0.63,-1.0,-1.133,251.0,250.63,0.32,0.034,0.37,0.0,0.755,-23.57,-22.58,0.421,-0.0753,-0.99,-1.14,-1.085
2020-09-19,-23.552,38.22,43.38,41.86,14.76,276,251,16,False,False,Inter-Election,485,293,234,16,True,276.0,276.6,0.32,-0.0512,-0.6,-1.0,-1.065,251.0,250.67,0.32,0.032,0.33,0.0,0.688,-23.6,-22.63,0.424,-0.079,-0.97,-0.91,-1.047
2020-09-20,-23.629,38.19,43.38,41.86,14.76,276,251,16,False,False,Inter-Election,486,293,234,16,True,276.0,276.57,0.32,-0.0523,-0.57,-1.0,-1.003,251.0,250.7,0.32,0.0296,0.3,0.0,0.644,-23.62,-22.68,0.423,-0.082,-0.94,-1.03,-1.001
2020-09-21,-23.425,38.29,43.39,41.86,14.76,276,251,16,False,False,Inter-Election,487,293,234,16,True,276.0,276.53,0.32,-0.0529,-0.53,0.0,-0.928,251.0,250.73,0.32,0.0267,0.27,0.0,0.6,-23.6,-22.73,0.421,-0.0809,-0.87,-0.39,-0.931
2020-09-22,-23.388,38.31,43.39,41.86,14.76,276,251,16,False,False,Inter-Election,488,293,234,16,True,276.0,276.5,0.32,-0.0532,-0.5,0.0,-0.874,251.0,250.77,0.32,0.0234,0.23,0.0,0.535,-23.57,-22.78,0.421,-0.0786,-0.79,-0.03,-0.855
2020-09-23,-23.526,38.24,43.38,41.86,14.76,276,251,16,False,False,Inter-Election,489,293,234,16,True,276.0,276.47,0.32,-0.0529,-0.47,0.0,-0.823,251.0,250.77,0.263,0.0265,0.23,0.0,0.535,-23.55,-22.82,0.411,-0.0803,-0.73,-0.0,-0.786
2020-09-24,-23.6,38.2,43.38,41.86,14.76,276,251,16,False,False,Inter-Election,490,293,234,16,True,276.0,276.43,0.32,-0.0523,-0.43,0.0,-0.757,251.0,250.77,0.263,0.0296,0.23,0.0,0.535,-23.56,-22.87,0.411,-0.0817,-0.69,0.23,-0.738
2020-09-25,-23.545,38.23,43.38,41.86,14.76,276,251,16,False,False,Inter-Election,491,293,234,16,True,276.0,276.4,0.32,-0.0512,-0.4,0.0,-0.71,251.0,250.77,0.263,0.0327,0.23,0.0,0.535,-23.52,-22.9,0.411,-0.083,-0.62,-0.01,-0.661
2020-09-26,-23.374,38.31,43.39,41.86,14.76,276,251,16,False,False,Inter-Election,492,293,234,16,True,276.0,276.37,0.32,-0.0496,-0.37,0.0,-0.665,251.0,250.77,0.263,0.0358,0.23,0.0,0.535,-23.5,-22.93,0.413,-0.0829,-0.57,-0.02,-0.608
2020-09-27,-23.18,38.41,43.39,41.85,14.75,276,251,16,False,False,Inter-Election,493,293,234,16,True,276.0,276.33,0.32,-0.0476,-0.33,0.0,-0.604,251.0,250.8,0.183,0.032,0.2,0.0,0.492,-23.43,-22.97,0.412,-0.0798,-0.46,0.3,-0.495
2020-09-28,-23.529,38.24,43.38,41.86,14.76,276,251,16,False,False,Inter-Election,494,293,234,16,True,276.0,276.3,0.32,-0.0452,-0.3,0.0,-0.561,251.0,250.83,0.183,0.0278,0.17,0.0,0.448,-23.45,-23.03,0.399,-0.0745,-0.42,0.06,-0.466
2020-09-29,-23.852,38.07,43.37,41.87,14.76,276,251,16,False,False,Inter-Election,495,293,234,16,True,276.0,276.27,0.32,-0.0423,-0.27,0.0,-0.518,251.0,250.87,0.183,0.0231,0.13,0.0,0.376,-23.52,-23.1,0.401,-0.0697,-0.42,-0.29,-0.483
2020-09-30,-24.166,37.92,43.36,41.88,14.76,276,251,16,False,False,Inter-Election,496,293,234,16,True,276.0,276.2,0.254,-0.032,-0.2,0.0,-0.492,251.0,250.9,0.183,0.018,0.1,0.0,0.328,-23.61,-23.22,0.36,-0.0599,-0.39,-0.5,-0.511
2020-10-01,-24.015,37.99,43.36,41.87,14.76,276,251,16,False,False,Inter-Election,497,293,234,16,True,276.0,276.17,0.183,-0.0278,-0.17,0.0,-0.448,251.0,250.93,0.183,0.0125,0.07,0.0,0.276,-23.67,-23.31,0.349,-0.052,-0.36,-0.45,-0.524
2020-10-02,-24.029,37.99,43.36,41.87,14.76,276,251,16,False,False,Inter-Election,498,293,234,16,True,276.0,276.13,0.183,-0.0231,-0.13,0.0,-0.376,251.0,250.97,0.183,0.0065,0.03,0.0,0.164,-23.73,-23.4,0.348,-0.0424,-0.33,-0.24,-0.571
2020-10-03,-24.464,37.77,43.35,41.89,14.77,276,252,15,False,False,Inter-Election,499,293,234,16,True,276.0,276.1,0.183,-0.018,-0.1,0.0,-0.328,251.14,251.03,0.254,0.0065,0.11,1.0,0.602,-23.89,-23.52,0.349,-0.0331,-0.37,-0.91,-0.896
2020-10-04,-24.449,37.78,43.35,41.89,14.77,276,252,15,False,False,Inter-Election,500,293,234,16,True,276.0,276.07,0.183,-0.0125,-0.07,0.0,-0.276,251.29,251.07,0.183,0.0125,0.22,1.0,0.867,-24.07,-23.58,0.208,-0.0332,-0.49,-0.82,-1.183
2020-10-05,-24.499,37.75,43.35,41.89,14.77,276,252,15,False,False,Inter-Election,501,293,234,16,True,276.0,276.03,0.183,-0.0065,-0.03,0.0,-0.164,251.43,251.1,0.183,0.018,0.33,1.0,1.082,-24.21,-23.64,0.208,-0.0328,-0.57,-1.07,-1.394
2020-10-06,-24.609,37.7,43.34,41.89,14.77,276,252,15,False,False,Inter-Election,502,293,234,16,True,276.0,276.0,0.183,-0.0,0.0,0.0,0.0,251.57,251.13,0.183,0.0231,0.44,1.0,1.273,-24.32,-23.7,0.207,-0.0319,-0.62,-1.22,-1.558
2020-10-07,-24.667,37.67,43.34,41.89,14.77,275,252,16,False,False,Inter-Election,503,293,234,16,True,275.86,275.97,0.183,-0.0065,-0.11,-1.0,-0.602,251.71,251.17,0.183,0.0278,0.54,1.0,1.425,-24.39,-23.76,0.195,-0.0335,-0.63,-1.14,-1.521
2020-10-08,-25.119,37.44,43.32,41.9,14.77,275,252,16,False,False,Inter-Election,504,293,234,16,True,275.71,275.93,0.183,-0.0125,-0.22,-1.0,-0.867,251.86,251.2,0.183,0.032,0.66,1.0,1.622,-24.55,-23.82,0.203,-0.0395,-0.73,-1.52,-1.535
2020-10-09,-25.226,37.39,43.32,41.91,14.77,275,252,16,False,False,Inter-Election,505,293,234,16,True,275.57,275.9,0.183,-0.018,-0.33,-1.0,-1.082,252.0,251.23,0.183,0.0358,0.77,1.0,1.79,-24.72,-23.87,0.202,-0.0466,-0.85,-1.68,-1.583
2020-10-10,-26.422,36.79,43.28,41.94,14.78,275,253,15,False,False,Inter-Election,506,293,234,16,True,275.43,275.87,0.183,-0.0231,-0.44,-1.0,-1.273,252.14,251.3,0.254,0.0456,0.84,2.0,1.57,-25.0,-23.96,0.287,-0.0627,-1.04,-3.05,-1.464
2020-10-11,-26.392,36.8,43.28,41.94,14.78,275,253,15,False,False,Inter-Election,507,293,234,16,True,275.29,275.83,0.183,-0.0278,-0.54,-1.0,-1.425,252.29,251.37,0.254,0.0545,0.92,2.0,1.496,-25.28,-24.06,0.279,-0.0754,-1.22,-3.21,-1.466
2020-10-12,-25.982,37.01,43.29,41.93,14.78,275,252,16,False,False,Inter-Election,508,293,234,16,True,275.14,275.8,0.183,-0.032,-0.66,-1.0,-1.622,252.29,251.4,0.32,0.0561,0.89,1.0,1.432,-25.49,-24.14,0.29,-0.0831,-1.35,-2.45,-1.513
2020-10-13,-26.118,36.94,43.29,41.93,14.78,275,252,16,False,False,Inter-Election,509,293,234,16,True,275.0,275.77,0.183,-0.0358,-0.77,-1.0,-1.79,252.29,251.43,0.32,0.0572,0.86,1.0,1.374,-25.7,-24.23,0.29,-0.0912,-1.47,-2.27,-1.543
2020-10-14,-26.383,36.81,43.28,41.94,14.78,275,253,15,False,False,Inter-Election,510,293,234,16,True,275.0,275.73,0.183,-0.0392,-0.73,-1.0,-1.623,252.43,251.5,0.365,0.0643,0.93,2.0,1.363,-25.95,-24.32,0.292,-0.1007,-1.63,-2.22,-1.596
2020-10-15,-25.967,37.02,43.29,41.93,14.78,275,252,16,False,False,Inter-Election,511,293,234,16,True,275.0,275.7,0.183,-0.042,-0.7,-1.0,-1.502,252.43,251.53,0.414,0.0641,0.9,1.0,1.321,-26.07,-24.4,0.306,-0.106,-1.67,-1.95,-1.585
2020-10-16,-25.923,37.04,43.29,41.93,14.78,275,252,16,False,False,Inter-Election,512,293,234,16,True,275.0,275.67,0.183,-0.0445,-0.67,-1.0,-1.397,252.43,251.57,0.414,0.0634,0.86,1.0,1.267,-26.17,-24.48,0.307,-0.1107,-1.69,-1.89,-1.566
2020-10-17,-25.958,37.02,43.29,41.93,14.78,275,252,16,False,False,Inter-Election,513,293,234,16,True,275.0,275.63,0.183,-0.0465,-0.63,-1.0,-1.285,252.29,251.6,0.414,0.0623,0.69,0.0,1.023,-26.1,-24.56,0.305,-0.114,-1.54,-1.49,-1.403
2020-10-18,-25.942,37.03,43.29,41.93,14.78,275,252,16,False,False,Inter-Election,514,293,234,16,True,275.0,275.6,0.183,-0.0481,-0.6,-1.0,-1.204,252.14,251.63,0.414,0.0607,0.51,0.0,0.763,-26.04,-24.63,0.304,-0.1176,-1.41,-1.49,-1.263
2020-10-19,-26.214,36.89,43.28,41.93,14.78,275,252,16,False,False,Inter-Election,515,293,234,16,True,275.0,275.57,0.183,-0.0492,-0.57,-1.0,-1.131,252.14,251.67,0.414,0.0587,0.47,0.0,0.711,-26.07,-24.72,0.3,-0.1204,-1.35,-1.72,-1.192
2020-10-20,-25.978,37.01,43.29,41.93,14.78,275,252,16,False,False,Inter-Election,516,293,234,16,True,275.0,275.53,0.183,-0.0498,-0.53,-1.0,-1.045,252.14,251.7,0.414,0.0563,0.44,0.0,0.676,-26.05,-24.8,0.306,-0.121,-1.25,-1.37,-1.1
2020-10-21,-26.478,36.76,43.27,41.94,14.78,275,253,15,False,False,Inter-Election,517,293,234,16,True,275.0,275.5,0.183,-0.0501,-0.5,0.0,-0.983,252.14,251.77,0.45,0.0598,0.37,1.0,0.545,-26.07,-24.9,0.311,-0.1223,-1.17,-1.81,-1.021
2020-10-22,-26.209,36.9,43.28,41.93,14.78,275,252,16,False,False,Inter-Election,518,293,234,16,True,275.0,275.47,0.183,-0.0498,-0.47,0.0,-0.926,252.14,251.8,0.49,0.0561,0.34,0.0,0.512,-26.1,-24.99,0.317,-0.1204,-1.11,-1.09,-0.98
2020-10-23,-25.943,37.03,43.29,41.93,14.78,275,252,16,False,False,Inter-Election,519,293,234,16,True,275.0,275.43,0.183,-0.0492,-0.43,0.0,-0.853,252.14,251.83,0.49,0.0518,0.31,0.0,0.479,-26.1,-25.07,0.324,-0.1164,-1.03,-0.72,-0.927
2020-10-24,-26.027,36.99,43.29,41.93,14.78,275,252,16,False,False,Inter-Election,520,293,234,16,True,275.0,275.4,0.183,-0.0481,-0.4,0.0,-0.803,252.14,251.87,0.49,0.0472,0.27,-1.0,0.429,-26.11,-25.16,0.324,-0.1123,-0.95,0.39,-0.873
2020-10-25,-25.901,37.05,43.3,41.93,14.78,275,252,16,False,False,Inter-Election,521,293,234,16,True,275.0,275.37,0.183,-0.0465,-0.37,0.0,-0.755,252.14,251.9,0.49,0.042,0.24,-1.0,0.395,-26.11,-25.23,0.325,-0.106,-0.88,0.49,-0.837
2020-10-26,-25.991,37.0,43.29,41.93,14.78,275,252,16,False,False,Inter-Election,522,293,234,16,True,275.0,275.33,0.183,-0.0445,-0.33,0.0,-0.688,252.14,251.93,0.49,0.0365,0.21,0.0,0.36,-26.08,-25.32,0.322,-0.0981,-0.76,-0.01,-0.76
2020-10-27,-25.994,37.0,43.29,41.93,14.78,275,252,16,False,False,Inter-Election,523,293,234,16,True,275.0,275.3,0.183,-0.042,-0.3,0.0,-0.644,252.14,251.97,0.49,0.0305,0.17,0.0,0.306,-26.08,-25.41,0.318,-0.0877,-0.67,0.12,-0.728
2020-10-28,-25.971,37.01,43.29,41.93,14.78,275,252,16,False,False,Inter-Election,524,293,234,16,True,275.0,275.27,0.183,-0.0392,-0.27,0.0,-0.6,252.0,252.0,0.49,0.024,0.0,-1.0,0.0,-26.01,-25.5,0.315,-0.0783,-0.51,0.41,-0.597
2020-10-29,-25.843,37.08,43.3,41.92,14.78,275,252,16,False,False,Inter-Election,525,293,234,16,True,275.0,275.23,0.183,-0.0358,-0.23,0.0,-0.535,252.0,252.03,0.49,0.0171,-0.03,0.0,-0.061,-25.95,-25.56,0.313,-0.0691,-0.39,0.12,-0.489
2020-10-30,-25.88,37.06,43.3,41.92,14.78,275,252,16,False,False,Inter-Election,526,293,234,16,True,275.0,275.2,0.183,-0.032,-0.2,0.0,-0.492,252.0,252.07,0.49,0.0098,-0.07,0.0,-0.156,-25.94,-25.62,0.31,-0.0616,-0.32,0.04,-0.425
2020-10-31,-25.477,37.26,43.31,41.91,14.78,275,252,16,False,False,Inter-Election,527,293,234,16,True,275.0,275.17,0.183,-0.0278,-0.17,0.0,-0.448,252.0,252.1,0.49,0.002,-0.1,0.0,-0.248,-25.87,-25.67,0.319,-0.0496,-0.2,0.48,-0.289
2020-11-01,-25.595,37.2,43.31,41.92,14.78,275,252,16,False,False,Inter-Election,528,293,234,16,True,275.0,275.13,0.183,-0.0231,-0.13,0.0,-0.376,252.0,252.13,0.49,-0.0062,-0.13,0.0,-0.376,-25.82,-25.72,0.319,-0.0378,-0.1,0.35,-0.162
2020-11-02,-25.468,37.27,43.31,41.91,14.78,275,252,16,False,False,Inter-Election,529,293,234,16,True,275.0,275.1,0.183,-0.018,-0.1,0.0,-0.328,252.0,252.13,0.455,-0.008,-0.13,0.0,-0.376,-25.75,-25.75,0.312,-0.0275,0.0,0.75,0.0
2020-11-03,-25.063,37.47,43.33,41.9,14.77,275,252,16,False,False,Inter-Election,530,293,234,16,True,275.0,275.07,0.183,-0.0125,-0.07,0.0,-0.276,252.0,252.13,0.455,-0.0098,-0.13,0.0,-0.376,-25.61,-25.77,0.322,-0.014,0.16,0.92,0.299
2020-11-04,-24.404,37.8,43.35,41.88,14.77,276,252,15,False,False,Inter-Election,531,293,234,16,True,275.14,275.07,0.263,-0.0,0.07,1.0,0.276,252.0,252.13,0.455,-0.0116,-0.13,-1.0,-0.376,-25.39,-25.77,0.345,0.0036,0.38,2.07,0.7
2020-11-05,-24.01,38.0,43.36,41.87,14.76,276,251,16,False,False,Inter-Election,532,293,234,16,True,275.29,275.07,0.263,0.0125,0.22,1.0,0.867,251.86,252.1,0.49,-0.0198,-0.24,-1.0,-0.596,-25.13,-25.75,0.352,0.023,0.62,2.2,1.041
2020-11-06,-23.727,38.14,43.37,41.87,14.76,276,251,16,False,False,Inter-Election,533,293,234,16,True,275.43,275.1,0.183,0.018,0.33,1.0,1.082,251.71,252.07,0.49,-0.0276,-0.36,-1.0,-0.8,-24.82,-25.72,0.355,0.0435,0.9,2.22,1.335
2020-11-07,-23.557,38.22,43.38,41.86,14.76,276,251,16,False,False,Inter-Election,534,293,234,16,True,275.57,275.13,0.183,0.0231,0.44,1.0,1.273,251.57,252.03,0.49,-0.0349,-0.46,-1.0,-0.939,-24.55,-25.67,0.344,0.0616,1.12,2.47,1.445
2020-11-08,-23.541,38.23,43.38,41.86,14.76,276,251,16,False,False,Inter-Election,535,293,234,16,True,275.71,275.17,0.183,0.0278,0.54,1.0,1.425,251.43,252.0,0.49,-0.0418,-0.57,-1.0,-1.085,-24.25,-25.61,0.342,0.0784,1.36,2.36,1.574
2020-11-09,-23.803,38.1,43.37,41.87,14.76,276,251,16,False,False,Inter-Election,536,293,234,16,True,275.86,275.2,0.183,0.032,0.66,1.0,1.622,251.29,251.93,0.45,-0.0414,-0.64,-1.0,-1.229,-24.02,-25.52,0.256,0.0845,1.5,2.19,1.648
2020-11-10,-24.212,37.89,43.36,41.88,14.76,276,251,16,False,False,Inter-Election,537,293,234,16,True,276.0,275.23,0.183,0.0358,0.77,1.0,1.79,251.14,251.87,0.45,-0.04,-0.73,-1.0,-1.439,-23.89,-25.45,0.272,0.087,1.56,1.78,1.685
2020-11-11,-24.693,37.65,43.34,41.89,14.77,275,252,16,False,False,Inter-Election,538,293,234,16,True,275.86,275.23,0.263,0.0327,0.63,0.0,1.464,251.14,251.87,0.455,-0.0383,-0.73,0.0,-1.439,-23.93,-25.41,0.282,0.0882,1.48,1.28,1.591
2020-11-12,-23.798,38.1,43.37,41.87,14.76,276,251,16,False,False,Inter-Election,539,293,234,16,True,275.86,275.27,0.32,0.036,0.59,1.0,1.312,251.14,251.83,0.49,-0.0429,-0.69,-1.0,-1.3,-23.9,-25.33,0.32,0.0937,1.43,2.05,1.482
2020-11-13,-23.859,38.07,43.37,41.87,14.76,276,251,16,False,False,Inter-Election,540,293,234,16,True,275.86,275.3,0.32,0.0389,0.56,1.0,1.201,251.14,251.77,0.45,-0.0403,-0.63,-1.0,-1.25,-23.92,-25.25,0.314,0.096,1.33,2.02,1.357
2020-11-14,-23.841,38.08,43.37,41.87,14.76,276,251,16,False,False,Inter-Election,541,293,234,16,True,275.86,275.33,0.32,0.0414,0.53,1.0,1.105,251.14,251.73,0.414,-0.0436,-0.59,-1.0,-1.133,-23.96,-25.18,0.308,0.1001,1.22,1.64,1.217
2020-11-15,-23.853,38.07,43.37,41.87,14.76,276,251,16,False,False,Inter-Election,542,293,234,16,True,275.86,275.37,0.32,0.0434,0.49,1.0,1.0,251.14,251.7,0.414,-0.0465,-0.56,-1.0,-1.047,-24.01,-25.11,0.308,0.1035,1.1,1.74,1.078
2020-11-16,-23.827,38.09,43.37,41.87,14.76,276,251,16,False,False,Inter-Election,543,293,234,16,True,275.86,275.4,0.32,0.0449,0.46,1.0,0.923,251.14,251.67,0.414,-0.0489,-0.53,-1.0,-0.97,-24.01,-25.04,0.308,0.1059,1.03,1.64,0.997
2020-11-17,-23.833,38.08,43.37,41.87,14.76,276,251,16,False,False,Inter-Election,544,293,234,16,True,275.86,275.43,0.32,0.0461,0.43,1.0,0.853,251.14,251.63,0.414,-0.0509,-0.49,-1.0,-0.881,-23.96,-24.97,0.308,0.1074,1.01,1.23,0.97
2020-11-18,-23.894,38.05,43.37,41.87,14.76,276,251,16,False,False,Inter-Election,545,293,234,16,True,276.0,275.47,0.32,0.0467,0.53,0.0,1.045,251.0,251.6,0.414,-0.0525,-0.6,-1.0,-1.065,-23.84,-24.89,0.302,0.1057,1.05,0.51,1.018
2020-11-19,-23.569,38.22,43.38,41.86,14.76,276,251,16,False,False,Inter-Election,546,293,234,16,True,276.0,275.5,0.32,0.0469,0.5,0.0,0.983,251.0,251.57,0.414,-0.0536,-0.57,0.0,-1.003,-23.81,-24.81,0.304,0.1067,1.0,0.44,0.964
2020-11-20,-23.574,38.21,43.38,41.86,14.76,276,251,16,False,False,Inter-Election,547,293,234,16,True,276.0,275.53,0.32,0.0467,0.47,0.0,0.926,251.0,251.5,0.365,-0.0474,-0.5,0.0,-0.983,-23.77,-24.71,0.285,0.1032,0.94,0.15,0.929
2020-11-21,-23.007,38.5,43.4,41.85,14.75,276,251,16,False,False,Inter-Election,548,293,234,16,True,276.0,275.57,0.32,0.0461,0.43,0.0,0.853,251.0,251.47,0.32,-0.0472,-0.47,0.0,-0.926,-23.65,-24.61,0.296,0.1038,0.96,0.55,0.944
2020-11-22,-22.956,38.52,43.4,41.85,14.75,276,251,16,False,False,Inter-Election,549,293,234,16,True,276.0,275.6,0.32,0.0449,0.4,0.0,0.803,251.0,251.43,0.32,-0.0465,-0.43,0.0,-0.853,-23.52,-24.51,0.294,0.1053,0.99,0.59,0.963
2020-11-23,-22.689,38.66,43.41,41.84,14.75,277,251,15,False,False,Inter-Election,550,293,234,16,True,276.14,275.67,0.365,0.0498,0.47,1.0,0.86,251.0,251.4,0.32,-0.0454,-0.4,0.0,-0.803,-23.36,-24.39,0.294,0.1065,1.03,1.11,0.992
2020-11-24,-23.387,38.31,43.39,41.86,14.76,276,251,16,False,False,Inter-Election,551,293,234,16,True,276.14,275.7,0.414,0.0474,0.44,0.0,0.822,251.0,251.37,0.32,-0.0438,-0.37,0.0,-0.755,-23.3,-24.31,0.329,0.1026,1.01,0.82,0.996
2020-11-25,-23.904,38.05,43.37,41.87,14.76,276,251,16,False,False,Inter-Election,552,293,234,16,True,276.14,275.73,0.414,0.0445,0.41,1.0,0.787,251.0,251.33,0.32,-0.0418,-0.33,-1.0,-0.688,-23.3,-24.24,0.345,0.0936,0.94,0.79,0.974
2020-11-26,-24.322,37.84,43.35,41.88,14.76,276,252,15,False,False,Inter-Election,553,293,234,16,True,276.14,275.77,0.414,0.0412,0.37,0.0,0.734,251.14,251.33,0.371,-0.0329,-0.19,1.0,-0.396,-23.41,-24.19,0.357,0.081,0.78,-0.52,0.86
2020-11-27,-24.712,37.64,43.34,41.89,14.77,275,252,16,False,False,Inter-Election,554,293,234,16,True,276.0,275.77,0.455,0.0309,0.23,-1.0,0.456,251.29,251.33,0.371,-0.024,-0.04,1.0,-0.083,-23.57,-24.14,0.366,0.0653,0.57,-0.85,0.672
2020-11-28,-24.723,37.64,43.34,41.89,14.77,275,252,16,False,False,Inter-Election,555,293,234,16,True,275.86,275.77,0.455,0.0207,0.09,-1.0,0.179,251.43,251.33,0.371,-0.0151,0.1,1.0,0.209,-23.81,-24.11,0.366,0.0498,0.3,-0.88,0.378
2020-11-29,-24.78,37.61,43.34,41.9,14.77,275,252,16,False,False,Inter-Election,556,293,234,16,True,275.71,275.77,0.455,0.0105,-0.06,-1.0,-0.119,251.57,251.33,0.371,-0.0062,0.24,1.0,0.501,-24.07,-24.07,0.366,0.0332,0.0,-0.93,0.0
2020-11-30,-24.707,37.65,43.34,41.89,14.77,275,252,16,False,False,Inter-Election,557,293,234,16,True,275.43,275.77,0.455,0.0002,-0.34,-1.0,-0.675,251.71,251.33,0.371,0.0027,0.38,1.0,0.793,-24.36,-24.04,0.359,0.0194,-0.32,-0.88,-0.461
2020-12-01,-24.525,37.74,43.35,41.89,14.77,276,252,15,False,False,Inter-Election,558,293,234,16,True,275.43,275.8,0.49,-0.0036,-0.37,0.0,-0.764,251.86,251.33,0.371,0.0116,0.53,1.0,1.105,-24.52,-24.01,0.359,0.0056,-0.51,-0.69,-0.802
2020-12-02,-24.003,38.0,43.36,41.87,14.76,276,251,16,False,False,Inter-Election,559,293,234,16,True,275.43,275.83,0.49,-0.0078,-0.4,0.0,-0.867,251.86,251.3,0.414,0.014,0.56,0.0,1.201,-24.54,-23.96,0.37,-0.0044,-0.58,-0.11,-1.012
2020-12-03,-24.213,37.89,43.36,41.88,14.76,276,251,16,False,False,Inter-Election,560,293,234,16,True,275.43,275.87,0.49,-0.0125,-0.44,0.0,-1.013,251.71,251.27,0.414,0.0169,0.44,0.0,0.978,-24.52,-23.93,0.366,-0.0137,-0.59,-0.64,-1.099
2020-12-04,-24.383,37.81,43.35,41.88,14.76,276,252,15,False,False,Inter-Election,561,293,234,16,True,275.57,275.87,0.455,-0.0107,-0.3,0.0,-0.691,251.71,251.27,0.455,0.0267,0.44,1.0,0.978,-24.48,-23.93,0.348,-0.0199,-0.55,-0.81,-1.026
2020-12-05,-24.139,37.93,43.36,41.88,14.76,276,251,16,False,False,Inter-Election,562,293,234,16,True,275.71,275.87,0.455,-0.0089,-0.16,0.0,-0.369,251.57,251.27,0.455,0.0231,0.3,0.0,0.667,-24.39,-23.93,0.343,-0.0217,-0.46,-1.13,-0.856
2020-12-06,-24.236,37.88,43.36,41.88,14.76,276,251,16,False,False,Inter-Election,563,293,234,16,True,275.86,275.87,0.455,-0.0071,-0.01,0.0,-0.023,251.43,251.27,0.455,0.0196,0.16,0.0,0.356,-24.32,-23.95,0.339,-0.0223,-0.37,-1.28,-0.687
2020-12-07,-23.872,38.06,43.37,41.87,14.76,276,251,16,False,False,Inter-Election,564,293,234,16,True,276.0,275.87,0.455,-0.0053,0.13,-1.0,0.299,251.29,251.27,0.455,0.016,0.02,0.0,0.044,-24.2,-23.96,0.345,-0.019,-0.24,-1.18,-0.45
2020-12-08,-24.481,37.76,43.35,41.89,14.77,276,252,15,False,False,Inter-Election,565,293,234,16,True,276.0,275.87,0.455,-0.0036,0.13,0.0,0.299,251.29,251.3,0.49,0.0189,-0.01,1.0,-0.021,-24.19,-23.99,0.361,-0.0195,-0.2,-1.09,-0.373
2020-12-09,-24.471,37.76,43.35,41.89,14.77,276,252,15,False,False,Inter-Election,566,293,234,16,True,276.0,275.87,0.455,-0.0018,0.13,0.0,0.299,251.43,251.33,0.49,0.0214,0.1,1.0,0.209,-24.26,-24.02,0.359,-0.0213,-0.24,-0.57,-0.443
2020-12-10,-24.384,37.81,43.35,41.88,14.76,276,252,15,False,False,Inter-Election,567,293,234,16,True,276.0,275.87,0.455,-0.0,0.13,0.0,0.299,251.57,251.37,0.49,0.0234,0.2,0.0,0.408,-24.28,-24.02,0.352,-0.025,-0.26,-0.06,-0.478
2020-12-11,-24.703,37.65,43.34,41.89,14.77,275,252,16,False,False,Inter-Election,568,293,234,16,True,275.86,275.87,0.455,-0.0116,-0.01,0.0,-0.023,251.57,251.37,0.455,0.0318,0.2,0.0,0.408,-24.33,-24.02,0.345,-0.034,-0.31,0.01,-0.569
2020-12-12,-24.668,37.67,43.34,41.89,14.77,275,252,16,False,False,Inter-Election,569,293,234,16,True,275.71,275.83,0.414,-0.0162,-0.12,0.0,-0.26,251.71,251.4,0.414,0.0334,0.31,0.0,0.622,-24.4,-24.05,0.301,-0.0366,-0.35,0.05,-0.63
2020-12-13,-24.692,37.65,43.34,41.89,14.77,275,252,16,False,False,Inter-Election,570,293,234,16,True,275.57,275.8,0.414,-0.0205,-0.23,0.0,-0.475,251.86,251.43,0.414,0.0345,0.43,0.0,0.853,-24.47,-24.08,0.301,-0.0395,-0.39,0.09,-0.689
2020-12-14,-24.001,38.0,43.36,41.87,14.76,276,251,16,False,False,Inter-Election,571,293,234,16,True,275.57,275.8,0.455,-0.0178,-0.23,1.0,-0.475,251.86,251.43,0.455,0.0287,0.43,-1.0,0.853,-24.49,-24.08,0.329,-0.0373,-0.41,0.71,-0.726
2020-12-15,-23.511,38.24,43.38,41.86,14.76,276,251,16,False,False,Inter-Election,572,293,234,16,True,275.57,275.8,0.455,-0.0151,-0.23,0.0,-0.475,251.71,251.43,0.455,0.0229,0.28,-1.0,0.556,-24.35,-24.07,0.341,-0.032,-0.28,1.01,-0.489
2020-12-16,-23.176,38.41,43.4,41.85,14.75,276,251,16,False,False,Inter-Election,573,293,234,16,True,275.57,275.8,0.455,-0.0125,-0.23,0.0,-0.475,251.57,251.43,0.455,0.0171,0.14,0.0,0.278,-24.16,-24.05,0.346,-0.0246,-0.11,0.83,-0.185
2020-12-17,-23.174,38.41,43.4,41.85,14.75,276,251,16,False,False,Inter-Election,574,293,234,16,True,275.57,275.8,0.455,-0.0098,-0.23,0.0,-0.475,251.43,251.43,0.455,0.0113,0.0,0.0,0.0,-23.99,-24.03,0.346,-0.0174,0.04,1.04,0.065
2020-12-18,-23.092,38.45,43.4,41.85,14.75,276,251,16,False,False,Inter-Election,575,293,234,16,True,275.71,275.8,0.455,-0.0071,-0.09,0.0,-0.186,251.29,251.43,0.455,0.0056,-0.14,-1.0,-0.278,-23.76,-24.0,0.346,-0.0104,0.24,1.29,0.376
2020-12-19,-23.037,38.48,43.4,41.85,14.75,276,251,16,False,False,Inter-Election,576,293,234,16,True,275.86,275.8,0.455,-0.0044,0.06,0.0,0.124,251.14,251.43,0.455,-0.0002,-0.29,0.0,-0.575,-23.53,-23.98,0.341,-0.0012,0.45,1.1,0.685
2020-12-20,-22.951,38.52,43.4,41.85,14.75,276,251,16,False,False,Inter-Election,577,293,234,16,True,276.0,275.8,0.455,-0.0018,0.2,0.0,0.413,251.0,251.43,0.455,-0.006,-0.43,0.0,-0.853,-23.28,-23.96,0.341,0.0083,0.68,1.28,1.0
2020-12-21,-22.543,38.73,43.42,41.83,14.75,277,251,15,False,False,Inter-Election,578,293,234,16,True,276.14,275.83,0.49,0.0073,0.31,1.0,0.584,251.0,251.43,0.455,-0.0118,-0.43,0.0,-0.853,-23.07,-23.95,0.334,0.024,0.88,1.33,1.244
2020-12-22,-23.697,38.15,43.38,41.87,14.76,276,251,16,False,False,Inter-Election,579,293,234,16,True,276.14,275.83,0.525,0.0096,0.31,0.0,0.584,251.0,251.43,0.455,-0.0176,-0.43,-1.0,-0.853,-23.1,-23.97,0.396,0.0325,0.87,0.78,1.272
2020-12-23,-24.409,37.8,43.35,41.88,14.77,276,252,15,False,False,Inter-Election,580,293,234,16,True,276.14,275.8,0.49,0.0187,0.34,0.0,0.702,251.14,251.47,0.49,-0.0169,-0.33,0.0,-0.65,-23.27,-24.03,0.411,0.0385,0.76,0.06,1.181
2020-12-24,-24.512,37.74,43.35,41.89,14.77,276,252,15,False,False,Inter-Election,581,293,234,16,True,276.14,275.8,0.455,0.0214,0.34,0.0,0.702,251.29,251.5,0.49,-0.0167,-0.21,0.0,-0.413,-23.46,-24.07,0.393,0.0398,0.61,-0.13,0.957
2020-12-25,-24.443,37.78,43.35,41.89,14.77,276,252,15,False,False,Inter-Election,582,293,234,16,True,276.14,275.8,0.455,0.024,0.34,1.0,0.702,251.43,251.53,0.49,-0.0169,-0.1,0.0,-0.197,-23.66,-24.09,0.383,0.0385,0.43,0.26,0.671
2020-12-26,-24.551,37.72,43.34,41.89,14.77,276,252,15,False,False,Inter-Election,583,293,234,16,True,276.14,275.8,0.455,0.0267,0.34,1.0,0.702,251.57,251.53,0.455,-0.0107,0.04,0.0,0.079,-23.87,-24.09,0.376,0.0339,0.22,0.12,0.341
2020-12-27,-24.555,37.72,43.34,41.89,14.77,276,252,15,False,False,Inter-Election,584,293,234,16,True,276.14,275.83,0.414,0.0225,0.31,1.0,0.672,251.71,251.53,0.455,-0.0044,0.18,0.0,0.355,-24.1,-24.09,0.369,0.0266,-0.01,0.14,-0.016
2020-12-28,-24.479,37.76,43.35,41.89,14.77,276,252,15,False,False,Inter-Election,585,293,234,16,True,276.0,275.87,0.414,0.0178,0.13,0.0,0.299,251.86,251.53,0.455,0.0018,0.33,1.0,0.65,-24.38,-24.08,0.369,0.0197,-0.3,-0.48,-0.474
2020-12-29,-24.496,37.75,43.35,41.89,14.77,276,252,15,False,False,Inter-Election,586,293,234,16,True,276.0,275.9,0.414,0.0127,0.1,0.0,0.248,252.0,251.53,0.455,0.008,0.47,1.0,0.926,-24.49,-24.07,0.369,0.0122,-0.42,-0.98,-0.672
2020-12-30,-24.211,37.89,43.36,41.88,14.76,276,251,16,False,False,Inter-Election,587,293,234,16,True,276.0,275.93,0.414,0.0071,0.07,0.0,0.192,251.86,251.5,0.49,0.0078,0.36,0.0,0.708,-24.46,-24.05,0.372,0.0069,-0.41,-1.04,-0.668
2020-12-31,-24.41,37.79,43.35,41.88,14.77,276,252,15,False,False,Inter-Election,588,293,234,16,True,276.0,275.93,0.371,0.008,0.07,0.0,0.192,251.86,251.5,0.525,0.0145,0.36,1.0,0.708,-24.45,-24.05,0.373,0.0014,-0.4,-1.24,-0.655
2021-01-01,-23.976,38.01,43.37,41.87,14.76,276,251,16,False,False,Inter-Election,589,293,234,16,True,276.0,275.93,0.371,0.0089,0.07,0.0,0.192,251.71,251.5,0.525,0.0078,0.21,0.0,0.413,-24.38,-24.05,0.369,0.0022,-0.33,-0.88,-0.54
2021-01-02,-23.692,38.15,43.38,41.87,14.76,276,251,16,False,False,Inter-Election,590,293,234,16,True,276.0,275.93,0.371,0.0098,0.07,0.0,0.192,251.57,251.5,0.525,0.0011,0.07,0.0,0.138,-24.26,-24.03,0.37,0.0033,-0.23,-0.66,-0.375
2021-01-03,-23.482,38.26,43.38,41.86,14.76,276,251,16,False,False,Inter-Election,591,293,234,16,True,276.0,275.93,0.371,0.0107,0.07,0.0,0.192,251.43,251.47,0.49,0.0013,-0.04,0.0,-0.079,-24.11,-24.0,0.37,0.0045,-0.11,-0.53,-0.178
2021-01-04,-22.671,38.66,43.41,41.84,14.75,277,251,15,False,False,Inter-Election,592,293,234,16,True,276.14,275.97,0.414,0.018,0.17,0.0,0.411,251.29,251.47,0.455,-0.0049,-0.18,0.0,-0.355,-23.85,-23.95,0.395,0.0121,0.1,-0.13,0.151
2021-01-05,-22.218,38.89,43.43,41.83,14.74,277,250,16,False,False,Inter-Election,593,293,234,16,True,276.29,276.0,0.414,0.0249,0.29,1.0,0.638,251.0,251.43,0.49,-0.0176,-0.43,-1.0,-0.757,-23.52,-23.89,0.401,0.0213,0.37,1.48,0.505
2021-01-06,-22.258,38.87,43.43,41.83,14.74,277,250,16,False,False,Inter-Election,594,293,234,16,True,276.43,276.03,0.414,0.0314,0.4,1.0,0.816,250.86,251.4,0.49,-0.0298,-0.54,-2.0,-0.869,-23.24,-23.83,0.397,0.0319,0.59,2.15,0.747
2021-01-07,-22.456,38.77,43.42,41.83,14.75,277,251,15,False,False,Inter-Election,595,293,234,16,True,276.57,276.07,0.414,0.0374,0.5,1.0,0.96,250.71,251.37,0.49,-0.0283,-0.66,-1.0,-1.073,-22.96,-23.76,0.38,0.0363,0.8,2.06,0.977
2021-01-08,-22.515,38.74,43.42,41.83,14.75,277,251,15,False,False,Inter-Election,596,293,234,16,True,276.71,276.1,0.414,0.0429,0.61,1.0,1.114,250.71,251.33,0.49,-0.0263,-0.62,-1.0,-1.022,-22.76,-23.7,0.381,0.0395,0.94,1.93,1.122
2021-01-09,-22.856,38.57,43.41,41.84,14.75,276,251,16,False,False,Inter-Election,597,293,234,16,True,276.71,276.1,0.455,0.0416,0.61,0.0,1.114,250.71,251.3,0.49,-0.0238,-0.59,-1.0,-0.99,-22.64,-23.65,0.388,0.0402,1.01,1.69,1.2
2021-01-10,-22.839,38.58,43.41,41.84,14.75,276,251,16,False,False,Inter-Election,598,293,234,16,True,276.71,276.13,0.414,0.0334,0.58,0.0,1.143,250.71,251.27,0.49,-0.0209,-0.56,-1.0,-0.96,-22.54,-23.59,0.382,0.0382,1.05,1.72,1.266
2021-01-11,-22.947,38.53,43.4,41.85,14.75,276,251,16,False,False,Inter-Election,599,293,234,16,True,276.57,276.17,0.414,0.0247,0.4,0.0,0.867,250.71,251.23,0.49,-0.0176,-0.52,-1.0,-0.915,-22.58,-23.53,0.383,0.0348,0.95,1.53,1.171
2021-01-12,-22.713,38.64,43.41,41.84,14.75,277,251,15,False,False,Inter-Election,600,293,234,16,True,276.57,276.23,0.45,0.022,0.34,1.0,0.79,250.86,251.2,0.49,-0.0138,-0.34,-1.0,-0.617,-22.65,-23.46,0.384,0.032,0.81,1.78,1.02
2021-01-13,-22.42,38.79,43.42,41.83,14.75,277,251,15,False,False,Inter-Election,601,293,234,16,True,276.57,276.27,0.414,0.0254,0.3,1.0,0.667,251.0,251.2,0.455,-0.0165,-0.2,0.0,-0.363,-22.68,-23.41,0.368,0.0351,0.73,1.79,0.902
2021-01-14,-23.627,38.19,43.38,41.86,14.76,276,251,16,False,False,Inter-Election,602,293,234,16,True,276.43,276.27,0.455,0.0218,0.16,0.0,0.356,251.0,251.2,0.455,-0.0191,-0.2,-1.0,-0.363,-22.85,-23.41,0.425,0.033,0.56,0.78,0.691
2021-01-15,-22.978,38.51,43.4,41.85,14.75,276,251,16,False,False,Inter-Election,603,293,234,16,True,276.29,276.27,0.455,0.0182,0.02,0.0,0.044,251.0,251.2,0.455,-0.0218,-0.2,0.0,-0.363,-22.91,-23.41,0.437,0.0374,0.5,1.0,0.615
2021-01-16,-22.374,38.81,43.42,41.83,14.75,277,251,15,False,False,Inter-Election,604,293,234,16,True,276.43,276.3,0.49,0.0211,0.13,1.0,0.279,251.0,251.2,0.455,-0.0245,-0.2,0.0,-0.363,-22.84,-23.38,0.451,0.0457,0.54,1.32,0.648
2021-01-17,-22.375,38.81,43.42,41.83,14.75,277,251,15,False,False,Inter-Election,605,293,234,16,True,276.57,276.33,0.49,0.0236,0.24,1.0,0.501,251.0,251.2,0.455,-0.0271,-0.2,0.0,-0.363,-22.78,-23.36,0.45,0.0541,0.58,1.11,0.681
2021-01-18,-21.72,39.14,43.45,41.81,14.74,277,250,16,False,False,Inter-Election,606,293,234,16,True,276.71,276.37,0.49,0.0256,0.34,0.0,0.694,250.86,251.17,0.49,-0.0363,-0.31,-1.0,-0.524,-22.6,-23.31,0.465,0.0669,0.71,0.95,0.787
2021-01-19,-22.338,38.83,43.43,41.83,14.75,277,251,15,False,False,Inter-Election,607,293,234,16,True,276.71,276.4,0.49,0.0271,0.31,0.0,0.622,250.86,251.17,0.525,-0.0385,-0.31,1.0,-0.524,-22.55,-23.29,0.48,0.0757,0.74,-0.12,0.807
2021-01-20,-22.275,38.86,43.43,41.83,14.74,277,251,15,False,False,Inter-Election,608,293,234,16,True,276.71,276.4,0.455,0.0352,0.31,0.0,0.622,250.86,251.17,0.525,-0.0407,-0.31,1.0,-0.524,-22.53,-23.28,0.475,0.0874,0.75,-0.02,0.81
2021-01-21,-22.118,38.94,43.43,41.82,14.74,277,250,16,False,False,Inter-Election,609,293,234,16,True,276.86,276.43,0.414,0.0363,0.43,0.0,0.853,250.71,251.13,0.556,-0.0494,-0.42,-1.0,-0.668,-22.31,-23.23,0.421,0.0921,0.92,0.34,0.972
2021-01-22,-22.512,38.74,43.42,41.83,14.75,277,251,15,False,False,Inter-Election,610,293,234,16,True,277.0,276.47,0.414,0.0369,0.53,0.0,1.045,250.71,251.1,0.556,-0.0443,-0.39,0.0,-0.642,-22.24,-23.17,0.405,0.0886,0.93,0.0,1.002
2021-01-23,-22.73,38.64,43.41,41.84,14.75,277,251,15,False,False,Inter-Election,611,293,234,16,True,277.0,276.5,0.414,0.0372,0.5,1.0,0.983,250.71,251.07,0.556,-0.0387,-0.36,0.0,-0.617,-22.3,-23.11,0.407,0.0821,0.81,0.13,0.905
2021-01-24,-22.591,38.7,43.42,41.84,14.75,277,251,15,False,False,Inter-Election,612,293,234,16,True,277.0,276.53,0.414,0.0369,0.47,1.0,0.926,250.71,251.03,0.556,-0.0327,-0.32,0.0,-0.575,-22.33,-23.05,0.408,0.0763,0.72,0.25,0.834
2021-01-25,-23.143,38.43,43.4,41.85,14.75,276,251,16,False,False,Inter-Election,613,293,234,16,True,276.86,276.53,0.455,0.0298,0.33,0.0,0.65,250.86,251.0,0.556,-0.0263,-0.14,0.0,-0.267,-22.53,-23.0,0.422,0.0653,0.47,-0.2,0.576
2021-01-26,-23.225,38.39,43.39,41.85,14.75,276,251,16,False,False,Inter-Election,614,293,234,16,True,276.71,276.53,0.455,0.0227,0.18,-1.0,0.355,250.86,250.97,0.556,-0.0194,-0.11,0.0,-0.224,-22.66,-22.95,0.422,0.0531,0.29,-0.51,0.38
2021-01-27,-22.961,38.52,43.4,41.85,14.75,276,251,16,False,False,Inter-Election,615,293,234,16,True,276.57,276.53,0.455,0.0156,0.04,-1.0,0.079,250.86,250.93,0.556,-0.012,-0.07,0.0,-0.156,-22.75,-22.9,0.424,0.0425,0.15,-0.54,0.212
2021-01-28,-23.0,38.5,43.4,41.85,14.75,276,251,16,False,False,Inter-Election,616,293,234,16,True,276.43,276.53,0.455,0.0085,-0.1,0.0,-0.197,251.0,250.9,0.556,-0.0042,0.1,0.0,0.248,-22.88,-22.85,0.424,0.0309,-0.03,0.63,-0.047
2021-01-29,-22.976,38.51,43.4,41.85,14.75,276,251,16,False,False,Inter-Election,617,293,234,16,True,276.29,276.53,0.455,0.0013,-0.24,0.0,-0.473,251.0,250.9,0.525,-0.0029,0.1,0.0,0.248,-22.95,-22.81,0.422,0.0208,-0.14,0.0,-0.239
2021-01-30,-23.131,38.43,43.4,41.85,14.75,276,251,16,False,False,Inter-Election,618,293,234,16,True,276.14,276.53,0.455,-0.0058,-0.39,-1.0,-0.769,251.0,250.87,0.49,0.0053,0.13,0.0,0.376,-23.0,-22.77,0.421,0.0077,-0.23,-0.76,-0.453
2021-01-31,-23.02,38.49,43.4,41.85,14.75,276,251,16,False,False,Inter-Election,619,293,234,16,True,276.0,276.53,0.455,-0.0129,-0.53,-1.0,-1.045,251.0,250.87,0.455,0.0071,0.13,0.0,0.376,-23.07,-22.74,0.415,-0.0022,-0.33,-0.64,-0.722
2021-02-01,-23.242,38.38,43.39,41.85,14.75,276,251,16,False,False,Inter-Election,620,293,234,16,True,276.0,276.53,0.455,-0.02,-0.53,-1.0,-1.045,251.0,250.87,0.455,0.0089,0.13,1.0,0.376,-23.08,-22.72,0.415,-0.012,-0.36,-1.52,-0.835
2021-02-02,-23.373,38.31,43.39,41.86,14.76,276,251,16,False,False,Inter-Election,621,293,234,16,True,276.0,276.53,0.455,-0.0271,-0.53,-1.0,-1.045,251.0,250.87,0.455,0.0107,0.13,0.0,0.376,-23.1,-22.72,0.414,-0.0214,-0.38,-1.04,-0.894
2021-02-03,-23.336,38.33,43.39,41.86,14.75,276,251,16,False,False,Inter-Election,622,293,234,16,True,276.0,276.5,0.414,-0.0274,-0.5,-1.0,-0.983,251.0,250.87,0.455,0.0125,0.13,0.0,0.376,-23.15,-22.74,0.385,-0.0251,-0.41,-1.06,-0.933
2021-02-04,-23.485,38.26,43.38,41.86,14.76,276,251,16,False,False,Inter-Election,623,293,234,16,True,276.0,276.47,0.414,-0.0271,-0.47,-1.0,-0.926,251.0,250.9,0.414,0.0073,0.1,1.0,0.328,-23.22,-22.78,0.375,-0.0263,-0.44,-1.37,-0.982
2021-02-05,-23.377,38.31,43.39,41.86,14.76,276,251,16,False,False,Inter-Election,624,293,234,16,True,276.0,276.43,0.414,-0.0265,-0.43,-1.0,-0.853,251.0,250.93,0.414,0.0018,0.07,0.0,0.276,-23.28,-22.82,0.376,-0.0265,-0.46,-0.86,-1.023
2021-02-06,-23.463,38.27,43.38,41.86,14.76,276,251,16,False,False,Inter-Election,625,293,234,16,True,276.0,276.4,0.414,-0.0254,-0.4,-1.0,-0.803,251.0,250.93,0.371,0.0027,0.07,0.0,0.276,-23.33,-22.86,0.375,-0.0281,-0.47,-0.73,-1.025
2021-02-07,-23.491,38.25,43.38,41.86,14.76,276,251,16,False,False,Inter-Election,626,293,234,16,True,276.0,276.37,0.414,-0.0238,-0.37,-1.0,-0.755,251.0,250.93,0.371,0.0036,0.07,0.0,0.276,-23.4,-22.89,0.375,-0.0298,-0.51,-0.9,-1.089
2021-02-08,-23.345,38.33,43.39,41.86,14.76,276,251,16,False,False,Inter-Election,627,293,234,16,True,276.0,276.37,0.371,-0.0287,-0.37,0.0,-0.755,251.0,250.93,0.371,0.0044,0.07,0.0,0.276,-23.41,-22.9,0.371,-0.0326,-0.51,-0.2,-1.072
2021-02-09,-23.579,38.21,43.38,41.86,14.76,276,251,16,False,False,Inter-Election,628,293,234,16,True,276.0,276.37,0.371,-0.0336,-0.37,0.0,-0.755,251.0,250.93,0.371,0.0053,0.07,0.0,0.276,-23.44,-22.93,0.373,-0.0365,-0.51,-0.35,-1.039
2021-02-10,-24.598,37.7,43.34,41.89,14.77,276,252,15,False,False,Inter-Election,629,293,234,16,True,276.0,276.37,0.371,-0.0385,-0.37,0.0,-0.755,251.14,250.97,0.414,0.0127,0.17,1.0,0.532,-23.62,-22.98,0.415,-0.0473,-0.64,-1.64,-1.107
2021-02-11,-23.613,38.19,43.38,41.86,14.76,276,251,16,False,False,Inter-Election,630,293,234,16,True,276.0,276.33,0.32,-0.0365,-0.33,0.0,-0.688,251.14,250.97,0.455,0.0131,0.17,0.0,0.532,-23.64,-23.01,0.454,-0.0495,-0.63,-0.61,-1.074
2021-02-12,-23.758,38.12,43.37,41.87,14.76,276,251,16,False,False,Inter-Election,631,293,234,16,True,276.0,276.3,0.32,-0.034,-0.3,0.0,-0.644,251.14,250.97,0.455,0.0136,0.17,0.0,0.532,-23.69,-23.06,0.45,-0.0502,-0.63,-0.78,-1.066
2021-02-13,-23.25,38.37,43.39,41.85,14.75,276,251,16,False,False,Inter-Election,632,293,234,16,True,276.0,276.3,0.263,-0.038,-0.3,0.0,-0.644,251.14,250.97,0.455,0.014,0.17,0.0,0.532,-23.66,-23.05,0.404,-0.0554,-0.61,-0.12,-1.048
2021-02-14,-23.242,38.38,43.39,41.85,14.75,276,251,16,False,False,Inter-Election,633,293,234,16,True,276.0,276.3,0.263,-0.042,-0.3,0.0,-0.644,251.14,250.97,0.455,0.0145,0.17,0.0,0.532,-23.63,-23.05,0.386,-0.0562,-0.58,-0.22,-0.994
2021-02-15,-23.082,38.46,43.4,41.85,14.75,276,251,16,False,False,Inter-Election,634,293,234,16,True,276.0,276.27,0.183,-0.0392,-0.27,0.0,-0.6,251.14,250.97,0.455,0.0149,0.17,0.0,0.532,-23.59,-23.08,0.37,-0.0517,-0.51,0.16,-0.896
2021-02-16,-22.909,38.55,43.4,41.84,14.75,276,251,16,False,False,Inter-Election,635,293,234,16,True,276.0,276.23,0.183,-0.0358,-0.23,0.0,-0.535,251.14,250.97,0.455,0.0154,0.17,0.0,0.532,-23.49,-23.1,0.371,-0.0457,-0.39,0.46,-0.704
2021-02-17,-24.068,37.97,43.36,41.88,14.76,276,251,16,False,False,Inter-Election,636,293,234,16,True,276.0,276.2,0.183,-0.032,-0.2,0.0,-0.492,251.0,251.0,0.414,0.0089,0.0,0.0,0.0,-23.42,-23.17,0.404,-0.0425,-0.25,-0.73,-0.483
2021-02-18,-24.379,37.81,43.35,41.88,14.76,276,252,15,False,False,Inter-Election,637,293,234,16,True,276.0,276.17,0.183,-0.0278,-0.17,0.0,-0.448,251.14,251.03,0.414,0.0154,0.11,1.0,0.344,-23.53,-23.24,0.394,-0.0445,-0.29,-0.89,-0.539
2021-02-19,-25.117,37.44,43.32,41.9,14.77,275,252,16,False,False,Inter-Election,638,293,234,16,True,275.86,276.1,0.254,-0.0296,-0.24,-1.0,-0.596,251.29,251.07,0.414,0.0214,0.22,1.0,0.602,-23.72,-23.34,0.412,-0.0499,-0.38,-1.74,-0.626
2021-02-20,-25.659,37.17,43.3,41.92,14.78,275,252,16,False,False,Inter-Election,639,293,234,16,True,275.71,276.03,0.254,-0.0305,-0.32,-1.0,-0.773,251.43,251.13,0.365,0.02,0.3,1.0,0.868,-24.07,-23.46,0.417,-0.0565,-0.61,-2.2,-0.872
2021-02-21,-25.551,37.22,43.31,41.92,14.78,275,252,16,False,False,Inter-Election,640,293,234,16,True,275.57,275.97,0.254,-0.0305,-0.4,-1.0,-0.967,251.57,251.17,0.32,0.0247,0.4,1.0,1.055,-24.4,-23.56,0.415,-0.0635,-0.84,-2.06,-1.085
2021-02-22,-26.02,36.99,43.29,41.93,14.78,275,252,16,False,False,Inter-Election,641,293,234,16,True,275.43,275.9,0.254,-0.0296,-0.47,-1.0,-1.167,251.71,251.2,0.32,0.0289,0.51,1.0,1.254,-24.81,-23.67,0.42,-0.0737,-1.14,-2.68,-1.297
2021-02-23,-26.474,36.76,43.27,41.94,14.78,275,253,15,False,False,Inter-Election,642,293,234,16,True,275.29,275.83,0.254,-0.0278,-0.54,-1.0,-1.425,252.0,251.27,0.365,0.0392,0.73,2.0,1.402,-25.32,-23.8,0.422,-0.0844,-1.52,-2.89,-1.53
2021-02-24,-27.156,36.42,43.25,41.96,14.79,274,253,16,False,False,Inter-Election,643,293,234,16,True,275.0,275.77,0.254,-0.0385,-0.77,-2.0,-1.528,252.29,251.33,0.365,0.0485,0.96,1.0,1.583,-25.77,-23.93,0.427,-0.1016,-1.84,-2.56,-1.587
2021-02-25,-27.329,36.34,43.24,41.96,14.79,274,253,16,False,False,Inter-Election,644,293,234,16,True,274.71,275.7,0.254,-0.0483,-0.99,-2.0,-1.661,252.43,251.4,0.365,0.057,1.03,2.0,1.527,-26.19,-24.07,0.427,-0.1187,-2.12,-3.72,-1.623
2021-02-26,-26.93,36.54,43.26,41.95,14.79,274,253,16,False,False,Inter-Election,645,293,234,16,True,274.57,275.63,0.254,-0.0572,-1.06,-2.0,-1.585,252.57,251.47,0.365,0.0645,1.1,2.0,1.506,-26.45,-24.2,0.432,-0.1295,-2.25,-3.17,-1.62
2021-02-27,-27.26,36.37,43.25,41.96,14.79,274,253,16,False,False,Inter-Election,646,293,234,16,True,274.43,275.57,0.254,-0.0652,-1.14,-2.0,-1.566,252.71,251.53,0.365,0.0712,1.18,2.0,1.52,-26.67,-24.34,0.433,-0.141,-2.33,-4.01,-1.578
2021-02-28,-27.299,36.35,43.24,41.96,14.79,274,253,16,False,False,Inter-Election,647,293,234,16,True,274.29,275.5,0.254,-0.0723,-1.21,-2.0,-1.558,252.86,251.6,0.365,0.077,1.26,2.0,1.549,-26.92,-24.48,0.432,-0.1507,-2.44,-4.06,-1.576
2021-03-01,-27.511,36.24,43.24,41.97,14.79,274,253,16,False,False,Inter-Election,648,293,234,16,True,274.14,275.43,0.254,-0.0785,-1.29,-2.0,-1.579,253.0,251.67,0.365,0.0819,1.33,2.0,1.575,-27.14,-24.63,0.433,-0.1609,-2.51,-4.43,-1.548
2021-03-02,-27.945,36.03,43.22,41.98,14.8,274,253,16,False,False,Inter-Election,649,293,234,16,True,274.0,275.37,0.254,-0.0839,-1.37,-2.0,-1.611,253.0,251.73,0.365,0.0859,1.27,2.0,1.463,-27.35,-24.79,0.433,-0.1712,-2.56,-5.04,-1.506
2021-03-03,-28.498,35.75,43.2,42.0,14.8,273,254,16,False,False,Inter-Election,650,293,234,16,True,273.86,275.27,0.305,-0.0948,-1.41,-3.0,-1.493,253.14,251.83,0.403,0.0954,1.31,3.0,1.379,-27.54,-24.97,0.439,-0.1844,-2.57,-4.43,-1.426
2021-03-04,-28.382,35.81,43.2,41.99,14.8,273,254,16,False,False,Inter-Election,651,293,234,16,True,273.71,275.17,0.305,-0.1043,-1.46,-3.0,-1.431,253.29,251.93,0.403,0.1037,1.36,2.0,1.34,-27.69,-25.14,0.442,-0.1954,-2.55,-4.0,-1.357
2021-03-05,-27.893,36.05,43.22,41.98,14.8,274,253,16,False,False,Inter-Election,652,293,234,16,True,273.71,275.1,0.365,-0.1061,-1.39,-1.0,-1.351,253.29,252.0,0.45,0.1041,1.29,1.0,1.268,-27.83,-25.29,0.456,-0.2007,-2.54,-2.78,-1.328
2021-03-06,-28.645,35.68,43.19,42.0,14.81,273,254,16,False,False,Inter-Election,653,293,234,16,True,273.57,275.0,0.403,-0.1135,-1.43,-2.0,-1.321,253.43,252.1,0.481,0.1101,1.33,2.0,1.252,-28.02,-25.46,0.469,-0.2099,-2.56,-2.99,-1.296
2021-03-07,-28.603,35.7,43.2,42.0,14.81,273,254,16,False,False,Inter-Election,654,293,234,16,True,273.43,274.9,0.403,-0.1195,-1.47,-2.0,-1.307,253.57,252.2,0.481,0.1148,1.37,2.0,1.251,-28.21,-25.63,0.468,-0.2158,-2.58,-3.05,-1.28
2021-03-08,-29.169,35.42,43.18,42.01,14.81,273,254,16,False,False,Inter-Election,655,293,234,16,True,273.29,274.8,0.403,-0.1241,-1.51,-2.0,-1.305,253.71,252.3,0.481,0.1181,1.41,2.0,1.26,-28.45,-25.83,0.473,-0.2237,-2.62,-3.15,-1.264
2021-03-09,-28.859,35.57,43.19,42.01,14.81,273,254,16,False,False,Inter-Election,656,293,234,16,True,273.14,274.7,0.403,-0.1275,-1.56,-2.0,-1.323,253.86,252.4,0.481,0.1201,1.46,1.0,1.289,-28.58,-26.0,0.481,-0.2271,-2.58,-2.39,-1.231
2021-03-10,-28.655,35.67,43.19,42.0,14.81,273,254,16,False,False,Inter-Election,657,293,234,16,True,273.14,274.6,0.403,-0.1295,-1.46,-1.0,-1.225,253.86,252.5,0.481,0.1208,1.36,1.0,1.196,-28.6,-26.18,0.483,-0.2259,-2.42,-1.5,-1.159
2021-03-11,-28.284,35.86,43.21,41.99,14.8,274,254,15,False,False,Inter-Election,658,293,234,16,True,273.29,274.53,0.45,-0.1237,-1.24,0.0,-1.063,253.86,252.6,0.481,0.1201,1.26,1.0,1.112,-28.59,-26.34,0.493,-0.2215,-2.25,-0.95,-1.091
2021-03-12,-28.359,35.82,43.21,41.99,14.8,273,254,16,False,False,Inter-Election,659,293,234,16,True,273.14,274.43,0.481,-0.1235,-1.29,-1.0,-1.107,254.0,252.67,0.45,0.125,1.33,1.0,1.152,-28.65,-26.46,0.465,-0.2226,-2.19,-1.43,-1.06
2021-03-13,-28.588,35.71,43.2,42.0,14.81,273,254,16,False,False,Inter-Election,660,293,234,16,True,273.14,274.33,0.481,-0.1219,-1.19,-1.0,-1.031,254.0,252.77,0.403,0.1221,1.23,1.0,1.084,-28.65,-26.63,0.415,-0.2166,-2.02,-1.33,-0.996
2021-03-14,-28.698,35.65,43.19,42.0,14.81,273,254,16,False,False,Inter-Election,661,293,234,16,True,273.14,274.23,0.481,-0.119,-1.09,-1.0,-0.96,254.0,252.87,0.403,0.1179,1.13,1.0,1.022,-28.66,-26.79,0.415,-0.2102,-1.87,-1.4,-0.941
2021-03-15,-28.772,35.61,43.19,42.0,14.81,273,254,16,False,False,Inter-Election,662,293,234,16,True,273.14,274.13,0.481,-0.1148,-0.99,-1.0,-0.895,254.0,252.97,0.403,0.1123,1.03,1.0,0.966,-28.6,-26.98,0.396,-0.1985,-1.62,-1.26,-0.852
2021-03-16,-28.323,35.84,43.21,41.99,14.8,274,254,15,False,False,Inter-Election,663,293,234,16,True,273.29,274.07,0.521,-0.1028,-0.78,0.0,-0.744,254.0,253.07,0.403,0.1055,0.93,1.0,0.916,-28.53,-27.15,0.411,-0.1814,-1.38,-0.38,-0.775
2021-03-17,-28.029,35.99,43.22,41.98,14.8,274,253,16,False,False,Inter-Election,664,293,234,16,True,273.43,274.0,0.521,-0.0899,-0.57,1.0,-0.58,253.86,253.13,0.45,0.0908,0.73,-1.0,0.779,-28.44,-27.31,0.416,-0.159,-1.13,0.47,-0.701
2021-03-18,-28.303,35.85,43.21,41.99,14.8,274,254,15,False,False,Inter-Election,665,293,234,16,True,273.43,273.93,0.521,-0.0761,-0.5,1.0,-0.551,253.86,253.23,0.481,0.0816,0.63,0.0,0.734,-28.44,-27.49,0.411,-0.1351,-0.95,0.08,-0.684
2021-03-19,-28.323,35.84,43.21,41.99,14.8,274,254,15,False,False,Inter-Election,666,293,234,16,True,273.57,273.87,0.521,-0.0614,-0.3,0.0,-0.366,253.86,253.33,0.481,0.0712,0.53,1.0,0.699,-28.43,-27.63,0.368,-0.1168,-0.8,-0.43,-0.647
2021-03-20,-27.865,36.07,43.22,41.98,14.8,274,253,16,False,False,Inter-Election,667,293,234,16,True,273.71,273.8,0.521,-0.0458,-0.09,1.0,-0.126,253.71,253.37,0.49,0.0598,0.34,-1.0,0.473,-28.33,-27.75,0.382,-0.0959,-0.58,0.78,-0.54
2021-03-21,-27.804,36.1,43.23,41.98,14.8,274,253,16,False,False,Inter-Election,668,293,234,16,True,273.86,273.77,0.49,-0.0363,0.09,1.0,0.133,253.57,253.4,0.49,0.0481,0.17,-1.0,0.252,-28.2,-27.84,0.365,-0.078,-0.36,0.8,-0.378
2021-03-22,-27.917,36.04,43.22,41.98,14.8,274,253,16,False,False,Inter-Election,669,293,234,16,True,274.0,273.73,0.49,-0.0263,0.27,1.0,0.422,253.43,253.43,0.49,0.0358,0.0,-1.0,0.0,-28.08,-27.91,0.355,-0.0635,-0.17,1.25,-0.198
2021-03-23,-28.881,35.56,43.19,42.01,14.81,273,254,16,False,False,Inter-Election,670,293,234,16,True,273.86,273.67,0.521,-0.0222,0.19,0.0,0.313,253.43,253.5,0.521,0.0296,-0.07,0.0,-0.122,-28.16,-28.03,0.388,-0.0534,-0.13,-0.02,-0.173
2021-03-24,-29.518,35.24,43.16,42.02,14.81,273,254,16,False,False,Inter-Election,671,293,234,16,True,273.71,273.6,0.521,-0.0174,0.11,0.0,0.195,253.57,253.57,0.521,0.0225,0.0,0.0,0.0,-28.37,-28.14,0.395,-0.0492,-0.23,-0.86,-0.33
2021-03-25,-29.989,35.01,43.15,42.04,14.82,273,254,16,False,False,Inter-Election,672,293,234,16,True,273.57,273.53,0.521,-0.0116,0.04,-1.0,0.079,253.57,253.6,0.49,0.0214,-0.03,0.0,-0.06,-28.61,-28.26,0.395,-0.0496,-0.35,-1.71,-0.498
2021-03-26,-30.532,34.73,43.13,42.05,14.82,272,255,16,False,False,Inter-Election,673,293,234,16,True,273.29,273.47,0.521,-0.0182,-0.18,-1.0,-0.315,253.71,253.67,0.521,0.0263,0.04,1.0,0.073,-28.93,-28.37,0.389,-0.0567,-0.56,-2.17,-0.713
2021-03-27,-30.847,34.58,43.11,42.06,14.83,272,255,16,False,False,Inter-Election,674,293,234,16,True,273.0,273.4,0.521,-0.024,-0.4,-1.0,-0.644,254.0,253.73,0.521,0.0303,0.27,1.0,0.463,-29.36,-28.49,0.391,-0.0655,-0.87,-2.26,-0.987
2021-03-28,-30.808,34.6,43.12,42.06,14.83,272,255,16,False,False,Inter-Election,675,293,234,16,True,272.71,273.33,0.521,-0.0289,-0.62,-1.0,-0.938,254.29,253.8,0.521,0.0334,0.49,1.0,0.803,-29.78,-28.62,0.38,-0.0697,-1.16,-2.11,-1.25
2021-03-29,-30.828,34.59,43.11,42.06,14.83,272,255,16,False,False,Inter-Election,676,293,234,16,True,272.43,273.27,0.521,-0.0329,-0.84,-1.0,-1.215,254.57,253.87,0.521,0.0356,0.7,1.0,1.113,-30.2,-28.74,0.378,-0.0746,-1.46,-2.06,-1.497
2021-03-30,-30.699,34.65,43.12,42.06,14.83,272,255,16,False,False,Inter-Election,677,293,234,16,True,272.29,273.2,0.521,-0.036,-0.91,-2.0,-1.274,254.71,253.93,0.521,0.0369,0.78,1.0,1.219,-30.46,-28.85,0.381,-0.0773,-1.61,-2.38,-1.611
2021-03-31,-30.835,34.58,43.11,42.06,14.83,272,255,16,False,False,Inter-Election,678,293,234,16,True,272.14,273.13,0.521,-0.0383,-0.99,-2.0,-1.356,254.86,254.0,0.521,0.0374,0.86,2.0,1.337,-30.65,-28.96,0.38,-0.0808,-1.69,-2.81,-1.642
2021-04-01,-30.475,34.76,43.13,42.05,14.82,272,255,16,False,False,Inter-Election,679,293,234,16,True,272.0,273.07,0.521,-0.0396,-1.07,-2.0,-1.447,255.0,254.07,0.521,0.0369,0.93,1.0,1.454,-30.72,-29.05,0.385,-0.0836,-1.67,-2.17,-1.595
2021-04-02,-30.191,34.9,43.14,42.04,14.82,273,255,15,False,False,Inter-Election,680,293,234,16,True,272.14,273.07,0.525,-0.0405,-0.93,-1.0,-1.257,255.0,254.1,0.49,0.0425,0.9,1.0,1.36,-30.67,-29.1,0.38,-0.0872,-1.57,-1.87,-1.479
2021-04-03,-30.005,35.0,43.14,42.04,14.82,273,254,16,False,False,Inter-Election,681,293,234,16,True,272.29,273.07,0.525,-0.0414,-0.78,-1.0,-1.055,254.86,254.1,0.525,0.0412,0.76,1.0,1.148,-30.55,-29.16,0.381,-0.0881,-1.39,-2.14,-1.305
2021-04-04,-30.102,34.95,43.14,42.04,14.82,273,254,16,False,False,Inter-Election,682,293,234,16,True,272.43,273.03,0.49,-0.0354,-0.6,-1.0,-0.835,254.71,254.13,0.49,0.0329,0.58,1.0,0.922,-30.45,-29.23,0.367,-0.0854,-1.22,-2.3,-1.161
2021-04-05,-29.945,35.03,43.15,42.04,14.82,273,254,16,False,False,Inter-Election,683,293,234,16,True,272.57,273.03,0.455,-0.0358,-0.46,-1.0,-0.64,254.57,254.13,0.455,0.0311,0.44,1.0,0.7,-30.32,-29.27,0.346,-0.086,-1.05,-2.03,-0.997
2021-04-06,-29.911,35.04,43.15,42.03,14.82,273,254,16,False,False,Inter-Election,684,293,234,16,True,272.71,273.03,0.455,-0.0363,-0.32,0.0,-0.445,254.43,254.13,0.455,0.0294,0.3,0.0,0.477,-30.21,-29.32,0.346,-0.0855,-0.89,-1.03,-0.847
2021-04-07,-30.659,34.67,43.12,42.05,14.82,272,255,16,False,False,Inter-Election,685,293,234,16,True,272.71,273.0,0.49,-0.0432,-0.29,-1.0,-0.39,254.43,254.17,0.49,0.034,0.26,1.0,0.401,-30.18,-29.37,0.357,-0.0931,-0.81,-1.14,-0.751
2021-04-08,-30.837,34.58,43.11,42.06,14.83,272,255,16,False,False,Inter-Election,686,293,234,16,True,272.71,272.97,0.49,-0.0496,-0.26,-1.0,-0.34,254.43,254.2,0.49,0.0383,0.23,1.0,0.346,-30.24,-29.43,0.351,-0.0991,-0.81,-0.85,-0.732
2021-04-09,-31.535,34.23,43.09,42.08,14.83,272,255,16,False,False,Inter-Election,687,293,234,16,True,272.57,272.93,0.49,-0.0556,-0.36,0.0,-0.459,254.43,254.23,0.49,0.042,0.2,0.0,0.295,-30.43,-29.53,0.365,-0.1073,-0.9,-1.0,-0.775
2021-04-10,-31.232,34.38,43.1,42.07,14.83,272,255,16,False,False,Inter-Election,688,293,234,16,True,272.43,272.87,0.45,-0.0543,-0.44,0.0,-0.567,254.57,254.27,0.49,0.0454,0.3,0.0,0.434,-30.6,-29.63,0.363,-0.1097,-0.97,-0.38,-0.825
2021-04-11,-31.234,34.38,43.1,42.07,14.83,272,255,16,False,False,Inter-Election,689,293,234,16,True,272.29,272.83,0.414,-0.059,-0.54,0.0,-0.682,254.71,254.3,0.49,0.0483,0.41,0.0,0.584,-30.76,-29.72,0.363,-0.1114,-1.04,-0.43,-0.877
2021-04-12,-31.733,34.13,43.08,42.08,14.84,272,255,16,False,False,Inter-Election,690,293,234,16,True,272.14,272.8,0.414,-0.0632,-0.66,0.0,-0.82,254.86,254.33,0.49,0.0507,0.53,0.0,0.745,-31.02,-29.83,0.37,-0.1165,-1.19,-0.91,-0.974
2021-04-13,-32.397,33.8,43.06,42.1,14.84,271,256,16,False,False,Inter-Election,691,293,234,16,False,271.86,272.73,0.45,-0.0734,-0.87,-1.0,-1.002,255.14,254.4,0.521,0.0592,0.74,1.0,0.961,-31.38,-29.95,0.384,-0.1253,-1.43,-1.7,-1.11
2021-04-14,-32.39,33.81,43.06,42.1,14.84,271,256,16,False,False,Inter-Election,692,293,234,16,False,271.71,272.67,0.45,-0.0828,-0.96,-1.0,-1.041,255.29,254.47,0.521,0.0667,0.82,1.0,1.001,-31.62,-30.07,0.384,-0.1329,-1.55,-1.55,-1.155
2021-04-15,-32.776,33.61,43.04,42.11,14.85,271,256,16,False,False,Inter-Election,693,293,234,16,False,271.57,272.57,0.403,-0.0843,-1.0,-1.0,-1.069,255.43,254.53,0.521,0.0734,0.9,1.0,1.046,-31.9,-30.22,0.372,-0.1383,-1.68,-2.3,-1.211
2021-04-16,-33.4,33.3,43.02,42.13,14.85,271,256,16,False,False,Inter-Election,694,293,234,16,False,271.43,272.47,0.403,-0.0845,-1.04,-2.0,-1.11,255.57,254.63,0.481,0.0723,0.94,1.0,1.106,-32.17,-30.4,0.372,-0.1437,-1.77,-3.21,-1.229
2021-04-17,-34.217,32.89,42.99,42.15,14.86,270,257,16,False,False,Inter-Election,695,293,234,16,False,271.14,272.33,0.434,-0.0899,-1.19,-3.0,-1.197,255.86,254.73,0.481,0.0832,1.13,3.0,1.196,-32.59,-30.6,0.389,-0.1539,-1.99,-4.21,-1.288
2021-04-18,-34.173,32.91,42.99,42.15,14.86,270,257,16,False,False,Inter-Election,696,293,234,16,False,270.86,272.2,0.434,-0.0934,-1.34,-3.0,-1.3,256.14,254.83,0.481,0.0928,1.31,3.0,1.284,-33.01,-30.79,0.39,-0.1613,-2.22,-4.07,-1.374
2021-04-19,-34.254,32.87,42.99,42.15,14.86,270,257,16,False,False,Inter-Election,697,293,234,16,False,270.57,272.07,0.434,-0.0952,-1.5,-3.0,-1.431,256.43,254.97,0.434,0.0941,1.46,3.0,1.413,-33.37,-31.0,0.371,-0.1634,-2.37,-4.31,-1.447
2021-04-20,-34.349,32.83,42.99,42.15,14.86,270,257,16,False,False,Inter-Election,698,293,234,16,False,270.43,271.93,0.434,-0.0952,-1.5,-3.0,-1.431,256.57,255.1,0.434,0.0937,1.47,3.0,1.429,-33.65,-31.22,0.368,-0.1629,-2.43,-4.44,-1.489
2021-04-21,-34.972,32.51,42.96,42.17,14.87,270,257,16,False,False,Inter-Election,699,293,234,16,False,270.29,271.8,0.434,-0.0934,-1.51,-2.0,-1.465,256.71,255.23,0.434,0.0914,1.48,2.0,1.471,-34.02,-31.46,0.375,-0.1643,-2.56,-4.31,-1.553
2021-04-22,-35.53,32.23,42.94,42.19,14.87,270,257,16,False,False,Inter-Election,700,293,234,16,False,270.14,271.7,0.403,-0.0968,-1.56,-2.0,-1.478,256.86,255.33,0.403,0.0943,1.53,2.0,1.488,-34.41,-31.68,0.355,-0.1728,-2.73,-4.69,-1.574
2021-04-23,-35.897,32.05,42.93,42.2,14.87,269,257,17,False,False,Inter-Election,701,293,234,16,False,269.86,271.57,0.434,-0.1052,-1.71,-3.0,-1.506,257.0,255.43,0.403,0.0959,1.57,2.0,1.51,-34.77,-31.89,0.347,-0.1851,-2.88,-4.36,-1.559
2021-04-24,-36.939,31.53,42.89,42.22,14.88,269,258,16,False,False,Inter-Election,702,293,234,16,False,269.71,271.43,0.434,-0.1119,-1.72,-3.0,-1.44,257.14,255.57,0.434,0.1026,1.57,3.0,1.422,-35.16,-32.12,0.376,-0.2046,-3.04,-5.71,-1.499
2021-04-25,-36.748,31.63,42.9,42.22,14.88,269,258,16,False,False,Inter-Election,703,293,234,16,False,269.57,271.33,0.403,-0.1237,-1.76,-3.0,-1.387,257.29,255.67,0.403,0.1143,1.62,3.0,1.368,-35.53,-32.33,0.379,-0.2234,-3.2,-5.51,-1.473
2021-04-26,-37.642,31.18,42.86,42.24,14.89,268,258,17,False,False,Inter-Election,704,293,234,16,False,269.29,271.2,0.434,-0.1406,-1.91,-4.0,-1.365,257.43,255.77,0.403,0.1248,1.66,3.0,1.327,-36.01,-32.56,0.399,-0.2475,-3.45,-5.91,-1.463
2021-04-27,-37.843,31.08,42.86,42.25,14.89,268,258,17,False,False,Inter-Election,705,293,234,16,False,269.0,271.07,0.434,-0.1557,-2.07,-3.0,-1.374,257.57,255.87,0.403,0.1339,1.7,2.0,1.302,-36.51,-32.79,0.396,-0.2695,-3.72,-5.45,-1.475
2021-04-28,-38.079,30.96,42.85,42.26,14.9,268,259,16,False,False,Inter-Election,706,293,234,16,False,268.71,270.93,0.434,-0.1691,-2.22,-3.0,-1.391,257.86,256.0,0.434,0.1482,1.86,3.0,1.315,-36.95,-33.03,0.394,-0.2901,-3.92,-5.69,-1.468
2021-04-29,-37.845,31.08,42.86,42.25,14.89,268,258,17,False,False,Inter-Election,707,293,234,16,False,268.43,270.8,0.434,-0.1806,-2.37,-3.0,-1.42,258.0,256.1,0.481,0.1542,1.9,2.0,1.313,-37.28,-33.27,0.398,-0.305,-4.01,-5.07,-1.447
2021-04-30,-37.982,31.01,42.85,42.25,14.89,268,258,17,False,False,Inter-Election,708,293,234,16,False,268.29,270.67,0.434,-0.1904,-2.38,-3.0,-1.377,258.14,256.2,0.481,0.1588,1.94,2.0,1.318,-37.58,-33.51,0.398,-0.3186,-4.07,-4.58,-1.422
2021-05-01,-38.043,30.98,42.85,42.25,14.9,268,258,17,False,False,Inter-Election,709,293,234,16,False,268.14,270.53,0.434,-0.1984,-2.39,-2.0,-1.346,258.14,256.3,0.481,0.1622,1.84,1.0,1.236,-37.74,-33.76,0.383,-0.3269,-3.98,-3.83,-1.364
2021-05-02,-38.239,30.88,42.84,42.26,14.9,268,259,16,False,False,Inter-Election,710,293,234,16,False,268.0,270.37,0.379,-0.1978,-2.37,-2.0,-1.338,258.29,256.43,0.507,0.1706,1.86,2.0,1.203,-37.95,-34.03,0.37,-0.3312,-3.92,-4.07,-1.33
2021-05-03,-38.725,30.64,42.82,42.27,14.9,268,259,16,False,False,Inter-Election,711,293,234,16,False,268.0,270.2,0.379,-0.1949,-2.2,-2.0,-1.257,258.43,256.6,0.461,0.1704,1.83,2.0,1.185,-38.11,-34.32,0.361,-0.3337,-3.79,-4.47,-1.277
2021-05-04,-38.618,30.69,42.83,42.27,14.9,268,259,16,False,False,Inter-Election,712,293,234,16,False,268.0,270.03,0.379,-0.1898,-2.03,-2.0,-1.186,258.57,256.77,0.461,0.168,1.8,2.0,1.181,-38.22,-34.6,0.367,-0.3323,-3.62,-4.27,-1.224
2021-05-05,-38.779,30.61,42.82,42.27,14.9,268,259,16,False,False,Inter-Election,713,293,234,16,False,268.0,269.87,0.379,-0.1824,-1.87,-2.0,-1.13,258.57,256.93,0.461,0.1633,1.64,2.0,1.105,-38.32,-34.9,0.358,-0.3271,-3.42,-3.81,-1.173
2021-05-06,-39.359,30.32,42.8,42.29,14.91,268,259,16,False,False,Inter-Election,714,293,234,16,False,268.0,269.7,0.379,-0.1729,-1.7,-2.0,-1.077,258.71,257.1,0.461,0.1564,1.61,2.0,1.132,-38.54,-35.21,0.356,-0.3215,-3.33,-3.83,-1.161
2021-05-07,-39.388,30.31,42.8,42.29,14.91,268,259,16,False,False,Inter-Election,715,293,234,16,False,268.0,269.57,0.346,-0.168,-1.57,-1.0,-1.015,258.86,257.23,0.434,0.1542,1.63,2.0,1.159,-38.74,-35.51,0.35,-0.317,-3.23,-3.49,-1.14
2021-05-08,-39.401,30.3,42.8,42.29,14.91,268,259,16,False,False,Inter-Election,716,293,234,16,False,268.0,269.43,0.346,-0.1613,-1.43,-1.0,-0.952,259.0,257.37,0.434,0.1502,1.63,1.0,1.184,-38.93,-35.79,0.354,-0.31,-3.14,-2.46,-1.13
2021-05-09,-39.343,30.33,42.8,42.29,14.91,268,259,16,False,False,Inter-Election,717,293,234,16,False,268.0,269.3,0.346,-0.1528,-1.3,-1.0,-0.902,259.0,257.5,0.434,0.1444,1.5,1.0,1.126,-39.09,-36.05,0.35,-0.3035,-3.04,-2.6,-1.113
2021-05-10,-39.782,30.11,42.79,42.3,14.91,267,259,17,False,False,Inter-Election,718,293,234,16,False,267.86,269.13,0.379,-0.1491,-1.27,-1.0,-0.902,259.0,257.63,0.434,0.1368,1.37,1.0,1.077,-39.24,-36.34,0.335,-0.2944,-2.9,-2.14,-1.092
2021-05-11,-40.102,29.95,42.77,42.31,14.92,267,260,16,False,False,Inter-Election,719,293,234,16,False,267.71,268.97,0.379,-0.143,-1.26,-1.0,-0.932,259.14,257.8,0.461,0.1339,1.34,2.0,1.078,-39.45,-36.63,0.331,-0.2835,-2.82,-2.26,-1.102
2021-05-12,-40.346,29.83,42.77,42.32,14.92,267,260,16,False,False,Inter-Election,720,293,234,16,False,267.57,268.8,0.379,-0.1348,-1.23,-1.0,-0.968,259.29,257.97,0.461,0.1288,1.32,1.0,1.111,-39.67,-36.92,0.328,-0.2737,-2.75,-2.27,-1.112
2021-05-13,-40.44,29.78,42.76,42.32,14.92,267,260,16,False,False,Inter-Election,721,293,234,16,False,267.43,268.67,0.346,-0.1313,-1.24,-1.0,-0.999,259.43,258.1,0.434,0.1284,1.33,2.0,1.123,-39.83,-37.19,0.322,-0.2652,-2.64,-2.59,-1.1
2021-05-14,-40.557,29.72,42.76,42.32,14.92,267,260,16,False,False,Inter-Election,722,293,234,16,False,267.29,268.53,0.346,-0.1259,-1.24,-1.0,-1.037,259.57,258.23,0.434,0.1261,1.34,2.0,1.15,-40.0,-37.46,0.319,-0.2539,-2.54,-2.58,-1.105
2021-05-15,-40.594,29.7,42.76,42.32,14.92,267,260,16,False,False,Inter-Election,723,293,234,16,False,267.14,268.4,0.346,-0.1188,-1.26,-1.0,-1.112,259.71,258.37,0.434,0.1221,1.34,2.0,1.187,-40.17,-37.72,0.321,-0.2418,-2.45,-2.55,-1.119
2021-05-16,-40.631,29.68,42.76,42.32,14.92,267,260,16,False,False,Inter-Election,724,293,234,16,False,267.0,268.27,0.346,-0.1099,-1.27,-1.0,-1.212,259.86,258.5,0.434,0.1164,1.36,1.0,1.265,-40.35,-37.96,0.316,-0.2308,-2.39,-2.39,-1.141
2021-05-17,-40.346,29.83,42.77,42.32,14.92,267,260,16,False,False,Inter-Election,725,293,234,16,False,267.0,268.17,0.305,-0.1061,-1.17,-1.0,-1.147,260.0,258.6,0.403,0.1157,1.4,1.0,1.308,-40.43,-38.16,0.311,-0.2204,-2.27,-1.62,-1.127
2021-05-18,-40.151,29.92,42.77,42.31,14.92,267,260,16,False,False,Inter-Election,726,293,234,16,False,267.0,268.07,0.305,-0.101,-1.07,-1.0,-1.092,260.0,258.7,0.403,0.1137,1.3,1.0,1.232,-40.44,-38.36,0.317,-0.2056,-2.08,-1.53,-1.096
2021-05-19,-40.695,29.65,42.75,42.33,14.92,267,260,16,False,False,Inter-Election,727,293,234,16,False,267.0,267.97,0.305,-0.0945,-0.97,-1.0,-1.045,260.0,258.8,0.403,0.1103,1.2,1.0,1.164,-40.49,-38.58,0.322,-0.1923,-1.91,-1.92,-1.075
2021-05-20,-40.427,29.79,42.76,42.32,14.92,267,260,16,False,False,Inter-Election,728,293,234,16,False,267.0,267.87,0.305,-0.0868,-0.87,-1.0,-1.011,260.0,258.9,0.403,0.1057,1.1,1.0,1.106,-40.49,-38.78,0.333,-0.1751,-1.71,-1.07,-1.057
2021-05-21,-40.291,29.85,42.77,42.32,14.92,267,260,16,False,False,Inter-Election,729,293,234,16,False,267.0,267.77,0.305,-0.0776,-0.77,-1.0,-0.995,260.0,259.0,0.403,0.0997,1.0,1.0,1.056,-40.45,-38.96,0.329,-0.1586,-1.49,-0.9,-1.013
2021-05-22,-39.897,30.05,42.78,42.3,14.91,267,259,17,False,False,Inter-Election,730,293,234,16,False,267.0,267.67,0.305,-0.0672,-0.67,-1.0,-1.014,259.86,259.07,0.45,0.0859,0.79,0.0,0.91,-40.35,-39.1,0.337,-0.141,-1.25,-0.5,-0.941
2021-05-23,-39.911,30.04,42.78,42.31,14.91,267,259,17,False,False,Inter-Election,731,293,234,16,False,267.0,267.6,0.254,-0.0623,-0.6,-1.0,-0.965,259.71,259.13,0.45,0.0712,0.58,0.0,0.747,-40.25,-39.24,0.335,-0.124,-1.01,-0.57,-0.849
2021-05-24,-40.571,29.71,42.76,42.32,14.92,267,260,16,False,False,Inter-Election,732,293,234,16,False,267.0,267.53,0.254,-0.0565,-0.53,0.0,-0.928,259.71,259.2,0.45,0.069,0.51,1.0,0.67,-40.28,-39.36,0.305,-0.1168,-0.92,-0.79,-0.814
2021-05-25,-40.733,29.63,42.75,42.33,14.92,267,260,16,False,False,Inter-Election,733,293,234,16,False,267.0,267.47,0.254,-0.0498,-0.47,0.0,-0.926,259.71,259.27,0.45,0.0659,0.44,0.0,0.595,-40.36,-39.49,0.299,-0.1076,-0.87,-0.63,-0.833
2021-05-26,-40.606,29.7,42.76,42.32,14.92,267,260,16,False,False,Inter-Election,734,293,234,16,False,267.0,267.43,0.183,-0.0492,-0.43,0.0,-0.853,259.71,259.33,0.45,0.0618,0.38,0.0,0.534,-40.35,-39.59,0.266,-0.1021,-0.76,-0.26,-0.758
2021-05-27,-40.18,29.91,42.77,42.31,14.92,267,260,16,False,False,Inter-Election,735,293,234,16,False,267.0,267.4,0.183,-0.0481,-0.4,0.0,-0.803,259.71,259.4,0.45,0.057,0.31,0.0,0.459,-40.31,-39.67,0.282,-0.0938,-0.64,0.26,-0.673
2021-05-28,-40.244,29.88,42.77,42.31,14.92,267,260,16,False,False,Inter-Election,736,293,234,16,False,267.0,267.37,0.183,-0.0465,-0.37,0.0,-0.755,259.71,259.43,0.414,0.0581,0.28,0.0,0.412,-40.31,-39.74,0.28,-0.0866,-0.57,0.31,-0.628
2021-05-29,-40.417,29.79,42.76,42.32,14.92,267,260,16,False,False,Inter-Election,737,293,234,16,False,267.0,267.33,0.183,-0.0445,-0.33,0.0,-0.688,259.86,259.5,0.365,0.0518,0.36,0.0,0.572,-40.38,-39.83,0.275,-0.0779,-0.55,0.18,-0.653
2021-05-30,-40.267,29.87,42.77,42.31,14.92,267,260,16,False,False,Inter-Election,738,293,234,16,False,267.0,267.3,0.183,-0.042,-0.3,0.0,-0.644,260.0,259.57,0.365,0.0447,0.43,0.0,0.757,-40.43,-39.9,0.278,-0.068,-0.53,0.36,-0.689
2021-05-31,-40.412,29.79,42.76,42.32,14.92,267,260,16,False,False,Inter-Election,739,293,234,16,False,267.0,267.27,0.183,-0.0392,-0.27,0.0,-0.6,260.0,259.63,0.365,0.0367,0.37,0.0,0.755,-40.41,-39.98,0.278,-0.0584,-0.43,-0.07,-0.624
2021-06-01,-40.092,29.95,42.77,42.31,14.92,267,260,16,False,False,Inter-Election,740,293,234,16,False,267.0,267.23,0.183,-0.0358,-0.23,0.0,-0.535,260.0,259.67,0.32,0.0347,0.33,0.0,0.688,-40.32,-40.04,0.286,-0.0471,-0.28,0.06,-0.462
2021-06-02,-39.276,30.36,42.8,42.29,14.91,268,259,16,False,False,Inter-Election,741,293,234,16,False,267.14,267.23,0.263,-0.0256,-0.09,1.0,-0.209,259.86,259.67,0.371,0.0258,0.19,-1.0,0.396,-40.13,-40.06,0.317,-0.0331,-0.07,1.42,-0.122
2021-06-03,-39.596,30.2,42.79,42.3,14.91,267,259,17,False,False,Inter-Election,742,293,234,16,False,267.14,267.2,0.32,-0.0218,-0.06,0.0,-0.147,259.71,259.67,0.371,0.0169,0.04,-1.0,0.083,-40.04,-40.09,0.321,-0.0201,0.05,0.83,0.098
2021-06-04,-38.838,30.58,42.82,42.28,14.9,268,259,16,False,False,Inter-Election,743,293,234,16,False,267.29,267.2,0.371,-0.0111,0.09,1.0,0.221,259.57,259.67,0.371,0.008,-0.1,-1.0,-0.209,-39.84,-40.1,0.351,-0.0029,0.26,1.45,0.514
2021-06-05,-38.659,30.67,42.83,42.27,14.9,268,259,16,False,False,Inter-Election,744,293,234,16,False,267.43,267.2,0.371,-0.0004,0.23,1.0,0.565,259.43,259.67,0.371,-0.0009,-0.24,0.0,-0.501,-39.59,-40.07,0.334,0.0114,0.48,1.24,0.865
2021-06-06,-38.499,30.75,42.83,42.27,14.9,268,259,16,False,False,Inter-Election,745,293,234,16,False,267.57,267.2,0.371,0.0102,0.37,1.0,0.909,259.29,259.67,0.371,-0.0098,-0.38,0.0,-0.793,-39.34,-40.04,0.335,0.0263,0.7,1.41,1.141
2021-06-07,-37.74,31.13,42.86,42.25,14.89,268,258,17,False,False,Inter-Election,746,293,234,16,False,267.71,267.2,0.371,0.0209,0.51,1.0,1.254,259.0,259.63,0.414,-0.0251,-0.63,-2.0,-1.133,-38.96,-39.99,0.36,0.0456,1.03,2.83,1.399
2021-06-08,-38.461,30.77,42.83,42.27,14.9,268,259,16,False,False,Inter-Election,747,293,234,16,False,267.86,267.2,0.371,0.0316,0.66,1.0,1.622,258.86,259.63,0.455,-0.0336,-0.77,-1.0,-1.385,-38.72,-39.96,0.387,0.0599,1.24,2.27,1.592
2021-06-09,-38.057,30.97,42.85,42.25,14.9,268,259,16,False,False,Inter-Election,748,293,234,16,False,267.86,267.23,0.32,0.0354,0.63,1.0,1.464,258.86,259.63,0.455,-0.042,-0.77,-1.0,-1.385,-38.55,-39.9,0.383,0.0734,1.35,2.55,1.583
2021-06-10,-37.975,31.01,42.85,42.25,14.89,268,258,17,False,False,Inter-Election,749,293,234,16,False,268.0,267.27,0.32,0.0387,0.73,1.0,1.623,258.71,259.57,0.45,-0.0501,-0.86,-2.0,-1.374,-38.32,-39.83,0.376,0.0844,1.51,2.2,1.639
2021-06-11,-37.963,31.02,42.85,42.25,14.89,268,258,17,False,False,Inter-Election,750,293,234,16,False,268.0,267.3,0.32,0.0416,0.7,1.0,1.502,258.57,259.5,0.45,-0.0572,-0.93,-2.0,-1.363,-38.19,-39.75,0.372,0.0929,1.56,2.28,1.598
2021-06-12,-37.842,31.08,42.86,42.25,14.89,268,258,17,False,False,Inter-Election,751,293,234,16,False,268.0,267.33,0.32,0.044,0.67,1.0,1.397,258.43,259.43,0.45,-0.0634,-1.0,-2.0,-1.374,-38.08,-39.66,0.37,0.1005,1.58,2.58,1.539
2021-06-13,-37.938,31.03,42.85,42.25,14.89,268,258,17,False,False,Inter-Election,752,293,234,16,False,268.0,267.37,0.32,0.0461,0.63,1.0,1.285,258.29,259.37,0.45,-0.0687,-1.08,-2.0,-1.412,-38.0,-39.58,0.37,0.1055,1.58,2.33,1.492
2021-06-14,-38.124,30.94,42.85,42.26,14.9,268,259,16,False,False,Inter-Election,753,293,234,16,False,268.0,267.4,0.32,0.0476,0.6,1.0,1.204,258.43,259.33,0.49,-0.0667,-0.9,-1.0,-1.187,-38.05,-39.49,0.372,0.1078,1.44,2.29,1.342
2021-06-15,-38.021,30.99,42.85,42.25,14.9,268,258,17,False,False,Inter-Election,754,293,234,16,False,268.0,267.43,0.32,0.0487,0.57,1.0,1.131,258.29,259.27,0.521,-0.0707,-0.98,-2.0,-1.249,-37.99,-39.41,0.372,0.1095,1.42,2.07,1.31
2021-06-16,-37.844,31.08,42.86,42.25,14.89,268,258,17,False,False,Inter-Election,755,293,234,16,False,268.0,267.47,0.32,0.0494,0.53,0.0,1.045,258.14,259.2,0.521,-0.0739,-1.06,-1.0,-1.317,-37.96,-39.32,0.37,0.1131,1.36,1.43,1.231
2021-06-17,-38.288,30.86,42.84,42.26,14.9,268,259,16,False,False,Inter-Election,756,293,234,16,False,268.0,267.5,0.32,0.0496,0.5,1.0,0.983,258.29,259.17,0.556,-0.0696,-0.88,0.0,-1.112,-38.0,-39.26,0.382,0.1141,1.26,1.31,1.136
2021-06-18,-38.591,30.7,42.83,42.27,14.9,268,259,16,False,False,Inter-Election,757,293,234,16,False,268.0,267.53,0.32,0.0494,0.47,0.0,0.926,258.43,259.13,0.556,-0.065,-0.7,0.0,-0.902,-38.09,-39.19,0.371,0.1085,1.1,0.25,1.017
2021-06-19,-38.452,30.77,42.83,42.27,14.9,268,259,16,False,False,Inter-Election,758,293,234,16,False,268.0,267.57,0.32,0.0487,0.43,0.0,0.853,258.57,259.1,0.556,-0.0598,-0.53,0.0,-0.698,-38.18,-39.13,0.369,0.1048,0.95,0.21,0.893
2021-06-20,-38.424,30.79,42.84,42.26,14.9,268,259,16,False,False,Inter-Election,759,293,234,16,False,268.0,267.6,0.32,0.0476,0.4,0.0,0.803,258.71,259.07,0.556,-0.0543,-0.36,0.0,-0.487,-38.25,-39.06,0.369,0.1013,0.81,0.08,0.773
2021-06-21,-38.423,30.79,42.84,42.26,14.9,268,259,16,False,False,Inter-Election,760,293,234,16,False,268.0,267.63,0.32,0.0461,0.37,0.0,0.755,258.71,259.07,0.525,-0.0552,-0.36,1.0,-0.487,-38.29,-39.01,0.364,0.0997,0.72,-0.68,0.691
2021-06-22,-38.155,30.92,42.85,42.26,14.9,268,259,16,False,False,Inter-Election,761,293,234,16,False,268.0,267.67,0.32,0.044,0.33,0.0,0.688,258.86,259.07,0.525,-0.0561,-0.21,0.0,-0.284,-38.31,-38.96,0.366,0.099,0.65,0.31,0.625
2021-06-23,-38.187,30.91,42.84,42.26,14.9,268,259,16,False,False,Inter-Election,762,293,234,16,False,268.0,267.7,0.32,0.0416,0.3,0.0,0.644,259.0,259.03,0.49,-0.0501,-0.03,0.0,-0.042,-38.36,-38.88,0.341,0.0929,0.52,-0.13,0.519
2021-06-24,-37.782,31.11,42.86,42.25,14.89,268,258,17,False,False,Inter-Election,763,293,234,16,False,268.0,267.73,0.32,0.0387,0.27,0.0,0.6,258.86,258.97,0.521,-0.0501,-0.11,0.0,-0.153,-38.29,-38.78,0.342,0.0871,0.49,0.19,0.512
2021-06-25,-38.222,30.89,42.84,42.26,14.9,268,259,16,False,False,Inter-Election,764,293,234,16,False,268.0,267.77,0.32,0.0354,0.23,0.0,0.535,258.86,258.93,0.556,-0.0427,-0.07,1.0,-0.101,-38.24,-38.7,0.356,0.0781,0.46,-0.26,0.512
2021-06-26,-38.243,30.88,42.84,42.26,14.9,268,259,16,False,False,Inter-Election,765,293,234,16,False,268.0,267.8,0.32,0.0316,0.2,0.0,0.492,258.86,258.9,0.556,-0.0349,-0.04,1.0,-0.06,-38.21,-38.63,0.35,0.0708,0.42,-0.4,0.491
2021-06-27,-38.155,30.92,42.85,42.26,14.9,268,259,16,False,False,Inter-Election,766,293,234,16,False,268.0,267.83,0.32,0.0274,0.17,0.0,0.448,258.86,258.87,0.556,-0.0267,-0.01,1.0,-0.016,-38.17,-38.56,0.35,0.0628,0.39,-0.22,0.485
2021-06-28,-37.889,31.06,42.86,42.25,14.89,268,258,17,False,False,Inter-Election,767,293,234,16,False,268.0,267.87,0.32,0.0227,0.13,0.0,0.376,258.71,258.8,0.583,-0.0245,-0.09,-1.0,-0.147,-38.09,-38.48,0.348,0.0544,0.39,0.23,0.532
2021-06-29,-37.499,31.25,42.87,42.24,14.89,269,258,16,False,False,Inter-Election,768,293,234,16,False,268.14,267.93,0.365,0.024,0.21,1.0,0.575,258.57,258.73,0.583,-0.0214,-0.16,0.0,-0.274,-38.0,-38.39,0.353,0.0484,0.39,0.52,0.581
2021-06-30,-37.638,31.18,42.86,42.24,14.89,268,258,17,False,False,Inter-Election,769,293,234,16,False,268.14,267.97,0.414,0.018,0.17,0.0,0.532,258.43,258.67,0.583,-0.0174,-0.24,0.0,-0.439,-37.92,-38.3,0.352,0.0393,0.38,0.21,0.671
2021-07-01,-37.324,31.34,42.88,42.24,14.89,269,258,16,False,False,Inter-Election,770,293,234,16,False,268.29,268.03,0.45,0.018,0.26,1.0,0.813,258.43,258.6,0.583,-0.0125,-0.17,-1.0,-0.341,-37.85,-38.2,0.352,0.0332,0.35,0.96,0.725
2021-07-02,-37.444,31.28,42.87,42.24,14.89,269,258,16,False,False,Inter-Election,771,293,234,16,False,268.43,268.07,0.414,0.024,0.36,1.0,0.986,258.29,258.57,0.556,-0.0136,-0.28,-1.0,-0.556,-37.74,-38.14,0.327,0.0307,0.4,1.15,0.874
2021-07-03,-37.046,31.48,42.89,42.23,14.89,269,258,16,False,False,Inter-Election,772,293,234,16,False,268.57,268.13,0.365,0.0227,0.44,1.0,1.273,258.14,258.53,0.556,-0.0142,-0.39,-1.0,-0.769,-37.57,-38.06,0.324,0.0277,0.49,1.41,1.187
2021-07-04,-36.923,31.54,42.89,42.22,14.88,269,258,16,False,False,Inter-Election,773,293,234,16,False,268.71,268.17,0.32,0.0274,0.54,1.0,1.425,258.0,258.5,0.556,-0.0145,-0.5,-1.0,-0.983,-37.39,-37.99,0.298,0.0297,0.6,1.5,1.378
2021-07-05,-36.781,31.61,42.9,42.22,14.88,269,258,16,False,False,Inter-Election,774,293,234,16,False,268.86,268.2,0.32,0.0316,0.66,1.0,1.622,258.0,258.47,0.556,-0.0142,-0.47,-1.0,-0.926,-37.24,-37.93,0.298,0.0329,0.69,1.64,1.468
2021-07-06,-36.857,31.57,42.89,42.22,14.88,269,258,16,False,False,Inter-Election,775,293,234,16,False,268.86,268.23,0.32,0.0354,0.63,1.0,1.464,258.0,258.43,0.556,-0.0136,-0.43,-1.0,-0.853,-37.14,-37.88,0.298,0.0359,0.74,1.3,1.49
2021-07-07,-37.65,31.18,42.86,42.24,14.89,268,258,17,False,False,Inter-Election,776,293,234,16,False,268.86,268.23,0.371,0.0323,0.63,0.0,1.464,258.0,258.43,0.525,-0.0194,-0.43,-1.0,-0.853,-37.15,-37.87,0.306,0.0383,0.72,0.54,1.447
2021-07-08,-37.044,31.48,42.89,42.23,14.89,269,258,16,False,False,Inter-Election,777,293,234,16,False,268.86,268.27,0.414,0.0356,0.59,1.0,1.312,258.0,258.4,0.49,-0.0182,-0.4,0.0,-0.803,-37.11,-37.83,0.294,0.0396,0.72,0.74,1.42
2021-07-09,-37.143,31.43,42.88,42.23,14.89,269,258,16,False,False,Inter-Election,778,293,234,16,False,268.86,268.3,0.414,0.0385,0.56,1.0,1.201,258.0,258.37,0.49,-0.0167,-0.37,-1.0,-0.755,-37.06,-37.8,0.287,0.0424,0.74,1.08,1.423
2021-07-10,-37.378,31.31,42.87,42.24,14.89,269,258,16,False,False,Inter-Election,779,293,234,16,False,268.86,268.33,0.414,0.0409,0.53,1.0,1.105,258.0,258.37,0.455,-0.0216,-0.37,-1.0,-0.755,-37.11,-37.78,0.291,0.0439,0.67,0.87,1.278
2021-07-11,-37.444,31.28,42.87,42.24,14.89,269,258,16,False,False,Inter-Election,780,293,234,16,False,268.86,268.37,0.414,0.0429,0.49,1.0,1.0,258.0,258.37,0.455,-0.0265,-0.37,-1.0,-0.755,-37.19,-37.76,0.291,0.0447,0.57,0.71,1.082
2021-07-12,-38.237,30.88,42.84,42.26,14.9,268,259,16,False,False,Inter-Election,781,293,234,16,False,268.71,268.37,0.455,0.038,0.34,0.0,0.694,258.14,258.4,0.49,-0.0249,-0.26,1.0,-0.522,-37.39,-37.77,0.326,0.0411,0.38,-0.35,0.712
2021-07-13,-37.377,31.31,42.87,42.24,14.89,269,258,16,False,False,Inter-Election,782,293,234,16,False,268.71,268.4,0.49,0.0396,0.31,0.0,0.622,258.14,258.4,0.525,-0.0303,-0.26,0.0,-0.522,-37.47,-37.75,0.362,0.0425,0.28,0.12,0.521
2021-07-14,-37.919,31.04,42.85,42.25,14.89,268,258,17,False,False,Inter-Election,783,293,234,16,False,268.71,268.4,0.525,0.0343,0.31,0.0,0.622,258.14,258.37,0.49,-0.0287,-0.23,0.0,-0.469,-37.51,-37.75,0.375,0.0388,0.24,-0.28,0.45
2021-07-15,-37.965,31.02,42.85,42.25,14.89,268,258,17,False,False,Inter-Election,784,293,234,16,False,268.57,268.4,0.525,0.0289,0.17,-1.0,0.341,258.14,258.37,0.455,-0.0336,-0.23,0.0,-0.469,-37.64,-37.74,0.374,0.0355,0.1,-0.64,0.188
2021-07-16,-37.932,31.03,42.85,42.25,14.89,268,258,17,False,False,Inter-Election,785,293,234,16,False,268.43,268.4,0.525,0.0236,0.03,-1.0,0.06,258.14,258.37,0.455,-0.0385,-0.23,0.0,-0.469,-37.75,-37.75,0.373,0.0336,0.0,-0.49,0.0
2021-07-17,-37.864,31.07,42.86,42.25,14.89,268,258,17,False,False,Inter-Election,786,293,234,16,False,268.29,268.4,0.525,0.0182,-0.11,-1.0,-0.221,258.14,258.33,0.414,-0.0365,-0.19,0.0,-0.396,-37.82,-37.73,0.364,0.0292,-0.09,-0.82,-0.172
2021-07-18,-37.755,31.12,42.86,42.25,14.89,268,258,17,False,False,Inter-Election,787,293,234,16,False,268.14,268.4,0.525,0.0129,-0.26,-1.0,-0.522,258.14,258.3,0.414,-0.034,-0.16,0.0,-0.343,-37.86,-37.71,0.359,0.0231,-0.15,-0.83,-0.301
2021-07-19,-37.898,31.05,42.86,42.25,14.89,268,258,17,False,False,Inter-Election,788,293,234,16,False,268.14,268.4,0.525,0.0076,-0.26,-1.0,-0.522,258.0,258.27,0.414,-0.0311,-0.27,0.0,-0.6,-37.82,-37.69,0.36,0.0167,-0.13,-1.12,-0.271
2021-07-20,-37.823,31.09,42.86,42.25,14.89,268,258,17,False,False,Inter-Election,789,293,234,16,False,268.0,268.4,0.525,0.0022,-0.4,-1.0,-0.803,258.0,258.23,0.414,-0.0278,-0.23,0.0,-0.535,-37.88,-37.67,0.36,0.0107,-0.21,-0.97,-0.456
2021-07-21,-37.841,31.08,42.86,42.25,14.89,268,258,17,False,False,Inter-Election,790,293,234,16,False,268.0,268.4,0.525,-0.0031,-0.4,0.0,-0.803,258.0,258.2,0.414,-0.024,-0.2,0.0,-0.492,-37.87,-37.65,0.36,0.0044,-0.22,-0.19,-0.501
2021-07-22,-37.228,31.39,42.88,42.23,14.89,269,258,16,False,False,Inter-Election,791,293,234,16,False,268.14,268.43,0.556,-0.002,-0.29,0.0,-0.575,258.0,258.17,0.414,-0.0198,-0.17,0.0,-0.448,-37.76,-37.62,0.373,0.0036,-0.14,-0.18,-0.322
2021-07-23,-37.506,31.25,42.87,42.24,14.89,269,258,16,False,False,Inter-Election,792,293,234,16,False,268.29,268.47,0.556,-0.0013,-0.18,0.0,-0.355,258.0,258.13,0.414,-0.0151,-0.13,0.0,-0.376,-37.7,-37.59,0.377,0.0004,-0.11,-0.36,-0.261
2021-07-24,-37.581,31.21,42.87,42.24,14.89,269,258,16,False,False,Inter-Election,793,293,234,16,False,268.43,268.5,0.556,-0.0011,-0.07,0.0,-0.138,258.0,258.13,0.371,-0.0169,-0.13,0.0,-0.376,-37.66,-37.59,0.371,-0.0009,-0.07,-0.2,-0.167
2021-07-25,-37.532,31.23,42.87,42.24,14.89,269,258,16,False,False,Inter-Election,794,293,234,16,False,268.57,268.53,0.556,-0.0013,0.04,0.0,0.079,258.0,258.1,0.32,-0.0118,-0.1,0.0,-0.328,-37.63,-37.56,0.361,-0.0049,-0.07,-0.09,-0.174
2021-07-26,-37.891,31.05,42.86,42.25,14.89,268,258,17,False,False,Inter-Election,795,293,234,16,False,268.57,268.53,0.587,-0.0085,0.04,0.0,0.079,258.0,258.07,0.32,-0.0062,-0.07,-1.0,-0.276,-37.63,-37.55,0.368,-0.0117,-0.08,0.35,-0.207
2021-07-27,-38.058,30.97,42.85,42.25,14.9,268,259,16,False,False,Inter-Election,796,293,234,16,False,268.57,268.53,0.587,-0.0156,0.04,-1.0,0.079,258.14,258.07,0.371,0.0062,0.07,1.0,0.276,-37.66,-37.55,0.369,-0.0191,-0.11,-0.68,-0.288
2021-07-28,-37.545,31.23,42.87,42.24,14.89,269,258,16,False,False,Inter-Election,797,293,234,16,False,268.71,268.57,0.615,-0.0162,0.14,1.0,0.278,258.14,258.07,0.371,0.0053,0.07,0.0,0.276,-37.62,-37.54,0.378,-0.0214,-0.08,0.37,-0.212
2021-07-29,-37.705,31.15,42.86,42.25,14.89,268,258,17,False,False,Inter-Election,798,293,234,16,False,268.57,268.53,0.615,-0.0169,0.04,0.0,0.079,258.14,258.07,0.371,0.0044,0.07,0.0,0.276,-37.69,-37.54,0.372,-0.0222,-0.15,0.26,-0.397
2021-07-30,-37.391,31.3,42.87,42.24,14.89,269,258,16,False,False,Inter-Election,799,293,234,16,False,268.57,268.57,0.615,-0.0176,0.0,1.0,0.0,258.14,258.07,0.371,0.0036,0.07,0.0,0.276,-37.67,-37.54,0.376,-0.0219,-0.13,0.54,-0.343
2021-07-31,-36.868,31.57,42.89,42.22,14.88,269,258,16,False,False,Inter-Election,800,293,234,16,False,268.57,268.57,0.587,-0.0118,0.0,1.0,0.0,258.14,258.07,0.371,0.0027,0.07,0.0,0.276,-37.57,-37.52,0.383,-0.0161,-0.05,1.0,-0.126
2021-08-01,-37.015,31.49,42.89,42.23,14.89,269,258,16,False,False,Inter-Election,801,293,234,16,False,268.57,268.57,0.587,-0.006,0.0,1.0,0.0,258.14,258.07,0.371,0.0018,0.07,0.0,0.276,-37.5,-37.51,0.384,-0.0123,0.01,0.74,0.025
2021-08-02,-37.199,31.4,42.88,42.23,14.89,269,258,16,False,False,Inter-Election,802,293,234,16,False,268.71,268.57,0.587,-0.0002,0.14,1.0,0.278,258.14,258.07,0.371,0.0009,0.07,0.0,0.276,-37.4,-37.51,0.378,-0.0072,0.11,0.7,0.274
2021-08-03,-37.188,31.41,42.88,42.23,14.89,269,258,16,False,False,Inter-Election,803,293,234,16,False,268.86,268.57,0.587,0.0056,0.29,1.0,0.575,258.0,258.07,0.371,-0.0,-0.07,0.0,-0.276,-37.27,-37.52,0.377,-0.001,0.25,0.63,0.64
2021-08-04,-37.277,31.36,42.88,42.23,14.89,269,258,16,False,False,Inter-Election,804,293,234,16,False,268.86,268.57,0.587,0.0113,0.29,1.0,0.575,258.0,258.07,0.371,-0.0009,-0.07,0.0,-0.276,-37.23,-37.54,0.377,0.0057,0.31,0.56,0.842
2021-08-05,-37.141,31.43,42.88,42.23,14.89,269,258,16,False,False,Inter-Election,805,293,234,16,False,269.0,268.57,0.587,0.0171,0.43,0.0,0.853,258.0,258.07,0.371,-0.0018,-0.07,0.0,-0.276,-37.15,-37.55,0.377,0.0129,0.4,0.09,1.131
2021-08-06,-37.001,31.5,42.89,42.23,14.89,269,258,16,False,False,Inter-Election,806,293,234,16,False,269.0,268.6,0.556,0.016,0.4,0.0,0.803,258.0,258.07,0.371,-0.0027,-0.07,0.0,-0.276,-37.1,-37.52,0.348,0.0157,0.42,0.51,1.145
2021-08-07,-37.038,31.48,42.89,42.23,14.89,269,258,16,False,False,Inter-Election,807,293,234,16,False,269.0,268.6,0.525,0.0214,0.4,0.0,0.803,258.0,258.07,0.371,-0.0036,-0.07,0.0,-0.276,-37.12,-37.52,0.33,0.0222,0.4,0.54,1.09
2021-08-08,-36.997,31.5,42.89,42.23,14.89,269,258,16,False,False,Inter-Election,808,293,234,16,False,269.0,268.6,0.525,0.0267,0.4,0.0,0.803,258.0,258.07,0.371,-0.0044,-0.07,0.0,-0.276,-37.12,-37.52,0.33,0.0282,0.4,0.53,1.072
2021-08-09,-37.142,31.43,42.88,42.23,14.89,269,258,16,False,False,Inter-Election,809,293,234,16,False,269.0,268.6,0.525,0.032,0.4,1.0,0.803,258.0,258.07,0.371,-0.0053,-0.07,0.0,-0.276,-37.11,-37.51,0.328,0.0316,0.4,0.75,1.056
2021-08-10,-36.908,31.55,42.89,42.22,14.88,269,258,16,False,False,Inter-Election,810,293,234,16,False,269.0,268.6,0.525,0.0374,0.4,1.0,0.803,258.0,258.07,0.371,-0.0062,-0.07,-1.0,-0.276,-37.07,-37.49,0.33,0.036,0.42,1.15,1.065
2021-08-11,-36.833,31.58,42.89,42.22,14.88,269,258,16,False,False,Inter-Election,811,293,234,16,False,269.0,268.63,0.49,0.0358,0.37,0.0,0.755,258.0,258.03,0.32,-0.0002,-0.03,0.0,-0.164,-37.01,-37.45,0.292,0.0351,0.44,0.71,1.139
2021-08-12,-36.429,31.79,42.91,42.21,14.88,269,258,16,False,False,Inter-Election,812,293,234,16,False,269.0,268.63,0.455,0.0407,0.37,1.0,0.755,258.0,258.03,0.263,-0.0007,-0.03,0.0,-0.164,-36.91,-37.42,0.259,0.0422,0.51,1.28,1.19
2021-08-13,-36.437,31.78,42.91,42.21,14.88,269,258,16,False,False,Inter-Election,813,293,234,16,False,269.0,268.67,0.414,0.0387,0.33,0.0,0.688,258.0,258.03,0.263,-0.0011,-0.03,0.0,-0.164,-36.83,-37.37,0.235,0.045,0.54,0.95,1.191
2021-08-14,-36.47,31.77,42.91,42.21,14.88,269,258,16,False,False,Inter-Election,814,293,234,16,False,269.0,268.7,0.414,0.0363,0.3,0.0,0.644,258.0,258.03,0.263,-0.0016,-0.03,0.0,-0.164,-36.75,-37.32,0.235,0.0467,0.57,0.4,1.22
2021-08-15,-36.483,31.76,42.91,42.21,14.88,269,258,16,False,False,Inter-Election,815,293,234,16,False,269.0,268.73,0.414,0.0334,0.27,0.0,0.6,258.0,258.03,0.263,-0.002,-0.03,0.0,-0.164,-36.67,-37.27,0.235,0.0478,0.6,0.53,1.26
2021-08-16,-36.596,31.7,42.9,42.22,14.88,269,258,16,False,False,Inter-Election,816,293,234,16,False,269.0,268.77,0.414,0.03,0.23,0.0,0.535,258.0,258.03,0.263,-0.0024,-0.03,0.0,-0.164,-36.59,-37.23,0.237,0.048,0.64,0.6,1.339
2021-08-17,-36.883,31.56,42.89,42.22,14.88,269,258,16,False,False,Inter-Election,817,293,234,16,False,269.0,268.8,0.414,0.0263,0.2,0.0,0.492,258.0,258.03,0.263,-0.0029,-0.03,0.0,-0.164,-36.59,-37.2,0.244,0.0466,0.61,0.3,1.295
2021-08-18,-36.751,31.62,42.9,42.22,14.88,269,258,16,False,False,Inter-Election,818,293,234,16,False,269.0,268.83,0.414,0.022,0.17,0.0,0.448,258.0,258.03,0.263,-0.0033,-0.03,0.0,-0.164,-36.58,-37.16,0.242,0.0446,0.58,0.53,1.265
2021-08-19,-36.941,31.53,42.89,42.22,14.88,269,258,16,False,False,Inter-Election,819,293,234,16,False,269.0,268.87,0.414,0.0174,0.13,0.0,0.376,258.0,258.03,0.263,-0.0038,-0.03,0.0,-0.164,-36.65,-37.13,0.246,0.0415,0.48,0.2,1.085
2021-08-20,-36.785,31.61,42.9,42.22,14.88,269,258,16,False,False,Inter-Election,820,293,234,16,False,269.0,268.9,0.414,0.0122,0.1,0.0,0.328,258.0,258.03,0.263,-0.0042,-0.03,0.0,-0.164,-36.7,-37.09,0.247,0.0388,0.39,0.22,0.917
2021-08-21,-36.918,31.54,42.89,42.22,14.88,269,258,16,False,False,Inter-Election,821,293,234,16,False,269.0,268.9,0.371,0.0136,0.1,0.0,0.328,258.0,258.03,0.263,-0.0047,-0.03,0.0,-0.164,-36.77,-37.08,0.223,0.039,0.31,0.12,0.728
2021-08-22,-36.913,31.54,42.89,42.22,14.88,269,258,16,False,False,Inter-Election,822,293,234,16,False,269.0,268.9,0.371,0.0149,0.1,0.0,0.328,258.0,258.03,0.263,-0.0051,-0.03,0.0,-0.164,-36.83,-37.06,0.216,0.0372,0.23,0.08,0.548
2021-08-23,-36.391,31.8,42.91,42.21,14.88,269,258,16,False,False,Inter-Election,823,293,234,16,False,269.0,268.9,0.371,0.0162,0.1,0.0,0.328,258.0,258.03,0.263,-0.0056,-0.03,0.0,-0.164,-36.8,-37.02,0.234,0.0379,0.22,0.75,0.518
2021-08-24,-36.647,31.68,42.9,42.22,14.88,269,258,16,False,False,Inter-Election,824,293,234,16,False,269.0,268.9,0.371,0.0176,0.1,0.0,0.328,258.0,258.03,0.263,-0.006,-0.03,0.0,-0.164,-36.76,-36.99,0.24,0.0369,0.23,0.26,0.549
2021-08-25,-36.701,31.65,42.9,42.22,14.88,269,258,16,False,False,Inter-Election,825,293,234,16,False,269.0,268.93,0.32,0.012,0.07,0.0,0.276,258.0,258.03,0.263,-0.0065,-0.03,0.0,-0.164,-36.76,-36.96,0.229,0.0326,0.2,0.13,0.517
2021-08-26,-36.761,31.62,42.9,42.22,14.88,269,258,16,False,False,Inter-Election,826,293,234,16,False,269.0,268.97,0.32,0.006,0.03,0.0,0.164,258.0,258.0,0.183,-0.0,0.0,0.0,,-36.73,-36.91,0.227,0.0262,0.18,-0.33,0.551
2021-08-27,-36.583,31.71,42.9,42.21,14.88,269,258,16,False,False,Inter-Election,827,293,234,16,False,269.0,268.97,0.263,0.0065,0.03,0.0,0.164,258.0,258.0,0.0,-0.0,0.0,0.0,,-36.7,-36.88,0.21,0.024,0.18,-0.15,0.582
2021-08-28,-36.786,31.61,42.9,42.22,14.88,269,258,16,False,False,Inter-Election,828,293,234,16,False,269.0,269.0,0.183,-0.0,0.0,0.0,0.0,258.0,258.0,0.0,-0.0,0.0,0.0,,-36.68,-36.85,0.212,0.0189,0.17,-0.32,0.636
2021-08-29,-36.727,31.64,42.9,42.22,14.88,269,258,16,False,False,Inter-Election,829,293,234,16,False,269.0,269.0,0.0,-0.0,0.0,0.0,0.0,258.0,258.0,0.0,-0.0,0.0,0.0,,-36.66,-36.83,0.205,0.0159,0.17,-0.24,0.686
2021-08-30,-36.554,31.72,42.9,42.21,14.88,269,258,16,False,False,Inter-Election,830,293,234,16,False,269.0,269.0,0.0,-0.0,0.0,0.0,0.0,258.0,258.0,0.0,-0.0,0.0,0.0,,-36.68,-36.82,0.185,0.0174,0.14,0.04,0.554
2021-08-31,-36.627,31.69,42.9,42.22,14.88,269,258,16,False,False,Inter-Election,831,293,234,16,False,269.0,269.0,0.0,-0.0,0.0,0.0,0.0,258.0,258.0,0.0,-0.0,0.0,0.0,,-36.68,-36.8,0.183,0.0173,0.12,0.26,0.476
2021-09-01,-35.216,32.39,42.95,42.18,14.87,270,257,16,False,False,Inter-Election,832,293,234,16,False,269.14,269.03,0.183,0.0065,0.11,1.0,0.602,257.86,257.97,0.183,-0.0065,-0.11,-1.0,-0.602,-36.46,-36.74,0.311,0.0248,0.28,1.53,0.747
2021-09-02,-34.805,32.6,42.97,42.17,14.86,270,257,16,False,False,Inter-Election,833,293,234,16,False,269.29,269.07,0.183,0.0125,0.22,1.0,0.867,257.71,257.93,0.183,-0.0125,-0.22,-1.0,-0.867,-36.19,-36.66,0.317,0.0342,0.47,2.14,0.929
2021-09-03,-33.906,33.05,43.0,42.14,14.86,271,256,16,False,False,Inter-Election,834,293,234,16,False,269.57,269.13,0.254,0.0245,0.44,2.0,1.013,257.43,257.87,0.254,-0.0245,-0.44,-2.0,-1.013,-35.8,-36.55,0.349,0.0476,0.75,2.88,1.071
2021-09-04,-32.398,33.8,43.06,42.1,14.84,271,256,16,False,False,Inter-Election,835,293,234,16,False,269.86,269.2,0.254,0.0356,0.66,2.0,1.198,257.14,257.8,0.254,-0.0356,-0.66,-2.0,-1.198,-35.18,-36.39,0.432,0.0703,1.21,4.52,1.183
2021-09-05,-32.366,33.82,43.06,42.1,14.84,271,256,16,False,False,Inter-Election,836,293,234,16,False,270.14,269.27,0.254,0.0458,0.87,2.0,1.36,256.86,257.73,0.254,-0.0458,-0.87,-2.0,-1.36,-34.55,-36.23,0.432,0.092,1.68,4.55,1.343
2021-09-06,-31.866,34.07,43.08,42.09,14.84,272,255,16,False,False,Inter-Election,837,293,234,16,True,270.57,269.37,0.305,0.0616,1.2,3.0,1.484,256.43,257.63,0.305,-0.0616,-1.2,-3.0,-1.484,-33.88,-36.06,0.435,0.1146,2.18,4.52,1.48
2021-09-07,-31.439,34.28,43.09,42.08,14.83,272,255,16,False,False,Inter-Election,838,293,234,16,True,271.0,269.47,0.305,0.0761,1.53,3.0,1.633,256.0,257.53,0.305,-0.0761,-1.53,-3.0,-1.633,-33.14,-35.88,0.437,0.138,2.74,5.21,1.626
2021-09-08,-30.332,34.83,43.13,42.05,14.82,272,255,16,False,False,Inter-Election,839,293,234,16,True,271.29,269.57,0.305,0.0892,1.72,3.0,1.654,255.71,257.43,0.305,-0.0892,-1.72,-3.0,-1.654,-32.44,-35.65,0.463,0.165,3.21,6.37,1.648
2021-09-09,-30.28,34.86,43.13,42.04,14.82,272,255,16,False,False,Inter-Election,840,293,234,16,True,271.57,269.67,0.305,0.101,1.9,3.0,1.69,255.43,257.33,0.305,-0.101,-1.9,-3.0,-1.69,-31.8,-35.43,0.464,0.191,3.63,6.48,1.678
2021-09-10,-30.001,35.0,43.14,42.04,14.82,273,254,16,False,False,Inter-Election,841,293,234,16,True,271.86,269.8,0.346,0.1179,2.06,4.0,1.622,255.14,257.2,0.346,-0.1179,-2.06,-4.0,-1.622,-31.24,-35.2,0.464,0.2163,3.96,6.58,1.677
2021-09-11,-30.035,34.98,43.14,42.04,14.82,273,254,16,False,False,Inter-Election,842,293,234,16,True,272.14,269.93,0.346,0.133,2.21,4.0,1.592,254.86,257.07,0.346,-0.133,-2.21,-4.0,-1.592,-30.9,-34.99,0.465,0.2411,4.09,6.75,1.617
2021-09-12,-30.013,34.99,43.14,42.04,14.82,273,254,16,False,False,Inter-Election,843,293,234,16,True,272.43,270.07,0.346,0.1464,2.36,4.0,1.59,254.57,256.93,0.346,-0.1464,-2.36,-4.0,-1.59,-30.57,-34.77,0.464,0.2632,4.2,6.71,1.573
2021-09-13,-30.652,34.67,43.12,42.05,14.82,272,255,16,False,False,Inter-Election,844,293,234,16,True,272.43,270.17,0.403,0.1515,2.26,3.0,1.496,254.57,256.83,0.403,-0.1515,-2.26,-3.0,-1.496,-30.39,-34.58,0.488,0.2781,4.19,5.9,1.522
2021-09-14,-30.956,34.52,43.11,42.06,14.83,272,255,16,False,False,Inter-Election,845,293,234,16,True,272.43,270.27,0.403,0.1553,2.16,3.0,1.412,254.57,256.73,0.403,-0.1553,-2.16,-3.0,-1.412,-30.32,-34.39,0.495,0.2883,4.07,5.67,1.451
2021-09-15,-31.309,34.35,43.1,42.07,14.83,272,255,16,False,False,Inter-Election,846,293,234,16,True,272.43,270.37,0.403,0.1577,2.06,2.0,1.336,254.57,256.63,0.403,-0.1577,-2.06,-2.0,-1.336,-30.46,-34.22,0.502,0.293,3.76,3.91,1.33
2021-09-16,-31.213,34.39,43.1,42.07,14.83,272,255,16,False,False,Inter-Election,847,293,234,16,True,272.43,270.47,0.403,0.1588,1.96,2.0,1.266,254.57,256.53,0.403,-0.1588,-1.96,-2.0,-1.266,-30.6,-34.03,0.495,0.2941,3.43,3.59,1.211
2021-09-17,-31.219,34.39,43.1,42.07,14.83,272,255,16,False,False,Inter-Election,848,293,234,16,True,272.29,270.57,0.403,0.1586,1.72,1.0,1.112,254.71,256.43,0.403,-0.1586,-1.72,-1.0,-1.112,-30.77,-33.84,0.496,0.2934,3.07,2.69,1.085
2021-09-18,-31.433,34.28,43.09,42.08,14.83,272,255,16,False,False,Inter-Election,849,293,234,16,True,272.14,270.67,0.403,0.1571,1.47,1.0,0.955,254.86,256.33,0.403,-0.1571,-1.47,-1.0,-0.955,-30.97,-33.66,0.497,0.2876,2.69,0.97,0.961
2021-09-19,-31.492,34.25,43.09,42.08,14.83,272,255,16,False,False,Inter-Election,850,293,234,16,True,272.0,270.77,0.403,0.1542,1.23,1.0,0.807,255.0,256.23,0.403,-0.1542,-1.23,-1.0,-0.807,-31.18,-33.48,0.499,0.2801,2.3,0.87,0.832
2021-09-20,-31.293,34.35,43.1,42.07,14.83,272,255,16,False,False,Inter-Election,851,293,234,16,True,272.0,270.87,0.403,0.1499,1.13,0.0,0.752,255.0,256.13,0.403,-0.1499,-1.13,0.0,-0.752,-31.27,-33.3,0.495,0.2705,2.03,0.57,0.748
2021-09-21,-30.697,34.65,43.12,42.06,14.83,272,255,16,False,False,Inter-Election,852,293,234,16,True,272.0,270.97,0.403,0.1444,1.03,0.0,0.699,255.0,256.03,0.403,-0.1444,-1.03,0.0,-0.699,-31.24,-33.09,0.499,0.2624,1.85,0.74,0.694
2021-09-22,-30.325,34.84,43.13,42.05,14.82,272,255,16,False,False,Inter-Election,853,293,234,16,True,272.0,271.07,0.403,0.1375,0.93,0.0,0.647,255.0,255.93,0.403,-0.1375,-0.93,0.0,-0.647,-31.1,-32.89,0.497,0.2574,1.79,0.01,0.679
2021-09-23,-29.851,35.07,43.15,42.03,14.82,273,254,16,False,False,Inter-Election,854,293,234,16,True,272.14,271.2,0.434,0.1357,0.94,1.0,0.66,254.86,255.8,0.434,-0.1357,-0.94,-1.0,-0.66,-30.9,-32.66,0.491,0.2511,1.76,0.43,0.679
2021-09-24,-30.176,34.91,43.14,42.04,14.82,273,255,15,False,False,Inter-Election,855,293,234,16,True,272.29,271.33,0.434,0.1321,0.96,0.0,0.687,254.86,255.7,0.481,-0.1257,-0.84,1.0,-0.614,-30.75,-32.44,0.499,0.2393,1.69,-0.17,0.672
2021-09-25,-30.041,34.98,43.14,42.04,14.82,273,254,16,False,False,Inter-Election,856,293,234,16,True,272.43,271.47,0.434,0.1268,0.96,0.0,0.707,254.71,255.57,0.507,-0.1208,-0.86,0.0,-0.646,-30.55,-32.22,0.497,0.225,1.67,-0.01,0.692
2021-09-26,-30.18,34.91,43.14,42.04,14.82,273,255,15,False,False,Inter-Election,857,293,234,16,True,272.57,271.6,0.434,0.1197,0.97,0.0,0.745,254.71,255.47,0.548,-0.1077,-0.76,1.0,-0.607,-30.37,-32.01,0.501,0.2081,1.64,-0.17,0.715
2021-09-27,-30.581,34.71,43.12,42.05,14.82,272,255,16,False,False,Inter-Election,858,293,234,16,True,272.57,271.7,0.481,0.1043,0.87,0.0,0.72,254.71,255.37,0.548,-0.0932,-0.66,0.0,-0.569,-30.26,-31.8,0.508,0.1843,1.54,0.07,0.726
2021-09-28,-30.642,34.68,43.12,42.05,14.82,272,255,16,False,False,Inter-Election,859,293,234,16,True,272.57,271.8,0.481,0.0877,0.77,0.0,0.703,254.71,255.27,0.548,-0.0774,-0.56,0.0,-0.534,-30.26,-31.6,0.51,0.1578,1.34,0.31,0.699
2021-09-29,-30.78,34.61,43.12,42.06,14.83,272,255,16,False,False,Inter-Election,860,293,234,16,True,272.57,271.9,0.481,0.0696,0.67,0.0,0.698,254.71,255.17,0.548,-0.0603,-0.46,0.0,-0.504,-30.32,-31.4,0.513,0.1289,1.08,0.53,0.645
2021-09-30,-30.534,34.73,43.13,42.05,14.82,272,255,16,False,False,Inter-Election,861,293,234,16,True,272.43,272.0,0.481,0.0503,0.43,0.0,0.546,254.86,255.07,0.548,-0.0418,-0.21,0.0,-0.284,-30.42,-31.2,0.511,0.0985,0.78,0.68,0.573
2021-10-01,-30.493,34.75,43.13,42.05,14.82,272,255,16,False,False,Inter-Election,862,293,234,16,True,272.29,272.07,0.45,0.0365,0.22,0.0,0.318,254.86,255.0,0.521,-0.0289,-0.14,0.0,-0.218,-30.46,-31.04,0.458,0.0753,0.58,0.73,0.511
2021-10-02,-30.465,34.77,43.13,42.05,14.82,272,255,16,False,False,Inter-Election,863,293,234,16,True,272.14,272.13,0.45,0.0218,0.01,0.0,0.018,255.0,254.93,0.521,-0.0151,0.07,0.0,0.134,-30.52,-30.9,0.456,0.0531,0.38,0.97,0.428
2021-10-03,-30.469,34.77,43.13,42.05,14.82,272,255,16,False,False,Inter-Election,864,293,234,16,True,272.0,272.17,0.414,0.0131,-0.17,0.0,-0.32,255.0,254.9,0.49,-0.0073,0.1,0.0,0.208,-30.57,-30.78,0.434,0.0352,0.21,1.02,0.307
2021-10-04,-30.82,34.59,43.11,42.06,14.83,272,255,16,False,False,Inter-Election,865,293,234,16,True,272.0,272.2,0.414,0.004,-0.2,0.0,-0.413,255.0,254.87,0.49,0.0009,0.13,0.0,0.299,-30.6,-30.73,0.353,0.0238,0.13,0.47,0.212
2021-10-05,-30.986,34.51,43.11,42.06,14.83,272,255,16,False,False,Inter-Election,866,293,234,16,True,272.0,272.23,0.414,-0.0056,-0.23,0.0,-0.535,255.0,254.83,0.49,0.0096,0.17,0.0,0.448,-30.65,-30.69,0.355,0.0109,0.04,-0.29,0.075
2021-10-06,-31.225,34.39,43.1,42.07,14.83,272,255,16,False,False,Inter-Election,867,293,234,16,True,272.0,272.23,0.371,-0.0087,-0.23,0.0,-0.535,255.0,254.83,0.455,0.0118,0.17,0.0,0.448,-30.71,-30.66,0.348,-0.0007,-0.05,-0.9,-0.101
2021-10-07,-31.165,34.42,43.1,42.07,14.83,272,255,16,False,False,Inter-Election,868,293,234,16,True,272.0,272.23,0.371,-0.0118,-0.23,-1.0,-0.535,255.0,254.83,0.455,0.014,0.17,1.0,0.448,-30.8,-30.66,0.34,-0.0093,-0.14,-1.31,-0.29
2021-10-08,-31.34,34.33,43.1,42.07,14.83,272,255,16,False,False,Inter-Election,869,293,234,16,True,272.0,272.23,0.371,-0.0149,-0.23,-1.0,-0.535,255.0,254.83,0.455,0.0162,0.17,0.0,0.448,-30.92,-30.69,0.27,-0.0115,-0.23,-1.16,-0.465
2021-10-09,-31.272,34.36,43.1,42.07,14.83,272,255,16,False,False,Inter-Election,870,293,234,16,True,272.0,272.23,0.371,-0.018,-0.23,-1.0,-0.535,255.0,254.83,0.455,0.0185,0.17,1.0,0.448,-31.04,-30.72,0.271,-0.0124,-0.32,-1.23,-0.64
2021-10-10,-31.292,34.35,43.1,42.07,14.83,272,255,16,False,False,Inter-Election,871,293,234,16,True,272.0,272.2,0.32,-0.0142,-0.2,-1.0,-0.492,255.0,254.87,0.414,0.0138,0.13,0.0,0.376,-31.16,-30.76,0.264,-0.0111,-0.4,-1.11,-0.815
2021-10-11,-31.303,34.35,43.1,42.07,14.83,272,255,16,False,False,Inter-Election,872,293,234,16,True,272.0,272.17,0.32,-0.01,-0.17,0.0,-0.448,255.0,254.9,0.414,0.0087,0.1,0.0,0.328,-31.23,-30.81,0.264,-0.0096,-0.42,-0.72,-0.874
2021-10-12,-31.148,34.43,43.1,42.07,14.83,272,255,16,False,False,Inter-Election,873,293,234,16,True,272.0,272.13,0.32,-0.0053,-0.13,0.0,-0.376,255.0,254.93,0.414,0.0031,0.07,0.0,0.276,-31.25,-30.85,0.267,-0.0063,-0.4,-0.51,-0.869
2021-10-13,-31.11,34.44,43.1,42.07,14.83,272,255,16,False,False,Inter-Election,874,293,234,16,True,272.0,272.13,0.263,-0.0071,-0.13,0.0,-0.376,255.0,254.93,0.371,0.004,0.07,0.0,0.276,-31.23,-30.86,0.241,-0.0067,-0.37,-0.33,-0.802
2021-10-14,-31.28,34.36,43.1,42.07,14.83,272,255,16,False,False,Inter-Election,875,293,234,16,True,272.0,272.13,0.263,-0.0089,-0.13,0.0,-0.376,255.0,254.93,0.371,0.0049,0.07,0.0,0.276,-31.25,-30.87,0.237,-0.01,-0.38,-0.75,-0.813
2021-10-15,-31.339,34.33,43.1,42.07,14.83,272,255,16,False,False,Inter-Election,876,293,234,16,True,272.0,272.13,0.263,-0.0107,-0.13,0.0,-0.376,255.0,254.93,0.371,0.0058,0.07,0.0,0.276,-31.25,-30.87,0.228,-0.0161,-0.38,-0.85,-0.812
2021-10-16,-31.184,34.41,43.1,42.07,14.83,272,255,16,False,False,Inter-Election,877,293,234,16,True,272.0,272.13,0.263,-0.0125,-0.13,0.0,-0.376,255.0,254.93,0.371,0.0067,0.07,0.0,0.276,-31.24,-30.87,0.229,-0.0204,-0.37,-0.72,-0.792
2021-10-17,-31.403,34.3,43.09,42.07,14.83,272,255,16,False,False,Inter-Election,878,293,234,16,True,272.0,272.13,0.263,-0.0142,-0.13,0.0,-0.376,255.0,254.93,0.371,0.0076,0.07,0.0,0.276,-31.25,-30.88,0.233,-0.0263,-0.37,-0.93,-0.782
2021-10-18,-31.223,34.39,43.1,42.07,14.83,272,255,16,False,False,Inter-Election,879,293,234,16,True,272.0,272.13,0.263,-0.016,-0.13,0.0,-0.376,255.0,254.93,0.371,0.0085,0.07,0.0,0.276,-31.24,-30.87,0.232,-0.0323,-0.37,-0.4,-0.793
2021-10-19,-31.42,34.29,43.09,42.08,14.83,272,255,16,False,False,Inter-Election,880,293,234,16,True,272.0,272.13,0.263,-0.0178,-0.13,0.0,-0.376,255.0,254.93,0.371,0.0093,0.07,0.0,0.276,-31.28,-30.87,0.235,-0.0402,-0.41,-0.43,-0.885
2021-10-20,-31.346,34.33,43.1,42.07,14.83,272,255,16,False,False,Inter-Election,881,293,234,16,True,272.0,272.13,0.263,-0.0196,-0.13,0.0,-0.376,255.0,254.93,0.371,0.0102,0.07,0.0,0.276,-31.31,-30.87,0.232,-0.0462,-0.44,-0.12,-0.946
2021-10-21,-31.353,34.32,43.1,42.07,14.83,272,255,16,False,False,Inter-Election,882,293,234,16,True,272.0,272.13,0.263,-0.0214,-0.13,0.0,-0.376,255.0,254.93,0.371,0.0111,0.07,0.0,0.276,-31.32,-30.89,0.203,-0.0481,-0.43,-0.19,-0.911
2021-10-22,-31.224,34.39,43.1,42.07,14.83,272,255,16,False,False,Inter-Election,883,293,234,16,True,272.0,272.13,0.263,-0.0231,-0.13,0.0,-0.376,255.0,254.93,0.371,0.012,0.07,0.0,0.276,-31.31,-30.92,0.191,-0.0463,-0.39,0.12,-0.842
2021-10-23,-31.169,34.42,43.1,42.07,14.83,272,255,16,False,False,Inter-Election,884,293,234,16,True,272.0,272.1,0.183,-0.018,-0.1,0.0,-0.328,255.0,254.97,0.32,0.006,0.03,0.0,0.164,-31.31,-30.97,0.167,-0.0406,-0.34,0.1,-0.812
2021-10-24,-31.18,34.41,43.1,42.07,14.83,272,255,16,False,False,Inter-Election,885,293,234,16,True,272.0,272.07,0.183,-0.0125,-0.07,0.0,-0.276,255.0,254.97,0.263,0.0065,0.03,0.0,0.164,-31.27,-31.0,0.158,-0.0365,-0.27,0.11,-0.688
2021-10-25,-31.642,34.18,43.08,42.08,14.83,272,255,16,False,False,Inter-Election,886,293,234,16,True,272.0,272.03,0.183,-0.0065,-0.03,0.0,-0.164,255.0,255.0,0.183,-0.0,0.0,0.0,,-31.33,-31.05,0.173,-0.034,-0.28,-0.34,-0.766
2021-10-26,-31.689,34.16,43.08,42.08,14.83,272,255,16,False,False,Inter-Election,887,293,234,16,True,272.0,272.0,0.183,-0.0,0.0,0.0,0.0,255.0,255.0,0.0,-0.0,0.0,0.0,,-31.37,-31.1,0.172,-0.0321,-0.27,-0.54,-0.783
2021-10-27,-31.692,34.15,43.08,42.08,14.83,272,255,16,False,False,Inter-Election,888,293,234,16,True,272.0,272.0,0.0,-0.0,0.0,0.0,0.0,255.0,255.0,0.0,-0.0,0.0,0.0,,-31.42,-31.14,0.159,-0.0323,-0.28,-0.58,-0.808
2021-10-28,-31.712,34.14,43.08,42.08,14.83,272,255,16,False,False,Inter-Election,889,293,234,16,True,272.0,272.0,0.0,-0.0,0.0,0.0,0.0,255.0,255.0,0.0,-0.0,0.0,0.0,,-31.47,-31.18,0.159,-0.0326,-0.29,-0.43,-0.832
2021-10-29,-31.758,34.12,43.08,42.08,14.84,272,255,16,False,False,Inter-Election,890,293,234,16,True,272.0,272.0,0.0,-0.0,0.0,0.0,0.0,255.0,255.0,0.0,-0.0,0.0,0.0,,-31.55,-31.21,0.158,-0.0336,-0.34,-0.42,-0.955
2021-10-30,-31.905,34.05,43.07,42.09,14.84,272,255,16,False,False,Inter-Election,891,293,234,16,True,272.0,272.0,0.0,-0.0,0.0,0.0,0.0,255.0,255.0,0.0,-0.0,0.0,0.0,,-31.65,-31.25,0.15,-0.0335,-0.4,-0.72,-1.128
2021-10-31,-31.879,34.06,43.08,42.09,14.84,272,255,16,False,False,Inter-Election,892,293,234,16,True,272.0,272.0,0.0,-0.0,0.0,0.0,0.0,255.0,255.0,0.0,-0.0,0.0,0.0,,-31.75,-31.3,0.15,-0.0323,-0.45,-0.48,-1.315
2021-11-01,-31.947,34.03,43.07,42.09,14.84,272,255,16,False,False,Inter-Election,893,293,234,16,True,272.0,272.0,0.0,-0.0,0.0,0.0,0.0,255.0,255.0,0.0,-0.0,0.0,0.0,,-31.8,-31.35,0.149,-0.0307,-0.45,-0.72,-1.389
2021-11-02,-31.986,34.01,43.07,42.09,14.84,272,255,16,False,False,Inter-Election,894,293,234,16,True,272.0,272.0,0.0,-0.0,0.0,0.0,0.0,255.0,255.0,0.0,-0.0,0.0,0.0,,-31.84,-31.4,0.149,-0.0287,-0.44,-0.57,-1.47
2021-11-03,-32.07,33.97,43.07,42.09,14.84,271,255,17,False,False,Inter-Election,895,293,234,16,False,271.86,271.97,0.183,-0.0065,-0.11,-1.0,-0.602,255.0,255.0,0.0,-0.0,0.0,0.0,,-31.89,-31.44,0.138,-0.0291,-0.45,-0.72,-1.486
2021-11-04,-32.062,33.97,43.07,42.09,14.84,272,255,16,False,False,Inter-Election,896,293,234,16,True,271.86,271.97,0.263,-0.006,-0.11,0.0,-0.602,255.0,255.0,0.0,-0.0,0.0,0.0,,-31.94,-31.48,0.136,-0.0299,-0.46,-0.71,-1.481
2021-11-05,-31.971,34.01,43.07,42.09,14.84,272,255,16,False,False,Inter-Election,897,293,234,16,True,271.86,271.97,0.263,-0.0056,-0.11,0.0,-0.602,255.0,255.0,0.0,-0.0,0.0,0.0,,-31.97,-31.5,0.133,-0.0314,-0.47,-0.75,-1.472
2021-11-06,-31.872,34.06,43.08,42.09,14.84,272,255,16,False,False,Inter-Election,898,293,234,16,True,271.86,271.97,0.263,-0.0051,-0.11,0.0,-0.602,255.0,255.0,0.0,-0.0,0.0,0.0,,-31.97,-31.53,0.134,-0.0314,-0.44,-0.7,-1.376
2021-11-07,-32.015,33.99,43.07,42.09,14.84,272,255,16,False,False,Inter-Election,899,293,234,16,True,271.86,271.97,0.263,-0.0047,-0.11,0.0,-0.602,255.0,255.0,0.0,-0.0,0.0,0.0,,-31.99,-31.55,0.132,-0.0333,-0.44,-0.84,-1.334
2021-11-08,-32.045,33.98,43.07,42.09,14.84,272,255,16,False,False,Inter-Election,900,293,234,16,True,271.86,271.97,0.263,-0.0042,-0.11,0.0,-0.602,255.0,255.0,0.0,-0.0,0.0,0.0,,-32.0,-31.57,0.131,-0.0346,-0.43,-0.4,-1.274
2021-11-09,-31.957,34.02,43.07,42.09,14.84,272,255,16,False,False,Inter-Election,901,293,234,16,True,271.86,271.97,0.263,-0.0038,-0.11,0.0,-0.602,255.0,255.0,0.0,-0.0,0.0,0.0,,-32.0,-31.6,0.133,-0.0351,-0.4,-0.27,-1.176
2021-11-10,-32.007,34.0,43.07,42.09,14.84,272,255,16,False,False,Inter-Election,902,293,234,16,True,272.0,271.97,0.263,-0.0033,0.03,0.0,0.164,255.0,255.0,0.0,-0.0,0.0,0.0,,-31.99,-31.62,0.133,-0.0358,-0.37,-0.31,-1.077
2021-11-11,-31.782,34.11,43.08,42.08,14.84,272,255,16,False,False,Inter-Election,903,293,234,16,True,272.0,271.97,0.263,-0.0029,0.03,0.0,0.164,255.0,255.0,0.0,-0.0,0.0,0.0,,-31.95,-31.64,0.137,-0.0335,-0.31,-0.07,-0.931
2021-11-12,-31.765,34.12,43.08,42.08,14.84,272,255,16,False,False,Inter-Election,904,293,234,16,True,272.0,271.97,0.263,-0.0024,0.03,0.0,0.164,255.0,255.0,0.0,-0.0,0.0,0.0,,-31.92,-31.66,0.137,-0.0307,-0.26,-0.01,-0.817
2021-11-13,-31.852,34.07,43.08,42.09,14.84,272,255,16,False,False,Inter-Election,905,293,234,16,True,272.0,271.97,0.263,-0.002,0.03,0.0,0.164,255.0,255.0,0.0,-0.0,0.0,0.0,,-31.92,-31.68,0.134,-0.0293,-0.24,0.05,-0.771
2021-11-14,-31.666,34.17,43.08,42.08,14.83,272,255,16,False,False,Inter-Election,906,293,234,16,True,272.0,271.97,0.263,-0.0016,0.03,0.0,0.164,255.0,255.0,0.0,-0.0,0.0,0.0,,-31.87,-31.69,0.139,-0.0268,-0.18,0.21,-0.591
2021-11-15,-31.636,34.18,43.08,42.08,14.83,272,255,16,False,False,Inter-Election,907,293,234,16,True,272.0,271.97,0.263,-0.0011,0.03,0.0,0.164,255.0,255.0,0.0,-0.0,0.0,0.0,,-31.81,-31.71,0.136,-0.0229,-0.1,0.31,-0.345
2021-11-16,-31.547,34.23,43.09,42.08,14.83,272,255,16,False,False,Inter-Election,908,293,234,16,True,272.0,271.97,0.263,-0.0007,0.03,0.0,0.164,255.0,255.0,0.0,-0.0,0.0,0.0,,-31.75,-31.71,0.131,-0.0198,-0.04,0.44,-0.14
2021-11-17,-31.45,34.27,43.09,42.08,14.83,272,255,16,False,False,Inter-Election,909,293,234,16,True,272.0,271.97,0.263,-0.0002,0.03,1.0,0.164,255.0,255.0,0.0,-0.0,0.0,0.0,,-31.67,-31.72,0.128,-0.0147,0.05,0.62,0.182
2021-11-18,-31.242,34.38,43.1,42.07,14.83,272,255,16,False,False,Inter-Election,910,293,234,16,True,272.0,271.97,0.263,0.0002,0.03,0.0,0.164,255.0,255.0,0.0,-0.0,0.0,0.0,,-31.59,-31.71,0.129,-0.0096,0.12,0.82,0.424
2021-11-19,-31.365,34.32,43.09,42.07,14.83,272,255,16,False,False,Inter-Election,911,293,234,16,True,272.0,271.97,0.263,0.0007,0.03,0.0,0.164,255.0,255.0,0.0,-0.0,0.0,0.0,,-31.54,-31.71,0.13,-0.0048,0.17,0.61,0.602
2021-11-20,-30.985,34.51,43.11,42.06,14.83,272,255,16,False,False,Inter-Election,912,293,234,16,True,272.0,271.97,0.263,0.0011,0.03,0.0,0.164,255.0,255.0,0.0,-0.0,0.0,0.0,,-31.41,-31.7,0.148,0.0024,0.29,0.89,0.949
2021-11-21,-31.055,34.47,43.11,42.07,14.83,272,255,16,False,False,Inter-Election,913,293,234,16,True,272.0,271.97,0.263,0.0016,0.03,0.0,0.164,255.0,255.0,0.0,-0.0,0.0,0.0,,-31.33,-31.7,0.147,0.0099,0.37,0.96,1.17
2021-11-22,-31.132,34.43,43.1,42.07,14.83,272,255,16,False,False,Inter-Election,914,293,234,16,True,272.0,271.97,0.263,0.002,0.03,0.0,0.164,255.0,255.0,0.0,-0.0,0.0,0.0,,-31.25,-31.7,0.147,0.0172,0.45,0.91,1.413
2021-11-23,-31.268,34.37,43.1,42.07,14.83,272,255,16,False,False,Inter-Election,915,293,234,16,True,272.0,271.97,0.263,0.0024,0.03,0.0,0.164,255.0,255.0,0.0,-0.0,0.0,0.0,,-31.21,-31.7,0.149,0.0235,0.49,0.69,1.561
2021-11-24,-31.825,34.09,43.08,42.09,14.84,272,255,16,False,False,Inter-Election,916,293,234,16,True,272.0,271.97,0.263,0.0029,0.03,0.0,0.164,255.0,255.0,0.0,-0.0,0.0,0.0,,-31.27,-31.7,0.16,0.0231,0.43,0.18,1.367
2021-11-25,-31.715,34.14,43.08,42.08,14.84,272,255,16,False,False,Inter-Election,917,293,234,16,True,272.0,271.97,0.263,0.0033,0.03,0.0,0.164,255.0,255.0,0.0,-0.0,0.0,0.0,,-31.34,-31.71,0.161,0.0231,0.37,0.07,1.176
2021-11-26,-31.805,34.1,43.08,42.09,14.84,272,255,16,False,False,Inter-Election,918,293,234,16,True,272.0,271.97,0.263,0.0038,0.03,0.0,0.164,255.0,255.0,0.0,-0.0,0.0,0.0,,-31.4,-31.71,0.162,0.0225,0.31,-0.04,0.984
2021-11-27,-32.136,33.93,43.07,42.09,14.84,271,255,17,False,False,Inter-Election,919,293,234,16,False,271.86,271.93,0.32,-0.0022,-0.07,-1.0,-0.276,255.0,255.0,0.0,-0.0,0.0,0.0,,-31.56,-31.72,0.173,0.0198,0.16,-0.28,0.493
2021-11-28,-31.987,34.01,43.07,42.09,14.84,272,255,16,False,False,Inter-Election,-919,293,234,16,True,271.86,271.93,0.371,-0.0013,-0.07,0.0,-0.276,255.0,255.0,0.0,-0.0,0.0,0.0,,-31.7,-31.73,0.175,0.0178,0.03,-0.32,0.091
2021-11-29,-31.847,34.08,43.08,42.09,14.84,272,255,16,False,False,Inter-Election,-918,293,234,16,True,271.86,271.93,0.371,-0.0004,-0.07,0.0,-0.276,255.0,255.0,0.0,-0.0,0.0,0.0,,-31.8,-31.73,0.175,0.0159,-0.07,-0.21,-0.214
2021-11-30,-31.81,34.09,43.08,42.09,14.84,272,255,16,False,False,Inter-Election,-917,293,234,16,True,271.86,271.93,0.371,0.0004,-0.07,0.0,-0.276,255.0,255.0,0.0,-0.0,0.0,0.0,,-31.88,-31.73,0.175,0.0143,-0.15,-0.26,-0.46
2021-12-01,-31.849,34.08,43.08,42.09,14.84,272,255,16,False,False,Inter-Election,-916,293,234,16,True,271.86,271.93,0.371,0.0013,-0.07,0.0,-0.276,255.0,255.0,0.0,-0.0,0.0,0.0,,-31.88,-31.72,0.175,0.012,-0.16,-0.4,-0.493
2021-12-02,-32.042,33.98,43.07,42.09,14.84,272,255,16,False,False,Inter-Election,-915,293,234,16,True,271.86,271.93,0.371,0.0022,-0.07,0.0,-0.276,255.0,255.0,0.0,-0.0,0.0,0.0,,-31.93,-31.73,0.178,0.0082,-0.2,-0.8,-0.613
2021-12-03,-32.105,33.95,43.07,42.09,14.84,271,255,17,False,False,Inter-Election,-914,293,234,16,False,271.71,271.93,0.371,-0.0102,-0.22,-1.0,-0.867,255.0,255.0,0.0,-0.0,0.0,0.0,,-31.97,-31.73,0.178,0.0033,-0.24,-0.74,-0.733
2021-12-04,-32.012,33.99,43.07,42.09,14.84,272,255,16,False,False,Inter-Election,-913,293,234,16,True,271.86,271.93,0.371,-0.0093,-0.07,0.0,-0.276,255.0,255.0,0.0,-0.0,0.0,0.0,,-31.95,-31.72,0.179,-0.0008,-0.23,-1.03,-0.706
2021-12-05,-31.938,34.03,43.07,42.09,14.84,272,255,16,False,False,Inter-Election,-912,293,234,16,True,271.86,271.93,0.371,-0.0085,-0.07,0.0,-0.276,255.0,255.0,0.0,-0.0,0.0,0.0,,-31.94,-31.72,0.179,-0.0039,-0.22,-0.88,-0.677
2021-12-06,-32.08,33.96,43.07,42.09,14.84,271,255,17,False,False,Inter-Election,-911,293,234,16,False,271.71,271.9,0.414,-0.014,-0.19,-1.0,-0.623,255.0,255.0,0.0,-0.0,0.0,0.0,,-31.98,-31.73,0.179,-0.0072,-0.25,-0.95,-0.756
2021-12-07,-31.669,34.17,43.08,42.08,14.83,272,255,16,False,False,Inter-Election,-910,293,234,16,True,271.71,271.9,0.455,-0.0127,-0.19,0.0,-0.623,255.0,255.0,0.0,-0.0,0.0,0.0,,-31.96,-31.72,0.193,-0.0088,-0.24,-0.4,-0.736
2021-12-08,-31.31,34.34,43.1,42.07,14.83,272,255,16,False,False,Inter-Election,-909,293,234,16,True,271.71,271.9,0.455,-0.0113,-0.19,0.0,-0.623,255.0,255.0,0.0,-0.0,0.0,0.0,,-31.88,-31.69,0.203,-0.0084,-0.19,0.52,-0.578
2021-12-09,-31.194,34.4,43.1,42.07,14.83,272,255,16,False,False,Inter-Election,-908,293,234,16,True,271.71,271.9,0.455,-0.01,-0.19,0.0,-0.623,255.0,255.0,0.0,-0.0,0.0,0.0,,-31.76,-31.67,0.203,-0.007,-0.09,0.52,-0.267
2021-12-10,-31.146,34.43,43.1,42.07,14.83,272,255,16,False,False,Inter-Election,-907,293,234,16,True,271.86,271.9,0.455,-0.0087,-0.04,0.0,-0.131,255.0,255.0,0.0,-0.0,0.0,0.0,,-31.62,-31.64,0.203,-0.0059,0.02,0.66,0.058
2021-12-11,-31.009,34.5,43.11,42.06,14.83,272,255,16,False,False,Inter-Election,-906,293,234,16,True,271.86,271.9,0.455,-0.0073,-0.04,1.0,-0.131,255.0,255.0,0.0,-0.0,0.0,0.0,,-31.48,-31.61,0.2,-0.0028,0.13,1.13,0.36
2021-12-12,-30.899,34.55,43.11,42.06,14.83,272,255,16,False,False,Inter-Election,-905,293,234,16,True,271.86,271.9,0.455,-0.006,-0.04,0.0,-0.131,255.0,255.0,0.0,-0.0,0.0,0.0,,-31.33,-31.59,0.201,0.0008,0.26,1.09,0.679
2021-12-13,-30.772,34.61,43.12,42.06,14.83,272,255,16,False,False,Inter-Election,-904,293,234,16,True,272.0,271.9,0.455,-0.0047,0.1,0.0,0.328,255.0,255.0,0.0,-0.0,0.0,0.0,,-31.14,-31.55,0.201,0.0042,0.41,1.08,1.007
2021-12-14,-30.798,34.6,43.12,42.06,14.83,272,255,16,False,False,Inter-Election,-903,293,234,16,True,272.0,271.9,0.455,-0.0033,0.1,0.0,0.328,255.0,255.0,0.0,-0.0,0.0,0.0,,-31.02,-31.52,0.199,0.0082,0.5,1.01,1.166
2021-12-15,-30.903,34.55,43.11,42.06,14.83,272,255,16,False,False,Inter-Election,-902,293,234,16,True,272.0,271.9,0.455,-0.002,0.1,0.0,0.328,255.0,255.0,0.0,-0.0,0.0,0.0,,-30.96,-31.5,0.2,0.0114,0.54,0.95,1.22
2021-12-16,-30.782,34.61,43.12,42.06,14.83,272,255,16,False,False,Inter-Election,-901,293,234,16,True,272.0,271.9,0.455,-0.0007,0.1,0.0,0.328,255.0,255.0,0.0,-0.0,0.0,0.0,,-30.9,-31.47,0.201,0.0157,0.57,1.26,1.236
2021-12-17,-30.803,34.6,43.12,42.06,14.83,272,255,16,False,False,Inter-Election,-900,293,234,16,True,272.0,271.9,0.455,0.0007,0.1,1.0,0.328,255.0,255.0,0.0,-0.0,0.0,0.0,,-30.85,-31.45,0.2,0.0201,0.6,1.3,1.258
2021-12-18,-30.685,34.66,43.12,42.06,14.83,272,255,16,False,False,Inter-Election,-899,293,234,16,True,272.0,271.9,0.455,0.002,0.1,0.0,0.328,255.0,255.0,0.0,-0.0,0.0,0.0,,-30.81,-31.43,0.198,0.0265,0.62,1.33,1.25
2021-12-19,-30.727,34.64,43.12,42.06,14.83,272,255,16,False,False,Inter-Election,-898,293,234,16,True,272.0,271.9,0.455,0.0033,0.1,0.0,0.328,255.0,255.0,0.0,-0.0,0.0,0.0,,-30.78,-31.41,0.197,0.0315,0.63,1.21,1.23
2021-12-20,-30.573,34.71,43.12,42.05,14.82,272,255,16,False,False,Inter-Election,-897,293,234,16,True,272.0,271.9,0.455,0.0047,0.1,1.0,0.328,255.0,255.0,0.0,-0.0,0.0,0.0,,-30.75,-31.4,0.187,0.0398,0.65,1.51,1.228
2021-12-21,-30.642,34.68,43.12,42.05,14.82,272,255,16,False,False,Inter-Election,-896,293,234,16,True,272.0,271.9,0.455,0.006,0.1,0.0,0.328,255.0,255.0,0.0,-0.0,0.0,0.0,,-30.73,-31.38,0.187,0.047,0.65,1.03,1.196
2021-12-22,-30.829,34.59,43.11,42.06,14.83,272,255,16,False,False,Inter-Election,-895,293,234,16,True,272.0,271.9,0.455,0.0073,0.1,0.0,0.328,255.0,255.0,0.0,-0.0,0.0,0.0,,-30.72,-31.37,0.19,0.0523,0.65,0.48,1.179
2021-12-23,-30.864,34.57,43.11,42.06,14.83,272,255,16,False,False,Inter-Election,-894,293,234,16,True,272.0,271.9,0.455,0.0087,0.1,0.0,0.328,255.0,255.0,0.0,-0.0,0.0,0.0,,-30.73,-31.36,0.188,0.0563,0.63,0.33,1.128
2021-12-24,-30.975,34.51,43.11,42.06,14.83,272,255,16,False,False,Inter-Election,-893,293,234,16,True,272.0,271.9,0.455,0.01,0.1,0.0,0.328,255.0,255.0,0.0,-0.0,0.0,0.0,,-30.76,-31.33,0.156,0.0556,0.57,0.17,1.026
2021-12-25,-30.96,34.52,43.11,42.06,14.83,272,255,16,False,False,Inter-Election,-892,293,234,16,True,272.0,271.9,0.455,0.0113,0.1,0.0,0.328,255.0,255.0,0.0,-0.0,0.0,0.0,,-30.8,-31.31,0.155,0.0553,0.51,0.05,0.919
2021-12-26,-30.916,34.54,43.11,42.06,14.83,272,255,16,False,False,Inter-Election,-891,293,234,16,True,272.0,271.9,0.455,0.0127,0.1,0.0,0.328,255.0,255.0,0.0,-0.0,0.0,0.0,,-30.82,-31.28,0.154,0.0544,0.46,-0.02,0.835
2021-12-27,-30.784,34.61,43.12,42.06,14.83,272,255,16,False,False,Inter-Election,-890,293,234,16,True,272.0,271.93,0.414,0.0071,0.07,0.0,0.276,255.0,255.0,0.0,-0.0,0.0,0.0,,-30.85,-31.23,0.139,0.0516,0.38,-0.01,0.713
2021-12-28,-30.648,34.68,43.12,42.05,14.82,272,255,16,False,False,Inter-Election,-889,293,234,16,True,272.0,271.93,0.371,0.008,0.07,0.0,0.276,255.0,255.0,0.0,-0.0,0.0,0.0,,-30.85,-31.19,0.139,0.0501,0.34,0.15,0.649
2021-12-29,-30.772,34.61,43.12,42.06,14.83,272,255,16,False,False,Inter-Election,-888,293,234,16,True,272.0,271.93,0.371,0.0089,0.07,0.0,0.276,255.0,255.0,0.0,-0.0,0.0,0.0,,-30.85,-31.15,0.141,0.0483,0.3,0.13,0.584
2021-12-30,-30.697,34.65,43.12,42.06,14.83,272,255,16,False,False,Inter-Election,-887,293,234,16,True,272.0,271.93,0.371,0.0098,0.07,0.0,0.276,255.0,255.0,0.0,-0.0,0.0,0.0,,-30.82,-31.11,0.141,0.0466,0.29,0.09,0.575
2021-12-31,-30.908,34.55,43.11,42.06,14.83,272,255,16,False,False,Inter-Election,-886,293,234,16,True,272.0,271.93,0.371,0.0107,0.07,0.0,0.276,255.0,255.0,0.0,-0.0,0.0,0.0,,-30.81,-31.08,0.147,0.0429,0.27,-0.11,0.556
2022-01-01,-30.927,34.54,43.11,42.06,14.83,272,255,16,False,False,Inter-Election,-885,293,234,16,True,272.0,271.93,0.371,0.0116,0.07,0.0,0.276,255.0,255.0,0.0,-0.0,0.0,0.0,,-30.81,-31.04,0.142,0.0372,0.23,-0.24,0.51
2022-01-02,-30.856,34.57,43.11,42.06,14.83,272,255,16,False,False,Inter-Election,-884,293,234,16,True,272.0,271.97,0.32,0.0056,0.03,0.0,0.164,255.0,255.0,0.0,-0.0,0.0,0.0,,-30.8,-31.0,0.14,0.0311,0.2,-0.13,0.494
2022-01-03,-30.707,34.65,43.12,42.06,14.83,272,255,16,False,False,Inter-Election,-883,293,234,16,True,272.0,271.97,0.263,0.006,0.03,0.0,0.164,255.0,255.0,0.0,-0.0,0.0,0.0,,-30.79,-30.96,0.141,0.0261,0.17,-0.13,0.471
2022-01-04,-30.75,34.63,43.12,42.06,14.83,272,255,16,False,False,Inter-Election,-882,293,234,16,True,272.0,271.97,0.263,0.0065,0.03,0.0,0.164,255.0,255.0,0.0,-0.0,0.0,0.0,,-30.8,-30.92,0.142,0.0207,0.12,-0.11,0.385
2022-01-05,-30.253,34.87,43.14,42.04,14.82,272,255,16,False,False,Inter-Election,-881,293,234,16,True,272.0,272.0,0.183,-0.0,0.0,0.0,0.0,255.0,255.0,0.0,-0.0,0.0,0.0,,-30.73,-30.86,0.161,0.017,0.13,0.58,0.522
2022-01-06,-30.408,34.8,43.13,42.05,14.82,272,255,16,False,False,Inter-Election,-880,293,234,16,True,272.0,272.0,0.0,-0.0,0.0,0.0,0.0,255.0,255.0,0.0,-0.0,0.0,0.0,,-30.69,-30.82,0.151,0.0143,0.13,0.46,0.616
2022-01-07,-30.882,34.56,43.11,42.06,14.83,272,255,16,False,False,Inter-Election,-879,293,234,16,True,272.0,272.0,0.0,-0.0,0.0,0.0,0.0,255.0,255.0,0.0,-0.0,0.0,0.0,,-30.68,-30.8,0.167,0.0105,0.12,0.09,0.632
2022-01-08,-30.811,34.59,43.12,42.06,14.83,272,255,16,False,False,Inter-Election,-878,293,234,16,True,272.0,272.0,0.0,-0.0,0.0,0.0,0.0,255.0,255.0,0.0,-0.0,0.0,0.0,,-30.67,-30.79,0.166,0.0077,0.12,0.15,0.686
2022-01-09,-30.996,34.5,43.11,42.06,14.83,272,255,16,False,False,Inter-Election,-877,293,234,16,True,272.0,272.0,0.0,-0.0,0.0,0.0,0.0,255.0,255.0,0.0,-0.0,0.0,0.0,,-30.69,-30.78,0.17,0.0039,0.09,-0.08,0.541
2022-01-10,-30.875,34.56,43.11,42.06,14.83,272,255,16,False,False,Inter-Election,-876,293,234,16,True,272.0,272.0,0.0,-0.0,0.0,0.0,0.0,255.0,255.0,0.0,-0.0,0.0,0.0,,-30.71,-30.78,0.169,0.0018,0.07,-0.09,0.432
2022-01-11,-30.738,34.63,43.12,42.06,14.83,272,255,16,False,False,Inter-Election,-875,293,234,16,True,272.0,272.0,0.0,-0.0,0.0,0.0,0.0,255.0,255.0,0.0,-0.0,0.0,0.0,,-30.71,-30.77,0.17,0.0012,0.06,-0.09,0.374
2022-01-12,-30.996,34.5,43.11,42.06,14.83,272,255,16,False,False,Inter-Election,-874,293,234,16,True,272.0,272.0,0.0,-0.0,0.0,0.0,0.0,255.0,255.0,0.0,-0.0,0.0,0.0,,-30.82,-30.78,0.175,-0.0002,-0.04,-0.22,-0.242
2022-01-13,-30.895,34.55,43.11,42.06,14.83,272,255,16,False,False,Inter-Election,-873,293,234,16,True,272.0,272.0,0.0,-0.0,0.0,0.0,0.0,255.0,255.0,0.0,-0.0,0.0,0.0,,-30.88,-30.79,0.176,-0.001,-0.09,-0.2,-0.54
2022-01-14,-31.029,34.49,43.11,42.06,14.83,272,255,16,False,False,Inter-Election,-872,293,234,16,True,272.0,272.0,0.0,-0.0,0.0,0.0,0.0,255.0,255.0,0.0,-0.0,0.0,0.0,,-30.91,-30.79,0.176,-0.0034,-0.12,-0.12,-0.7
2022-01-15,-30.621,34.69,43.12,42.05,14.82,272,255,16,False,False,Inter-Election,-871,293,234,16,True,272.0,272.0,0.0,-0.0,0.0,0.0,0.0,255.0,255.0,0.0,-0.0,0.0,0.0,,-30.88,-30.78,0.191,-0.0023,-0.1,0.31,-0.575
2022-01-16,-30.67,34.67,43.12,42.05,14.83,272,255,16,False,False,Inter-Election,-870,293,234,16,True,272.0,272.0,0.0,-0.0,0.0,0.0,0.0,255.0,255.0,0.0,-0.0,0.0,0.0,,-30.83,-30.78,0.191,-0.0016,-0.05,0.19,-0.285
2022-01-17,-29.972,35.01,43.15,42.04,14.82,273,254,16,False,False,Inter-Election,-869,293,234,16,True,272.14,272.03,0.183,0.0065,0.11,1.0,0.602,254.86,254.97,0.183,-0.0065,-0.11,-1.0,-0.602,-30.7,-30.76,0.228,0.0042,0.06,0.73,0.262
2022-01-18,-29.051,35.47,43.18,42.01,14.81,273,254,16,False,False,Inter-Election,-868,293,234,16,True,272.29,272.07,0.183,0.0125,0.22,1.0,0.867,254.71,254.93,0.183,-0.0125,-0.22,-1.0,-0.867,-30.46,-30.7,0.281,0.0154,0.24,1.7,0.621
2022-01-19,-28.213,35.89,43.21,41.99,14.8,274,254,15,False,False,Inter-Election,-867,293,234,16,True,272.57,272.13,0.254,0.0245,0.44,2.0,1.013,254.57,254.9,0.183,-0.018,-0.33,-1.0,-1.082,-30.06,-30.62,0.315,0.0323,0.56,2.04,0.939
2022-01-20,-28.008,36.0,43.22,41.98,14.8,274,253,16,False,False,Inter-Election,-866,293,234,16,True,272.86,272.2,0.254,0.0356,0.66,2.0,1.198,254.29,254.83,0.254,-0.0296,-0.54,-2.0,-1.171,-29.65,-30.53,0.314,0.0491,0.88,2.4,1.152
2022-01-21,-28.026,35.99,43.22,41.98,14.8,274,253,16,False,False,Inter-Election,-865,293,234,16,True,273.14,272.27,0.254,0.0458,0.87,2.0,1.36,254.0,254.77,0.254,-0.0403,-0.77,-2.0,-1.355,-29.22,-30.44,0.311,0.0632,1.22,2.86,1.374
2022-01-22,-28.399,35.8,43.2,41.99,14.8,273,254,16,False,False,Inter-Election,-864,293,234,16,True,273.29,272.3,0.32,0.0487,0.99,1.0,1.52,253.86,254.73,0.32,-0.0436,-0.87,-1.0,-1.492,-28.91,-30.36,0.321,0.0735,1.45,2.41,1.513
2022-01-23,-28.274,35.86,43.21,41.99,14.8,274,254,15,False,False,Inter-Election,-863,293,234,16,True,273.57,272.37,0.365,0.0576,1.2,2.0,1.67,253.71,254.7,0.32,-0.0465,-0.99,-1.0,-1.661,-28.56,-30.27,0.319,0.0826,1.71,2.72,1.671
2022-01-24,-28.509,35.75,43.2,42.0,14.8,273,254,16,False,False,Inter-Election,-862,293,234,16,True,273.57,272.4,0.414,0.0592,1.17,1.0,1.616,253.71,254.67,0.32,-0.0489,-0.96,-1.0,-1.583,-28.35,-30.19,0.325,0.0892,1.84,2.37,1.731
2022-01-25,-28.631,35.68,43.2,42.0,14.81,273,254,16,False,False,Inter-Election,-861,293,234,16,True,273.57,272.43,0.414,0.0603,1.14,1.0,1.566,253.71,254.63,0.32,-0.0509,-0.92,-1.0,-1.496,-28.29,-30.11,0.327,0.0942,1.82,2.11,1.669
2022-01-26,-28.737,35.63,43.19,42.0,14.81,273,254,16,False,False,Inter-Election,-860,293,234,16,True,273.43,272.47,0.414,0.061,0.96,1.0,1.315,253.71,254.6,0.32,-0.0525,-0.89,-1.0,-1.432,-28.37,-30.04,0.328,0.0984,1.67,2.26,1.504
2022-01-27,-29.075,35.46,43.18,42.01,14.81,273,254,16,False,False,Inter-Election,-859,293,234,16,True,273.29,272.5,0.414,0.0612,0.79,1.0,1.081,253.86,254.57,0.32,-0.0536,-0.71,-1.0,-1.134,-28.52,-29.99,0.336,0.1005,1.47,1.82,1.315
2022-01-28,-28.85,35.58,43.19,42.01,14.81,273,254,16,False,False,Inter-Election,-858,293,234,16,True,273.14,272.53,0.414,0.061,0.61,1.0,0.835,254.0,254.53,0.32,-0.0543,-0.53,-1.0,-0.843,-28.64,-29.93,0.336,0.1025,1.29,2.18,1.145
2022-01-29,-28.817,35.59,43.19,42.0,14.81,273,254,16,False,False,Inter-Election,-857,293,234,16,True,273.14,272.57,0.414,0.0603,0.57,1.0,0.783,254.0,254.5,0.32,-0.0545,-0.5,-1.0,-0.794,-28.7,-29.86,0.336,0.1043,1.16,1.8,1.022
2022-01-30,-28.806,35.6,43.19,42.0,14.81,273,254,16,False,False,Inter-Election,-856,293,234,16,True,273.0,272.6,0.414,0.0592,0.4,1.0,0.553,254.0,254.47,0.32,-0.0543,-0.47,-1.0,-0.747,-28.78,-29.79,0.332,0.1039,1.01,1.86,0.892
2022-01-31,-28.01,35.99,43.22,41.98,14.8,274,253,16,False,False,Inter-Election,-855,293,234,16,True,273.14,272.67,0.45,0.0641,0.47,1.0,0.62,253.86,254.4,0.365,-0.0601,-0.54,-1.0,-0.8,-28.7,-29.7,0.357,0.1076,1.0,1.96,0.864
2022-02-01,-28.482,35.76,43.2,42.0,14.8,273,254,16,False,False,Inter-Election,-854,293,234,16,True,273.14,272.7,0.49,0.0616,0.44,0.0,0.587,253.86,254.37,0.414,-0.0585,-0.51,0.0,-0.763,-28.68,-29.62,0.372,0.1074,0.94,0.57,0.813
2022-02-02,-28.146,35.93,43.21,41.99,14.8,274,253,16,False,False,Inter-Election,-853,293,234,16,True,273.29,272.77,0.521,0.0652,0.52,0.0,0.672,253.71,254.3,0.45,-0.063,-0.59,-1.0,-0.84,-28.6,-29.53,0.374,0.1094,0.93,0.07,0.797
2022-02-03,-28.487,35.76,43.2,42.0,14.8,273,254,16,False,False,Inter-Election,-852,293,234,16,True,273.29,272.8,0.556,0.0614,0.49,-1.0,0.644,253.71,254.27,0.49,-0.0601,-0.56,1.0,-0.81,-28.51,-29.46,0.382,0.1077,0.95,-0.48,0.82
2022-02-04,-28.184,35.91,43.21,41.99,14.8,274,253,16,False,False,Inter-Election,-851,293,234,16,True,273.43,272.87,0.583,0.0636,0.56,0.0,0.722,253.57,254.2,0.521,-0.0632,-0.63,0.0,-0.882,-28.42,-29.39,0.376,0.1104,0.97,-0.16,0.828
2022-02-05,-28.123,35.94,43.21,41.99,14.8,274,253,16,False,False,Inter-Election,-850,293,234,16,True,273.57,272.93,0.583,0.065,0.64,1.0,0.815,253.43,254.13,0.521,-0.0654,-0.7,-1.0,-0.959,-28.32,-29.31,0.374,0.1115,0.99,0.28,0.841
2022-02-06,-28.152,35.92,43.21,41.99,14.8,274,253,16,False,False,Inter-Election,-849,293,234,16,True,273.71,273.0,0.583,0.0654,0.71,0.0,0.901,253.29,254.07,0.521,-0.0667,-0.78,-1.0,-1.055,-28.23,-29.22,0.36,0.1081,0.99,0.12,0.856
2022-02-07,-28.202,35.9,43.21,41.99,14.8,274,254,15,False,False,Inter-Election,-848,293,234,16,True,273.71,273.07,0.583,0.065,0.64,1.0,0.815,253.43,254.03,0.556,-0.0607,-0.6,0.0,-0.835,-28.25,-29.13,0.361,0.1037,0.88,0.31,0.778
2022-02-08,-28.459,35.77,43.2,41.99,14.8,273,254,16,False,False,Inter-Election,-847,293,234,16,True,273.71,273.1,0.615,0.0572,0.61,0.0,0.804,253.43,254.0,0.556,-0.0543,-0.57,0.0,-0.82,-28.25,-29.05,0.363,0.0952,0.8,0.17,0.741
2022-02-09,-29.219,35.39,43.17,42.02,14.81,273,254,16,False,False,Inter-Election,-846,293,234,16,True,273.57,273.13,0.615,0.0489,0.44,0.0,0.602,253.57,253.97,0.556,-0.0474,-0.4,0.0,-0.598,-28.4,-28.99,0.394,0.0815,0.59,-0.48,0.576
2022-02-10,-29.776,35.11,43.15,42.03,14.82,273,254,16,False,False,Inter-Election,-845,293,234,16,True,273.57,273.17,0.615,0.0403,0.4,0.0,0.572,253.57,253.93,0.556,-0.04,-0.36,0.0,-0.563,-28.59,-28.96,0.409,0.0644,0.37,-0.7,0.377
2022-02-11,-30.171,34.91,43.14,42.04,14.82,273,255,15,False,False,Inter-Election,-844,293,234,16,True,273.43,273.2,0.615,0.0311,0.23,0.0,0.346,253.86,253.93,0.587,-0.0258,-0.07,1.0,-0.109,-28.87,-28.93,0.413,0.0426,0.06,-1.32,0.064
2022-02-12,-29.511,35.24,43.16,42.02,14.81,273,254,16,False,False,Inter-Election,-843,293,234,16,True,273.29,273.23,0.615,0.0216,0.06,0.0,0.096,254.0,253.9,0.615,-0.018,0.1,0.0,0.165,-29.07,-28.89,0.429,0.0253,-0.18,-0.69,-0.208
2022-02-13,-29.524,35.24,43.16,42.02,14.81,273,254,16,False,False,Inter-Election,-842,293,234,16,True,273.14,273.27,0.615,0.0116,-0.13,0.0,-0.223,254.14,253.87,0.615,-0.0098,0.27,0.0,0.473,-29.27,-28.84,0.428,0.0064,-0.43,-0.72,-0.555
2022-02-14,-29.13,35.43,43.18,42.01,14.81,273,254,16,False,False,Inter-Election,-841,293,234,16,True,273.0,273.3,0.615,0.0011,-0.3,-1.0,-0.561,254.14,253.83,0.615,-0.0011,0.31,1.0,0.584,-29.4,-28.79,0.427,-0.0078,-0.61,-1.12,-0.87
2022-02-15,-28.79,35.6,43.19,42.0,14.81,273,254,16,False,False,Inter-Election,-840,293,234,16,True,273.0,273.33,0.615,-0.0098,-0.33,0.0,-0.688,254.14,253.8,0.615,0.008,0.34,0.0,0.702,-29.45,-28.72,0.43,-0.0208,-0.73,-0.31,-1.208
2022-02-16,-28.025,35.99,43.22,41.98,14.8,274,253,16,False,False,Inter-Election,-839,293,234,16,True,273.14,273.37,0.615,-0.0078,-0.23,0.0,-0.469,254.0,253.77,0.615,0.0042,0.23,0.0,0.456,-29.28,-28.66,0.434,-0.0249,-0.62,0.12,-1.089
2022-02-17,-28.315,35.84,43.21,41.99,14.8,274,254,15,False,False,Inter-Election,-838,293,234,16,True,273.29,273.4,0.615,-0.0062,-0.11,1.0,-0.221,254.0,253.77,0.643,0.0073,0.23,0.0,0.456,-29.07,-28.64,0.407,-0.0253,-0.43,0.17,-0.757
2022-02-18,-27.5,36.25,43.24,41.97,14.79,274,253,16,False,False,Inter-Election,-837,293,234,16,True,273.43,273.4,0.587,0.0018,0.03,0.0,0.06,253.71,253.73,0.669,0.004,-0.02,0.0,-0.038,-28.68,-28.61,0.405,-0.0151,-0.07,0.68,-0.117
2022-02-19,-27.203,36.4,43.25,41.96,14.79,274,253,16,False,False,Inter-Election,-836,293,234,16,True,273.57,273.4,0.587,0.0098,0.17,0.0,0.341,253.57,253.73,0.643,-0.0058,-0.16,0.0,-0.307,-28.36,-28.58,0.407,-0.0018,0.22,0.92,0.341
2022-02-20,-27.239,36.38,43.25,41.96,14.79,274,253,16,False,False,Inter-Election,-835,293,234,16,True,273.71,273.4,0.587,0.0178,0.31,0.0,0.622,253.43,253.73,0.643,-0.0156,-0.3,0.0,-0.576,-28.03,-28.56,0.407,0.0107,0.53,0.91,0.776
2022-02-21,-27.532,36.23,43.24,41.97,14.8,274,253,16,False,False,Inter-Election,-834,293,234,16,True,273.86,273.43,0.556,0.0189,0.43,0.0,0.853,253.29,253.7,0.615,-0.0185,-0.41,-1.0,-0.766,-27.8,-28.53,0.405,0.0184,0.73,0.67,1.032
2022-02-22,-26.858,36.57,43.26,41.95,14.79,274,253,16,False,False,Inter-Election,-833,293,234,16,True,274.0,273.43,0.525,0.0265,0.57,1.0,1.131,253.14,253.67,0.615,-0.0209,-0.53,-1.0,-0.97,-27.52,-28.48,0.421,0.0309,0.96,1.6,1.247
2022-02-23,-26.719,36.64,43.27,41.95,14.79,274,253,16,False,False,Inter-Election,-832,293,234,16,True,274.0,273.47,0.49,0.0271,0.53,1.0,1.045,253.14,253.63,0.615,-0.0229,-0.49,-1.0,-0.881,-27.34,-28.42,0.418,0.0421,1.08,2.5,1.294
2022-02-24,-27.244,36.38,43.25,41.96,14.79,274,253,16,False,False,Inter-Election,-831,293,234,16,True,274.0,273.5,0.49,0.0274,0.5,1.0,0.983,253.0,253.6,0.615,-0.0245,-0.6,-1.0,-1.065,-27.18,-28.38,0.43,0.0483,1.2,2.53,1.395
2022-02-25,-27.192,36.4,43.25,41.96,14.79,274,253,16,False,False,Inter-Election,-830,293,234,16,True,274.0,273.53,0.49,0.0271,0.47,1.0,0.926,253.0,253.57,0.615,-0.0256,-0.57,-2.0,-1.003,-27.14,-28.32,0.429,0.0534,1.18,2.98,1.335
2022-02-26,-28.011,35.99,43.22,41.98,14.8,274,253,16,False,False,Inter-Election,-829,293,234,16,True,274.0,273.57,0.49,0.0265,0.43,1.0,0.853,253.0,253.53,0.615,-0.0263,-0.53,-1.0,-0.928,-27.26,-28.29,0.453,0.0503,1.03,1.5,1.178
2022-02-27,-28.049,35.98,43.22,41.98,14.8,274,253,16,False,False,Inter-Election,-828,293,234,16,True,274.0,273.6,0.49,0.0254,0.4,1.0,0.803,253.0,253.5,0.615,-0.0265,-0.5,-1.0,-0.874,-27.37,-28.26,0.452,0.048,0.89,1.48,1.025
2022-02-28,-27.474,36.26,43.24,41.97,14.79,274,253,16,False,False,Inter-Election,-827,293,234,16,True,274.0,273.63,0.49,0.0238,0.37,1.0,0.755,253.0,253.47,0.615,-0.0263,-0.47,-1.0,-0.823,-27.36,-28.22,0.463,0.0492,0.86,1.66,0.984
2022-03-01,-27.398,36.3,43.24,41.97,14.79,274,253,16,False,False,Inter-Election,-826,293,234,16,True,274.0,273.67,0.49,0.0218,0.33,1.0,0.688,253.0,253.43,0.615,-0.0256,-0.43,-1.0,-0.757,-27.44,-28.17,0.463,0.0505,0.73,1.39,0.831
2022-03-02,-26.903,36.55,43.26,41.95,14.79,274,253,16,False,False,Inter-Election,-825,293,234,16,True,274.0,273.67,0.455,0.0263,0.33,0.0,0.688,253.0,253.43,0.587,-0.0314,-0.43,0.0,-0.757,-27.47,-28.13,0.449,0.0598,0.66,1.12,0.726
2022-03-03,-27.447,36.28,43.24,41.97,14.79,274,253,16,False,False,Inter-Election,-824,293,234,16,True,274.0,273.7,0.414,0.0238,0.3,0.0,0.644,253.0,253.4,0.556,-0.0303,-0.4,-1.0,-0.71,-27.5,-28.1,0.452,0.0618,0.6,0.87,0.656
2022-03-04,-27.74,36.13,43.23,41.98,14.8,274,253,16,False,False,Inter-Election,-823,293,234,16,True,274.0,273.7,0.371,0.0278,0.3,0.0,0.644,253.0,253.4,0.525,-0.0356,-0.4,0.0,-0.71,-27.57,-28.09,0.452,0.0638,0.52,-0.24,0.567
2022-03-05,-28.202,35.9,43.21,41.99,14.8,274,254,15,False,False,Inter-Election,-822,293,234,16,True,274.0,273.73,0.32,0.0249,0.27,0.0,0.6,253.14,253.4,0.525,-0.0276,-0.26,1.0,-0.462,-27.6,-28.08,0.456,0.0603,0.48,-1.0,0.525
2022-03-06,-28.156,35.92,43.21,41.99,14.8,274,253,16,False,False,Inter-Election,-821,293,234,16,True,274.0,273.73,0.263,0.0285,0.27,0.0,0.6,253.14,253.4,0.525,-0.0329,-0.26,0.0,-0.462,-27.62,-28.08,0.452,0.059,0.46,-0.92,0.503
2022-03-07,-28.208,35.9,43.21,41.99,14.8,274,254,15,False,False,Inter-Election,-820,293,234,16,True,274.0,273.73,0.263,0.032,0.27,0.0,0.6,253.29,253.43,0.556,-0.0318,-0.14,1.0,-0.246,-27.72,-28.08,0.452,0.0578,0.36,-0.68,0.394
2022-03-08,-28.303,35.85,43.21,41.99,14.8,274,254,15,False,False,Inter-Election,-819,293,234,16,True,274.0,273.73,0.263,0.0356,0.27,0.0,0.6,253.43,253.47,0.556,-0.0311,-0.04,1.0,-0.07,-27.85,-28.08,0.453,0.0559,0.23,-1.45,0.251
2022-03-09,-25.559,37.22,43.31,41.92,14.78,275,252,16,False,False,Inter-Election,-818,293,234,16,True,274.14,273.77,0.32,0.0456,0.37,1.0,0.734,253.29,253.4,0.64,-0.0369,-0.11,-1.0,-0.177,-27.66,-28.0,0.676,0.0714,0.34,1.16,0.332
2022-03-10,-24.803,37.6,43.34,41.9,14.77,275,252,16,False,False,Inter-Election,-817,293,234,16,True,274.29,273.83,0.254,0.0483,0.46,1.0,0.867,253.14,253.33,0.64,-0.0418,-0.19,-1.0,-0.287,-27.28,-27.87,0.683,0.0887,0.59,2.44,0.503
2022-03-11,-23.787,38.11,43.37,41.87,14.76,276,251,16,False,False,Inter-Election,-816,293,234,16,True,274.57,273.93,0.305,0.0565,0.64,2.0,1.0,252.86,253.23,0.662,-0.0523,-0.37,-2.0,-0.478,-26.72,-27.69,0.681,0.1058,0.97,3.41,0.712
2022-03-12,-23.732,38.13,43.37,41.87,14.76,276,251,16,False,False,Inter-Election,-815,293,234,16,True,274.86,274.03,0.305,0.0634,0.83,2.0,1.155,252.43,253.13,0.662,-0.0614,-0.7,-2.0,-0.814,-26.08,-27.49,0.667,0.117,1.41,4.28,0.949
2022-03-13,-23.676,38.16,43.38,41.87,14.76,276,251,16,False,False,Inter-Election,-814,293,234,16,True,275.14,274.13,0.305,0.069,1.01,2.0,1.301,252.14,253.0,0.629,-0.0623,-0.86,-2.0,-0.987,-25.44,-27.27,0.658,0.1231,1.83,4.37,1.179
2022-03-14,-23.756,38.12,43.37,41.87,14.76,276,251,16,False,False,Inter-Election,-813,293,234,16,True,275.43,274.23,0.305,0.0732,1.2,2.0,1.468,251.71,252.9,0.607,-0.0683,-1.19,-2.0,-1.289,-24.8,-27.08,0.655,0.1304,2.28,3.72,1.407
2022-03-15,-24.268,37.87,43.36,41.88,14.76,276,252,15,False,False,Inter-Election,-812,293,234,16,True,275.71,274.33,0.305,0.0761,1.38,2.0,1.635,251.43,252.83,0.64,-0.0665,-1.4,-1.0,-1.534,-24.23,-26.91,0.666,0.1317,2.68,3.13,1.642
2022-03-16,-24.109,37.95,43.36,41.88,14.76,276,251,16,False,False,Inter-Election,-811,293,234,16,True,275.86,274.43,0.305,0.0776,1.43,2.0,1.666,251.29,252.73,0.662,-0.0703,-1.44,-2.0,-1.525,-24.02,-26.74,0.665,0.1345,2.72,2.79,1.645
2022-03-17,-24.253,37.87,43.36,41.88,14.76,276,252,15,False,False,Inter-Election,-810,293,234,16,True,276.0,274.53,0.305,0.0779,1.47,2.0,1.709,251.29,252.67,0.691,-0.0663,-1.38,-1.0,-1.496,-23.94,-26.59,0.667,0.1364,2.65,3.19,1.59
2022-03-18,-24.23,37.88,43.36,41.88,14.76,276,251,16,False,False,Inter-Election,-809,293,234,16,True,276.0,274.6,0.254,0.0836,1.4,2.0,1.565,251.29,252.6,0.691,-0.0747,-1.31,-2.0,-1.353,-24.0,-26.46,0.657,0.1417,2.46,3.51,1.449
2022-03-19,-24.291,37.85,43.35,41.88,14.76,276,252,15,False,False,Inter-Election,-808,293,234,16,True,276.0,274.67,0.254,0.0885,1.33,2.0,1.442,251.43,252.53,0.691,-0.069,-1.1,-2.0,-1.174,-24.08,-26.33,0.653,0.1429,2.25,3.91,1.319
2022-03-20,-24.174,37.91,43.36,41.88,14.76,276,251,16,False,False,Inter-Election,-807,293,234,16,True,276.0,274.73,0.254,0.0925,1.27,2.0,1.345,251.43,252.47,0.691,-0.0756,-1.04,-2.0,-1.069,-24.15,-26.22,0.64,0.1487,2.07,3.98,1.193
2022-03-21,-24.039,37.98,43.36,41.87,14.76,276,251,16,False,False,Inter-Election,-806,293,234,16,True,276.0,274.8,0.254,0.0957,1.2,2.0,1.248,251.43,252.4,0.691,-0.0814,-0.97,-3.0,-0.967,-24.19,-26.11,0.639,0.156,1.92,4.17,1.086
2022-03-22,-23.354,38.32,43.39,41.86,14.76,276,251,16,False,False,Inter-Election,-805,293,234,16,True,276.0,274.87,0.254,0.0979,1.13,2.0,1.161,251.29,252.33,0.691,-0.0863,-1.04,-3.0,-1.011,-24.06,-25.98,0.647,0.166,1.92,4.95,1.052
2022-03-23,-23.349,38.33,43.39,41.86,14.76,276,251,16,False,False,Inter-Election,-804,293,234,16,True,276.0,274.93,0.254,0.0992,1.07,1.0,1.092,251.29,252.27,0.691,-0.0903,-0.98,-1.0,-0.935,-23.96,-25.84,0.643,0.1723,1.88,2.21,1.01
2022-03-24,-23.271,38.36,43.39,41.85,14.75,276,251,16,False,False,Inter-Election,-803,293,234,16,True,276.0,275.0,0.254,0.0997,1.0,1.0,1.018,251.14,252.2,0.691,-0.0934,-1.06,-1.0,-0.997,-23.82,-25.72,0.635,0.1819,1.9,1.53,0.996
2022-03-25,-23.227,38.39,43.39,41.85,14.75,276,251,16,False,False,Inter-Election,-802,293,234,16,True,276.0,275.07,0.254,0.0992,0.93,0.0,0.949,251.14,252.13,0.691,-0.0957,-0.99,0.0,-0.922,-23.67,-25.61,0.635,0.1911,1.94,0.56,0.994
2022-03-26,-22.719,38.64,43.41,41.84,14.75,277,251,15,False,False,Inter-Election,-801,293,234,16,True,276.14,275.17,0.305,0.1043,0.97,1.0,0.951,251.0,252.07,0.691,-0.097,-1.07,0.0,-0.99,-23.45,-25.46,0.627,0.1985,2.01,1.01,1.008
2022-03-27,-22.768,38.62,43.41,41.84,14.75,277,251,15,False,False,Inter-Election,-800,293,234,16,True,276.29,275.27,0.305,0.1081,1.02,1.0,0.973,251.0,252.0,0.691,-0.0974,-1.0,0.0,-0.924,-23.25,-25.31,0.628,0.2038,2.06,0.91,1.017
2022-03-28,-22.502,38.75,43.42,41.83,14.75,277,251,15,False,False,Inter-Election,-799,293,234,16,True,276.43,275.37,0.305,0.1106,1.06,1.0,0.994,251.0,251.93,0.691,-0.097,-0.93,0.0,-0.861,-23.03,-25.12,0.601,0.2033,2.09,1.25,1.034
2022-03-29,-22.28,38.86,43.43,41.83,14.74,277,251,15,False,False,Inter-Election,-798,293,234,16,True,276.57,275.47,0.305,0.1117,1.1,1.0,1.024,251.0,251.87,0.691,-0.0957,-0.87,-1.0,-0.81,-22.87,-24.93,0.6,0.2015,2.06,1.99,1.026
2022-03-30,-23.073,38.46,43.4,41.85,14.75,276,251,16,False,False,Inter-Election,-797,293,234,16,True,276.57,275.53,0.365,0.105,1.04,0.0,0.998,251.0,251.8,0.691,-0.0934,-0.8,0.0,-0.752,-22.83,-24.79,0.621,0.196,1.96,1.04,0.991
2022-03-31,-24.15,37.92,43.36,41.88,14.76,276,251,16,False,False,Inter-Election,-796,293,234,16,True,276.57,275.6,0.365,0.0974,0.97,0.0,0.967,251.0,251.73,0.691,-0.0903,-0.73,-1.0,-0.696,-22.96,-24.68,0.66,0.182,1.72,0.1,0.897
2022-04-01,-24.578,37.71,43.34,41.89,14.77,276,252,15,False,False,Inter-Election,-795,293,234,16,True,276.57,275.67,0.365,0.089,0.9,0.0,0.939,251.14,251.7,0.718,-0.0799,-0.56,1.0,-0.548,-23.15,-24.6,0.663,0.1673,1.45,-0.35,0.775
2022-04-02,-25.748,37.13,43.3,41.92,14.78,275,252,16,False,False,Inter-Election,-794,293,234,16,True,276.29,275.7,0.414,0.0732,0.59,-1.0,0.645,251.29,251.67,0.718,-0.069,-0.38,0.0,-0.382,-23.59,-24.54,0.692,0.1403,0.95,-1.46,0.526
2022-04-03,-25.659,37.17,43.3,41.92,14.78,275,252,16,False,False,Inter-Election,-793,293,234,16,True,276.0,275.73,0.414,0.057,0.27,-1.0,0.311,251.43,251.63,0.718,-0.0576,-0.2,1.0,-0.207,-24.0,-24.47,0.689,0.1111,0.47,-1.48,0.274
2022-04-04,-26.172,36.91,43.29,41.93,14.78,275,252,16,False,False,Inter-Election,-792,293,234,16,True,275.71,275.77,0.414,0.0403,-0.06,-1.0,-0.073,251.57,251.57,0.691,-0.0389,0.0,1.0,0.0,-24.52,-24.41,0.691,0.0744,-0.11,-2.13,-0.069
2022-04-05,-26.673,36.66,43.27,41.95,14.79,274,253,16,False,False,Inter-Election,-791,293,234,16,True,275.29,275.77,0.455,0.0167,-0.48,-2.0,-0.587,251.86,251.57,0.695,-0.0198,0.29,2.0,0.338,-25.15,-24.36,0.699,0.0339,-0.79,-3.32,-0.527
2022-04-06,-26.434,36.78,43.28,41.94,14.78,275,253,15,False,False,Inter-Election,-790,293,234,16,True,275.14,275.8,0.49,-0.0004,-0.66,-1.0,-0.867,252.14,251.53,0.669,0.0062,0.61,2.0,0.786,-25.63,-24.3,0.699,-0.006,-1.33,-3.09,-0.969
2022-04-07,-26.603,36.7,43.27,41.94,14.79,274,253,16,False,False,Inter-Election,-789,293,234,16,True,274.86,275.8,0.525,-0.0245,-0.94,-2.0,-1.235,252.43,251.5,0.669,0.0327,0.93,2.0,1.363,-25.98,-24.24,0.7,-0.0485,-1.74,-3.33,-1.415
2022-04-08,-26.757,36.62,43.26,41.95,14.79,274,253,16,False,False,Inter-Election,-788,293,234,16,True,274.57,275.77,0.49,-0.0416,-1.2,-2.0,-1.468,252.57,251.53,0.556,0.0458,1.04,2.0,1.424,-26.29,-24.28,0.482,-0.0739,-2.01,-3.53,-1.556
2022-04-09,-26.856,36.57,43.26,41.95,14.79,274,253,16,False,False,Inter-Election,-787,293,234,16,True,274.43,275.73,0.49,-0.0583,-1.3,-3.0,-1.497,252.71,251.57,0.556,0.0585,1.14,2.0,1.473,-26.45,-24.35,0.458,-0.0941,-2.1,-4.14,-1.53
2022-04-10,-26.853,36.57,43.26,41.95,14.79,274,253,16,False,False,Inter-Election,-786,293,234,16,True,274.29,275.67,0.45,-0.0676,-1.38,-3.0,-1.496,252.86,251.63,0.521,0.0638,1.23,2.0,1.521,-26.62,-24.45,0.41,-0.1063,-2.17,-4.09,-1.506
2022-04-11,-26.546,36.73,43.27,41.94,14.79,274,253,16,False,False,Inter-Election,-785,293,234,16,True,274.14,275.6,0.45,-0.0761,-1.46,-3.0,-1.508,253.0,251.7,0.521,0.0683,1.3,2.0,1.554,-26.67,-24.55,0.416,-0.1149,-2.12,-4.04,-1.429
2022-04-12,-26.621,36.69,43.27,41.94,14.79,274,253,16,False,False,Inter-Election,-784,293,234,16,True,274.14,275.53,0.45,-0.0836,-1.39,-3.0,-1.379,253.0,251.77,0.521,0.0719,1.23,2.0,1.433,-26.67,-24.64,0.415,-0.1223,-2.03,-4.34,-1.334
2022-04-13,-26.411,36.79,43.28,41.94,14.78,275,253,15,False,False,Inter-Election,-783,293,234,16,True,274.14,275.5,0.49,-0.0839,-1.36,-1.0,-1.348,253.0,251.83,0.521,0.0745,1.17,2.0,1.338,-26.66,-24.73,0.419,-0.1276,-1.93,-3.34,-1.249
2022-04-14,-26.216,36.89,43.28,41.93,14.78,275,252,16,False,False,Inter-Election,-782,293,234,16,True,274.29,275.47,0.49,-0.0836,-1.18,-1.0,-1.171,252.86,251.83,0.525,0.0768,1.03,1.0,1.178,-26.61,-24.8,0.414,-0.1339,-1.81,-2.07,-1.156
2022-04-15,-26.649,36.68,43.27,41.95,14.79,274,253,16,False,False,Inter-Election,-781,293,234,16,True,274.29,275.4,0.521,-0.0894,-1.11,-2.0,-1.07,252.86,251.9,0.521,0.0785,0.96,1.0,1.085,-26.59,-24.88,0.417,-0.1411,-1.71,-2.07,-1.072
2022-04-16,-26.387,36.81,43.28,41.94,14.78,275,253,15,False,False,Inter-Election,-780,293,234,16,True,274.43,275.37,0.556,-0.0879,-0.94,0.0,-0.91,252.86,251.93,0.49,0.0863,0.93,1.0,1.025,-26.53,-24.95,0.422,-0.1465,-1.58,-0.64,-0.979
2022-04-17,-26.427,36.79,43.28,41.94,14.78,275,253,15,False,False,Inter-Election,-779,293,234,16,True,274.57,275.33,0.556,-0.0859,-0.76,0.0,-0.739,252.86,252.0,0.45,0.0868,0.86,1.0,0.945,-26.47,-25.03,0.422,-0.151,-1.44,-0.77,-0.884
2022-04-18,-26.401,36.8,43.28,41.94,14.78,275,253,15,False,False,Inter-Election,-778,293,234,16,True,274.71,275.3,0.556,-0.0834,-0.59,0.0,-0.577,252.86,252.03,0.414,0.0932,0.83,1.0,0.895,-26.44,-25.1,0.422,-0.1548,-1.34,-0.23,-0.816
2022-04-19,-26.48,36.76,43.27,41.94,14.78,275,253,15,False,False,Inter-Election,-777,293,234,16,True,274.86,275.27,0.556,-0.0805,-0.41,1.0,-0.404,252.86,252.1,0.365,0.0923,0.76,0.0,0.824,-26.42,-25.17,0.42,-0.1574,-1.25,0.19,-0.757
2022-04-20,-27.652,36.17,43.23,41.97,14.8,274,253,16,False,False,Inter-Election,-776,293,234,16,True,274.71,275.2,0.583,-0.0836,-0.49,-1.0,-0.475,252.86,252.17,0.365,0.0905,0.69,0.0,0.756,-26.6,-25.29,0.463,-0.1656,-1.31,-1.22,-0.772
2022-04-21,-27.95,36.03,43.22,41.98,14.8,274,253,16,False,False,Inter-Election,-775,293,234,16,True,274.57,275.13,0.583,-0.0859,-0.56,0.0,-0.538,253.0,252.23,0.365,0.0879,0.77,0.0,0.858,-26.85,-25.45,0.438,-0.1693,-1.4,-1.35,-0.812
2022-04-22,-27.489,36.26,43.24,41.97,14.79,274,253,16,False,False,Inter-Election,-774,293,234,16,True,274.57,275.07,0.583,-0.0872,-0.5,0.0,-0.477,253.0,252.3,0.365,0.0843,0.7,0.0,0.798,-26.97,-25.59,0.452,-0.168,-1.38,-0.73,-0.805
2022-04-23,-28.041,35.98,43.22,41.98,14.8,274,253,16,False,False,Inter-Election,-773,293,234,16,True,274.43,275.0,0.583,-0.0877,-0.57,0.0,-0.543,253.0,252.37,0.365,0.0799,0.63,0.0,0.741,-27.21,-25.74,0.456,-0.1679,-1.47,-1.18,-0.857
2022-04-24,-28.017,35.99,43.22,41.98,14.8,274,253,16,False,False,Inter-Election,-772,293,234,16,True,274.29,274.93,0.583,-0.0872,-0.64,0.0,-0.611,253.0,252.43,0.365,0.0745,0.57,0.0,0.698,-27.43,-25.9,0.456,-0.1652,-1.53,-1.16,-0.903
2022-04-25,-27.635,36.18,43.23,41.97,14.8,274,253,16,False,False,Inter-Election,-771,293,234,16,True,274.14,274.83,0.548,-0.079,-0.69,0.0,-0.7,253.0,252.5,0.365,0.0683,0.5,0.0,0.644,-27.61,-26.07,0.45,-0.1544,-1.54,-1.09,-0.955
2022-04-26,-27.698,36.15,43.23,41.97,14.8,274,253,16,False,False,Inter-Election,-770,293,234,16,True,274.0,274.73,0.548,-0.0694,-0.73,0.0,-0.805,253.0,252.57,0.365,0.0612,0.43,0.0,0.591,-27.78,-26.23,0.45,-0.1422,-1.55,-1.08,-1.025
2022-04-27,-27.844,36.08,43.22,41.98,14.8,274,253,16,False,False,Inter-Election,-769,293,234,16,True,274.0,274.63,0.548,-0.0585,-0.63,-1.0,-0.779,253.0,252.63,0.365,0.0532,0.37,0.0,0.553,-27.81,-26.41,0.442,-0.1268,-1.4,-1.43,-1.026
2022-04-28,-27.803,36.1,43.23,41.98,14.8,274,253,16,False,False,Inter-Election,-768,293,234,16,True,274.0,274.53,0.548,-0.0463,-0.53,-1.0,-0.778,253.0,252.7,0.365,0.0443,0.3,1.0,0.503,-27.79,-26.59,0.438,-0.1074,-1.2,-1.59,-1.05
2022-04-29,-27.743,36.13,43.23,41.98,14.8,274,253,16,False,False,Inter-Election,-767,293,234,16,True,274.0,274.47,0.521,-0.0396,-0.47,0.0,-0.747,253.0,252.77,0.365,0.0345,0.23,0.0,0.456,-27.83,-26.75,0.425,-0.0905,-1.08,-1.09,-1.138
2022-04-30,-27.346,36.33,43.24,41.96,14.79,274,253,16,False,False,Inter-Election,-766,293,234,16,True,274.0,274.4,0.521,-0.032,-0.4,-1.0,-0.71,253.0,252.83,0.365,0.0238,0.17,0.0,0.448,-27.73,-26.86,0.399,-0.0764,-0.87,-0.96,-1.065
2022-05-01,-27.356,36.32,43.24,41.96,14.79,274,253,16,False,False,Inter-Election,-765,293,234,16,True,274.0,274.33,0.521,-0.0236,-0.33,-1.0,-0.688,253.0,252.87,0.32,0.0191,0.13,0.0,0.376,-27.63,-26.95,0.395,-0.0639,-0.68,-0.93,-0.973
2022-05-02,-27.287,36.36,43.24,41.96,14.79,274,253,16,False,False,Inter-Election,-764,293,234,16,True,274.0,274.3,0.49,-0.0211,-0.3,-1.0,-0.644,253.0,252.9,0.32,0.014,0.1,0.0,0.328,-27.58,-27.0,0.339,-0.0578,-0.58,-0.89,-0.875
2022-05-03,-27.346,36.33,43.24,41.96,14.79,274,253,16,False,False,Inter-Election,-763,293,234,16,True,274.0,274.27,0.49,-0.0182,-0.27,-1.0,-0.6,253.0,252.93,0.32,0.0085,0.07,0.0,0.276,-27.53,-27.06,0.338,-0.0508,-0.47,-0.87,-0.764
2022-05-04,-27.126,36.44,43.25,41.96,14.79,274,253,16,False,False,Inter-Election,-762,293,234,16,True,274.0,274.23,0.49,-0.0149,-0.23,0.0,-0.535,253.0,252.97,0.32,0.0024,0.03,0.0,0.164,-27.43,-27.09,0.33,-0.0451,-0.34,0.53,-0.574
2022-05-05,-26.679,36.66,43.27,41.95,14.79,274,253,16,False,False,Inter-Election,-761,293,234,16,True,274.0,274.23,0.455,-0.018,-0.23,0.0,-0.535,253.0,252.97,0.263,0.0029,0.03,0.0,0.164,-27.27,-27.09,0.329,-0.0396,-0.18,1.27,-0.304
2022-05-06,-26.442,36.78,43.28,41.94,14.78,275,253,15,False,False,Inter-Election,-760,293,234,16,True,274.14,274.23,0.455,-0.0078,-0.09,1.0,-0.209,253.0,252.97,0.263,0.0033,0.03,0.0,0.164,-27.08,-27.09,0.329,-0.031,0.01,1.05,0.017
2022-05-07,-26.345,36.83,43.28,41.94,14.78,275,253,15,False,False,Inter-Election,-759,293,234,16,True,274.29,274.27,0.414,-0.0044,0.02,1.0,0.044,253.0,252.97,0.263,0.0038,0.03,0.0,0.164,-26.94,-27.08,0.328,-0.0228,0.14,1.7,0.233
2022-05-08,-26.442,36.78,43.28,41.94,14.78,275,253,15,False,False,Inter-Election,-758,293,234,16,True,274.43,274.3,0.414,-0.0016,0.13,1.0,0.279,253.0,252.97,0.263,0.0042,0.03,0.0,0.164,-26.81,-27.07,0.327,-0.0165,0.26,1.57,0.427
2022-05-09,-26.275,36.86,43.28,41.94,14.78,275,253,15,False,False,Inter-Election,-757,293,234,16,True,274.57,274.33,0.414,0.0009,0.24,1.0,0.501,253.0,252.97,0.263,0.0047,0.03,0.0,0.164,-26.66,-27.05,0.327,-0.0099,0.39,1.36,0.624
2022-05-10,-25.912,37.04,43.29,41.93,14.78,275,252,16,False,False,Inter-Election,-756,293,234,16,True,274.71,274.37,0.414,0.0029,0.34,1.0,0.694,252.86,252.93,0.32,-0.0013,-0.07,-1.0,-0.276,-26.46,-27.02,0.333,-0.0012,0.56,1.79,0.851
2022-05-11,-26.703,36.65,43.27,41.95,14.79,274,253,16,False,False,Inter-Election,-755,293,234,16,True,274.71,274.37,0.455,-0.002,0.34,0.0,0.694,252.86,252.93,0.371,-0.0004,-0.07,0.0,-0.276,-26.4,-27.02,0.361,0.0041,0.62,1.14,0.946
2022-05-12,-26.936,36.53,43.26,41.95,14.79,274,253,16,False,False,Inter-Election,-754,293,234,16,True,274.71,274.37,0.455,-0.0069,0.34,0.0,0.694,252.86,252.93,0.371,0.0004,-0.07,0.0,-0.276,-26.44,-27.03,0.363,0.0075,0.59,0.87,0.906
2022-05-13,-26.598,36.7,43.27,41.94,14.79,274,253,16,False,False,Inter-Election,-753,293,234,16,True,274.57,274.33,0.414,-0.0049,0.24,0.0,0.501,252.86,252.93,0.371,0.0013,-0.07,0.0,-0.276,-26.46,-27.04,0.367,0.0146,0.58,1.14,0.898
2022-05-14,-27.176,36.41,43.25,41.96,14.79,274,253,16,False,False,Inter-Election,-752,293,234,16,True,274.43,274.3,0.414,-0.0024,0.13,0.0,0.279,252.86,252.97,0.32,-0.0047,-0.11,0.0,-0.602,-26.58,-27.07,0.379,0.0194,0.49,0.17,0.782
2022-05-15,-27.213,36.39,43.25,41.96,14.79,274,253,16,False,False,Inter-Election,-751,293,234,16,True,274.29,274.3,0.371,-0.0065,-0.01,0.0,-0.021,252.86,252.97,0.263,-0.0042,-0.11,0.0,-0.602,-26.69,-27.09,0.371,0.0214,0.4,0.14,0.643
2022-05-16,-27.109,36.45,43.25,41.96,14.79,274,253,16,False,False,Inter-Election,-750,293,234,16,True,274.14,274.27,0.32,-0.0036,-0.13,0.0,-0.289,252.86,252.97,0.263,-0.0038,-0.11,0.0,-0.602,-26.81,-27.12,0.368,0.0262,0.31,0.18,0.51
2022-05-17,-27.242,36.38,43.25,41.96,14.79,274,253,16,False,False,Inter-Election,-749,293,234,16,True,274.0,274.23,0.32,-0.0002,-0.23,0.0,-0.535,253.0,252.97,0.263,-0.0033,0.03,0.0,0.164,-27.0,-27.14,0.369,0.0301,0.14,0.1,0.236
2022-05-18,-27.617,36.19,43.23,41.97,14.8,274,253,16,False,False,Inter-Election,-748,293,234,16,True,274.0,274.2,0.32,0.0036,-0.2,0.0,-0.492,253.0,252.97,0.263,-0.0029,0.03,0.0,0.164,-27.13,-27.18,0.374,0.0322,0.05,-0.49,0.086
2022-05-19,-27.855,36.07,43.22,41.98,14.8,274,253,16,False,False,Inter-Election,-747,293,234,16,True,274.0,274.17,0.32,0.0078,-0.17,0.0,-0.448,253.0,252.97,0.263,-0.0024,0.03,0.0,0.164,-27.26,-27.23,0.376,0.0327,-0.03,-1.18,-0.052
2022-05-20,-27.96,36.02,43.22,41.98,14.8,274,253,16,False,False,Inter-Election,-746,293,234,16,True,274.0,274.17,0.263,0.0056,-0.17,-1.0,-0.448,253.0,252.97,0.263,-0.002,0.03,0.0,0.164,-27.45,-27.24,0.31,0.0251,-0.21,-1.52,-0.356
2022-05-21,-27.612,36.19,43.23,41.97,14.8,274,253,16,False,False,Inter-Election,-745,293,234,16,True,274.0,274.17,0.263,0.0033,-0.17,-1.0,-0.448,253.0,252.97,0.263,-0.0016,0.03,0.0,0.164,-27.52,-27.23,0.312,0.0178,-0.29,-1.27,-0.501
2022-05-22,-27.674,36.16,43.23,41.97,14.8,274,253,16,False,False,Inter-Election,-744,293,234,16,True,274.0,274.17,0.263,0.0011,-0.17,-1.0,-0.448,253.0,252.97,0.263,-0.0011,0.03,0.0,0.164,-27.58,-27.23,0.301,0.0131,-0.35,-1.23,-0.6
2022-05-23,-27.4,36.3,43.24,41.97,14.79,274,253,16,False,False,Inter-Election,-743,293,234,16,True,274.0,274.17,0.263,-0.0011,-0.17,-1.0,-0.448,253.0,252.97,0.263,-0.0007,0.03,0.0,0.164,-27.62,-27.21,0.286,0.0065,-0.41,-1.12,-0.727
2022-05-24,-27.236,36.38,43.25,41.96,14.79,274,253,16,False,False,Inter-Election,-742,293,234,16,True,274.0,274.17,0.263,-0.0033,-0.17,-1.0,-0.448,253.0,252.97,0.263,-0.0002,0.03,1.0,0.164,-27.62,-27.19,0.288,0.0008,-0.43,-1.32,-0.792
2022-05-25,-26.91,36.55,43.26,41.95,14.79,274,253,16,False,False,Inter-Election,-741,293,234,16,True,274.0,274.17,0.263,-0.0056,-0.17,0.0,-0.448,253.0,252.97,0.263,0.0002,0.03,0.0,0.164,-27.52,-27.16,0.285,-0.0005,-0.36,-0.21,-0.668
2022-05-26,-25.532,37.23,43.31,41.92,14.78,275,252,16,False,False,Inter-Election,-740,293,234,16,True,274.14,274.2,0.32,-0.0013,-0.06,1.0,-0.147,252.86,252.93,0.32,-0.0058,-0.07,-1.0,-0.276,-27.19,-27.09,0.377,0.0063,-0.1,1.4,-0.165
2022-05-27,-25.25,37.37,43.32,41.91,14.77,275,252,16,False,False,Inter-Election,-739,293,234,16,True,274.29,274.23,0.32,0.0024,0.06,1.0,0.139,252.71,252.9,0.32,-0.0113,-0.19,-1.0,-0.623,-26.8,-27.0,0.376,0.013,0.2,1.35,0.296
2022-05-28,-25.574,37.21,43.31,41.92,14.78,275,252,16,False,False,Inter-Election,-738,293,234,16,True,274.43,274.27,0.32,0.0058,0.16,1.0,0.356,252.57,252.87,0.32,-0.0165,-0.3,-1.0,-0.868,-26.51,-26.93,0.384,0.0167,0.42,1.6,0.595
2022-05-29,-25.5,37.25,43.31,41.91,14.78,275,252,16,False,False,Inter-Election,-737,293,234,16,True,274.57,274.3,0.32,0.0087,0.27,1.0,0.579,252.43,252.83,0.32,-0.0211,-0.4,-1.0,-1.055,-26.2,-26.86,0.384,0.0203,0.66,1.71,0.897
2022-05-30,-24.986,37.51,43.33,41.9,14.77,275,252,16,False,False,Inter-Election,-736,293,234,16,True,274.71,274.33,0.32,0.0111,0.38,1.0,0.793,252.29,252.8,0.32,-0.0254,-0.51,-1.0,-1.254,-25.86,-26.78,0.388,0.029,0.92,2.12,1.144
2022-05-31,-24.035,37.98,43.36,41.87,14.76,276,251,16,False,False,Inter-Election,-735,293,234,16,True,275.0,274.4,0.365,0.0196,0.6,2.0,1.065,252.0,252.73,0.365,-0.0356,-0.73,-2.0,-1.402,-25.4,-26.67,0.419,0.0427,1.27,3.21,1.353
2022-06-01,-23.396,38.3,43.39,41.86,14.76,276,251,16,False,False,Inter-Election,-734,293,234,16,True,275.29,274.47,0.365,0.0271,0.82,2.0,1.304,251.71,252.67,0.365,-0.0449,-0.96,-2.0,-1.583,-24.9,-26.54,0.429,0.0595,1.64,4.22,1.485
2022-06-02,-23.729,38.14,43.37,41.87,14.76,276,251,16,False,False,Inter-Election,-733,293,234,16,True,275.43,274.53,0.365,0.0338,0.9,2.0,1.321,251.57,252.6,0.365,-0.0534,-1.03,-2.0,-1.527,-24.64,-26.42,0.436,0.072,1.78,4.13,1.476
2022-06-03,-24.216,37.89,43.36,41.88,14.76,276,251,16,False,False,Inter-Election,-732,293,234,16,True,275.57,274.6,0.365,0.0396,0.97,2.0,1.34,251.43,252.53,0.365,-0.061,-1.1,-2.0,-1.506,-24.49,-26.32,0.45,0.0813,1.83,3.74,1.45
2022-06-04,-24.159,37.92,43.36,41.88,14.76,276,251,16,False,False,Inter-Election,-731,293,234,16,True,275.71,274.67,0.365,0.0445,1.04,2.0,1.372,251.29,252.47,0.365,-0.0676,-1.18,-2.0,-1.52,-24.29,-26.23,0.445,0.0927,1.94,3.45,1.47
2022-06-05,-24.166,37.92,43.36,41.88,14.76,276,251,16,False,False,Inter-Election,-730,293,234,16,True,275.86,274.7,0.32,0.0554,1.16,2.0,1.46,251.14,252.4,0.365,-0.0734,-1.26,-2.0,-1.549,-24.1,-26.16,0.444,0.1047,2.06,3.51,1.501
2022-06-06,-24.057,37.97,43.36,41.88,14.76,276,251,16,False,False,Inter-Election,-729,293,234,16,True,276.0,274.73,0.32,0.0659,1.27,2.0,1.534,251.0,252.33,0.365,-0.0783,-1.33,-2.0,-1.575,-23.97,-26.08,0.444,0.1169,2.11,3.34,1.482
2022-06-07,-24.814,37.59,43.34,41.9,14.77,275,252,16,False,False,Inter-Election,-728,293,234,16,True,275.86,274.73,0.371,0.0694,1.13,1.0,1.365,251.14,252.3,0.414,-0.0759,-1.16,-1.0,-1.386,-24.08,-26.03,0.469,0.1226,1.95,2.42,1.354
2022-06-08,-24.379,37.81,43.35,41.88,14.76,276,252,15,False,False,Inter-Election,-727,293,234,16,True,275.86,274.77,0.414,0.0794,1.09,2.0,1.27,251.29,252.27,0.414,-0.073,-0.98,-1.0,-1.184,-24.22,-25.96,0.474,0.1316,1.74,2.53,1.183
2022-06-09,-23.816,38.09,43.37,41.87,14.76,276,251,16,False,False,Inter-Election,-726,293,234,16,True,275.86,274.8,0.414,0.089,1.06,1.0,1.195,251.29,252.23,0.414,-0.083,-0.94,-1.0,-1.095,-24.23,-25.9,0.479,0.1458,1.67,1.72,1.097
2022-06-10,-23.6,38.2,43.38,41.86,14.76,276,251,16,False,False,Inter-Election,-725,293,234,16,True,275.86,274.87,0.365,0.0912,0.99,1.0,1.101,251.29,252.17,0.365,-0.0857,-0.88,-1.0,-1.007,-24.14,-25.79,0.451,0.155,1.65,1.65,1.051
2022-06-11,-23.642,38.18,43.38,41.86,14.76,276,251,16,False,False,Inter-Election,-724,293,234,16,True,275.86,274.93,0.365,0.0925,0.93,1.0,1.025,251.29,252.1,0.365,-0.0874,-0.81,-1.0,-0.916,-24.07,-25.68,0.448,0.161,1.61,1.93,1.005
2022-06-12,-23.477,38.26,43.38,41.86,14.76,276,251,16,False,False,Inter-Election,-723,293,234,16,True,275.86,275.0,0.365,0.093,0.86,1.0,0.945,251.29,252.03,0.365,-0.0883,-0.74,-1.0,-0.832,-23.97,-25.58,0.446,0.1689,1.61,2.02,0.981
2022-06-13,-23.174,38.41,43.4,41.85,14.75,276,251,16,False,False,Inter-Election,-722,293,234,16,True,275.86,275.07,0.365,0.0925,0.79,1.0,0.871,251.29,251.97,0.365,-0.0883,-0.68,-1.0,-0.764,-23.84,-25.44,0.428,0.1734,1.6,1.81,0.958
2022-06-14,-23.016,38.49,43.4,41.85,14.75,276,251,16,False,False,Inter-Election,-721,293,234,16,True,276.0,275.13,0.365,0.0912,0.87,0.0,0.967,251.14,251.9,0.365,-0.0874,-0.76,0.0,-0.859,-23.59,-25.3,0.427,0.1769,1.71,1.02,1.011
2022-06-15,-23.056,38.47,43.4,41.85,14.75,276,251,16,False,False,Inter-Election,-720,293,234,16,True,276.0,275.2,0.365,0.089,0.8,0.0,0.902,251.0,251.83,0.365,-0.0857,-0.83,0.0,-0.949,-23.4,-25.17,0.428,0.1789,1.77,0.34,1.038
2022-06-16,-23.103,38.45,43.4,41.85,14.75,276,251,16,False,False,Inter-Election,-719,293,234,16,True,276.0,275.27,0.365,0.0859,0.73,0.0,0.841,251.0,251.77,0.365,-0.083,-0.77,0.0,-0.897,-23.3,-25.03,0.426,0.178,1.73,0.63,1.019
2022-06-17,-23.032,38.48,43.4,41.85,14.75,276,251,16,False,False,Inter-Election,-718,293,234,16,True,276.0,275.33,0.365,0.0819,0.67,0.0,0.794,251.0,251.7,0.365,-0.0794,-0.7,0.0,-0.837,-23.21,-24.88,0.416,0.173,1.67,1.18,1.004
2022-06-18,-22.707,38.65,43.41,41.84,14.75,277,251,15,False,False,Inter-Election,-717,293,234,16,True,276.14,275.43,0.403,0.0834,0.71,1.0,0.827,251.0,251.63,0.365,-0.075,-0.63,0.0,-0.779,-23.08,-24.71,0.41,0.1665,1.63,1.45,1.012
2022-06-19,-23.27,38.36,43.39,41.85,14.75,276,251,16,False,False,Inter-Election,-716,293,234,16,True,276.14,275.5,0.45,0.0772,0.64,0.0,0.78,251.0,251.57,0.365,-0.0696,-0.57,0.0,-0.737,-23.05,-24.55,0.429,0.1533,1.5,0.9,0.994
2022-06-20,-23.407,38.3,43.39,41.86,14.76,276,251,16,False,False,Inter-Election,-715,293,234,16,True,276.14,275.57,0.45,0.0701,0.57,0.0,0.737,251.0,251.5,0.365,-0.0634,-0.5,0.0,-0.684,-23.08,-24.41,0.43,0.1396,1.33,0.65,0.946
2022-06-21,-23.358,38.32,43.39,41.86,14.76,276,251,16,False,False,Inter-Election,-714,293,234,16,True,276.14,275.63,0.45,0.0621,0.51,1.0,0.71,251.0,251.43,0.365,-0.0563,-0.43,-1.0,-0.633,-23.13,-24.27,0.429,0.1239,1.14,1.46,0.894
2022-06-22,-23.788,38.11,43.37,41.87,14.76,276,251,16,False,False,Inter-Election,-713,293,234,16,True,276.14,275.7,0.45,0.0532,0.44,0.0,0.676,251.0,251.37,0.365,-0.0483,-0.37,-1.0,-0.602,-23.24,-24.15,0.441,0.1054,0.91,0.59,0.804
2022-06-23,-23.769,38.12,43.37,41.87,14.76,276,251,16,False,False,Inter-Election,-712,293,234,16,True,276.14,275.77,0.45,0.0434,0.37,0.0,0.651,251.0,251.3,0.365,-0.0394,-0.3,0.0,-0.561,-23.33,-24.03,0.441,0.0865,0.7,0.05,0.721
2022-06-24,-24.284,37.86,43.35,41.88,14.76,276,252,15,False,False,Inter-Election,-711,293,234,16,True,276.14,275.83,0.45,0.0327,0.31,0.0,0.672,251.14,251.27,0.414,-0.0231,-0.13,1.0,-0.289,-23.51,-23.94,0.454,0.065,0.43,-0.68,0.533
2022-06-25,-24.032,37.98,43.36,41.87,14.76,276,251,16,False,False,Inter-Election,-710,293,234,16,True,276.0,275.87,0.414,0.028,0.13,0.0,0.299,251.14,251.23,0.414,-0.0198,-0.09,0.0,-0.209,-23.7,-23.89,0.385,0.0535,0.19,-0.39,0.253
2022-06-26,-24.03,37.98,43.36,41.87,14.76,276,251,16,False,False,Inter-Election,-709,293,234,16,True,276.0,275.9,0.414,0.0229,0.1,0.0,0.248,251.14,251.2,0.414,-0.016,-0.06,0.0,-0.147,-23.81,-23.85,0.382,0.0432,0.04,-0.55,0.057
2022-06-27,-23.472,38.26,43.38,41.86,14.76,276,251,16,False,False,Inter-Election,-708,293,234,16,True,276.0,275.93,0.414,0.0174,0.07,0.0,0.192,251.14,251.17,0.414,-0.0118,-0.03,0.0,-0.079,-23.82,-23.78,0.387,0.0338,-0.04,-0.3,-0.064
2022-06-28,-23.005,38.5,43.4,41.85,14.75,276,251,16,False,False,Inter-Election,-707,293,234,16,True,276.0,275.97,0.414,0.0113,0.03,0.0,0.094,251.14,251.13,0.414,-0.0071,0.01,0.0,0.029,-23.77,-23.7,0.394,0.027,-0.07,0.01,-0.126
2022-06-29,-22.128,38.94,43.43,41.82,14.74,277,250,16,False,False,Inter-Election,-706,293,234,16,True,276.14,276.03,0.45,0.0113,0.11,1.0,0.344,251.0,251.07,0.45,-0.0085,-0.07,-1.0,-0.192,-23.53,-23.6,0.413,0.0282,0.07,0.93,0.123
2022-06-30,-21.85,39.07,43.44,41.82,14.74,277,250,16,False,False,Inter-Election,-705,293,234,16,True,276.29,276.07,0.414,0.0174,0.22,1.0,0.602,250.86,251.03,0.414,-0.0158,-0.17,-1.0,-0.411,-23.26,-23.53,0.382,0.0366,0.27,1.25,0.417
2022-07-01,-21.592,39.2,43.45,41.81,14.74,277,250,16,False,False,Inter-Election,-704,293,234,16,True,276.43,276.1,0.414,0.0229,0.33,1.0,0.82,250.57,251.0,0.414,-0.0227,-0.43,-1.0,-0.945,-22.87,-23.47,0.368,0.05,0.6,1.44,0.813
2022-07-02,-21.886,39.06,43.44,41.82,14.74,277,250,16,False,False,Inter-Election,-703,293,234,16,True,276.57,276.13,0.414,0.028,0.44,0.0,1.013,250.43,250.97,0.414,-0.0291,-0.54,-1.0,-1.102,-22.57,-23.41,0.367,0.0585,0.84,0.82,1.062
2022-07-03,-21.679,39.16,43.45,41.81,14.74,277,250,16,False,False,Inter-Election,-702,293,234,16,True,276.71,276.17,0.414,0.0327,0.54,1.0,1.171,250.29,250.93,0.414,-0.0352,-0.64,-1.0,-1.229,-22.23,-23.32,0.353,0.0641,1.09,1.59,1.304
2022-07-04,-22.496,38.75,43.42,41.83,14.75,277,251,15,False,False,Inter-Election,-701,293,234,16,True,276.86,276.2,0.414,0.0369,0.66,1.0,1.363,250.29,250.93,0.455,-0.0343,-0.64,0.0,-1.229,-22.09,-23.27,0.389,0.0637,1.18,0.91,1.415
2022-07-05,-22.866,38.57,43.41,41.84,14.75,276,251,16,False,False,Inter-Election,-700,293,234,16,True,276.86,276.2,0.455,0.0343,0.66,0.0,1.363,250.29,250.93,0.455,-0.0334,-0.64,0.0,-1.229,-22.07,-23.23,0.397,0.0601,1.16,0.49,1.416
2022-07-06,-23.178,38.41,43.39,41.85,14.75,276,251,16,False,False,Inter-Election,-699,293,234,16,True,276.71,276.2,0.455,0.0316,0.51,0.0,1.053,250.43,250.93,0.455,-0.0325,-0.5,0.0,-0.96,-22.22,-23.2,0.402,0.0547,0.98,0.61,1.219
2022-07-07,-23.263,38.37,43.39,41.85,14.75,276,251,16,False,False,Inter-Election,-698,293,234,16,True,276.57,276.23,0.414,0.022,0.34,0.0,0.79,250.57,250.9,0.414,-0.0247,-0.33,0.0,-0.687,-22.42,-23.15,0.374,0.0431,0.73,0.51,0.981
2022-07-08,-23.351,38.32,43.39,41.86,14.76,276,251,16,False,False,Inter-Election,-697,293,234,16,True,276.43,276.23,0.371,0.0189,0.2,0.0,0.465,250.71,250.87,0.414,-0.0165,-0.16,-1.0,-0.369,-22.67,-23.11,0.368,0.0333,0.44,0.93,0.621
2022-07-09,-23.29,38.35,43.39,41.85,14.75,276,251,16,False,False,Inter-Election,-696,293,234,16,True,276.29,276.23,0.371,0.0158,0.06,0.0,0.139,250.86,250.87,0.371,-0.0147,-0.01,0.0,-0.023,-22.87,-23.09,0.354,0.0272,0.22,0.74,0.316
2022-07-10,-23.339,38.33,43.39,41.86,14.75,276,251,16,False,False,Inter-Election,-695,293,234,16,True,276.14,276.23,0.371,0.0127,-0.09,0.0,-0.209,251.0,250.87,0.371,-0.0129,0.13,0.0,0.299,-23.11,-23.08,0.353,0.0222,-0.03,0.69,-0.043
2022-07-11,-22.985,38.51,43.4,41.85,14.75,276,251,16,False,False,Inter-Election,-694,293,234,16,True,276.0,276.23,0.371,0.0096,-0.23,0.0,-0.535,251.0,250.87,0.371,-0.0111,0.13,0.0,0.299,-23.18,-23.06,0.358,0.019,-0.12,0.49,-0.175
2022-07-12,-22.968,38.52,43.4,41.85,14.75,276,251,16,False,False,Inter-Election,-693,293,234,16,True,276.0,276.23,0.371,0.0065,-0.23,0.0,-0.535,251.0,250.87,0.371,-0.0093,0.13,0.0,0.299,-23.2,-23.05,0.357,0.0167,-0.15,0.04,-0.221
2022-07-13,-22.2,38.9,43.43,41.83,14.74,277,250,16,False,False,Inter-Election,-692,293,234,16,True,276.14,276.27,0.414,0.0098,-0.13,0.0,-0.289,250.86,250.83,0.414,-0.014,0.03,0.0,0.065,-23.06,-23.01,0.379,0.0213,-0.05,-0.07,-0.072
2022-07-14,-22.947,38.53,43.4,41.85,14.75,276,251,16,False,False,Inter-Election,-691,293,234,16,True,276.14,276.27,0.455,0.0062,-0.13,-1.0,-0.289,250.86,250.83,0.455,-0.0118,0.03,1.0,0.065,-23.01,-23.01,0.404,0.0217,0.0,-1.1,0.0
2022-07-15,-21.882,39.06,43.44,41.82,14.74,277,250,16,False,False,Inter-Election,-690,293,234,16,True,276.29,276.3,0.49,0.0091,-0.01,0.0,-0.021,250.71,250.8,0.49,-0.016,-0.09,0.0,-0.186,-22.8,-22.97,0.448,0.0287,0.17,-0.29,0.234
2022-07-16,-21.276,39.36,43.46,41.8,14.74,277,250,16,False,False,Inter-Election,-689,293,234,16,True,276.43,276.33,0.49,0.0116,0.1,0.0,0.209,250.57,250.77,0.49,-0.0198,-0.2,0.0,-0.397,-22.51,-22.91,0.459,0.0387,0.4,0.61,0.507
2022-07-17,-21.289,39.36,43.46,41.8,14.74,277,250,16,False,False,Inter-Election,-688,293,234,16,True,276.57,276.37,0.49,0.0136,0.2,0.0,0.408,250.43,250.73,0.49,-0.0231,-0.3,0.0,-0.576,-22.22,-22.85,0.46,0.0483,0.63,0.39,0.748
2022-07-18,-21.883,39.06,43.44,41.82,14.74,277,250,16,False,False,Inter-Election,-687,293,234,16,True,276.71,276.37,0.455,0.022,0.34,0.0,0.694,250.29,250.7,0.49,-0.026,-0.41,-1.0,-0.766,-22.06,-22.83,0.472,0.0556,0.77,0.61,0.895
2022-07-19,-22.058,38.97,43.44,41.82,14.74,277,250,16,False,False,Inter-Election,-686,293,234,16,True,276.86,276.4,0.414,0.0236,0.46,1.0,0.923,250.14,250.67,0.49,-0.0285,-0.53,-1.0,-0.97,-21.93,-22.79,0.46,0.0575,0.86,0.81,0.992
2022-07-20,-23.283,38.36,43.39,41.85,14.75,276,251,16,False,False,Inter-Election,-685,293,234,16,True,276.71,276.4,0.455,0.0182,0.31,0.0,0.622,250.29,250.67,0.525,-0.024,-0.38,0.0,-0.695,-22.09,-22.78,0.514,0.05,0.69,-0.11,0.799
2022-07-21,-23.931,38.03,43.37,41.87,14.76,276,251,16,False,False,Inter-Election,-684,293,234,16,True,276.71,276.4,0.455,0.0129,0.31,0.0,0.622,250.29,250.67,0.525,-0.0196,-0.38,0.0,-0.695,-22.23,-22.8,0.528,0.0386,0.57,-0.67,0.645
2022-07-22,-24.107,37.95,43.36,41.88,14.76,276,251,16,False,False,Inter-Election,-683,293,234,16,True,276.57,276.4,0.455,0.0076,0.17,0.0,0.341,250.43,250.67,0.525,-0.0151,-0.24,0.0,-0.439,-22.55,-22.81,0.523,0.0233,0.26,-0.76,0.29
2022-07-23,-24.029,37.99,43.36,41.87,14.76,276,251,16,False,False,Inter-Election,-682,293,234,16,True,276.43,276.4,0.455,0.0022,0.03,0.0,0.06,250.57,250.67,0.525,-0.0107,-0.1,0.0,-0.183,-22.94,-22.82,0.523,0.0089,-0.12,-0.74,-0.132
2022-07-24,-24.396,37.8,43.35,41.88,14.77,276,252,15,False,False,Inter-Election,-681,293,234,16,True,276.29,276.4,0.455,-0.0031,-0.11,0.0,-0.221,250.86,250.67,0.525,0.0071,0.19,1.0,0.348,-23.38,-22.82,0.519,-0.0114,-0.56,-1.06,-0.612
2022-07-25,-22.07,38.96,43.44,41.82,14.74,277,250,16,False,False,Inter-Election,-680,293,234,16,True,276.29,276.43,0.49,-0.002,-0.14,1.0,-0.278,250.86,250.63,0.615,0.0051,0.23,-1.0,0.414,-23.41,-22.76,0.67,-0.0149,-0.65,0.91,-0.726
2022-07-26,-22.482,38.76,43.42,41.83,14.75,277,251,15,False,False,Inter-Election,-679,293,234,16,True,276.29,276.47,0.49,-0.0013,-0.18,1.0,-0.355,251.0,250.63,0.643,0.01,0.37,0.0,0.665,-23.47,-22.71,0.676,-0.0219,-0.76,0.49,-0.88
2022-07-27,-22.858,38.57,43.41,41.84,14.75,276,251,16,False,False,Inter-Election,-678,293,234,16,True,276.29,276.47,0.525,-0.0076,-0.18,-1.0,-0.355,251.0,250.63,0.643,0.0149,0.37,1.0,0.665,-23.41,-22.69,0.673,-0.0281,-0.72,-0.66,-0.845
2022-07-28,-22.674,38.66,43.41,41.84,14.75,277,251,15,False,False,Inter-Election,-677,293,234,16,True,276.43,276.5,0.556,-0.0073,-0.07,1.0,-0.138,251.0,250.63,0.643,0.0198,0.37,0.0,0.665,-23.23,-22.67,0.669,-0.0303,-0.56,0.27,-0.659
2022-07-29,-23.193,38.4,43.39,41.85,14.75,276,251,16,False,False,Inter-Election,-676,293,234,16,True,276.43,276.47,0.556,-0.0071,-0.04,-1.0,-0.079,251.0,250.67,0.615,0.0178,0.33,1.0,0.604,-23.1,-22.71,0.655,-0.0298,-0.39,-1.31,-0.46
2022-07-30,-24.226,37.89,43.36,41.88,14.76,276,251,16,False,False,Inter-Election,-675,293,234,16,True,276.43,276.43,0.556,-0.0065,0.0,-1.0,0.0,251.0,250.7,0.615,0.0154,0.3,1.0,0.561,-23.13,-22.79,0.677,-0.0337,-0.34,-2.95,-0.388
2022-07-31,-24.207,37.9,43.36,41.88,14.76,276,251,16,False,False,Inter-Election,-674,293,234,16,True,276.43,276.4,0.556,-0.0053,0.03,-1.0,0.06,250.86,250.73,0.615,0.0125,0.13,1.0,0.25,-23.1,-22.88,0.674,-0.0346,-0.22,-2.92,-0.249
2022-08-01,-24.715,37.64,43.34,41.89,14.77,275,252,16,False,False,Inter-Election,-673,293,234,16,True,276.14,276.33,0.583,-0.0102,-0.19,-2.0,-0.348,251.14,250.8,0.64,0.0156,0.34,2.0,0.617,-23.48,-22.97,0.677,-0.0396,-0.51,-2.83,-0.552
2022-08-02,-24.284,37.86,43.35,41.88,14.76,276,252,15,False,False,Inter-Election,-672,293,234,16,True,276.0,276.3,0.615,-0.0078,-0.3,-1.0,-0.561,251.29,250.87,0.64,0.0178,0.42,2.0,0.735,-23.74,-23.06,0.682,-0.0392,-0.68,-2.23,-0.739
2022-08-03,-24.044,37.98,43.36,41.88,14.76,276,251,16,False,False,Inter-Election,-671,293,234,16,True,276.0,276.27,0.615,-0.0049,-0.27,0.0,-0.518,251.29,250.87,0.643,0.0196,0.42,0.0,0.735,-23.91,-23.11,0.67,-0.0417,-0.8,-0.76,-0.859
2022-08-04,-23.969,38.02,43.37,41.87,14.76,276,251,16,False,False,Inter-Election,-670,293,234,16,True,275.86,276.27,0.587,-0.0085,-0.41,0.0,-0.787,251.29,250.87,0.643,0.0214,0.42,0.0,0.735,-24.09,-23.15,0.668,-0.0455,-0.94,-0.04,-0.997
2022-08-05,-23.932,38.03,43.37,41.87,14.76,276,251,16,False,False,Inter-Election,-669,293,234,16,True,275.86,276.27,0.587,-0.012,-0.41,0.0,-0.787,251.29,250.87,0.643,0.0231,0.42,0.0,0.735,-24.2,-23.17,0.666,-0.0508,-1.03,0.18,-1.08
2022-08-06,-23.232,38.38,43.39,41.85,14.75,276,251,16,False,False,Inter-Election,-668,293,234,16,True,275.86,276.27,0.587,-0.0156,-0.41,0.0,-0.787,251.29,250.87,0.643,0.0249,0.42,0.0,0.735,-24.05,-23.17,0.679,-0.0519,-0.88,0.8,-0.923
2022-08-07,-23.321,38.34,43.39,41.86,14.75,276,251,16,False,False,Inter-Election,-667,293,234,16,True,275.86,276.27,0.587,-0.0191,-0.41,0.0,-0.787,251.29,250.87,0.643,0.0267,0.42,-1.0,0.735,-23.93,-23.17,0.679,-0.0541,-0.76,1.07,-0.797
2022-08-08,-24.51,37.74,43.35,41.89,14.77,276,252,15,False,False,Inter-Election,-666,293,234,16,True,276.0,276.27,0.587,-0.0227,-0.27,-1.0,-0.518,251.29,250.9,0.669,0.0349,0.39,2.0,0.642,-23.9,-23.21,0.712,-0.0636,-0.69,-2.44,-0.701
2022-08-09,-24.349,37.83,43.35,41.88,14.76,276,252,15,False,False,Inter-Election,-665,293,234,16,True,276.0,276.27,0.587,-0.0263,-0.27,-1.0,-0.518,251.29,250.93,0.669,0.0427,0.36,1.0,0.563,-23.91,-23.24,0.713,-0.0718,-0.67,-1.87,-0.666
2022-08-10,-23.786,38.11,43.37,41.87,14.76,276,251,16,False,False,Inter-Election,-664,293,234,16,True,276.0,276.27,0.587,-0.0298,-0.27,0.0,-0.518,251.29,250.93,0.695,0.0436,0.36,0.0,0.563,-23.87,-23.27,0.718,-0.0735,-0.6,-0.93,-0.594
2022-08-11,-23.782,38.11,43.37,41.87,14.76,276,251,16,False,False,Inter-Election,-663,293,234,16,True,276.0,276.27,0.587,-0.0334,-0.27,-1.0,-0.518,251.29,250.93,0.695,0.0445,0.36,0.0,0.563,-23.84,-23.3,0.718,-0.0748,-0.54,-1.11,-0.534
2022-08-12,-23.24,38.38,43.39,41.85,14.75,276,251,16,False,False,Inter-Election,-662,293,234,16,True,276.0,276.23,0.556,-0.03,-0.23,0.0,-0.456,251.29,250.97,0.669,0.0385,0.32,0.0,0.52,-23.75,-23.33,0.711,-0.0668,-0.42,-0.05,-0.424
2022-08-13,-23.178,38.41,43.4,41.85,14.75,276,251,16,False,False,Inter-Election,-661,293,234,16,True,276.0,276.23,0.525,-0.0331,-0.23,0.0,-0.456,251.29,250.97,0.643,0.0389,0.32,0.0,0.52,-23.74,-23.34,0.698,-0.0632,-0.4,1.05,-0.405
2022-08-14,-23.278,38.36,43.39,41.85,14.75,276,251,16,False,False,Inter-Election,-660,293,234,16,True,276.0,276.2,0.49,-0.0294,-0.2,0.0,-0.413,251.29,251.0,0.615,0.0325,0.29,0.0,0.494,-23.73,-23.39,0.668,-0.0527,-0.34,0.93,-0.358
2022-08-15,-23.198,38.4,43.39,41.85,14.75,276,251,16,False,False,Inter-Election,-659,293,234,16,True,276.0,276.17,0.49,-0.0251,-0.17,1.0,-0.369,251.14,251.03,0.615,0.0256,0.11,-1.0,0.198,-23.54,-23.45,0.657,-0.037,-0.09,1.52,-0.104
2022-08-16,-21.693,39.15,43.45,41.81,14.74,277,250,16,False,False,Inter-Election,-658,293,234,16,True,276.14,276.17,0.525,-0.014,-0.03,1.0,-0.065,250.86,251.03,0.643,0.0118,-0.17,-2.0,-0.306,-23.16,-23.46,0.717,-0.0107,0.3,2.59,0.361
2022-08-17,-23.014,38.49,43.4,41.85,14.75,276,251,16,False,False,Inter-Election,-657,293,234,16,True,276.14,276.13,0.556,-0.0093,0.01,0.0,0.023,250.86,251.07,0.669,0.0044,-0.21,0.0,-0.403,-23.05,-23.5,0.749,0.0031,0.45,1.03,0.576
2022-08-18,-23.17,38.41,43.4,41.85,14.75,276,251,16,False,False,Inter-Election,-656,293,234,16,True,276.14,276.1,0.556,-0.0042,0.04,0.0,0.099,250.86,251.1,0.669,-0.0033,-0.24,0.0,-0.499,-22.97,-23.54,0.749,0.0152,0.57,0.8,0.776
2022-08-19,-23.094,38.45,43.4,41.85,14.75,276,251,16,False,False,Inter-Election,-655,293,234,16,True,276.14,276.1,0.525,-0.0056,0.04,0.0,0.099,250.86,251.1,0.643,-0.0047,-0.24,0.0,-0.499,-22.95,-23.53,0.714,0.0198,0.58,0.84,0.786
2022-08-20,-23.127,38.44,43.4,41.85,14.75,276,251,16,False,False,Inter-Election,-654,293,234,16,True,276.14,276.1,0.525,-0.0069,0.04,0.0,0.099,250.86,251.1,0.643,-0.006,-0.24,0.0,-0.499,-22.94,-23.51,0.704,0.0197,0.57,0.11,0.773
2022-08-21,-23.278,38.36,43.39,41.85,14.75,276,251,16,False,False,Inter-Election,-653,293,234,16,True,276.14,276.1,0.525,-0.0082,0.04,0.0,0.099,250.86,251.1,0.643,-0.0073,-0.24,0.0,-0.499,-22.94,-23.48,0.703,0.017,0.54,0.04,0.74
2022-08-22,-22.877,38.56,43.41,41.84,14.75,276,251,16,False,False,Inter-Election,-652,293,234,16,True,276.14,276.1,0.525,-0.0096,0.04,0.0,0.099,250.86,251.1,0.643,-0.0087,-0.24,-1.0,-0.499,-22.89,-23.44,0.707,0.0171,0.55,1.63,0.753
2022-08-23,-23.558,38.22,43.38,41.86,14.76,276,251,16,False,False,Inter-Election,-651,293,234,16,True,276.0,276.1,0.525,-0.0109,-0.1,0.0,-0.248,251.0,251.07,0.615,-0.0031,-0.07,-1.0,-0.156,-23.16,-23.41,0.715,0.0097,0.25,0.79,0.353
2022-08-24,-24.817,37.59,43.33,41.9,14.77,275,252,16,False,False,Inter-Election,-650,293,234,16,True,275.86,276.03,0.521,-0.0118,-0.17,-1.0,-0.411,251.14,251.13,0.521,-0.0044,0.01,1.0,0.023,-23.42,-23.5,0.61,0.0099,0.08,-1.03,0.113
2022-08-25,-24.145,37.93,43.36,41.88,14.76,276,251,16,False,False,Inter-Election,-649,293,234,16,True,275.86,276.0,0.556,-0.0053,-0.14,0.0,-0.377,251.14,251.13,0.525,-0.0062,0.01,0.0,0.023,-23.56,-23.56,0.622,0.0128,0.0,-0.36,0.0
2022-08-26,-23.854,38.07,43.37,41.87,14.76,276,251,16,False,False,Inter-Election,-648,293,234,16,True,275.86,276.0,0.525,-0.0053,-0.14,0.0,-0.377,251.14,251.13,0.525,-0.008,0.01,0.0,0.023,-23.67,-23.59,0.622,0.0157,-0.08,-0.61,-0.118
2022-08-27,-25.141,37.43,43.32,41.9,14.77,275,252,16,False,False,Inter-Election,-647,293,234,16,True,275.71,275.93,0.521,-0.0049,-0.22,-1.0,-0.602,251.29,251.17,0.556,-0.0033,0.12,1.0,0.26,-23.95,-23.67,0.661,0.012,-0.28,-1.96,-0.394
2022-08-28,-25.16,37.42,43.32,41.91,14.77,275,252,16,False,False,Inter-Election,-646,293,234,16,True,275.57,275.9,0.49,-0.0105,-0.33,-1.0,-0.82,251.43,251.2,0.556,0.0009,0.23,1.0,0.475,-24.22,-23.74,0.656,0.0057,-0.48,-1.88,-0.636
2022-08-29,-25.319,37.34,43.32,41.91,14.77,275,252,16,False,False,Inter-Election,-645,293,234,16,True,275.43,275.87,0.49,-0.0156,-0.44,-1.0,-1.013,251.57,251.23,0.556,0.0047,0.34,1.0,0.675,-24.57,-23.78,0.631,-0.0078,-0.79,-2.12,-0.983
2022-08-30,-24.442,37.78,43.35,41.89,14.77,276,252,15,False,False,Inter-Election,-644,293,234,16,True,275.43,275.87,0.525,-0.0138,-0.44,-1.0,-1.013,251.71,251.27,0.556,0.008,0.44,2.0,0.845,-24.7,-23.78,0.652,-0.0151,-0.92,-2.75,-1.137
2022-08-31,-23.141,38.43,43.4,41.85,14.75,276,251,16,False,False,Inter-Election,-643,293,234,16,True,275.57,275.9,0.49,-0.0189,-0.33,0.0,-0.82,251.57,251.23,0.556,0.0113,0.34,0.0,0.675,-24.46,-23.73,0.687,-0.0174,-0.73,-0.13,-0.916
2022-09-01,-23.535,38.23,43.38,41.86,14.76,276,251,16,False,False,Inter-Election,-642,293,234,16,True,275.57,275.9,0.455,-0.0176,-0.33,0.0,-0.82,251.57,251.2,0.556,0.0151,0.37,0.0,0.764,-24.37,-23.71,0.688,-0.0199,-0.66,-0.36,-0.834
2022-09-02,-23.233,38.38,43.39,41.85,14.75,276,251,16,False,False,Inter-Election,-641,293,234,16,True,275.57,275.9,0.455,-0.0162,-0.33,0.0,-0.82,251.57,251.2,0.525,0.0125,0.37,0.0,0.764,-24.28,-23.68,0.689,-0.0192,-0.6,-0.14,-0.757
2022-09-03,-23.658,38.17,43.38,41.86,14.76,276,251,16,False,False,Inter-Election,-640,293,234,16,True,275.71,275.9,0.455,-0.0149,-0.19,0.0,-0.472,251.43,251.2,0.525,0.0098,0.23,0.0,0.475,-24.07,-23.67,0.694,-0.021,-0.4,-0.53,-0.506
2022-09-04,-23.689,38.16,43.38,41.87,14.76,276,251,16,False,False,Inter-Election,-639,293,234,16,True,275.86,275.9,0.455,-0.0136,-0.04,0.0,-0.099,251.29,251.2,0.525,0.0071,0.09,0.0,0.186,-23.86,-23.66,0.694,-0.023,-0.2,-0.41,-0.253
2022-09-05,-23.717,38.14,43.38,41.87,14.76,276,251,16,False,False,Inter-Election,-638,293,234,16,True,276.0,275.9,0.455,-0.0122,0.1,0.0,0.248,251.14,251.2,0.525,0.0044,-0.06,0.0,-0.124,-23.63,-23.68,0.681,-0.0204,0.05,-0.84,0.064
2022-09-06,-23.995,38.0,43.37,41.87,14.76,276,251,16,False,False,Inter-Election,-637,293,234,16,True,276.0,275.9,0.455,-0.0109,0.1,0.0,0.248,251.0,251.2,0.525,0.0018,-0.2,0.0,-0.413,-23.57,-23.7,0.683,-0.02,0.13,-0.44,0.166
2022-09-07,-23.669,38.17,43.38,41.86,14.76,276,251,16,False,False,Inter-Election,-636,293,234,16,True,276.0,275.9,0.455,-0.0096,0.1,1.0,0.248,251.0,251.17,0.49,0.006,-0.17,-1.0,-0.369,-23.64,-23.67,0.649,-0.0254,0.03,1.15,0.039
2022-09-08,-25.05,37.48,43.33,41.9,14.77,275,252,16,False,False,Inter-Election,-635,293,234,16,True,275.86,275.87,0.49,-0.0147,-0.01,-1.0,-0.023,251.14,251.17,0.525,0.0171,-0.03,1.0,-0.065,-23.86,-23.69,0.697,-0.039,-0.17,-0.91,-0.212
2022-09-09,-24.23,37.88,43.36,41.88,14.76,276,251,16,False,False,Inter-Election,-634,293,234,16,True,275.86,275.87,0.525,-0.0129,-0.01,0.0,-0.023,251.14,251.17,0.525,0.0149,-0.03,0.0,-0.065,-24.0,-23.71,0.706,-0.043,-0.29,-0.38,-0.36
2022-09-10,-24.166,37.92,43.36,41.88,14.76,276,251,16,False,False,Inter-Election,-633,293,234,16,True,275.86,275.87,0.525,-0.0111,-0.01,1.0,-0.023,251.14,251.17,0.525,0.0127,-0.03,-1.0,-0.065,-24.07,-23.72,0.706,-0.0465,-0.35,0.97,-0.432
2022-09-11,-24.203,37.9,43.36,41.88,14.76,276,251,16,False,False,Inter-Election,-632,293,234,16,True,275.86,275.87,0.525,-0.0093,-0.01,1.0,-0.023,251.14,251.17,0.525,0.0105,-0.03,-1.0,-0.065,-24.15,-23.75,0.698,-0.0463,-0.4,0.96,-0.494
2022-09-12,-24.882,37.56,43.33,41.9,14.77,275,252,16,False,False,Inter-Election,-631,293,234,16,True,275.71,275.83,0.556,-0.014,-0.12,0.0,-0.26,251.29,251.2,0.556,0.0147,0.09,0.0,0.186,-24.31,-23.81,0.708,-0.0496,-0.5,0.44,-0.604
2022-09-13,-24.554,37.72,43.34,41.89,14.77,276,252,15,False,False,Inter-Election,-630,293,234,16,True,275.71,275.83,0.587,-0.0118,-0.12,0.0,-0.26,251.43,251.23,0.556,0.0185,0.2,0.0,0.397,-24.39,-23.85,0.711,-0.0507,-0.54,-0.11,-0.649
2022-09-14,-24.703,37.65,43.34,41.89,14.77,275,252,16,False,False,Inter-Election,-629,293,234,16,True,275.57,275.8,0.615,-0.016,-0.23,-1.0,-0.475,251.57,251.27,0.556,0.0218,0.3,1.0,0.576,-24.54,-23.9,0.711,-0.0516,-0.64,-1.56,-0.765
2022-09-15,-24.877,37.56,43.33,41.9,14.77,275,252,16,False,False,Inter-Election,-628,293,234,16,True,275.57,275.73,0.583,-0.0129,-0.16,-1.0,-0.356,251.57,251.33,0.521,0.0178,0.24,1.0,0.501,-24.52,-24.01,0.648,-0.0427,-0.51,-1.34,-0.686
2022-09-16,-23.474,38.26,43.38,41.86,14.76,276,251,16,False,False,Inter-Election,-627,293,234,16,True,275.57,275.73,0.587,-0.0093,-0.16,0.0,-0.356,251.57,251.33,0.525,0.0133,0.24,0.0,0.501,-24.41,-24.03,0.662,-0.0324,-0.38,-0.24,-0.523
2022-09-17,-23.537,38.23,43.38,41.86,14.76,276,251,16,False,False,Inter-Election,-626,293,234,16,True,275.57,275.73,0.587,-0.0058,-0.16,0.0,-0.356,251.57,251.33,0.525,0.0089,0.24,0.0,0.501,-24.32,-24.04,0.662,-0.0233,-0.28,0.12,-0.392
2022-09-18,-23.59,38.21,43.38,41.86,14.76,276,251,16,False,False,Inter-Election,-625,293,234,16,True,275.57,275.73,0.587,-0.0022,-0.16,0.0,-0.356,251.57,251.33,0.525,0.0044,0.24,0.0,0.501,-24.23,-24.05,0.662,-0.0139,-0.18,0.1,-0.258
2022-09-19,-23.14,38.43,43.4,41.85,14.75,276,251,16,False,False,Inter-Election,-624,293,234,16,True,275.71,275.73,0.587,0.0013,-0.02,0.0,-0.044,251.43,251.33,0.525,-0.0,0.1,0.0,0.209,-23.98,-24.05,0.667,-0.0016,0.07,0.58,0.1
2022-09-20,-22.92,38.54,43.4,41.84,14.75,276,251,16,False,False,Inter-Election,-623,293,234,16,True,275.71,275.73,0.587,0.0049,-0.02,0.0,-0.044,251.29,251.33,0.525,-0.0044,-0.04,0.0,-0.083,-23.75,-24.04,0.668,0.0111,0.29,1.07,0.406
2022-09-21,-23.228,38.39,43.39,41.85,14.75,276,251,16,False,False,Inter-Election,-622,293,234,16,True,275.86,275.73,0.587,0.0085,0.13,0.0,0.289,251.14,251.33,0.525,-0.0089,-0.19,0.0,-0.396,-23.54,-24.05,0.666,0.0243,0.51,0.44,0.732
2022-09-22,-22.676,38.66,43.41,41.84,14.75,277,251,15,False,False,Inter-Election,-621,293,234,16,True,276.14,275.77,0.615,0.0185,0.37,2.0,0.734,251.0,251.33,0.525,-0.0133,-0.33,-1.0,-0.688,-23.22,-24.02,0.661,0.0367,0.8,2.37,1.087
2022-09-23,-22.583,38.71,43.42,41.84,14.75,277,251,15,False,False,Inter-Election,-620,293,234,16,True,276.29,275.83,0.583,0.0211,0.46,1.0,0.867,251.0,251.3,0.49,-0.0109,-0.3,0.0,-0.644,-23.1,-23.95,0.615,0.0405,0.85,1.65,1.11
2022-09-24,-24.193,37.9,43.36,41.88,14.76,276,251,16,False,False,Inter-Election,-619,293,234,16,True,276.29,275.83,0.587,0.0234,0.46,0.0,0.867,251.0,251.3,0.455,-0.0149,-0.3,0.0,-0.644,-23.19,-23.95,0.677,0.0376,0.76,-0.03,0.992
2022-09-25,-24.181,37.91,43.36,41.88,14.76,276,251,16,False,False,Inter-Election,-618,293,234,16,True,276.29,275.83,0.587,0.0256,0.46,0.0,0.867,251.0,251.3,0.455,-0.0189,-0.3,0.0,-0.644,-23.27,-23.96,0.674,0.0368,0.69,0.02,0.9
2022-09-26,-24.143,37.93,43.36,41.88,14.76,276,251,16,False,False,Inter-Election,-617,293,234,16,True,276.29,275.87,0.556,0.0209,0.42,1.0,0.828,251.0,251.27,0.414,-0.016,-0.27,-1.0,-0.6,-23.42,-23.93,0.63,0.0275,0.51,0.74,0.694
2022-09-27,-24.591,37.7,43.34,41.89,14.77,276,252,15,False,False,Inter-Election,-616,293,234,16,True,276.29,275.9,0.556,0.0158,0.39,0.0,0.811,251.14,251.27,0.455,-0.0062,-0.13,0.0,-0.289,-23.66,-23.91,0.636,0.0148,0.25,-0.04,0.353
2022-09-28,-23.745,38.13,43.37,41.87,14.76,276,251,16,False,False,Inter-Election,-615,293,234,16,True,276.29,275.93,0.556,0.0102,0.36,1.0,0.8,251.14,251.23,0.49,-0.0029,-0.09,-1.0,-0.209,-23.73,-23.86,0.652,0.0061,0.13,0.96,0.198
2022-09-29,-24.309,37.85,43.35,41.88,14.76,276,252,15,False,False,Inter-Election,-614,293,234,16,True,276.14,275.93,0.525,0.0111,0.21,1.0,0.467,251.29,251.23,0.525,0.0073,0.06,0.0,0.139,-23.96,-23.85,0.643,-0.0008,-0.11,0.57,-0.168
2022-09-30,-24.389,37.81,43.35,41.88,14.77,276,252,15,False,False,Inter-Election,-613,293,234,16,True,276.0,275.93,0.525,0.012,0.07,0.0,0.156,251.43,251.27,0.49,0.0107,0.16,1.0,0.356,-24.22,-23.9,0.594,0.0006,-0.32,-0.91,-0.495
2022-10-01,-23.881,38.06,43.37,41.87,14.76,276,251,16,False,False,Inter-Election,-612,293,234,16,True,276.0,275.93,0.525,0.0129,0.07,0.0,0.156,251.43,251.27,0.525,0.0071,0.16,0.0,0.356,-24.18,-23.91,0.598,0.0032,-0.27,-0.34,-0.42
2022-10-02,-23.863,38.07,43.37,41.87,14.76,276,251,16,False,False,Inter-Election,-611,293,234,16,True,276.0,275.93,0.525,0.0138,0.07,0.0,0.156,251.43,251.27,0.525,0.0036,0.16,0.0,0.356,-24.13,-23.93,0.596,0.0081,-0.2,-0.27,-0.317
2022-10-03,-23.122,38.44,43.4,41.85,14.75,276,251,16,False,False,Inter-Election,-610,293,234,16,True,276.0,275.93,0.525,0.0147,0.07,0.0,0.156,251.43,251.27,0.525,-0.0,0.16,0.0,0.356,-23.99,-23.91,0.606,0.0152,-0.08,0.02,-0.124
2022-10-04,-22.832,38.58,43.41,41.84,14.75,276,251,16,False,False,Inter-Election,-609,293,234,16,True,276.0,275.93,0.525,0.0156,0.07,0.0,0.156,251.29,251.27,0.525,-0.0036,0.02,0.0,0.044,-23.73,-23.88,0.608,0.0237,0.15,0.09,0.222
2022-10-05,-22.912,38.54,43.4,41.84,14.75,276,251,16,False,False,Inter-Election,-608,293,234,16,True,276.0,275.93,0.525,0.0165,0.07,0.0,0.156,251.29,251.27,0.525,-0.0071,0.02,0.0,0.044,-23.62,-23.85,0.608,0.0311,0.23,0.32,0.33
2022-10-06,-21.575,39.21,43.45,41.81,14.74,277,250,16,False,False,Inter-Election,-607,293,234,16,True,276.14,275.97,0.556,0.0238,0.17,0.0,0.347,251.0,251.23,0.556,-0.0171,-0.23,-1.0,-0.456,-23.22,-23.77,0.651,0.0448,0.55,1.1,0.679
2022-10-07,-21.706,39.15,43.45,41.81,14.74,277,250,16,False,False,Inter-Election,-606,293,234,16,True,276.29,276.0,0.556,0.0307,0.29,0.0,0.552,250.71,251.2,0.556,-0.0267,-0.49,-1.0,-0.89,-22.84,-23.71,0.65,0.0589,0.87,0.88,0.973
2022-10-08,-22.155,38.92,43.43,41.82,14.74,277,250,16,False,False,Inter-Election,-605,293,234,16,True,276.43,276.07,0.521,0.0303,0.36,1.0,0.691,250.57,251.13,0.521,-0.0289,-0.56,-1.0,-0.98,-22.6,-23.61,0.599,0.0596,1.01,2.04,1.121
2022-10-09,-22.232,38.88,43.43,41.83,14.74,277,250,16,False,False,Inter-Election,-604,293,234,16,True,276.57,276.1,0.49,0.0358,0.47,1.0,0.858,250.43,251.1,0.49,-0.0372,-0.67,-1.0,-1.103,-22.36,-23.55,0.583,0.0643,1.19,1.95,1.284
2022-10-10,-22.634,38.68,43.41,41.84,14.75,277,251,15,False,False,Inter-Election,-603,293,234,16,True,276.71,276.13,0.49,0.0409,0.58,1.0,1.015,250.43,251.1,0.525,-0.0385,-0.67,0.0,-1.103,-22.29,-23.49,0.59,0.0659,1.2,1.51,1.285
2022-10-11,-23.101,38.45,43.4,41.85,14.75,276,251,16,False,False,Inter-Election,-602,293,234,16,True,276.71,276.13,0.525,0.0392,0.58,0.0,1.015,250.43,251.1,0.525,-0.0398,-0.67,-1.0,-1.103,-22.33,-23.46,0.597,0.0635,1.13,1.49,1.22
2022-10-12,-22.483,38.76,43.42,41.83,14.75,277,251,15,False,False,Inter-Election,-601,293,234,16,True,276.86,276.2,0.521,0.0369,0.66,1.0,1.198,250.43,251.07,0.49,-0.0343,-0.64,0.0,-1.097,-22.27,-23.38,0.59,0.06,1.11,1.26,1.23
2022-10-13,-22.994,38.5,43.4,41.85,14.75,276,251,16,False,False,Inter-Election,-600,293,234,16,True,276.71,276.2,0.525,0.0343,0.51,0.0,0.926,250.57,251.03,0.49,-0.0283,-0.46,-1.0,-0.827,-22.47,-23.33,0.598,0.0544,0.86,1.32,0.981
2022-10-14,-22.83,38.59,43.41,41.84,14.75,276,251,16,False,False,Inter-Election,-599,293,234,16,True,276.57,276.23,0.49,0.0247,0.34,0.0,0.675,250.71,251.0,0.49,-0.0218,-0.29,-1.0,-0.552,-22.63,-23.26,0.597,0.0481,0.63,1.56,0.749
2022-10-15,-21.458,39.27,43.46,41.8,14.74,277,250,16,False,False,Inter-Election,-598,293,234,16,True,276.57,276.3,0.521,0.0211,0.27,1.0,0.579,250.71,250.93,0.521,-0.0214,-0.22,-1.0,-0.422,-22.53,-23.15,0.641,0.0486,0.62,2.42,0.732
2022-10-16,-21.445,39.28,43.46,41.8,14.74,277,250,16,False,False,Inter-Election,-597,293,234,16,True,276.57,276.33,0.49,0.0236,0.24,1.0,0.501,250.71,250.9,0.49,-0.0269,-0.19,-1.0,-0.347,-22.42,-23.08,0.593,0.0573,0.66,2.42,0.734
2022-10-17,-21.793,39.1,43.45,41.81,14.74,277,250,16,False,False,Inter-Election,-596,293,234,16,True,276.57,276.37,0.49,0.0256,0.2,1.0,0.408,250.57,250.87,0.49,-0.032,-0.3,-1.0,-0.525,-22.3,-23.02,0.598,0.0625,0.72,1.33,0.778
2022-10-18,-22.026,38.99,43.44,41.82,14.74,277,250,16,False,False,Inter-Election,-595,293,234,16,True,276.71,276.4,0.49,0.0271,0.31,1.0,0.622,250.43,250.83,0.49,-0.0367,-0.4,-1.0,-0.676,-22.15,-22.97,0.6,0.065,0.82,0.81,0.876
2022-10-19,-22.312,38.84,43.43,41.83,14.75,277,251,15,False,False,Inter-Election,-594,293,234,16,True,276.71,276.43,0.49,0.0283,0.28,1.0,0.556,250.43,250.83,0.525,-0.0345,-0.4,0.0,-0.676,-22.12,-22.94,0.598,0.0681,0.82,0.6,0.87
2022-10-20,-22.337,38.83,43.43,41.83,14.75,277,251,15,False,False,Inter-Election,-593,293,234,16,True,276.86,276.47,0.49,0.0289,0.39,0.0,0.769,250.43,250.83,0.525,-0.0323,-0.4,1.0,-0.676,-22.03,-22.92,0.597,0.0722,0.89,-0.76,0.937
2022-10-21,-22.316,38.84,43.43,41.83,14.75,277,251,15,False,False,Inter-Election,-592,293,234,16,True,277.0,276.5,0.49,0.0291,0.5,0.0,0.983,250.43,250.83,0.525,-0.03,-0.4,1.0,-0.676,-21.96,-22.89,0.594,0.074,0.93,-0.61,0.975
2022-10-22,-22.073,38.96,43.44,41.82,14.74,277,250,16,False,False,Inter-Election,-591,293,234,16,True,277.0,276.5,0.455,0.0358,0.5,0.0,0.983,250.43,250.8,0.556,-0.0343,-0.37,0.0,-0.606,-22.04,-22.87,0.587,0.0808,0.83,0.08,0.86
2022-10-23,-22.047,38.98,43.44,41.82,14.74,277,250,16,False,False,Inter-Election,-590,293,234,16,True,277.0,276.5,0.455,0.0425,0.5,0.0,0.983,250.43,250.77,0.556,-0.038,-0.34,0.0,-0.543,-22.13,-22.86,0.587,0.0882,0.73,0.18,0.748
2022-10-24,-22.014,38.99,43.44,41.82,14.74,277,250,16,False,False,Inter-Election,-589,293,234,16,True,277.0,276.53,0.414,0.0423,0.47,0.0,0.926,250.43,250.73,0.556,-0.0414,-0.3,-1.0,-0.469,-22.16,-22.78,0.5,0.0844,0.62,0.62,0.65
2022-10-25,-21.878,39.06,43.44,41.82,14.74,277,250,16,False,False,Inter-Election,-588,293,234,16,True,277.0,276.57,0.414,0.0416,0.43,1.0,0.853,250.43,250.7,0.556,-0.0443,-0.27,-1.0,-0.415,-22.14,-22.71,0.5,0.0806,0.57,1.22,0.613
2022-10-26,-21.252,39.37,43.47,41.8,14.74,277,250,16,False,False,Inter-Election,-587,293,234,16,True,277.0,276.6,0.414,0.0405,0.4,0.0,0.803,250.29,250.67,0.556,-0.0467,-0.38,-1.0,-0.575,-21.99,-22.61,0.51,0.0801,0.62,1.23,0.67
2022-10-27,-21.298,39.35,43.46,41.8,14.74,277,250,16,False,False,Inter-Election,-586,293,234,16,True,277.0,276.63,0.414,0.0389,0.37,1.0,0.755,250.14,250.6,0.521,-0.0418,-0.46,-1.0,-0.74,-21.84,-22.5,0.5,0.0749,0.66,1.7,0.753
2022-10-28,-21.282,39.36,43.46,41.8,14.74,277,250,16,False,False,Inter-Election,-585,293,234,16,True,277.0,276.67,0.414,0.0369,0.33,1.0,0.688,250.0,250.57,0.49,-0.0429,-0.57,-1.0,-0.91,-21.69,-22.42,0.481,0.0741,0.73,1.55,0.838
2022-10-29,-21.437,39.28,43.46,41.8,14.74,277,250,16,False,False,Inter-Election,-584,293,234,16,True,277.0,276.7,0.414,0.0345,0.3,0.0,0.644,250.0,250.5,0.45,-0.0367,-0.5,0.0,-0.874,-21.6,-22.32,0.467,0.0674,0.72,0.02,0.887
2022-10-30,-21.368,39.32,43.46,41.8,14.74,277,250,16,False,False,Inter-Election,-583,293,234,16,True,277.0,276.73,0.414,0.0316,0.27,0.0,0.6,250.0,250.43,0.45,-0.0296,-0.43,0.0,-0.853,-21.5,-22.22,0.466,0.0593,0.72,0.08,0.987
2022-10-31,-21.163,39.42,43.47,41.8,14.73,277,250,16,False,False,Inter-Election,-582,293,234,16,True,277.0,276.77,0.414,0.0283,0.23,0.0,0.535,250.0,250.4,0.414,-0.0285,-0.4,0.0,-0.803,-21.38,-22.13,0.46,0.0547,0.75,0.63,1.096
2022-11-01,-21.333,39.33,43.46,41.8,14.74,277,250,16,False,False,Inter-Election,-581,293,234,16,True,277.0,276.8,0.414,0.0245,0.2,0.0,0.492,250.0,250.37,0.414,-0.0269,-0.37,0.0,-0.755,-21.3,-22.05,0.462,0.0479,0.75,0.69,1.218
2022-11-02,-21.501,39.25,43.46,41.81,14.74,277,250,16,False,False,Inter-Election,-580,293,234,16,True,277.0,276.83,0.414,0.0202,0.17,0.0,0.448,250.0,250.33,0.414,-0.0249,-0.33,-1.0,-0.688,-21.34,-21.99,0.447,0.044,0.65,0.81,1.104
2022-11-03,-21.036,39.48,43.47,41.79,14.73,277,250,16,False,False,Inter-Election,-579,293,234,16,True,277.0,276.87,0.414,0.0156,0.13,0.0,0.376,250.0,250.3,0.414,-0.0225,-0.3,-1.0,-0.644,-21.3,-21.93,0.452,0.0444,0.63,1.3,1.065
2022-11-04,-20.92,39.54,43.48,41.79,14.73,278,250,15,False,False,Inter-Election,-578,293,234,16,True,277.14,276.93,0.45,0.0169,0.21,1.0,0.575,250.0,250.27,0.414,-0.0196,-0.27,-1.0,-0.6,-21.25,-21.87,0.451,0.0442,0.62,1.4,1.051
2022-11-05,-20.463,39.77,43.49,41.78,14.73,278,250,15,False,False,Inter-Election,-577,293,234,16,True,277.29,276.97,0.414,0.0242,0.32,1.0,0.773,250.0,250.27,0.371,-0.0231,-0.27,0.0,-0.6,-21.11,-21.83,0.39,0.0553,0.72,1.61,1.122
2022-11-06,-20.511,39.74,43.49,41.78,14.73,278,250,15,False,False,Inter-Election,-576,293,234,16,True,277.43,277.0,0.414,0.0311,0.43,1.0,0.945,250.0,250.27,0.371,-0.0267,-0.27,0.0,-0.6,-20.99,-21.79,0.389,0.0646,0.8,1.54,1.168
2022-11-07,-20.235,39.88,43.5,41.77,14.73,278,249,16,False,False,Inter-Election,-575,293,234,16,True,277.57,277.03,0.414,0.0376,0.54,1.0,1.102,249.86,250.23,0.414,-0.0367,-0.37,-1.0,-0.734,-20.86,-21.73,0.38,0.0722,0.87,1.78,1.18
2022-11-08,-19.793,40.1,43.52,41.76,14.72,278,249,16,False,False,Inter-Election,-574,293,234,16,True,277.71,277.07,0.414,0.0436,0.64,1.0,1.229,249.71,250.2,0.414,-0.0463,-0.49,-1.0,-0.89,-20.64,-21.64,0.385,0.0811,1.0,2.09,1.234
2022-11-09,-20.031,39.98,43.51,41.77,14.72,278,249,16,False,False,Inter-Election,-573,293,234,16,True,277.86,277.1,0.414,0.0492,0.76,1.0,1.388,249.57,250.13,0.365,-0.0485,-0.56,-1.0,-0.98,-20.43,-21.56,0.379,0.0847,1.13,1.22,1.346
2022-11-10,-20.015,39.99,43.51,41.77,14.72,278,249,16,False,False,Inter-Election,-572,293,234,16,True,278.0,277.17,0.365,0.0474,0.83,1.0,1.564,249.43,250.07,0.365,-0.0498,-0.64,-1.0,-1.097,-20.28,-21.45,0.365,0.084,1.17,1.28,1.404
2022-11-11,-19.487,40.26,43.53,41.75,14.72,278,249,16,False,False,Inter-Election,-571,293,234,16,True,278.0,277.2,0.32,0.0516,0.8,1.0,1.452,249.29,250.0,0.365,-0.0503,-0.71,-1.0,-1.209,-20.08,-21.35,0.361,0.0896,1.27,1.8,1.437
2022-11-12,-19.812,40.09,43.52,41.76,14.72,278,249,16,False,False,Inter-Election,-570,293,234,16,True,278.0,277.27,0.254,0.0485,0.73,1.0,1.402,249.14,249.93,0.365,-0.0498,-0.79,-1.0,-1.354,-19.98,-21.25,0.352,0.0883,1.27,1.62,1.458
2022-11-13,-19.664,40.17,43.52,41.76,14.72,278,249,16,False,False,Inter-Election,-569,293,234,16,True,278.0,277.33,0.254,0.0445,0.67,1.0,1.397,249.0,249.87,0.365,-0.0485,-0.87,-1.0,-1.523,-19.86,-21.14,0.352,0.0876,1.28,1.7,1.48
2022-11-14,-19.185,40.41,43.54,41.74,14.72,278,249,16,False,False,Inter-Election,-568,293,234,16,True,278.0,277.37,0.183,0.0465,0.63,1.0,1.285,249.0,249.83,0.32,-0.0532,-0.83,-1.0,-1.402,-19.71,-21.07,0.269,0.0981,1.36,1.98,1.458
2022-11-15,-19.348,40.33,43.54,41.75,14.72,278,249,16,False,False,Inter-Election,-567,293,234,16,True,278.0,277.4,0.183,0.0481,0.6,1.0,1.204,249.0,249.8,0.32,-0.0574,-0.8,-1.0,-1.311,-19.65,-21.0,0.272,0.1066,1.35,1.98,1.376
2022-11-16,-19.268,40.37,43.54,41.75,14.72,278,249,16,False,False,Inter-Election,-566,293,234,16,True,278.0,277.43,0.183,0.0492,0.57,1.0,1.131,249.0,249.77,0.32,-0.0612,-0.77,-1.0,-1.23,-19.54,-20.91,0.26,0.1122,1.37,2.23,1.346
2022-11-17,-18.577,40.71,43.56,41.73,14.71,279,249,15,False,False,Inter-Election,-565,293,234,16,True,278.14,277.5,0.254,0.0563,0.64,2.0,1.118,249.0,249.73,0.32,-0.0645,-0.73,-1.0,-1.141,-19.33,-20.8,0.276,0.1196,1.47,2.46,1.36
2022-11-18,-18.422,40.79,43.57,41.72,14.71,279,249,15,False,False,Inter-Election,-564,293,234,16,True,278.29,277.57,0.254,0.0625,0.72,1.0,1.15,249.0,249.67,0.254,-0.0605,-0.67,-1.0,-1.105,-19.18,-20.67,0.265,0.1245,1.49,2.5,1.324
2022-11-19,-17.847,41.08,43.59,41.71,14.7,279,248,16,False,False,Inter-Election,-563,293,234,16,True,278.43,277.63,0.254,0.0679,0.8,1.0,1.196,248.86,249.57,0.305,-0.0621,-0.71,-2.0,-1.134,-18.9,-20.52,0.275,0.1312,1.62,2.62,1.358
2022-11-20,-17.898,41.05,43.59,41.71,14.7,279,248,16,False,False,Inter-Election,-562,293,234,16,True,278.57,277.7,0.254,0.0723,0.87,1.0,1.239,248.71,249.47,0.305,-0.0623,-0.76,-2.0,-1.209,-18.65,-20.37,0.277,0.1357,1.72,2.61,1.393
2022-11-21,-18.44,40.78,43.57,41.72,14.71,279,249,15,False,False,Inter-Election,-561,293,234,16,True,278.71,277.77,0.254,0.0759,0.94,1.0,1.291,248.71,249.43,0.32,-0.0616,-0.72,0.0,-1.15,-18.54,-20.25,0.303,0.1365,1.71,1.79,1.378
2022-11-22,-19.13,40.44,43.54,41.74,14.71,278,249,16,False,False,Inter-Election,-560,293,234,16,True,278.71,277.8,0.32,0.0721,0.91,0.0,1.274,248.71,249.4,0.32,-0.0605,-0.69,0.0,-1.11,-18.51,-20.15,0.337,0.1313,1.64,0.66,1.357
2022-11-23,-19.264,40.37,43.54,41.75,14.72,278,249,16,False,False,Inter-Election,-559,293,234,16,True,278.71,277.83,0.32,0.0679,0.88,0.0,1.259,248.71,249.37,0.32,-0.059,-0.66,0.0,-1.073,-18.51,-20.06,0.34,0.1242,1.55,0.77,1.329
2022-11-24,-19.195,40.4,43.54,41.74,14.72,278,249,16,False,False,Inter-Election,-558,293,234,16,True,278.57,277.87,0.32,0.0632,0.7,0.0,1.027,248.71,249.33,0.32,-0.057,-0.62,0.0,-1.022,-18.6,-19.97,0.34,0.1173,1.37,0.82,1.218
2022-11-25,-19.062,40.47,43.55,41.74,14.71,279,249,15,False,False,Inter-Election,-557,293,234,16,True,278.57,277.93,0.365,0.0645,0.64,1.0,0.926,248.71,249.3,0.32,-0.0545,-0.59,0.0,-0.99,-18.69,-19.9,0.324,0.1144,1.21,0.42,1.09
2022-11-26,-19.288,40.36,43.54,41.75,14.72,278,249,16,False,False,Inter-Election,-556,293,234,16,True,278.43,277.97,0.414,0.0585,0.46,0.0,0.688,248.86,249.27,0.32,-0.0516,-0.41,0.0,-0.703,-18.9,-19.83,0.328,0.1087,0.93,0.52,0.859
2022-11-27,-19.358,40.32,43.54,41.75,14.72,278,249,16,False,False,Inter-Election,-555,293,234,16,True,278.29,278.0,0.414,0.0521,0.29,0.0,0.451,249.0,249.23,0.32,-0.0483,-0.23,0.0,-0.405,-19.11,-19.77,0.329,0.1017,0.66,0.31,0.628
2022-11-28,-19.174,40.41,43.54,41.74,14.72,278,249,16,False,False,Inter-Election,-554,293,234,16,True,278.14,278.03,0.414,0.0452,0.11,0.0,0.179,249.0,249.2,0.32,-0.0445,-0.2,0.0,-0.363,-19.21,-19.69,0.327,0.094,0.48,0.01,0.477
2022-11-29,-19.036,40.48,43.55,41.74,14.71,279,249,15,False,False,Inter-Election,-553,293,234,16,True,278.29,278.1,0.45,0.0443,0.19,1.0,0.313,249.0,249.17,0.32,-0.0403,-0.17,0.0,-0.32,-19.2,-19.62,0.327,0.0867,0.42,0.31,0.437
2022-11-30,-18.871,40.56,43.55,41.73,14.71,279,249,15,False,False,Inter-Election,-552,293,234,16,True,278.43,278.17,0.45,0.0425,0.26,1.0,0.439,249.0,249.13,0.32,-0.0356,-0.13,0.0,-0.256,-19.14,-19.54,0.327,0.0809,0.4,0.4,0.432
2022-12-01,-19.018,40.49,43.55,41.74,14.71,279,249,15,False,False,Inter-Election,-551,293,234,16,True,278.57,278.23,0.45,0.0398,0.34,0.0,0.598,249.0,249.1,0.32,-0.0305,-0.1,0.0,-0.208,-19.12,-19.46,0.326,0.0718,0.34,-0.44,0.393
2022-12-02,-19.06,40.47,43.55,41.74,14.71,279,249,15,False,False,Inter-Election,-550,293,234,16,True,278.57,278.3,0.45,0.0363,0.27,0.0,0.505,249.0,249.07,0.32,-0.0249,-0.07,0.0,-0.156,-19.12,-19.38,0.324,0.0604,0.26,-0.64,0.335
2022-12-03,-19.01,40.49,43.55,41.74,14.71,279,249,15,False,False,Inter-Election,-549,293,234,16,True,278.71,278.37,0.45,0.0318,0.34,0.0,0.694,249.0,249.03,0.32,-0.0189,-0.03,1.0,-0.072,-19.08,-19.31,0.316,0.0513,0.23,-1.16,0.323
2022-12-04,-18.94,40.53,43.55,41.74,14.71,279,249,15,False,False,Inter-Election,-548,293,234,16,True,278.86,278.4,0.414,0.0334,0.46,0.0,0.923,249.0,249.0,0.32,-0.0125,0.0,1.0,0.0,-19.02,-19.25,0.316,0.0427,0.23,-1.04,0.355
2022-12-05,-19.031,40.48,43.55,41.74,14.71,279,249,15,False,False,Inter-Election,-547,293,234,16,True,279.0,278.43,0.414,0.0345,0.57,0.0,1.131,249.0,248.97,0.32,-0.0056,0.03,0.0,0.094,-19.0,-19.2,0.308,0.0357,0.2,-0.59,0.33
2022-12-06,-19.261,40.37,43.54,41.75,14.72,278,249,16,False,False,Inter-Election,-546,293,234,16,True,278.86,278.43,0.455,0.0287,0.43,0.0,0.853,249.0,248.93,0.32,0.0018,0.07,0.0,0.276,-19.03,-19.16,0.312,0.0262,0.13,-0.13,0.235
2022-12-07,-19.247,40.38,43.54,41.74,14.72,278,249,16,False,False,Inter-Election,-545,293,234,16,True,278.71,278.43,0.455,0.0229,0.28,0.0,0.556,249.0,248.93,0.263,0.0027,0.07,0.0,0.276,-19.08,-19.12,0.309,0.0182,0.04,0.02,0.078
2022-12-08,-19.24,40.38,43.54,41.74,14.72,278,249,16,False,False,Inter-Election,-544,293,234,16,True,278.57,278.43,0.455,0.0171,0.14,0.0,0.278,249.0,248.93,0.263,0.0036,0.07,0.0,0.276,-19.11,-19.11,0.299,0.0128,0.0,-0.04,0.0
2022-12-09,-19.155,40.42,43.54,41.74,14.71,278,249,16,False,False,Inter-Election,-543,293,234,16,True,278.43,278.43,0.455,0.0113,0.0,-1.0,0.0,249.0,248.93,0.263,0.0044,0.07,0.0,0.276,-19.13,-19.08,0.295,0.0062,-0.05,-0.09,-0.106
2022-12-10,-18.961,40.52,43.55,41.74,14.71,279,249,15,False,False,Inter-Election,-542,293,234,16,True,278.43,278.47,0.49,0.012,-0.04,1.0,-0.079,249.0,248.93,0.263,0.0053,0.07,0.0,0.276,-19.12,-19.04,0.297,0.0004,-0.08,0.33,-0.184
2022-12-11,-19.045,40.48,43.55,41.74,14.71,279,249,15,False,False,Inter-Election,-541,293,234,16,True,278.43,278.5,0.49,0.0122,-0.07,1.0,-0.138,249.0,248.93,0.263,0.0062,0.07,0.0,0.276,-19.13,-19.03,0.282,-0.0027,-0.1,0.31,-0.234
2022-12-12,-19.072,40.46,43.55,41.74,14.71,278,249,16,False,False,Inter-Election,-540,293,234,16,True,278.29,278.5,0.525,0.0056,-0.21,0.0,-0.413,249.0,248.93,0.263,0.0071,0.07,0.0,0.276,-19.14,-19.0,0.275,-0.0084,-0.14,0.1,-0.349
2022-12-13,-18.922,40.54,43.55,41.74,14.71,279,249,15,False,False,Inter-Election,-539,293,234,16,True,278.43,278.53,0.556,0.0053,-0.1,0.0,-0.197,249.0,248.93,0.263,0.008,0.07,0.0,0.276,-19.09,-18.98,0.275,-0.0124,-0.11,0.11,-0.289
2022-12-14,-18.204,40.9,43.58,41.72,14.71,279,248,16,False,False,Inter-Election,-538,293,234,16,True,278.57,278.57,0.556,0.0047,0.0,0.0,0.0,248.86,248.9,0.32,0.0024,-0.04,-1.0,-0.131,-18.94,-18.94,0.292,-0.0089,0.0,0.67,0.0
2022-12-15,-18.408,40.8,43.57,41.72,14.71,279,249,15,False,False,Inter-Election,-537,293,234,16,True,278.71,278.6,0.556,0.0036,0.11,0.0,0.221,248.86,248.9,0.371,0.0038,-0.04,0.0,-0.131,-18.82,-18.91,0.293,-0.0082,0.09,0.61,0.221
2022-12-16,-18.065,40.97,43.58,41.71,14.7,279,248,16,False,False,Inter-Election,-536,293,234,16,True,278.86,278.63,0.556,0.002,0.23,0.0,0.469,248.71,248.87,0.414,-0.0013,-0.16,-1.0,-0.463,-18.67,-18.87,0.298,-0.0051,0.2,0.99,0.465
2022-12-17,-17.497,41.25,43.6,41.7,14.7,279,248,16,False,False,Inter-Election,-535,293,234,16,True,278.86,278.63,0.525,0.0069,0.23,0.0,0.469,248.57,248.83,0.414,-0.006,-0.26,-1.0,-0.686,-18.46,-18.84,0.289,0.0058,0.38,1.51,0.766
2022-12-18,-17.425,41.29,43.61,41.7,14.7,279,248,16,False,False,Inter-Election,-534,293,234,16,True,278.86,278.63,0.525,0.0118,0.23,0.0,0.469,248.43,248.8,0.414,-0.0102,-0.37,-1.0,-0.909,-18.23,-18.8,0.289,0.0178,0.57,1.52,1.027
2022-12-19,-17.216,41.39,43.61,41.69,14.7,279,248,16,False,False,Inter-Election,-533,293,234,16,True,279.0,278.63,0.525,0.0167,0.37,0.0,0.755,248.29,248.8,0.371,-0.0209,-0.51,-1.0,-1.254,-17.96,-18.78,0.272,0.0346,0.82,1.81,1.362
2022-12-20,-17.956,41.02,43.59,41.71,14.7,279,248,16,False,False,Inter-Election,-532,293,234,16,True,279.0,278.63,0.525,0.0216,0.37,1.0,0.755,248.14,248.8,0.371,-0.0316,-0.66,-1.0,-1.622,-17.82,-18.79,0.306,0.046,0.97,1.3,1.618
2022-12-21,-17.946,41.03,43.59,41.71,14.7,279,248,16,False,False,Inter-Election,-531,293,234,16,True,279.0,278.63,0.525,0.0265,0.37,1.0,0.755,248.14,248.77,0.32,-0.0354,-0.63,-1.0,-1.464,-17.79,-18.77,0.288,0.0538,0.98,1.3,1.591
2022-12-22,-17.709,41.15,43.6,41.7,14.7,279,248,16,False,False,Inter-Election,-530,293,234,16,True,279.0,278.67,0.49,0.0245,0.33,1.0,0.688,248.0,248.73,0.32,-0.0387,-0.73,-1.0,-1.623,-17.69,-18.72,0.258,0.0582,1.03,1.53,1.606
2022-12-23,-18.095,40.95,43.58,41.71,14.7,279,248,16,False,False,Inter-Election,-529,293,234,16,True,279.0,278.7,0.49,0.022,0.3,1.0,0.644,248.0,248.7,0.32,-0.0416,-0.7,-1.0,-1.502,-17.69,-18.68,0.268,0.0585,0.99,1.06,1.541
2022-12-24,-17.816,41.09,43.59,41.71,14.7,279,248,16,False,False,Inter-Election,-528,293,234,16,True,279.0,278.73,0.49,0.0191,0.27,0.0,0.6,248.0,248.67,0.32,-0.044,-0.67,-1.0,-1.397,-17.74,-18.64,0.271,0.0605,0.9,1.14,1.377
2022-12-25,-17.751,41.12,43.59,41.7,14.7,279,248,16,False,False,Inter-Election,-527,293,234,16,True,279.0,278.73,0.455,0.0227,0.27,0.0,0.6,248.0,248.63,0.32,-0.0461,-0.63,-1.0,-1.285,-17.78,-18.59,0.271,0.0633,0.81,1.29,1.212
2022-12-26,-17.897,41.05,43.59,41.71,14.7,279,248,16,False,False,Inter-Election,-526,293,234,16,True,279.0,278.77,0.414,0.0194,0.23,1.0,0.535,248.0,248.6,0.32,-0.0476,-0.6,-1.0,-1.204,-17.88,-18.55,0.268,0.063,0.67,1.18,1.005
2022-12-27,-18.364,40.82,43.57,41.72,14.71,279,249,15,False,False,Inter-Election,-525,293,234,16,True,279.0,278.8,0.414,0.0156,0.2,0.0,0.492,248.14,248.6,0.371,-0.0423,-0.46,0.0,-0.923,-17.94,-18.51,0.284,0.0586,0.57,0.56,0.878
2022-12-28,-18.24,40.88,43.58,41.72,14.71,279,248,16,False,False,Inter-Election,-524,293,234,16,True,279.0,278.83,0.414,0.0113,0.17,0.0,0.448,248.14,248.57,0.414,-0.0434,-0.43,0.0,-0.853,-17.98,-18.48,0.283,0.0558,0.5,-0.04,0.783
2022-12-29,-17.805,41.1,43.59,41.71,14.7,279,248,16,False,False,Inter-Election,-523,293,234,16,True,279.0,278.83,0.371,0.0136,0.17,0.0,0.448,248.14,248.53,0.414,-0.044,-0.39,-1.0,-0.769,-18.0,-18.44,0.292,0.0563,0.44,0.6,0.686
2022-12-30,-18.276,40.86,43.57,41.72,14.71,279,248,16,False,False,Inter-Election,-522,293,234,16,True,279.0,278.83,0.371,0.0158,0.17,0.0,0.448,248.14,248.5,0.414,-0.0443,-0.36,0.0,-0.708,-18.02,-18.42,0.305,0.0544,0.4,-0.21,0.628
2022-12-31,-18.197,40.9,43.58,41.72,14.71,279,248,16,False,False,Inter-Election,-521,293,234,16,True,279.0,278.83,0.371,0.018,0.17,0.0,0.448,248.14,248.47,0.414,-0.044,-0.33,0.0,-0.65,-18.08,-18.39,0.304,0.0517,0.31,-0.7,0.494
2023-01-01,-18.261,40.87,43.58,41.72,14.71,279,248,16,False,False,Inter-Election,-520,293,234,16,True,279.0,278.83,0.371,0.0202,0.17,0.0,0.448,248.14,248.43,0.414,-0.0434,-0.29,0.0,-0.575,-18.15,-18.37,0.304,0.048,0.22,-0.84,0.357
2023-01-02,-18.226,40.89,43.58,41.72,14.71,279,248,16,False,False,Inter-Election,-519,293,234,16,True,279.0,278.83,0.371,0.0225,0.17,0.0,0.448,248.14,248.4,0.414,-0.0423,-0.26,0.0,-0.522,-18.2,-18.34,0.304,0.0445,0.14,-1.01,0.232
2023-01-03,-18.662,40.67,43.56,41.73,14.71,279,249,15,False,False,Inter-Election,-518,293,234,16,True,279.0,278.83,0.371,0.0247,0.17,0.0,0.448,248.14,248.4,0.455,-0.0343,-0.26,1.0,-0.522,-18.24,-18.33,0.315,0.0383,0.09,-0.71,0.151
2023-01-04,-18.562,40.72,43.56,41.73,14.71,279,249,15,False,False,Inter-Election,-517,293,234,16,True,279.0,278.83,0.371,0.0269,0.17,0.0,0.448,248.29,248.4,0.455,-0.0263,-0.11,1.0,-0.221,-18.28,-18.32,0.315,0.032,0.04,-0.62,0.069
2023-01-05,-17.952,41.02,43.59,41.71,14.7,279,248,16,False,False,Inter-Election,-516,293,234,16,True,279.0,278.87,0.32,0.0222,0.13,0.0,0.376,248.29,248.37,0.49,-0.0247,-0.08,0.0,-0.163,-18.31,-18.27,0.33,0.0278,-0.04,-0.24,-0.072
2023-01-06,-18.021,40.99,43.58,41.71,14.7,279,248,16,False,False,Inter-Election,-515,293,234,16,True,279.0,278.9,0.32,0.0171,0.1,0.0,0.328,248.29,248.33,0.49,-0.0227,-0.04,0.0,-0.083,-18.27,-18.23,0.33,0.0227,-0.04,0.07,-0.076
2023-01-07,-18.09,40.95,43.58,41.71,14.7,279,248,16,False,False,Inter-Election,-514,293,234,16,True,279.0,278.93,0.32,0.0116,0.07,0.0,0.276,248.29,248.3,0.49,-0.0202,-0.01,0.0,-0.021,-18.25,-18.19,0.331,0.0167,-0.06,-0.27,-0.122
2023-01-08,-18.488,40.76,43.57,41.72,14.71,279,249,15,False,False,Inter-Election,-513,293,234,16,True,279.0,278.97,0.32,0.0056,0.03,0.0,0.164,248.43,248.3,0.525,-0.0109,0.13,1.0,0.279,-18.29,-18.17,0.34,0.0081,-0.12,-0.74,-0.259
2023-01-09,-18.85,40.57,43.55,41.73,14.71,279,249,15,False,False,Inter-Election,-512,293,234,16,True,279.0,278.97,0.263,0.006,0.03,0.0,0.164,248.57,248.3,0.525,-0.0016,0.27,1.0,0.579,-18.38,-18.17,0.345,-0.0017,-0.21,-0.95,-0.46
2023-01-10,-18.354,40.82,43.57,41.72,14.71,279,249,15,False,False,Inter-Election,-511,293,234,16,True,279.0,278.97,0.263,0.0065,0.03,0.0,0.164,248.57,248.3,0.525,0.0078,0.27,0.0,0.579,-18.33,-18.14,0.356,-0.009,-0.19,0.01,-0.444
2023-01-11,-18.452,40.77,43.57,41.72,14.71,279,249,15,False,False,Inter-Election,-510,293,234,16,True,279.0,279.0,0.183,-0.0,0.0,0.0,,248.57,248.3,0.525,0.0171,0.27,1.0,0.579,-18.32,-18.12,0.357,-0.0173,-0.2,-0.21,-0.506
2023-01-12,-18.506,40.75,43.57,41.72,14.71,279,249,15,False,False,Inter-Election,-509,293,234,16,True,279.0,279.0,0.0,-0.0,0.0,0.0,,248.71,248.3,0.525,0.0265,0.41,1.0,0.88,-18.39,-18.11,0.356,-0.0253,-0.28,-0.7,-0.751
2023-01-13,-17.959,41.02,43.59,41.71,14.7,279,248,16,False,False,Inter-Election,-508,293,234,16,True,279.0,279.0,0.0,-0.0,0.0,0.0,,248.71,248.3,0.525,0.0225,0.41,0.0,0.88,-18.39,-18.1,0.346,-0.025,-0.29,0.32,-0.777
2023-01-14,-18.14,40.93,43.58,41.71,14.71,279,248,16,False,False,Inter-Election,-507,293,234,16,True,279.0,279.0,0.0,-0.0,0.0,0.0,,248.71,248.27,0.49,0.0254,0.44,0.0,0.978,-18.39,-18.09,0.345,-0.0274,-0.3,0.06,-0.813
2023-01-15,-18.085,40.96,43.58,41.71,14.7,279,248,16,False,False,Inter-Election,-506,293,234,16,True,279.0,279.0,0.0,-0.0,0.0,0.0,,248.57,248.27,0.455,0.0218,0.3,0.0,0.667,-18.34,-18.09,0.34,-0.0271,-0.25,0.18,-0.678
2023-01-16,-17.018,41.49,43.62,41.68,14.69,280,248,15,False,False,Inter-Election,-505,293,234,16,True,279.14,279.03,0.183,0.0065,0.11,1.0,0.602,248.43,248.27,0.455,0.0182,0.16,0.0,0.356,-18.07,-18.08,0.379,-0.0161,0.01,1.21,0.025
2023-01-17,-16.885,41.56,43.63,41.68,14.69,280,248,15,False,False,Inter-Election,-504,293,234,16,True,279.29,279.07,0.183,0.0125,0.22,1.0,0.867,248.29,248.27,0.455,0.0147,0.02,-1.0,0.044,-17.86,-18.06,0.379,-0.0039,0.2,1.78,0.45
2023-01-18,-17.735,41.13,43.59,41.7,14.7,279,248,16,False,False,Inter-Election,-503,293,234,16,True,279.29,279.07,0.263,0.0116,0.22,0.0,0.867,248.14,248.27,0.455,0.0111,-0.13,-1.0,-0.289,-17.76,-18.08,0.409,0.004,0.32,0.83,0.762
2023-01-19,-18.646,40.68,43.56,41.73,14.71,279,249,15,False,False,Inter-Election,-502,293,234,16,True,279.29,279.07,0.263,0.0107,0.22,0.0,0.867,248.14,248.3,0.49,0.014,-0.16,1.0,-0.343,-17.78,-18.1,0.42,0.0012,0.32,-0.69,0.741
2023-01-20,-18.534,40.73,43.57,41.73,14.71,279,249,15,False,False,Inter-Election,-501,293,234,16,True,279.29,279.07,0.263,0.0098,0.22,0.0,0.867,248.29,248.33,0.49,0.0165,-0.04,1.0,-0.083,-17.86,-18.12,0.421,-0.0006,0.26,-0.51,0.594
2023-01-21,-19.171,40.41,43.54,41.74,14.72,278,249,16,False,False,Inter-Election,-500,293,234,16,True,279.14,279.03,0.32,0.0024,0.11,-1.0,0.344,248.43,248.37,0.49,0.0185,0.06,1.0,0.122,-18.01,-18.17,0.433,-0.0045,0.16,-1.08,0.34
2023-01-22,-19.157,40.42,43.54,41.74,14.72,278,249,16,False,False,Inter-Election,-499,293,234,16,True,279.0,279.0,0.32,-0.0044,0.0,-1.0,0.0,248.57,248.4,0.49,0.02,0.17,0.0,0.341,-18.16,-18.2,0.428,-0.0104,0.04,-0.67,0.079
2023-01-23,-19.102,40.45,43.54,41.74,14.71,278,249,16,False,False,Inter-Election,-498,293,234,16,True,278.71,278.97,0.32,-0.0109,-0.26,-1.0,-0.628,248.71,248.43,0.49,0.0211,0.28,0.0,0.556,-18.46,-18.25,0.424,-0.0135,-0.21,-0.25,-0.401
2023-01-24,-19.307,40.35,43.54,41.75,14.72,278,249,16,False,False,Inter-Election,-497,293,234,16,True,278.43,278.93,0.32,-0.0169,-0.5,-1.0,-1.112,248.86,248.47,0.49,0.0218,0.39,0.0,0.769,-18.81,-18.3,0.425,-0.0169,-0.51,-0.95,-0.928
2023-01-25,-19.352,40.32,43.54,41.75,14.72,278,249,16,False,False,Inter-Election,-496,293,234,16,True,278.29,278.9,0.32,-0.0225,-0.61,-1.0,-1.269,249.0,248.5,0.49,0.022,0.5,0.0,0.983,-19.04,-18.35,0.424,-0.021,-0.69,-0.9,-1.197
2023-01-26,-19.336,40.33,43.54,41.75,14.72,278,249,16,False,False,Inter-Election,-495,293,234,16,True,278.14,278.87,0.32,-0.0276,-0.73,-1.0,-1.439,249.0,248.5,0.455,0.0287,0.5,0.0,0.983,-19.14,-18.38,0.417,-0.0275,-0.76,-0.83,-1.258
2023-01-27,-18.169,40.92,43.58,41.72,14.71,279,248,16,False,False,Inter-Election,-494,293,234,16,True,278.14,278.87,0.371,-0.0258,-0.73,0.0,-1.439,248.86,248.5,0.455,0.022,0.36,0.0,0.708,-19.08,-18.38,0.471,-0.0252,-0.7,-0.21,-1.157
2023-01-28,-17.657,41.17,43.6,41.7,14.7,279,248,16,False,False,Inter-Election,-493,293,234,16,True,278.29,278.87,0.371,-0.024,-0.58,0.0,-1.143,248.71,248.5,0.455,0.0154,0.21,0.0,0.413,-18.87,-18.37,0.473,-0.0166,-0.5,0.48,-0.819
2023-01-29,-17.761,41.12,43.59,41.7,14.7,279,248,16,False,False,Inter-Election,-492,293,234,16,True,278.43,278.87,0.371,-0.0222,-0.44,0.0,-0.867,248.57,248.5,0.455,0.0087,0.07,0.0,0.138,-18.67,-18.35,0.465,-0.012,-0.32,0.32,-0.516
2023-01-30,-18.309,40.85,43.57,41.72,14.71,279,248,16,False,False,Inter-Election,-491,293,234,16,True,278.57,278.87,0.371,-0.0205,-0.3,-1.0,-0.591,248.43,248.5,0.455,0.002,-0.07,0.0,-0.138,-18.56,-18.36,0.476,-0.0106,-0.2,-1.29,-0.323
2023-01-31,-18.598,40.7,43.56,41.73,14.71,279,249,15,False,False,Inter-Election,-490,293,234,16,True,278.71,278.87,0.371,-0.0187,-0.16,-1.0,-0.315,248.43,248.53,0.49,0.0018,-0.1,1.0,-0.197,-18.45,-18.37,0.479,-0.0115,-0.08,-1.71,-0.129
2023-02-01,-18.135,40.93,43.58,41.71,14.71,279,248,16,False,False,Inter-Election,-489,293,234,16,True,278.86,278.87,0.371,-0.0169,-0.01,0.0,-0.02,248.29,248.53,0.525,-0.0053,-0.24,0.0,-0.473,-18.28,-18.37,0.487,-0.009,0.09,-0.4,0.145
2023-02-02,-18.271,40.86,43.57,41.72,14.71,279,248,16,False,False,Inter-Election,-488,293,234,16,True,279.0,278.87,0.371,-0.0151,0.13,0.0,0.256,248.14,248.5,0.49,-0.0056,-0.36,-1.0,-0.708,-18.13,-18.35,0.48,-0.0104,0.22,0.38,0.355
2023-02-03,-18.432,40.78,43.57,41.72,14.71,279,249,15,False,False,Inter-Election,-487,293,234,16,True,279.0,278.87,0.371,-0.0133,0.13,0.0,0.256,248.29,248.5,0.525,0.0011,-0.21,0.0,-0.413,-18.17,-18.35,0.481,-0.0123,0.18,0.1,0.291
2023-02-04,-18.278,40.86,43.57,41.72,14.71,279,248,16,False,False,Inter-Election,-486,293,234,16,True,279.0,278.87,0.371,-0.0116,0.13,1.0,0.256,248.29,248.5,0.525,-0.0056,-0.21,-1.0,-0.413,-18.25,-18.36,0.468,-0.0092,0.11,0.89,0.179
2023-02-05,-18.323,40.84,43.57,41.72,14.71,279,249,15,False,False,Inter-Election,-485,293,234,16,True,279.0,278.87,0.371,-0.0098,0.13,1.0,0.256,248.43,248.53,0.556,-0.0058,-0.1,0.0,-0.197,-18.34,-18.37,0.468,-0.0066,0.03,0.83,0.049
2023-02-06,-17.958,41.02,43.59,41.71,14.7,279,248,16,False,False,Inter-Election,-484,293,234,16,True,279.0,278.87,0.371,-0.008,0.13,1.0,0.256,248.43,248.53,0.587,-0.0129,-0.1,-1.0,-0.197,-18.28,-18.37,0.473,-0.002,0.09,1.14,0.147
2023-02-07,-18.553,40.72,43.56,41.73,14.71,279,249,15,False,False,Inter-Election,-483,293,234,16,True,279.0,278.87,0.371,-0.0062,0.13,1.0,0.256,248.43,248.53,0.587,-0.0067,-0.1,0.0,-0.197,-18.28,-18.37,0.48,-0.004,0.09,0.75,0.147
2023-02-08,-18.183,40.91,43.58,41.72,14.71,279,248,16,False,False,Inter-Election,-482,293,234,16,True,279.0,278.87,0.371,-0.0044,0.13,1.0,0.256,248.43,248.5,0.615,-0.0069,-0.07,-1.0,-0.138,-18.29,-18.35,0.48,-0.0062,0.06,1.17,0.099
2023-02-09,-18.399,40.8,43.57,41.72,14.71,279,249,15,False,False,Inter-Election,-481,293,234,16,True,279.0,278.87,0.371,-0.0027,0.13,1.0,0.256,248.57,248.5,0.643,-0.0002,0.07,0.0,0.138,-18.3,-18.35,0.473,-0.0066,0.05,0.94,0.082
2023-02-10,-18.479,40.76,43.57,41.72,14.71,279,249,15,False,False,Inter-Election,-480,293,234,16,True,279.0,278.87,0.371,-0.0009,0.13,0.0,0.256,248.57,248.5,0.643,0.0065,0.07,1.0,0.138,-18.31,-18.35,0.473,-0.0082,0.04,-0.31,0.066
2023-02-11,-18.602,40.7,43.56,41.73,14.71,279,249,15,False,False,Inter-Election,-479,293,234,16,True,279.0,278.87,0.371,0.0009,0.13,0.0,0.256,248.71,248.5,0.643,0.0131,0.21,1.0,0.413,-18.36,-18.35,0.474,-0.0109,-0.01,-0.95,-0.016
2023-02-12,-18.413,40.79,43.57,41.72,14.71,279,249,15,False,False,Inter-Election,-478,293,234,16,True,279.0,278.87,0.371,0.0027,0.13,0.0,0.256,248.71,248.53,0.615,0.0129,0.18,1.0,0.355,-18.37,-18.37,0.464,-0.0086,0.0,-0.65,0.0
2023-02-13,-18.405,40.8,43.57,41.72,14.71,279,249,15,False,False,Inter-Election,-477,293,234,16,True,279.0,278.87,0.371,0.0044,0.13,0.0,0.256,248.86,248.57,0.615,0.0122,0.29,1.0,0.575,-18.43,-18.38,0.463,-0.0073,-0.05,-0.1,-0.083
2023-02-14,-18.358,40.82,43.57,41.72,14.71,279,249,15,False,False,Inter-Election,-476,293,234,16,True,279.0,278.87,0.371,0.0062,0.13,0.0,0.256,248.86,248.6,0.615,0.0111,0.26,0.0,0.522,-18.41,-18.38,0.463,-0.0052,-0.03,0.24,-0.05
2023-02-15,-18.21,40.89,43.58,41.72,14.71,279,248,16,False,False,Inter-Election,-475,293,234,16,True,279.0,278.83,0.32,0.0149,0.17,0.0,0.369,248.86,248.6,0.643,0.0031,0.26,0.0,0.522,-18.41,-18.42,0.417,0.0054,0.01,-0.07,0.018
2023-02-16,-18.406,40.8,43.57,41.72,14.71,279,249,15,False,False,Inter-Election,-474,293,234,16,True,279.0,278.8,0.32,0.024,0.2,0.0,0.492,248.86,248.63,0.669,0.0016,0.23,1.0,0.469,-18.41,-18.47,0.417,0.0161,0.06,-0.13,0.13
2023-02-17,-18.238,40.88,43.58,41.72,14.71,279,248,16,False,False,Inter-Election,-473,293,234,16,True,279.0,278.8,0.263,0.0267,0.2,0.0,0.492,248.71,248.63,0.695,-0.0069,0.08,-1.0,0.163,-18.38,-18.49,0.39,0.0227,0.11,0.19,0.249
2023-02-18,-18.346,40.83,43.57,41.72,14.71,279,249,15,False,False,Inter-Election,-472,293,234,16,True,279.0,278.8,0.263,0.0294,0.2,0.0,0.492,248.71,248.63,0.695,-0.002,0.08,1.0,0.163,-18.34,-18.48,0.352,0.0226,0.14,-0.07,0.318
2023-02-19,-18.476,40.76,43.57,41.72,14.71,279,249,15,False,False,Inter-Election,-471,293,234,16,True,279.0,278.8,0.263,0.032,0.2,0.0,0.492,248.71,248.63,0.695,0.0029,0.08,0.0,0.163,-18.35,-18.48,0.353,0.0223,0.13,-0.15,0.295
2023-02-20,-18.282,40.86,43.57,41.72,14.71,279,248,16,False,False,Inter-Election,-470,293,234,16,True,279.0,278.83,0.183,0.0278,0.17,0.0,0.448,248.57,248.6,0.718,0.0013,-0.03,0.0,-0.06,-18.33,-18.45,0.333,0.0188,0.12,-0.32,0.284
2023-02-21,-18.186,40.91,43.58,41.72,14.71,279,248,16,False,False,Inter-Election,-469,293,234,16,True,279.0,278.87,0.183,0.0231,0.13,0.0,0.376,248.43,248.57,0.718,0.0002,-0.14,-1.0,-0.278,-18.31,-18.42,0.333,0.0156,0.11,0.37,0.273
2023-02-22,-18.22,40.89,43.58,41.72,14.71,279,248,16,False,False,Inter-Election,-468,293,234,16,True,279.0,278.9,0.183,0.018,0.1,0.0,0.328,248.43,248.53,0.718,-0.0004,-0.1,0.0,-0.197,-18.31,-18.39,0.333,0.0122,0.08,-0.04,0.209
2023-02-23,-18.214,40.89,43.58,41.72,14.71,279,248,16,False,False,Inter-Election,-467,293,234,16,True,279.0,278.93,0.183,0.0125,0.07,0.0,0.276,248.29,248.5,0.718,-0.0007,-0.21,-1.0,-0.413,-18.28,-18.35,0.33,0.007,0.07,0.19,0.205
2023-02-24,-18.01,40.99,43.58,41.71,14.7,279,248,16,False,False,Inter-Election,-466,293,234,16,True,279.0,278.97,0.183,0.0065,0.03,0.0,0.164,248.29,248.47,0.718,-0.0004,-0.18,-1.0,-0.355,-18.25,-18.31,0.331,0.0023,0.06,0.47,0.206
2023-02-25,-17.673,41.16,43.6,41.7,14.7,279,248,16,False,False,Inter-Election,-465,293,234,16,True,279.0,279.0,0.183,-0.0,0.0,0.0,,248.14,248.43,0.718,0.0002,-0.29,-1.0,-0.575,-18.15,-18.25,0.335,-0.0007,0.1,0.93,0.413
2023-02-26,-17.464,41.27,43.6,41.7,14.7,279,248,16,False,False,Inter-Election,-464,293,234,16,True,279.0,279.0,0.0,-0.0,0.0,0.0,,248.0,248.43,0.695,-0.0056,-0.43,-1.0,-0.853,-18.01,-18.23,0.264,0.0049,0.22,0.95,0.782
2023-02-27,-17.551,41.22,43.6,41.7,14.7,279,248,16,False,False,Inter-Election,-463,293,234,16,True,279.0,279.0,0.0,-0.0,0.0,0.0,,248.0,248.43,0.695,-0.0113,-0.43,-1.0,-0.853,-17.9,-18.22,0.248,0.0132,0.32,0.85,1.105
2023-02-28,-17.674,41.16,43.6,41.7,14.7,279,248,16,False,False,Inter-Election,-462,293,234,16,True,279.0,279.0,0.0,-0.0,0.0,0.0,,248.0,248.43,0.695,-0.0171,-0.43,-1.0,-0.853,-17.83,-18.22,0.248,0.02,0.39,0.68,1.324
2023-03-01,-17.553,41.22,43.6,41.7,14.7,279,248,16,False,False,Inter-Election,-461,293,234,16,True,279.0,279.0,0.0,-0.0,0.0,0.0,,248.0,248.43,0.695,-0.0229,-0.43,0.0,-0.853,-17.73,-18.2,0.226,0.0237,0.47,0.66,1.477
2023-03-02,-17.902,41.05,43.59,41.71,14.7,279,248,16,False,False,Inter-Election,-460,293,234,16,True,279.0,279.0,0.0,-0.0,0.0,0.0,,248.0,248.4,0.669,-0.0218,-0.4,-1.0,-0.803,-17.69,-18.17,0.229,0.0228,0.48,0.5,1.532
2023-03-03,-17.554,41.22,43.6,41.7,14.7,279,248,16,False,False,Inter-Election,-459,293,234,16,True,279.0,279.0,0.0,-0.0,0.0,0.0,,248.0,248.4,0.643,-0.0271,-0.4,0.0,-0.803,-17.62,-18.15,0.222,0.0271,0.53,0.68,1.591
2023-03-04,-17.46,41.27,43.6,41.7,14.7,279,248,16,False,False,Inter-Election,-458,293,234,16,True,279.0,279.0,0.0,-0.0,0.0,0.0,,248.0,248.4,0.643,-0.0325,-0.4,-1.0,-0.803,-17.59,-18.13,0.221,0.0307,0.54,0.89,1.519
2023-03-05,-17.324,41.34,43.61,41.69,14.7,279,248,16,False,False,Inter-Election,-457,293,234,16,True,279.0,279.0,0.0,-0.0,0.0,0.0,,248.0,248.37,0.615,-0.0309,-0.37,-1.0,-0.755,-17.57,-18.09,0.219,0.0338,0.52,1.15,1.371
2023-03-06,-17.47,41.27,43.6,41.7,14.7,279,248,16,False,False,Inter-Election,-456,293,234,16,True,279.0,279.0,0.0,-0.0,0.0,0.0,,248.0,248.37,0.587,-0.0358,-0.37,0.0,-0.755,-17.56,-18.06,0.22,0.0365,0.5,0.81,1.269
2023-03-07,-17.385,41.31,43.61,41.69,14.7,279,248,16,False,False,Inter-Election,-455,293,234,16,True,279.0,279.0,0.0,-0.0,0.0,0.0,,248.0,248.33,0.556,-0.0338,-0.33,0.0,-0.688,-17.52,-18.03,0.22,0.0391,0.51,0.8,1.245
2023-03-08,-17.673,41.16,43.6,41.7,14.7,279,248,16,False,False,Inter-Election,-454,293,234,16,True,279.0,279.0,0.0,-0.0,0.0,0.0,,248.0,248.33,0.525,-0.0383,-0.33,0.0,-0.688,-17.54,-18.02,0.218,0.0419,0.48,0.55,1.158
2023-03-09,-17.272,41.36,43.61,41.69,14.7,279,248,16,False,False,Inter-Election,-453,293,234,16,True,279.0,279.0,0.0,-0.0,0.0,0.0,,248.0,248.3,0.49,-0.0358,-0.3,0.0,-0.644,-17.45,-17.98,0.198,0.0431,0.53,0.94,1.25
2023-03-10,-17.061,41.47,43.62,41.69,14.69,280,248,15,False,False,Inter-Election,-452,293,234,16,True,279.14,279.03,0.183,0.0065,0.11,1.0,0.602,248.0,248.3,0.455,-0.0398,-0.3,0.0,-0.644,-17.38,-17.94,0.191,0.0476,0.56,0.95,1.234
2023-03-11,-16.954,41.52,43.62,41.68,14.69,280,248,15,False,False,Inter-Election,-451,293,234,16,True,279.29,279.07,0.183,0.0125,0.22,1.0,0.867,248.0,248.27,0.414,-0.0369,-0.27,0.0,-0.6,-17.31,-17.89,0.185,0.0508,0.58,0.72,1.21
2023-03-12,-16.876,41.56,43.63,41.68,14.69,280,248,15,False,False,Inter-Election,-450,293,234,16,True,279.43,279.1,0.183,0.018,0.33,1.0,1.082,248.0,248.23,0.414,-0.0336,-0.23,0.0,-0.535,-17.24,-17.84,0.183,0.0534,0.6,0.59,1.198
2023-03-13,-17.193,41.4,43.61,41.69,14.7,280,248,15,False,False,Inter-Election,-449,293,234,16,True,279.57,279.13,0.183,0.0231,0.44,1.0,1.273,248.0,248.2,0.414,-0.0298,-0.2,0.0,-0.492,-17.2,-17.79,0.193,0.0523,0.59,0.36,1.197
2023-03-14,-17.741,41.13,43.59,41.7,14.7,279,248,16,False,False,Inter-Election,-448,293,234,16,True,279.57,279.13,0.263,0.0214,0.44,0.0,1.273,248.0,248.17,0.414,-0.0256,-0.17,0.0,-0.448,-17.25,-17.77,0.219,0.0483,0.52,-0.07,1.086
2023-03-15,-18.397,40.8,43.57,41.72,14.71,279,249,15,False,False,Inter-Election,-447,293,234,16,True,279.57,279.13,0.263,0.0196,0.44,0.0,1.273,248.14,248.17,0.455,-0.0145,-0.03,1.0,-0.079,-17.36,-17.77,0.252,0.0399,0.41,-0.84,0.857
2023-03-16,-19.102,40.45,43.54,41.74,14.71,278,249,16,False,False,Inter-Election,-446,293,234,16,True,279.43,279.1,0.32,0.0113,0.33,-1.0,0.82,248.29,248.17,0.455,-0.0033,0.12,1.0,0.317,-17.62,-17.8,0.283,0.0273,0.18,-1.2,0.342
2023-03-17,-18.869,40.57,43.55,41.73,14.71,279,249,15,False,False,Inter-Election,-445,293,234,16,True,279.29,279.1,0.371,0.01,0.19,0.0,0.472,248.43,248.2,0.414,0.0009,0.23,1.0,0.565,-17.88,-17.82,0.285,0.0175,-0.06,-1.32,-0.108
2023-03-18,-18.524,40.74,43.57,41.73,14.71,279,249,15,False,False,Inter-Election,-444,293,234,16,True,279.14,279.1,0.371,0.0087,0.04,0.0,0.099,248.57,248.2,0.371,0.0116,0.37,1.0,0.909,-18.1,-17.82,0.29,0.0089,-0.28,-1.06,-0.498
2023-03-19,-18.478,40.76,43.57,41.72,14.71,279,249,15,False,False,Inter-Election,-443,293,234,16,True,279.0,279.1,0.371,0.0073,-0.1,0.0,-0.248,248.71,248.23,0.32,0.0154,0.48,1.0,1.116,-18.33,-17.83,0.289,0.0018,-0.5,-1.15,-0.877
2023-03-20,-19.073,40.46,43.55,41.74,14.71,278,249,16,False,False,Inter-Election,-442,293,234,16,True,278.71,279.07,0.414,-0.0004,-0.36,-1.0,-0.8,248.86,248.23,0.263,0.0256,0.63,1.0,1.464,-18.6,-17.85,0.308,-0.0098,-0.75,-1.6,-1.235
2023-03-21,-17.805,41.1,43.59,41.71,14.7,279,248,16,False,False,Inter-Election,-441,293,234,16,True,278.71,279.07,0.455,-0.0013,-0.36,0.0,-0.8,248.86,248.2,0.32,0.0294,0.66,0.0,1.622,-18.61,-17.83,0.387,-0.0138,-0.78,-0.42,-1.31
2023-03-22,-18.119,40.94,43.58,41.71,14.71,279,248,16,False,False,Inter-Election,-440,293,234,16,True,278.71,279.07,0.455,-0.0022,-0.36,0.0,-0.8,248.71,248.2,0.263,0.0267,0.51,0.0,1.254,-18.57,-17.83,0.39,-0.0187,-0.74,-0.45,-1.25
2023-03-23,-17.398,41.3,43.61,41.69,14.7,279,248,16,False,False,Inter-Election,-439,293,234,16,True,278.86,279.07,0.455,-0.0031,-0.21,0.0,-0.467,248.57,248.2,0.263,0.024,0.37,0.0,0.909,-18.32,-17.8,0.411,-0.0185,-0.52,-0.13,-0.877
2023-03-24,-17.33,41.34,43.61,41.69,14.7,279,248,16,False,False,Inter-Election,-438,293,234,16,True,278.86,279.07,0.455,-0.004,-0.21,-1.0,-0.467,248.43,248.2,0.263,0.0214,0.23,0.0,0.565,-18.1,-17.77,0.411,-0.0183,-0.33,-0.27,-0.556
2023-03-25,-17.691,41.15,43.6,41.7,14.7,279,248,16,False,False,Inter-Election,-437,293,234,16,True,278.86,279.07,0.455,-0.0049,-0.21,-1.0,-0.467,248.29,248.2,0.263,0.0187,0.09,0.0,0.221,-17.98,-17.75,0.417,-0.0209,-0.23,-0.74,-0.391
2023-03-26,-17.688,41.16,43.6,41.7,14.7,279,248,16,False,False,Inter-Election,-436,293,234,16,True,278.86,279.07,0.455,-0.0058,-0.21,-1.0,-0.467,248.14,248.2,0.263,0.016,-0.06,0.0,-0.147,-17.87,-17.74,0.416,-0.0222,-0.13,-0.81,-0.222
2023-03-27,-17.485,41.26,43.6,41.7,14.7,279,248,16,False,False,Inter-Election,-435,293,234,16,True,279.0,279.07,0.455,-0.0067,-0.07,-1.0,-0.156,248.0,248.2,0.263,0.0133,-0.2,0.0,-0.492,-17.65,-17.74,0.413,-0.0201,0.09,-0.29,0.153
2023-03-28,-18.074,40.96,43.58,41.71,14.7,279,248,16,False,False,Inter-Election,-434,293,234,16,True,279.0,279.07,0.455,-0.0076,-0.07,0.0,-0.156,248.0,248.2,0.263,0.0107,-0.2,0.0,-0.492,-17.68,-17.76,0.425,-0.0204,0.08,-0.33,0.136
2023-03-29,-18.935,40.53,43.55,41.74,14.71,279,249,15,False,False,Inter-Election,-433,293,234,16,True,279.0,279.07,0.455,-0.0085,-0.07,0.0,-0.156,248.14,248.23,0.32,0.0145,-0.09,0.0,-0.209,-17.8,-17.8,0.452,-0.0266,0.0,-0.54,0.0
2023-03-30,-18.721,40.64,43.56,41.73,14.71,279,249,15,False,False,Inter-Election,-432,293,234,16,True,279.0,279.07,0.455,-0.0093,-0.07,1.0,-0.156,248.29,248.27,0.32,0.0178,0.02,0.0,0.044,-17.99,-17.84,0.454,-0.0317,-0.15,0.38,-0.232
2023-03-31,-18.616,40.69,43.56,41.73,14.71,279,249,15,False,False,Inter-Election,-431,293,234,16,True,279.0,279.07,0.455,-0.0102,-0.07,0.0,-0.156,248.43,248.3,0.32,0.0207,0.13,0.0,0.279,-18.17,-17.87,0.454,-0.0347,-0.3,0.25,-0.455
2023-04-01,-18.472,40.76,43.57,41.72,14.71,279,249,15,False,False,Inter-Election,-430,293,234,16,True,279.0,279.07,0.455,-0.0111,-0.07,0.0,-0.156,248.57,248.33,0.32,0.0231,0.24,0.0,0.501,-18.28,-17.89,0.451,-0.0388,-0.39,0.05,-0.584
2023-04-02,-18.479,40.76,43.57,41.72,14.71,279,249,15,False,False,Inter-Election,-429,293,234,16,True,279.0,279.07,0.455,-0.012,-0.07,0.0,-0.156,248.71,248.37,0.32,0.0251,0.34,0.0,0.694,-18.4,-17.92,0.446,-0.0403,-0.48,-0.0,-0.713
2023-04-03,-18.427,40.79,43.57,41.72,14.71,279,249,15,False,False,Inter-Election,-428,293,234,16,True,279.0,279.07,0.455,-0.0129,-0.07,1.0,-0.156,248.86,248.4,0.32,0.0267,0.46,0.0,0.923,-18.53,-17.95,0.445,-0.0403,-0.58,0.65,-0.861
2023-04-04,-18.479,40.76,43.57,41.72,14.71,279,249,15,False,False,Inter-Election,-427,293,234,16,True,279.0,279.07,0.455,-0.0138,-0.07,0.0,-0.156,249.0,248.43,0.32,0.0278,0.57,1.0,1.131,-18.59,-17.99,0.444,-0.0394,-0.6,-0.67,-0.896
2023-04-05,-18.715,40.64,43.56,41.73,14.71,279,249,15,False,False,Inter-Election,-426,293,234,16,True,279.0,279.07,0.455,-0.0147,-0.07,0.0,-0.156,249.0,248.47,0.32,0.0285,0.53,1.0,1.045,-18.56,-18.03,0.445,-0.0404,-0.53,-0.6,-0.786
2023-04-06,-18.802,40.6,43.56,41.73,14.71,279,249,15,False,False,Inter-Election,-425,293,234,16,True,279.0,279.07,0.455,-0.0156,-0.07,0.0,-0.156,249.0,248.5,0.32,0.0287,0.5,1.0,0.983,-18.57,-18.08,0.445,-0.0409,-0.49,-1.4,-0.724
2023-04-07,-18.423,40.79,43.57,41.72,14.71,279,249,15,False,False,Inter-Election,-424,293,234,16,True,279.0,279.07,0.455,-0.0165,-0.07,0.0,-0.156,249.0,248.53,0.32,0.0285,0.47,1.0,0.926,-18.54,-18.11,0.449,-0.0403,-0.43,-1.09,-0.637
2023-04-08,-17.984,41.01,43.59,41.71,14.7,279,248,16,False,False,Inter-Election,-423,293,234,16,True,279.0,279.07,0.455,-0.0174,-0.07,0.0,-0.156,248.86,248.53,0.371,0.0214,0.33,0.0,0.65,-18.47,-18.13,0.45,-0.0337,-0.34,-0.29,-0.517
2023-04-09,-18.149,40.93,43.58,41.72,14.71,279,248,16,False,False,Inter-Election,-422,293,234,16,True,279.0,279.03,0.414,-0.0113,-0.03,0.0,-0.072,248.71,248.53,0.371,0.0142,0.18,0.0,0.355,-18.43,-18.17,0.449,-0.0265,-0.26,-0.46,-0.416
2023-04-10,-17.995,41.0,43.59,41.71,14.7,279,248,16,False,False,Inter-Election,-421,293,234,16,True,279.0,279.0,0.414,-0.0049,0.0,0.0,0.0,248.57,248.53,0.371,0.0071,0.04,0.0,0.079,-18.36,-18.2,0.449,-0.017,-0.16,-0.51,-0.274
2023-04-11,-17.815,41.09,43.59,41.71,14.7,279,248,16,False,False,Inter-Election,-420,293,234,16,True,279.0,278.97,0.414,0.002,0.03,0.0,0.094,248.43,248.53,0.371,-0.0,-0.1,0.0,-0.197,-18.27,-18.23,0.45,-0.0054,-0.04,0.26,-0.075
2023-04-12,-17.995,41.0,43.59,41.71,14.7,279,248,16,False,False,Inter-Election,-419,293,234,16,True,279.0,278.93,0.414,0.0093,0.07,0.0,0.276,248.29,248.53,0.371,-0.0071,-0.24,-1.0,-0.473,-18.17,-18.26,0.448,0.0033,0.09,0.94,0.181
2023-04-13,-18.379,40.81,43.57,41.72,14.71,279,249,15,False,False,Inter-Election,-418,293,234,16,True,279.0,278.93,0.371,0.0102,0.07,0.0,0.276,248.29,248.57,0.414,-0.0078,-0.28,0.0,-0.556,-18.11,-18.28,0.443,0.0061,0.17,0.34,0.348
2023-04-14,-19.883,40.06,43.52,41.76,14.72,278,249,16,False,False,Inter-Election,-417,293,234,16,True,278.86,278.9,0.414,0.0047,-0.04,-1.0,-0.131,248.29,248.57,0.371,-0.002,-0.28,0.0,-0.556,-18.31,-18.33,0.507,-0.005,0.02,-1.27,0.035
2023-04-15,-19.855,40.07,43.52,41.76,14.72,278,249,16,False,False,Inter-Election,-416,293,234,16,True,278.71,278.9,0.371,-0.0073,-0.19,-1.0,-0.623,248.43,248.57,0.371,0.0038,-0.14,0.0,-0.278,-18.58,-18.36,0.492,-0.0202,-0.22,-1.38,-0.355
2023-04-16,-19.851,40.07,43.52,41.76,14.72,278,249,16,False,False,Inter-Election,-415,293,234,16,True,278.57,278.87,0.32,-0.0125,-0.3,-1.0,-0.868,248.57,248.57,0.371,0.0096,0.0,0.0,0.0,-18.82,-18.39,0.489,-0.0334,-0.43,-1.37,-0.641
2023-04-17,-19.995,40.0,43.51,41.77,14.72,278,249,16,False,False,Inter-Election,-414,293,234,16,True,278.43,278.83,0.32,-0.0171,-0.4,-1.0,-1.055,248.71,248.57,0.371,0.0154,0.14,0.0,0.278,-19.11,-18.44,0.484,-0.0447,-0.67,-1.57,-0.915
2023-04-18,-19.877,40.06,43.52,41.76,14.72,278,249,16,False,False,Inter-Election,-413,293,234,16,True,278.29,278.8,0.32,-0.0214,-0.51,-1.0,-1.254,248.86,248.57,0.371,0.0211,0.29,0.0,0.575,-19.4,-18.48,0.485,-0.0543,-0.92,-1.4,-1.183
2023-04-19,-19.033,40.48,43.55,41.74,14.71,279,249,15,False,False,Inter-Election,-412,293,234,16,True,278.29,278.83,0.32,-0.0256,-0.54,0.0,-1.425,249.0,248.57,0.371,0.0269,0.43,0.0,0.853,-19.55,-18.48,0.5,-0.0619,-1.07,-0.32,-1.377
2023-04-20,-17.605,41.2,43.6,41.7,14.7,279,248,16,False,False,Inter-Election,-411,293,234,16,True,278.29,278.83,0.263,-0.0234,-0.54,0.0,-1.425,248.86,248.57,0.371,0.0194,0.29,-1.0,0.575,-19.44,-18.48,0.514,-0.0515,-0.96,1.2,-1.225
2023-04-21,-17.51,41.25,43.6,41.7,14.7,279,248,16,False,False,Inter-Election,-410,293,234,16,True,278.43,278.83,0.263,-0.0211,-0.4,0.0,-1.055,248.71,248.57,0.371,0.0118,0.14,-1.0,0.278,-19.1,-18.46,0.511,-0.0428,-0.64,0.91,-0.799
2023-04-22,-17.44,41.28,43.61,41.7,14.7,279,248,16,False,False,Inter-Election,-409,293,234,16,True,278.57,278.83,0.263,-0.0189,-0.26,0.0,-0.686,248.57,248.57,0.371,0.0042,0.0,0.0,0.0,-18.76,-18.46,0.494,-0.029,-0.3,0.54,-0.375
2023-04-23,-17.474,41.26,43.6,41.7,14.7,279,248,16,False,False,Inter-Election,-408,293,234,16,True,278.71,278.83,0.263,-0.0167,-0.12,0.0,-0.317,248.43,248.57,0.371,-0.0033,-0.14,0.0,-0.278,-18.42,-18.46,0.494,-0.0149,0.04,0.68,0.05
2023-04-24,-17.091,41.45,43.62,41.69,14.7,280,248,15,False,False,Inter-Election,-407,293,234,16,True,279.0,278.87,0.32,-0.008,0.13,1.0,0.299,248.29,248.57,0.371,-0.0109,-0.28,0.0,-0.556,-18.0,-18.44,0.494,-0.0007,0.44,0.9,0.537
2023-04-25,-16.884,41.56,43.63,41.68,14.69,280,248,15,False,False,Inter-Election,-406,293,234,16,True,279.29,278.9,0.32,0.0002,0.39,1.0,0.811,248.14,248.57,0.371,-0.0185,-0.43,0.0,-0.853,-17.58,-18.41,0.495,0.0145,0.83,0.93,0.968
2023-04-26,-18.017,40.99,43.58,41.71,14.7,279,248,16,False,False,Inter-Election,-405,293,234,16,True,279.29,278.9,0.371,0.0016,0.39,0.0,0.811,248.0,248.57,0.371,-0.026,-0.57,0.0,-1.131,-17.43,-18.43,0.537,0.0235,1.0,-0.02,1.186
2023-04-27,-18.274,40.86,43.57,41.72,14.71,279,248,16,False,False,Inter-Election,-404,293,234,16,True,279.29,278.9,0.371,0.0029,0.39,0.0,0.811,248.0,248.57,0.371,-0.0336,-0.57,-1.0,-1.131,-17.53,-18.44,0.528,0.027,0.91,0.11,1.082
2023-04-28,-19.009,40.5,43.55,41.74,14.71,279,249,15,False,False,Inter-Election,-403,293,234,16,True,279.29,278.9,0.371,0.0042,0.39,1.0,0.811,248.14,248.57,0.371,-0.0278,-0.43,0.0,-0.853,-17.74,-18.44,0.522,0.0199,0.7,0.87,0.831
2023-04-29,-19.07,40.47,43.55,41.74,14.71,278,249,16,False,False,Inter-Election,-402,293,234,16,True,279.14,278.87,0.414,-0.0009,0.27,0.0,0.532,248.29,248.57,0.371,-0.022,-0.28,0.0,-0.556,-17.97,-18.45,0.52,0.0139,0.48,0.79,0.566
2023-04-30,-19.145,40.43,43.54,41.74,14.71,278,249,16,False,False,Inter-Election,-401,293,234,16,True,279.0,278.83,0.414,-0.0056,0.17,0.0,0.32,248.43,248.57,0.371,-0.0162,-0.14,0.0,-0.278,-18.21,-18.47,0.52,0.0083,0.26,0.71,0.303
2023-05-01,-19.135,40.43,43.54,41.74,14.71,278,249,16,False,False,Inter-Election,-400,293,234,16,True,278.71,278.8,0.414,-0.0098,-0.09,0.0,-0.163,248.57,248.57,0.371,-0.0105,0.0,0.0,0.0,-18.5,-18.49,0.519,0.004,-0.01,0.86,-0.012
2023-05-02,-18.612,40.69,43.56,41.73,14.71,279,249,15,False,False,Inter-Election,-399,293,234,16,True,278.57,278.8,0.455,-0.0071,-0.23,1.0,-0.418,248.71,248.57,0.371,-0.0047,0.14,0.0,0.278,-18.75,-18.5,0.528,0.0034,-0.25,1.27,-0.289
2023-05-03,-18.489,40.76,43.57,41.72,14.71,279,249,15,False,False,Inter-Election,-398,293,234,16,True,278.57,278.8,0.455,-0.0044,-0.23,0.0,-0.418,248.86,248.57,0.371,0.0011,0.29,0.0,0.575,-18.82,-18.5,0.529,0.0039,-0.32,0.54,-0.369
2023-05-04,-17.858,41.07,43.59,41.71,14.7,279,248,16,False,False,Inter-Election,-397,293,234,16,True,278.57,278.8,0.455,-0.0018,-0.23,0.0,-0.418,248.86,248.53,0.414,0.0004,0.33,0.0,0.65,-18.76,-18.48,0.541,0.0082,-0.28,-0.25,-0.32
2023-05-05,-17.918,41.04,43.59,41.71,14.7,279,248,16,False,False,Inter-Election,-396,293,234,16,True,278.57,278.8,0.455,0.0009,-0.23,0.0,-0.418,248.71,248.5,0.414,0.0002,0.21,0.0,0.413,-18.6,-18.45,0.539,0.0102,-0.15,-0.41,-0.171
2023-05-06,-17.864,41.07,43.59,41.71,14.7,279,248,16,False,False,Inter-Election,-395,293,234,16,True,278.71,278.8,0.455,0.0036,-0.09,0.0,-0.163,248.57,248.47,0.414,0.0004,0.1,0.0,0.197,-18.43,-18.42,0.539,0.0116,-0.01,-0.42,-0.011
2023-05-07,-17.867,41.07,43.59,41.71,14.7,279,248,16,False,False,Inter-Election,-394,293,234,16,True,278.86,278.8,0.455,0.0062,0.06,0.0,0.109,248.43,248.43,0.414,0.0011,0.0,0.0,0.0,-18.25,-18.4,0.535,0.0151,0.15,-0.39,0.169
2023-05-08,-18.118,40.94,43.58,41.71,14.71,279,248,16,False,False,Inter-Election,-393,293,234,16,True,279.0,278.8,0.455,0.0089,0.2,-1.0,0.363,248.29,248.43,0.371,-0.0047,-0.14,0.0,-0.278,-18.1,-18.41,0.531,0.0198,0.31,-1.03,0.35
2023-05-09,-18.141,40.93,43.58,41.72,14.71,279,248,16,False,False,Inter-Election,-392,293,234,16,True,279.0,278.8,0.455,0.0116,0.2,-1.0,0.363,248.14,248.43,0.371,-0.0105,-0.29,0.0,-0.575,-18.04,-18.41,0.53,0.0233,0.37,-1.26,0.417
2023-05-10,-18.017,40.99,43.58,41.71,14.7,279,248,16,False,False,Inter-Election,-391,293,234,16,True,279.0,278.8,0.455,0.0142,0.2,0.0,0.363,248.0,248.43,0.371,-0.0162,-0.43,0.0,-0.853,-17.97,-18.41,0.53,0.0287,0.44,0.0,0.496
2023-05-11,-17.73,41.14,43.59,41.7,14.7,279,248,16,False,False,Inter-Election,-390,293,234,16,True,279.0,278.8,0.455,0.0169,0.2,0.0,0.363,248.0,248.43,0.371,-0.022,-0.43,0.0,-0.853,-17.95,-18.4,0.531,0.0371,0.45,0.54,0.506
2023-05-12,-17.551,41.22,43.6,41.7,14.7,279,248,16,False,False,Inter-Election,-389,293,234,16,True,279.0,278.8,0.455,0.0196,0.2,0.0,0.363,248.0,248.43,0.371,-0.0278,-0.43,-1.0,-0.853,-17.9,-18.39,0.531,0.0455,0.49,1.46,0.545
2023-05-13,-16.791,41.6,43.63,41.68,14.69,280,248,15,False,False,Inter-Election,-388,293,234,16,True,279.14,278.83,0.49,0.0287,0.31,2.0,0.524,248.0,248.4,0.32,-0.0267,-0.4,-1.0,-0.803,-17.74,-18.34,0.542,0.0559,0.6,2.28,0.635
2023-05-14,-16.817,41.59,43.63,41.68,14.69,280,248,15,False,False,Inter-Election,-387,293,234,16,True,279.29,278.9,0.45,0.0305,0.39,2.0,0.642,248.0,248.37,0.32,-0.0251,-0.37,-1.0,-0.755,-17.6,-18.23,0.456,0.055,0.63,2.33,0.671
2023-05-15,-16.013,41.99,43.66,41.66,14.68,280,247,16,False,False,Inter-Election,-386,293,234,16,True,279.43,278.97,0.45,0.0314,0.46,2.0,0.748,247.86,248.3,0.365,-0.0296,-0.44,-2.0,-0.822,-17.29,-18.11,0.474,0.0582,0.82,3.12,0.844
2023-05-16,-15.302,42.35,43.68,41.64,14.68,281,247,15,False,False,Inter-Election,-385,293,234,16,True,279.71,279.07,0.481,0.0378,0.64,2.0,0.926,247.71,248.23,0.365,-0.0331,-0.52,-2.0,-0.915,-16.89,-17.95,0.485,0.0642,1.06,3.31,1.017
2023-05-17,-15.217,42.39,43.69,41.64,14.68,281,247,15,False,False,Inter-Election,-384,293,234,16,True,280.0,279.17,0.481,0.0429,0.83,2.0,1.112,247.57,248.17,0.365,-0.0358,-0.6,-2.0,-1.013,-16.49,-17.8,0.482,0.0678,1.31,3.27,1.209
2023-05-18,-15.482,42.26,43.68,41.64,14.68,280,247,16,False,False,Inter-Election,-383,293,234,16,True,280.14,279.23,0.521,0.0403,0.91,1.0,1.25,247.43,248.1,0.365,-0.0376,-0.67,-1.0,-1.103,-16.17,-17.65,0.488,0.0684,1.48,2.38,1.358
2023-05-19,-15.792,42.1,43.67,41.65,14.68,280,247,16,False,False,Inter-Election,-382,293,234,16,True,280.29,279.27,0.49,0.0436,1.02,1.0,1.379,247.29,248.03,0.365,-0.0385,-0.74,-1.0,-1.203,-15.92,-17.54,0.476,0.0708,1.62,2.13,1.462
2023-05-20,-15.745,42.13,43.67,41.65,14.68,280,247,16,False,False,Inter-Election,-381,293,234,16,True,280.29,279.3,0.49,0.0465,0.99,1.0,1.321,247.14,248.0,0.32,-0.0454,-0.86,-1.0,-1.337,-15.77,-17.48,0.406,0.082,1.71,2.12,1.48
2023-05-21,-15.858,42.07,43.66,41.65,14.68,280,247,16,False,False,Inter-Election,-380,293,234,16,True,280.29,279.33,0.49,0.0489,0.96,1.0,1.266,247.0,247.97,0.32,-0.0518,-0.97,-1.0,-1.451,-15.63,-17.42,0.407,0.0922,1.79,2.01,1.501
2023-05-22,-16.138,41.93,43.65,41.66,14.69,280,247,16,False,False,Inter-Election,-379,293,234,16,True,280.29,279.37,0.49,0.0509,0.92,1.0,1.203,247.0,247.93,0.32,-0.0578,-0.93,-1.0,-1.345,-15.65,-17.38,0.412,0.1004,1.73,1.98,1.423
2023-05-23,-16.381,41.81,43.64,41.67,14.69,280,248,15,False,False,Inter-Election,-378,293,234,16,True,280.14,279.4,0.49,0.0525,0.74,1.0,0.961,247.14,247.93,0.371,-0.057,-0.79,0.0,-1.142,-15.8,-17.34,0.415,0.1062,1.54,1.76,1.253
2023-05-24,-16.671,41.66,43.63,41.68,14.69,280,248,15,False,False,Inter-Election,-377,293,234,16,True,280.0,279.4,0.455,0.0605,0.6,1.0,0.779,247.29,247.93,0.371,-0.0561,-0.64,0.0,-0.926,-16.01,-17.33,0.414,0.1123,1.32,1.35,1.069
2023-05-25,-16.538,41.73,43.64,41.67,14.69,280,248,15,False,False,Inter-Election,-376,293,234,16,True,280.0,279.4,0.455,0.0685,0.6,1.0,0.779,247.43,247.93,0.371,-0.0552,-0.5,0.0,-0.723,-16.16,-17.32,0.413,0.1205,1.16,1.19,0.935
2023-05-26,-16.38,41.81,43.64,41.67,14.69,280,248,15,False,False,Inter-Election,-375,293,234,16,True,280.0,279.43,0.414,0.0696,0.57,1.0,0.737,247.57,247.93,0.371,-0.0543,-0.36,0.0,-0.521,-16.24,-17.26,0.352,0.1217,1.02,1.17,0.82
2023-05-27,-16.194,41.9,43.65,41.66,14.69,280,247,16,False,False,Inter-Election,-374,293,234,16,True,280.0,279.47,0.414,0.0703,0.53,0.0,0.683,247.57,247.9,0.414,-0.0598,-0.33,-1.0,-0.464,-16.31,-17.19,0.348,0.1217,0.88,0.6,0.707
2023-05-28,-16.172,41.91,43.65,41.66,14.69,280,247,16,False,False,Inter-Election,-373,293,234,16,True,280.0,279.5,0.414,0.0705,0.5,0.0,0.644,247.57,247.83,0.365,-0.0581,-0.26,-1.0,-0.372,-16.35,-17.1,0.313,0.1158,0.75,0.64,0.62
2023-05-29,-16.628,41.69,43.64,41.67,14.69,280,248,15,False,False,Inter-Election,-372,293,234,16,True,280.0,279.57,0.365,0.0634,0.43,0.0,0.591,247.71,247.8,0.414,-0.0489,-0.09,1.0,-0.135,-16.42,-17.02,0.328,0.1052,0.6,-0.61,0.521
2023-05-30,-16.338,41.83,43.65,41.67,14.69,280,248,15,False,False,Inter-Election,-371,293,234,16,True,280.0,279.63,0.365,0.0554,0.37,-1.0,0.553,247.71,247.77,0.414,-0.0394,-0.06,1.0,-0.096,-16.42,-16.93,0.329,0.0949,0.51,-1.04,0.47
2023-05-31,-16.619,41.69,43.64,41.67,14.69,280,248,15,False,False,Inter-Election,-370,293,234,16,True,280.0,279.7,0.365,0.0465,0.3,-1.0,0.503,247.71,247.73,0.414,-0.0294,-0.02,1.0,-0.034,-16.41,-16.84,0.336,0.0817,0.43,-1.4,0.428
2023-06-01,-16.057,41.97,43.66,41.66,14.69,280,247,16,False,False,Inter-Election,-369,293,234,16,True,280.0,279.73,0.32,0.0436,0.27,0.0,0.463,247.57,247.67,0.45,-0.0254,-0.1,0.0,-0.183,-16.34,-16.76,0.337,0.0745,0.42,-0.57,0.44
2023-06-02,-15.913,42.04,43.66,41.65,14.68,280,247,16,False,False,Inter-Election,-368,293,234,16,True,280.0,279.77,0.32,0.0403,0.23,0.0,0.405,247.43,247.6,0.45,-0.0205,-0.17,0.0,-0.341,-16.27,-16.67,0.337,0.068,0.4,-0.12,0.44
2023-06-03,-16.533,41.73,43.64,41.67,14.69,280,248,15,False,False,Inter-Election,-367,293,234,16,True,280.0,279.8,0.32,0.0365,0.2,0.0,0.363,247.57,247.6,0.455,-0.0151,-0.03,1.0,-0.06,-16.32,-16.63,0.345,0.0607,0.31,-0.79,0.352
2023-06-04,-16.491,41.75,43.64,41.67,14.69,280,248,15,False,False,Inter-Election,-366,293,234,16,True,280.0,279.83,0.32,0.0323,0.17,0.0,0.32,247.71,247.6,0.455,-0.0098,0.11,1.0,0.221,-16.37,-16.58,0.344,0.0527,0.21,-0.63,0.248
2023-06-05,-16.542,41.73,43.64,41.67,14.69,280,248,15,False,False,Inter-Election,-365,293,234,16,True,280.0,279.87,0.32,0.0276,0.13,0.0,0.256,247.71,247.6,0.455,-0.0044,0.11,1.0,0.221,-16.36,-16.53,0.345,0.044,0.17,-0.4,0.21
2023-06-06,-17.168,41.42,43.62,41.69,14.7,280,248,15,False,False,Inter-Election,-364,293,234,16,True,280.0,279.9,0.32,0.0225,0.1,0.0,0.208,247.71,247.6,0.455,0.0009,0.11,0.0,0.221,-16.47,-16.51,0.366,0.0308,0.04,-0.79,0.051
2023-06-07,-16.172,41.91,43.65,41.66,14.69,280,247,16,False,False,Inter-Election,-363,293,234,16,True,280.0,279.93,0.32,0.0169,0.07,0.0,0.156,247.57,247.57,0.49,-0.0002,0.0,-1.0,0.0,-16.41,-16.45,0.403,0.0219,0.04,0.5,0.055
2023-06-08,-16.157,41.92,43.65,41.66,14.69,280,247,16,False,False,Inter-Election,-362,293,234,16,True,280.0,279.97,0.32,0.0109,0.03,0.0,0.072,247.57,247.53,0.49,-0.0009,0.04,-1.0,0.079,-16.43,-16.38,0.402,0.0121,-0.05,0.38,-0.077
2023-06-09,-16.12,41.94,43.65,41.66,14.69,280,247,16,False,False,Inter-Election,-361,293,234,16,True,280.0,280.0,0.32,0.0044,0.0,0.0,0.0,247.57,247.5,0.49,-0.0011,0.07,-1.0,0.138,-16.45,-16.32,0.402,0.0025,-0.13,0.26,-0.228
2023-06-10,-16.162,41.92,43.65,41.66,14.69,280,247,16,False,False,Inter-Election,-360,293,234,16,True,280.0,280.03,0.32,-0.0024,-0.03,0.0,-0.094,247.43,247.47,0.49,-0.0009,-0.04,0.0,-0.079,-16.4,-16.26,0.401,-0.0063,-0.14,0.03,-0.277
2023-06-11,-16.136,41.93,43.65,41.66,14.69,280,247,16,False,False,Inter-Election,-359,293,234,16,True,280.0,280.07,0.32,-0.0098,-0.07,0.0,-0.276,247.29,247.43,0.49,-0.0002,-0.14,0.0,-0.278,-16.35,-16.22,0.4,-0.0143,-0.13,0.04,-0.294
2023-06-12,-16.964,41.52,43.62,41.68,14.69,280,248,15,False,False,Inter-Election,-358,293,234,16,True,280.0,280.07,0.263,-0.0107,-0.07,0.0,-0.276,247.29,247.43,0.525,0.0073,-0.14,0.0,-0.278,-16.41,-16.22,0.407,-0.0231,-0.19,-0.34,-0.421
2023-06-13,-17.148,41.43,43.62,41.69,14.7,280,248,15,False,False,Inter-Election,-357,293,234,16,True,280.0,280.07,0.263,-0.0116,-0.07,0.0,-0.276,247.29,247.43,0.525,0.0149,-0.14,0.0,-0.278,-16.41,-16.23,0.409,-0.0332,-0.18,-0.81,-0.383
2023-06-14,-17.071,41.46,43.62,41.69,14.7,280,248,15,False,False,Inter-Election,-356,293,234,16,True,280.0,280.07,0.263,-0.0125,-0.07,0.0,-0.276,247.43,247.47,0.49,0.0156,-0.04,0.0,-0.079,-16.54,-16.27,0.379,-0.037,-0.27,-0.45,-0.549
2023-06-15,-16.505,41.75,43.64,41.67,14.69,280,248,15,False,False,Inter-Election,-355,293,234,16,True,280.0,280.03,0.183,-0.0065,-0.03,0.0,-0.164,247.57,247.5,0.49,0.0158,0.07,1.0,0.138,-16.59,-16.31,0.37,-0.0319,-0.28,-0.45,-0.611
2023-06-16,-15.774,42.11,43.67,41.65,14.68,280,247,16,False,False,Inter-Election,-354,293,234,16,True,280.0,280.0,0.183,-0.0,0.0,0.0,,247.57,247.5,0.525,0.0091,0.07,0.0,0.138,-16.54,-16.33,0.395,-0.0209,-0.21,0.14,-0.497
2023-06-17,-16.31,41.85,43.65,41.67,14.69,280,247,16,False,False,Inter-Election,-353,293,234,16,True,280.0,280.0,0.0,-0.0,0.0,0.0,,247.57,247.5,0.525,0.0024,0.07,-1.0,0.138,-16.56,-16.36,0.404,-0.0149,-0.2,0.22,-0.511
2023-06-18,-16.227,41.89,43.65,41.66,14.69,280,247,16,False,False,Inter-Election,-352,293,234,16,True,280.0,280.0,0.0,-0.0,0.0,0.0,,247.57,247.5,0.525,-0.0042,0.07,-1.0,0.138,-16.57,-16.37,0.401,-0.0102,-0.2,0.26,-0.53
2023-06-19,-15.817,42.09,43.66,41.65,14.68,280,247,16,False,False,Inter-Election,-351,293,234,16,True,280.0,280.0,0.0,-0.0,0.0,0.0,,247.43,247.5,0.525,-0.0109,-0.07,-1.0,-0.138,-16.41,-16.37,0.408,-0.0023,-0.04,0.73,-0.107
2023-06-20,-16.687,41.66,43.63,41.68,14.69,280,248,15,False,False,Inter-Election,-350,293,234,16,True,280.0,280.0,0.0,-0.0,0.0,0.0,,247.43,247.53,0.556,-0.0111,-0.1,0.0,-0.197,-16.34,-16.4,0.438,-0.0008,0.06,0.48,0.165
2023-06-21,-17.318,41.34,43.61,41.69,14.7,279,248,16,False,False,Inter-Election,-349,293,234,16,True,279.86,279.97,0.183,-0.0065,-0.11,-1.0,-0.602,247.43,247.57,0.556,-0.0118,-0.14,1.0,-0.278,-16.38,-16.44,0.449,-0.0049,0.06,-1.15,0.151
2023-06-22,-17.679,41.16,43.6,41.7,14.7,279,248,16,False,False,Inter-Election,-348,293,234,16,True,279.71,279.93,0.183,-0.0125,-0.22,-1.0,-0.867,247.43,247.57,0.525,-0.006,-0.14,1.0,-0.278,-16.54,-16.48,0.452,-0.0125,-0.06,-1.52,-0.131
2023-06-23,-17.479,41.26,43.6,41.7,14.7,279,248,16,False,False,Inter-Election,-347,293,234,16,True,279.57,279.9,0.183,-0.018,-0.33,-1.0,-1.082,247.57,247.57,0.525,-0.0002,0.0,1.0,0.0,-16.79,-16.51,0.451,-0.0202,-0.28,-1.36,-0.57
2023-06-24,-17.47,41.27,43.6,41.7,14.7,279,248,16,False,False,Inter-Election,-346,293,234,16,True,279.43,279.87,0.183,-0.0231,-0.44,-1.0,-1.273,247.71,247.57,0.525,0.0056,0.14,1.0,0.278,-16.95,-16.54,0.45,-0.0266,-0.41,-1.31,-0.786
2023-06-25,-17.392,41.3,43.61,41.69,14.7,279,248,16,False,False,Inter-Election,-345,293,234,16,True,279.29,279.83,0.183,-0.0278,-0.54,-1.0,-1.425,247.86,247.57,0.525,0.0113,0.29,1.0,0.575,-17.12,-16.57,0.449,-0.031,-0.55,-1.26,-1.013
2023-06-26,-17.644,41.18,43.6,41.7,14.7,279,248,16,False,False,Inter-Election,-344,293,234,16,True,279.14,279.8,0.183,-0.032,-0.66,-1.0,-1.622,248.0,247.6,0.49,0.0102,0.4,0.0,0.803,-17.38,-16.62,0.449,-0.0353,-0.76,-0.68,-1.329
2023-06-27,-17.501,41.25,43.6,41.7,14.7,279,248,16,False,False,Inter-Election,-343,293,234,16,True,279.0,279.77,0.183,-0.0358,-0.77,-1.0,-1.79,248.0,247.63,0.49,0.0087,0.37,0.0,0.755,-17.5,-16.67,0.45,-0.0378,-0.83,-0.35,-1.414
2023-06-28,-17.912,41.04,43.59,41.71,14.7,279,248,16,False,False,Inter-Election,-342,293,234,16,True,279.0,279.73,0.183,-0.0392,-0.73,-1.0,-1.623,248.0,247.63,0.455,0.0136,0.37,0.0,0.755,-17.58,-16.71,0.449,-0.0456,-0.87,-0.84,-1.383
2023-06-29,-17.922,41.04,43.59,41.71,14.7,279,248,16,False,False,Inter-Election,-341,293,234,16,True,279.0,279.7,0.183,-0.042,-0.7,-1.0,-1.502,248.0,247.63,0.455,0.0185,0.37,0.0,0.755,-17.62,-16.76,0.445,-0.0508,-0.86,-1.42,-1.298
2023-06-30,-18.285,40.86,43.57,41.72,14.71,279,248,16,False,False,Inter-Election,-340,293,234,16,True,279.0,279.67,0.183,-0.0445,-0.67,-1.0,-1.397,248.0,247.63,0.455,0.0234,0.37,1.0,0.755,-17.73,-16.82,0.446,-0.0597,-0.91,-2.51,-1.268
2023-07-01,-18.461,40.77,43.57,41.72,14.71,279,249,15,False,False,Inter-Election,-339,293,234,16,True,279.0,279.63,0.183,-0.0465,-0.63,-1.0,-1.285,248.14,247.7,0.45,0.0278,0.44,2.0,0.822,-17.87,-16.9,0.431,-0.065,-0.97,-2.15,-1.272
2023-07-02,-18.432,40.78,43.57,41.72,14.71,279,249,15,False,False,Inter-Election,-338,293,234,16,True,279.0,279.6,0.183,-0.0481,-0.6,-1.0,-1.204,248.29,247.77,0.45,0.0314,0.52,2.0,0.915,-18.02,-16.98,0.43,-0.0681,-1.04,-2.2,-1.319
2023-07-03,-17.815,41.09,43.59,41.71,14.7,279,248,16,False,False,Inter-Election,-337,293,234,16,True,279.0,279.57,0.183,-0.0492,-0.57,-1.0,-1.131,248.29,247.77,0.455,0.0345,0.52,1.0,0.915,-18.05,-17.03,0.436,-0.0704,-1.02,-2.0,-1.278
2023-07-04,-18.236,40.88,43.58,41.72,14.71,279,248,16,False,False,Inter-Election,-336,293,234,16,True,279.0,279.53,0.183,-0.0498,-0.53,-1.0,-1.045,248.29,247.77,0.455,0.0376,0.52,0.0,0.915,-18.15,-17.08,0.441,-0.0745,-1.07,-1.55,-1.304
2023-07-05,-17.769,41.12,43.59,41.7,14.7,279,248,16,False,False,Inter-Election,-335,293,234,16,True,279.0,279.5,0.183,-0.0501,-0.5,0.0,-0.983,248.29,247.77,0.455,0.0407,0.52,0.0,0.915,-18.13,-17.12,0.451,-0.0752,-1.01,-0.45,-1.227
2023-07-06,-18.295,40.85,43.57,41.72,14.71,279,248,16,False,False,Inter-Election,-334,293,234,16,True,279.0,279.47,0.183,-0.0498,-0.47,0.0,-0.926,248.29,247.77,0.455,0.0438,0.52,0.0,0.915,-18.18,-17.16,0.447,-0.083,-1.02,-0.62,-1.199
2023-07-07,-18.616,40.69,43.56,41.73,14.71,279,249,15,False,False,Inter-Election,-333,293,234,16,True,279.0,279.43,0.183,-0.0492,-0.43,0.0,-0.853,248.43,247.83,0.45,0.0465,0.6,1.0,1.013,-18.23,-17.24,0.405,-0.0856,-0.99,-1.14,-1.139
2023-07-08,-19.066,40.47,43.55,41.74,14.71,278,249,16,False,False,Inter-Election,-332,293,234,16,True,278.86,279.37,0.254,-0.0545,-0.51,-1.0,-0.917,248.43,247.9,0.45,0.0483,0.53,1.0,0.873,-18.32,-17.34,0.41,-0.0898,-0.98,-1.6,-1.082
2023-07-09,-19.128,40.44,43.54,41.74,14.71,278,249,16,False,False,Inter-Election,-331,293,234,16,True,278.71,279.3,0.254,-0.059,-0.59,-1.0,-0.99,248.43,247.97,0.45,0.0492,0.46,1.0,0.748,-18.42,-17.44,0.409,-0.093,-0.98,-1.74,-1.052
2023-07-10,-18.665,40.67,43.56,41.73,14.71,279,249,15,False,False,Inter-Election,-330,293,234,16,True,278.71,279.27,0.32,-0.0561,-0.56,0.0,-0.96,248.57,248.03,0.45,0.0492,0.54,1.0,0.878,-18.54,-17.52,0.422,-0.092,-1.02,-1.02,-1.102
2023-07-11,-18.75,40.63,43.56,41.73,14.71,279,249,15,False,False,Inter-Election,-329,293,234,16,True,278.71,279.23,0.32,-0.0527,-0.52,0.0,-0.915,248.71,248.1,0.45,0.0483,0.61,1.0,1.004,-18.61,-17.61,0.421,-0.0904,-1.0,-1.25,-1.095
2023-07-12,-18.438,40.78,43.57,41.72,14.71,279,249,15,False,False,Inter-Election,-328,293,234,16,True,278.71,279.2,0.32,-0.0489,-0.49,0.0,-0.89,248.86,248.13,0.414,0.0534,0.73,1.0,1.161,-18.71,-17.66,0.403,-0.0912,-1.05,-0.53,-1.145
2023-07-13,-17.655,41.17,43.6,41.7,14.7,279,248,16,False,False,Inter-Election,-327,293,234,16,True,278.71,279.17,0.32,-0.0447,-0.46,0.0,-0.867,248.86,248.13,0.455,0.0516,0.73,0.0,1.161,-18.62,-17.68,0.43,-0.0877,-0.94,0.27,-1.031
2023-07-14,-17.76,41.12,43.59,41.7,14.7,279,248,16,False,False,Inter-Election,-326,293,234,16,True,278.71,279.13,0.32,-0.04,-0.42,0.0,-0.828,248.71,248.13,0.455,0.0498,0.58,0.0,0.922,-18.49,-17.7,0.43,-0.084,-0.79,0.52,-0.873
2023-07-15,-17.923,41.04,43.59,41.71,14.7,279,248,16,False,False,Inter-Election,-325,293,234,16,True,278.86,279.1,0.32,-0.0349,-0.24,0.0,-0.499,248.57,248.13,0.455,0.0481,0.44,-1.0,0.7,-18.33,-17.75,0.416,-0.0772,-0.58,0.54,-0.662
2023-07-16,-17.793,41.1,43.59,41.71,14.7,279,248,16,False,False,Inter-Election,-324,293,234,16,True,279.0,279.07,0.32,-0.0294,-0.07,0.0,-0.156,248.43,248.17,0.414,0.0394,0.26,-1.0,0.439,-18.14,-17.81,0.391,-0.0639,-0.33,0.64,-0.416
2023-07-17,-17.883,41.06,43.59,41.71,14.7,279,248,16,False,False,Inter-Election,-323,293,234,16,True,279.0,279.03,0.32,-0.0234,-0.03,0.0,-0.072,248.29,248.2,0.414,0.0303,0.09,0.0,0.163,-18.03,-17.87,0.38,-0.054,-0.16,-0.07,-0.216
2023-07-18,-17.72,41.14,43.6,41.7,14.7,279,248,16,False,False,Inter-Election,-322,293,234,16,True,279.0,279.0,0.32,-0.0169,0.0,0.0,0.0,248.14,248.23,0.414,0.0207,-0.09,0.0,-0.179,-17.88,-17.92,0.382,-0.0417,0.04,0.52,0.059
2023-07-19,-18.137,40.93,43.58,41.71,14.71,279,248,16,False,False,Inter-Election,-321,293,234,16,True,279.0,278.97,0.32,-0.01,0.03,0.0,0.094,248.0,248.27,0.414,0.0107,-0.27,0.0,-0.6,-17.84,-17.99,0.377,-0.0286,0.15,-0.37,0.275
2023-07-20,-17.59,41.2,43.6,41.7,14.7,279,248,16,False,False,Inter-Election,-320,293,234,16,True,279.0,278.93,0.32,-0.0027,0.07,0.0,0.276,248.0,248.27,0.371,0.0071,-0.27,0.0,-0.6,-17.83,-18.02,0.363,-0.017,0.19,0.71,0.385
2023-07-21,-17.681,41.16,43.6,41.7,14.7,279,248,16,False,False,Inter-Election,-319,293,234,16,True,279.0,278.93,0.263,-0.0018,0.07,0.0,0.276,248.0,248.27,0.371,0.0036,-0.27,-1.0,-0.6,-17.82,-18.04,0.345,-0.0099,0.22,0.93,0.459
2023-07-22,-18.136,40.93,43.58,41.71,14.71,279,248,16,False,False,Inter-Election,-318,293,234,16,True,279.0,278.93,0.263,-0.0009,0.07,1.0,0.276,248.0,248.27,0.371,-0.0,-0.27,-1.0,-0.6,-17.85,-18.05,0.349,-0.0081,0.2,0.93,0.421
2023-07-23,-18.177,40.91,43.58,41.72,14.71,279,248,16,False,False,Inter-Election,-317,293,234,16,True,279.0,278.93,0.263,-0.0,0.07,1.0,0.276,248.0,248.27,0.371,-0.0036,-0.27,-1.0,-0.6,-17.9,-18.08,0.346,-0.005,0.18,0.95,0.389
2023-07-24,-18.063,40.97,43.58,41.71,14.7,279,248,16,False,False,Inter-Election,-316,293,234,16,True,279.0,278.93,0.263,0.0009,0.07,0.0,0.276,248.0,248.27,0.371,-0.0071,-0.27,-1.0,-0.6,-17.93,-18.09,0.347,-0.0007,0.16,0.6,0.356
2023-07-25,-18.098,40.95,43.58,41.71,14.7,279,248,16,False,False,Inter-Election,-315,293,234,16,True,279.0,278.93,0.263,0.0018,0.07,0.0,0.276,248.0,248.27,0.371,-0.0107,-0.27,-1.0,-0.6,-17.98,-18.12,0.347,0.0041,0.14,0.65,0.326
2023-07-26,-18.112,40.94,43.58,41.71,14.71,279,248,16,False,False,Inter-Election,-314,293,234,16,True,279.0,278.93,0.263,0.0027,0.07,0.0,0.276,248.0,248.27,0.371,-0.0142,-0.27,-1.0,-0.6,-17.98,-18.13,0.344,0.0074,0.15,0.33,0.358
2023-07-27,-18.275,40.86,43.57,41.72,14.71,279,248,16,False,False,Inter-Election,-313,293,234,16,True,279.0,278.93,0.263,0.0036,0.07,0.0,0.276,248.0,248.27,0.371,-0.0178,-0.27,0.0,-0.6,-18.08,-18.16,0.344,0.0109,0.08,-0.62,0.199
2023-07-28,-17.591,41.2,43.6,41.7,14.7,279,248,16,False,False,Inter-Election,-312,293,234,16,True,279.0,278.93,0.263,0.0044,0.07,0.0,0.276,248.0,248.27,0.371,-0.0214,-0.27,0.0,-0.6,-18.06,-18.15,0.359,0.0163,0.09,0.17,0.218
2023-07-29,-17.584,41.21,43.6,41.7,14.7,279,248,16,False,False,Inter-Election,-311,293,234,16,True,279.0,278.93,0.263,0.0053,0.07,0.0,0.276,248.0,248.27,0.371,-0.0249,-0.27,0.0,-0.6,-17.99,-18.14,0.359,0.0215,0.15,0.34,0.353
2023-07-30,-17.54,41.23,43.6,41.7,14.7,279,248,16,False,False,Inter-Election,-310,293,234,16,True,279.0,278.93,0.263,0.0062,0.07,0.0,0.276,248.0,248.27,0.371,-0.0285,-0.27,0.0,-0.6,-17.89,-18.11,0.352,0.0243,0.22,0.25,0.503
2023-07-31,-17.757,41.12,43.59,41.7,14.7,279,248,16,False,False,Inter-Election,-309,293,234,16,True,279.0,278.93,0.263,0.0071,0.07,0.0,0.276,248.0,248.23,0.32,-0.0251,-0.23,0.0,-0.535,-17.85,-18.09,0.353,0.0242,0.24,0.13,0.55
2023-08-01,-17.649,41.18,43.6,41.7,14.7,279,248,16,False,False,Inter-Election,-308,293,234,16,True,279.0,278.93,0.263,0.008,0.07,0.0,0.276,248.0,248.2,0.32,-0.0214,-0.2,0.0,-0.492,-17.79,-18.06,0.353,0.0247,0.27,0.07,0.615
2023-08-02,-17.361,41.32,43.61,41.69,14.7,279,248,16,False,False,Inter-Election,-307,293,234,16,True,279.0,278.93,0.263,0.0089,0.07,0.0,0.276,248.0,248.2,0.263,-0.024,-0.2,0.0,-0.492,-17.68,-18.05,0.339,0.0309,0.37,0.78,0.813
2023-08-03,-16.962,41.52,43.62,41.68,14.69,280,248,15,False,False,Inter-Election,-306,293,234,16,True,279.14,278.97,0.32,0.0162,0.17,1.0,0.532,248.0,248.2,0.263,-0.0267,-0.2,0.0,-0.492,-17.49,-18.01,0.336,0.0366,0.52,0.63,1.051
2023-08-04,-16.797,41.6,43.63,41.68,14.69,280,248,15,False,False,Inter-Election,-305,293,234,16,True,279.29,279.0,0.32,0.0231,0.29,1.0,0.781,248.0,248.2,0.263,-0.0294,-0.2,0.0,-0.492,-17.38,-17.97,0.327,0.0461,0.59,0.88,1.091
2023-08-05,-17.623,41.19,43.6,41.7,14.7,279,248,16,False,False,Inter-Election,-304,293,234,16,True,279.29,279.0,0.371,0.0231,0.29,0.0,0.781,248.0,248.2,0.263,-0.032,-0.2,0.0,-0.492,-17.38,-17.95,0.349,0.0461,0.57,0.51,1.054
2023-08-06,-17.598,41.2,43.6,41.7,14.7,279,248,16,False,False,Inter-Election,-303,293,234,16,True,279.29,279.0,0.371,0.0231,0.29,0.0,0.781,248.0,248.17,0.183,-0.0278,-0.17,0.0,-0.448,-17.39,-17.92,0.343,0.0438,0.53,0.58,1.001
2023-08-07,-18.13,40.94,43.58,41.71,14.71,279,248,16,False,False,Inter-Election,-302,293,234,16,True,279.29,279.03,0.32,0.0162,0.26,0.0,0.813,248.0,248.13,0.183,-0.0231,-0.13,0.0,-0.376,-17.45,-17.89,0.347,0.0345,0.44,-0.07,0.907
2023-08-08,-19.076,40.46,43.55,41.74,14.71,278,249,16,False,False,Inter-Election,-301,293,234,16,True,279.14,279.03,0.371,0.0024,0.11,-1.0,0.344,248.14,248.13,0.263,-0.0116,0.01,1.0,0.029,-17.65,-17.88,0.39,0.0183,0.23,-0.98,0.479
2023-08-09,-18.941,40.53,43.55,41.74,14.71,279,249,15,False,False,Inter-Election,-300,293,234,16,True,279.14,279.03,0.371,0.002,0.11,0.0,0.344,248.29,248.13,0.263,-0.0,0.16,1.0,0.463,-17.88,-17.89,0.381,0.0061,0.01,-0.83,0.02
2023-08-10,-18.704,40.65,43.56,41.73,14.71,279,249,15,False,False,Inter-Election,-299,293,234,16,True,279.0,279.03,0.371,0.0016,-0.03,0.0,-0.094,248.43,248.13,0.263,0.0116,0.3,1.0,0.868,-18.12,-17.89,0.383,-0.0051,-0.23,-0.43,-0.464
2023-08-11,-18.01,40.99,43.58,41.71,14.7,279,248,16,False,False,Inter-Election,-298,293,234,16,True,278.86,279.03,0.371,0.0011,-0.17,0.0,-0.532,248.43,248.1,0.32,0.0167,0.33,0.0,1.082,-18.3,-17.88,0.4,-0.0096,-0.42,-0.42,-0.865
2023-08-12,-17.991,41.0,43.59,41.71,14.7,279,248,16,False,False,Inter-Election,-297,293,234,16,True,278.86,279.03,0.371,0.0007,-0.17,0.0,-0.532,248.43,248.1,0.263,0.0154,0.33,0.0,1.082,-18.35,-17.89,0.373,-0.0088,-0.46,-0.41,-0.95
2023-08-13,-17.996,41.0,43.58,41.71,14.7,279,248,16,False,False,Inter-Election,-296,293,234,16,True,278.86,279.03,0.371,0.0002,-0.17,0.0,-0.532,248.43,248.1,0.263,0.014,0.33,0.0,1.082,-18.41,-17.9,0.372,-0.0086,-0.51,-0.46,-1.054
2023-08-14,-17.558,41.22,43.6,41.7,14.7,279,248,16,False,False,Inter-Election,-295,293,234,16,True,278.86,279.03,0.371,-0.0002,-0.17,0.0,-0.532,248.43,248.1,0.263,0.0127,0.33,0.0,1.082,-18.33,-17.88,0.38,-0.0066,-0.45,0.2,-0.923
2023-08-15,-17.572,41.21,43.6,41.7,14.7,279,248,16,False,False,Inter-Election,-294,293,234,16,True,279.0,279.03,0.371,-0.0007,-0.03,0.0,-0.094,248.29,248.1,0.263,0.0113,0.19,0.0,0.623,-18.11,-17.88,0.379,-0.004,-0.23,0.08,-0.469
2023-08-16,-16.283,41.86,43.65,41.66,14.69,280,247,16,False,False,Inter-Election,-293,293,234,16,True,279.14,279.07,0.414,0.0053,0.07,1.0,0.192,248.0,248.07,0.32,0.0036,-0.07,-1.0,-0.192,-17.73,-17.82,0.445,0.0063,0.09,1.08,0.158
2023-08-17,-15.949,42.03,43.66,41.66,14.68,280,247,16,False,False,Inter-Election,-292,293,234,16,True,279.29,279.1,0.414,0.0109,0.19,0.0,0.472,247.71,248.03,0.32,-0.0038,-0.32,-1.0,-0.773,-17.34,-17.76,0.447,0.0191,0.42,1.01,0.631
2023-08-18,-15.943,42.03,43.66,41.66,14.68,280,247,16,False,False,Inter-Election,-291,293,234,16,True,279.43,279.13,0.414,0.016,0.3,0.0,0.691,247.57,248.0,0.32,-0.0107,-0.43,-1.0,-0.945,-17.04,-17.69,0.439,0.0283,0.65,0.85,0.879
2023-08-19,-16.136,41.93,43.65,41.66,14.69,280,247,16,False,False,Inter-Election,-290,293,234,16,True,279.57,279.17,0.414,0.0207,0.4,1.0,0.867,247.43,247.97,0.32,-0.0171,-0.54,-1.0,-1.102,-16.78,-17.64,0.432,0.039,0.86,1.49,1.086
2023-08-20,-15.748,42.13,43.67,41.65,14.68,280,247,16,False,False,Inter-Election,-289,293,234,16,True,279.71,279.2,0.414,0.0249,0.51,1.0,1.053,247.29,247.93,0.32,-0.0231,-0.64,-1.0,-1.229,-16.46,-17.58,0.435,0.051,1.12,1.85,1.296
2023-08-21,-15.926,42.04,43.66,41.65,14.68,280,247,16,False,False,Inter-Election,-288,293,234,16,True,279.86,279.23,0.414,0.0287,0.63,1.0,1.25,247.14,247.9,0.32,-0.0287,-0.76,-1.0,-1.388,-16.22,-17.5,0.427,0.0578,1.28,2.2,1.409
2023-08-22,-16.142,41.93,43.65,41.66,14.69,280,247,16,False,False,Inter-Election,-287,293,234,16,True,280.0,279.27,0.414,0.032,0.73,2.0,1.402,247.0,247.87,0.32,-0.0338,-0.87,-2.0,-1.523,-16.02,-17.44,0.429,0.062,1.42,2.93,1.524
2023-08-23,-15.591,42.2,43.67,41.65,14.68,280,247,16,False,False,Inter-Election,-286,293,234,16,True,280.0,279.3,0.414,0.0349,0.7,1.0,1.308,247.0,247.83,0.32,-0.0385,-0.83,-2.0,-1.402,-15.92,-17.35,0.438,0.0696,1.43,3.35,1.455
2023-08-24,-15.077,42.46,43.69,41.63,14.68,281,247,15,False,False,Inter-Election,-285,293,234,16,True,280.14,279.37,0.45,0.0438,0.77,2.0,1.252,247.0,247.8,0.32,-0.0427,-0.8,-2.0,-1.311,-15.79,-17.25,0.445,0.0791,1.46,3.63,1.383
2023-08-25,-15.031,42.48,43.69,41.63,14.68,281,247,15,False,False,Inter-Election,-284,293,234,16,True,280.29,279.43,0.45,0.0518,0.86,2.0,1.267,247.0,247.77,0.32,-0.0465,-0.77,-1.0,-1.23,-15.66,-17.15,0.444,0.0876,1.49,2.98,1.333
2023-08-26,-15.068,42.47,43.69,41.63,14.68,281,247,15,False,False,Inter-Election,-283,293,234,16,True,280.43,279.5,0.45,0.059,0.93,2.0,1.272,247.0,247.73,0.32,-0.0498,-0.73,-1.0,-1.141,-15.51,-17.04,0.442,0.0932,1.53,2.92,1.32
2023-08-27,-15.055,42.47,43.69,41.63,14.68,281,247,15,False,False,Inter-Election,-282,293,234,16,True,280.57,279.57,0.45,0.0652,1.0,2.0,1.292,247.0,247.7,0.32,-0.0527,-0.7,-1.0,-1.075,-15.41,-16.96,0.429,0.1023,1.55,2.94,1.282
2023-08-28,-15.155,42.42,43.69,41.63,14.68,281,247,15,False,False,Inter-Election,-281,293,234,16,True,280.71,279.63,0.45,0.0705,1.08,2.0,1.335,247.0,247.67,0.32,-0.0552,-0.67,-1.0,-1.014,-15.3,-16.88,0.43,0.1097,1.58,2.4,1.267
2023-08-29,-14.714,42.64,43.71,41.62,14.67,281,247,15,False,False,Inter-Election,-280,293,234,16,True,280.86,279.7,0.45,0.075,1.16,2.0,1.386,247.0,247.63,0.32,-0.0572,-0.63,-1.0,-0.942,-15.1,-16.78,0.435,0.1191,1.68,2.86,1.292
2023-08-30,-15.227,42.39,43.69,41.64,14.68,281,247,15,False,False,Inter-Election,-279,293,234,16,True,281.0,279.77,0.45,0.0785,1.23,1.0,1.433,247.0,247.6,0.32,-0.0587,-0.6,0.0,-0.889,-15.05,-16.7,0.445,0.1224,1.65,1.06,1.253
2023-08-31,-15.21,42.4,43.69,41.64,14.68,281,247,15,False,False,Inter-Election,-278,293,234,16,True,281.0,279.83,0.45,0.0812,1.17,1.0,1.338,247.0,247.57,0.32,-0.0598,-0.57,0.0,-0.84,-15.07,-16.62,0.446,0.1255,1.55,0.74,1.164
2023-09-01,-15.046,42.48,43.69,41.63,14.68,281,247,15,False,False,Inter-Election,-277,293,234,16,True,281.0,279.9,0.45,0.083,1.1,1.0,1.243,247.0,247.53,0.32,-0.0605,-0.53,0.0,-0.778,-15.07,-16.54,0.444,0.1305,1.47,0.9,1.085
2023-09-02,-14.869,42.57,43.7,41.63,14.67,281,247,15,False,False,Inter-Election,-276,293,234,16,True,281.0,279.93,0.414,0.0908,1.07,1.0,1.179,247.0,247.5,0.32,-0.0607,-0.5,0.0,-0.733,-15.04,-16.47,0.441,0.1384,1.43,1.27,1.032
2023-09-03,-14.962,42.52,43.7,41.63,14.67,281,247,15,False,False,Inter-Election,-275,293,234,16,True,281.0,279.97,0.414,0.0981,1.03,1.0,1.11,247.0,247.47,0.32,-0.0605,-0.47,0.0,-0.69,-15.03,-16.41,0.441,0.1459,1.38,0.79,0.978
2023-09-04,-15.124,42.44,43.69,41.63,14.68,281,247,15,False,False,Inter-Election,-274,293,234,16,True,281.0,280.03,0.365,0.0981,0.97,1.0,1.045,247.0,247.43,0.32,-0.0598,-0.43,0.0,-0.633,-15.02,-16.33,0.411,0.1459,1.31,0.8,0.929
2023-09-05,-16.077,41.96,43.66,41.66,14.69,280,247,16,False,False,Inter-Election,-273,293,234,16,True,280.86,280.07,0.414,0.0908,0.79,0.0,0.871,247.0,247.4,0.32,-0.0587,-0.4,0.0,-0.593,-15.22,-16.28,0.452,0.1387,1.06,0.06,0.762
2023-09-06,-16.024,41.99,43.66,41.66,14.69,280,247,16,False,False,Inter-Election,-272,293,234,16,True,280.71,280.1,0.414,0.083,0.61,0.0,0.689,247.0,247.37,0.32,-0.0572,-0.37,0.0,-0.553,-15.33,-16.21,0.439,0.1276,0.88,-0.43,0.654
2023-09-07,-16.077,41.96,43.66,41.66,14.69,280,247,16,False,False,Inter-Election,-271,293,234,16,True,280.57,280.17,0.365,0.0679,0.4,-1.0,0.505,247.0,247.3,0.254,-0.0483,-0.3,0.0,-0.503,-15.45,-16.11,0.395,0.1086,0.66,-1.0,0.535
2023-09-08,-15.861,42.07,43.66,41.65,14.68,280,247,16,False,False,Inter-Election,-270,293,234,16,True,280.43,280.2,0.32,0.0587,0.23,-1.0,0.302,247.0,247.23,0.254,-0.0385,-0.23,0.0,-0.456,-15.57,-16.0,0.396,0.0907,0.43,-0.83,0.387
2023-09-09,-15.853,42.07,43.66,41.65,14.68,280,247,16,False,False,Inter-Election,-269,293,234,16,True,280.29,280.23,0.32,0.0492,0.06,-1.0,0.082,247.0,247.17,0.254,-0.0278,-0.17,0.0,-0.448,-15.71,-15.91,0.395,0.073,0.2,-0.79,0.203
2023-09-10,-15.798,42.1,43.67,41.65,14.68,280,247,16,False,False,Inter-Election,-268,293,234,16,True,280.14,280.27,0.32,0.0392,-0.13,-1.0,-0.188,247.0,247.13,0.183,-0.0231,-0.13,0.0,-0.376,-15.83,-15.84,0.379,0.0592,0.01,-0.74,0.011
2023-09-11,-15.686,42.16,43.67,41.65,14.68,280,247,16,False,False,Inter-Election,-267,293,234,16,True,280.0,280.3,0.32,0.0287,-0.3,-1.0,-0.461,247.0,247.1,0.183,-0.018,-0.1,0.0,-0.328,-15.91,-15.76,0.379,0.0453,-0.15,-0.53,-0.186
2023-09-12,-15.594,42.2,43.67,41.65,14.68,280,247,16,False,False,Inter-Election,-266,293,234,16,True,280.0,280.33,0.32,0.0178,-0.33,-1.0,-0.544,247.0,247.07,0.183,-0.0125,-0.07,0.0,-0.276,-15.84,-15.68,0.379,0.031,-0.16,-0.88,-0.233
2023-09-13,-15.225,42.39,43.69,41.64,14.68,281,247,15,False,False,Inter-Election,-265,293,234,16,True,280.14,280.4,0.365,0.0129,-0.26,0.0,-0.462,247.0,247.03,0.183,-0.0065,-0.03,0.0,-0.164,-15.73,-15.6,0.377,0.0209,-0.13,0.0,-0.219
2023-09-14,-15.197,42.4,43.69,41.64,14.68,281,247,15,False,False,Inter-Election,-264,293,234,16,True,280.29,280.47,0.365,0.0071,-0.18,0.0,-0.355,247.0,247.0,0.183,-0.0,0.0,0.0,,-15.6,-15.52,0.376,0.0099,-0.08,0.01,-0.172
2023-09-15,-15.216,42.39,43.69,41.64,14.68,281,247,15,False,False,Inter-Election,-263,293,234,16,True,280.43,280.5,0.32,0.0073,-0.07,0.0,-0.138,247.0,247.0,0.0,-0.0,0.0,0.0,,-15.51,-15.49,0.299,0.0067,-0.02,-0.17,-0.045
2023-09-16,-15.091,42.45,43.69,41.63,14.68,281,247,15,False,False,Inter-Election,-262,293,234,16,True,280.57,280.53,0.32,0.0071,0.04,0.0,0.079,247.0,247.0,0.0,-0.0,0.0,0.0,,-15.4,-15.46,0.294,0.006,0.06,-0.22,0.136
2023-09-17,-15.109,42.45,43.69,41.63,14.68,281,247,15,False,False,Inter-Election,-261,293,234,16,True,280.71,280.57,0.32,0.0065,0.14,0.0,0.278,247.0,247.0,0.0,-0.0,0.0,0.0,,-15.3,-15.43,0.294,0.0049,0.13,-0.15,0.298
2023-09-18,-15.779,42.11,43.67,41.65,14.68,280,247,16,False,False,Inter-Election,-260,293,234,16,True,280.71,280.57,0.371,-0.0011,0.14,-1.0,0.278,247.0,247.0,0.0,-0.0,0.0,0.0,,-15.32,-15.42,0.319,-0.0022,0.1,-0.65,0.237
2023-09-19,-15.658,42.17,43.67,41.65,14.68,280,247,16,False,False,Inter-Election,-259,293,234,16,True,280.71,280.57,0.371,-0.0087,0.14,0.0,0.278,247.0,247.0,0.0,-0.0,0.0,0.0,,-15.32,-15.41,0.311,-0.006,0.09,0.42,0.215
2023-09-20,-15.565,42.22,43.67,41.65,14.68,280,247,16,False,False,Inter-Election,-258,293,234,16,True,280.57,280.57,0.371,-0.0162,0.0,0.0,0.0,247.0,247.0,0.0,-0.0,0.0,0.0,,-15.37,-15.4,0.31,-0.0105,0.03,0.46,0.073
2023-09-21,-14.811,42.59,43.7,41.62,14.67,281,247,15,False,False,Inter-Election,-257,293,234,16,True,280.57,280.6,0.414,-0.0174,-0.03,1.0,-0.06,247.0,247.0,0.0,-0.0,0.0,0.0,,-15.32,-15.36,0.335,-0.0118,0.04,1.27,0.1
2023-09-22,-14.517,42.74,43.71,41.62,14.67,281,247,15,False,False,Inter-Election,-256,293,234,16,True,280.57,280.63,0.414,-0.0189,-0.06,1.0,-0.122,247.0,247.0,0.0,-0.0,0.0,0.0,,-15.22,-15.32,0.325,-0.008,0.1,1.34,0.236
2023-09-23,-14.791,42.6,43.7,41.62,14.67,281,247,15,False,False,Inter-Election,-255,293,234,16,True,280.57,280.63,0.371,-0.014,-0.06,1.0,-0.122,247.0,247.0,0.0,-0.0,0.0,0.0,,-15.18,-15.31,0.316,-0.0029,0.13,1.06,0.3
2023-09-24,-14.79,42.6,43.7,41.62,14.67,281,247,15,False,False,Inter-Election,-254,293,234,16,True,280.57,280.63,0.371,-0.0091,-0.06,1.0,-0.122,247.0,247.0,0.0,-0.0,0.0,0.0,,-15.13,-15.3,0.316,0.0025,0.17,1.01,0.386
2023-09-25,-14.782,42.61,43.7,41.62,14.67,281,247,15,False,False,Inter-Election,-253,293,234,16,True,280.71,280.63,0.371,-0.0042,0.08,1.0,0.163,247.0,247.0,0.0,-0.0,0.0,0.0,,-14.99,-15.3,0.316,0.0075,0.31,0.9,0.691
2023-09-26,-15.087,42.46,43.69,41.63,14.68,281,247,15,False,False,Inter-Election,-252,293,234,16,True,280.86,280.63,0.371,0.0007,0.23,1.0,0.469,247.0,247.0,0.0,-0.0,0.0,0.0,,-14.91,-15.3,0.321,0.0105,0.39,0.51,0.87
2023-09-27,-15.529,42.24,43.68,41.64,14.68,280,247,16,False,False,Inter-Election,-251,293,234,16,True,280.86,280.6,0.414,-0.0009,0.26,-1.0,0.522,247.0,247.0,0.0,-0.0,0.0,0.0,,-14.9,-15.31,0.331,0.0099,0.41,-0.3,0.913
2023-09-28,-15.563,42.22,43.67,41.65,14.68,280,247,16,False,False,Inter-Election,-250,293,234,16,True,280.71,280.57,0.414,-0.002,0.14,-1.0,0.278,247.0,247.0,0.0,-0.0,0.0,0.0,,-15.01,-15.34,0.32,0.0124,0.33,-0.37,0.755
2023-09-29,-15.743,42.13,43.67,41.65,14.68,280,247,16,False,False,Inter-Election,-249,293,234,16,True,280.57,280.53,0.414,-0.0027,0.04,-1.0,0.079,247.0,247.0,0.0,-0.0,0.0,0.0,,-15.18,-15.35,0.308,0.0106,0.17,-0.53,0.384
2023-09-30,-15.63,42.18,43.67,41.65,14.68,280,247,16,False,False,Inter-Election,-248,293,234,16,True,280.43,280.5,0.414,-0.0029,-0.07,-1.0,-0.138,247.0,247.0,0.0,-0.0,0.0,0.0,,-15.3,-15.37,0.309,0.0098,0.07,-0.54,0.157
2023-10-01,-15.723,42.14,43.67,41.65,14.68,280,247,16,False,False,Inter-Election,-247,293,234,16,True,280.29,280.47,0.414,-0.0027,-0.18,-1.0,-0.355,247.0,247.0,0.0,-0.0,0.0,0.0,,-15.44,-15.39,0.307,0.0097,-0.05,-0.61,-0.112
2023-10-02,-15.545,42.23,43.67,41.64,14.68,280,247,16,False,False,Inter-Election,-246,293,234,16,True,280.14,280.43,0.414,-0.002,-0.29,0.0,-0.575,247.0,247.0,0.0,-0.0,0.0,0.0,,-15.55,-15.41,0.307,0.0123,-0.14,0.23,-0.322
2023-10-03,-15.573,42.21,43.67,41.65,14.68,280,247,16,False,False,Inter-Election,-245,293,234,16,True,280.0,280.4,0.414,-0.0009,-0.4,0.0,-0.803,247.0,247.0,0.0,-0.0,0.0,0.0,,-15.62,-15.43,0.307,0.0144,-0.19,0.08,-0.445
2023-10-04,-15.372,42.31,43.68,41.64,14.68,280,247,16,False,False,Inter-Election,-244,293,234,16,True,280.0,280.37,0.414,0.0007,-0.37,0.0,-0.755,247.0,247.0,0.0,-0.0,0.0,0.0,,-15.59,-15.44,0.308,0.0169,-0.15,0.19,-0.355
2023-10-05,-15.465,42.27,43.68,41.64,14.68,280,247,16,False,False,Inter-Election,-243,293,234,16,True,280.0,280.37,0.371,-0.0042,-0.37,-1.0,-0.755,247.0,247.0,0.0,-0.0,0.0,0.0,,-15.58,-15.42,0.252,0.0124,-0.16,-0.65,-0.394
2023-10-06,-15.544,42.23,43.67,41.64,14.68,280,247,16,False,False,Inter-Election,-242,293,234,16,True,280.0,280.37,0.371,-0.0091,-0.37,-1.0,-0.755,247.0,247.0,0.0,-0.0,0.0,0.0,,-15.55,-15.41,0.253,0.0075,-0.14,-1.03,-0.359
2023-10-07,-15.65,42.17,43.67,41.65,14.68,280,247,16,False,False,Inter-Election,-241,293,234,16,True,280.0,280.37,0.371,-0.014,-0.37,-1.0,-0.755,247.0,247.0,0.0,-0.0,0.0,0.0,,-15.55,-15.39,0.253,0.0013,-0.16,-0.86,-0.43
2023-10-08,-15.529,42.24,43.68,41.64,14.68,280,247,16,False,False,Inter-Election,-240,293,234,16,True,280.0,280.37,0.371,-0.0189,-0.37,-1.0,-0.755,247.0,247.0,0.0,-0.0,0.0,0.0,,-15.53,-15.38,0.251,-0.0029,-0.15,-0.74,-0.413
2023-10-09,-15.795,42.1,43.67,41.65,14.68,280,247,16,False,False,Inter-Election,-239,293,234,16,True,280.0,280.37,0.371,-0.0238,-0.37,-1.0,-0.755,247.0,247.0,0.0,-0.0,0.0,0.0,,-15.56,-15.38,0.256,-0.0088,-0.18,-1.01,-0.499
2023-10-10,-15.498,42.25,43.68,41.64,14.68,280,247,16,False,False,Inter-Election,-238,293,234,16,True,280.0,280.37,0.371,-0.0287,-0.37,-1.0,-0.755,247.0,247.0,0.0,-0.0,0.0,0.0,,-15.55,-15.37,0.262,-0.0125,-0.18,-0.41,-0.511
2023-10-11,-15.484,42.26,43.68,41.64,14.68,280,247,16,False,False,Inter-Election,-237,293,234,16,True,280.0,280.37,0.371,-0.0336,-0.37,0.0,-0.755,247.0,247.0,0.0,-0.0,0.0,0.0,,-15.57,-15.36,0.261,-0.0154,-0.21,0.04,-0.603
2023-10-12,-15.539,42.23,43.68,41.64,14.68,280,247,16,False,False,Inter-Election,-236,293,234,16,True,280.0,280.37,0.371,-0.0385,-0.37,0.0,-0.755,247.0,247.0,0.0,-0.0,0.0,0.0,,-15.58,-15.36,0.261,-0.0181,-0.22,0.02,-0.634
2023-10-13,-15.502,42.25,43.68,41.64,14.68,280,247,16,False,False,Inter-Election,-235,293,234,16,True,280.0,280.33,0.32,-0.0365,-0.33,0.0,-0.688,247.0,247.0,0.0,-0.0,0.0,0.0,,-15.57,-15.37,0.252,-0.0181,-0.2,0.24,-0.577
2023-10-14,-15.518,42.24,43.68,41.64,14.68,280,247,16,False,False,Inter-Election,-234,293,234,16,True,280.0,280.3,0.32,-0.034,-0.3,0.0,-0.644,247.0,247.0,0.0,-0.0,0.0,0.0,,-15.55,-15.38,0.252,-0.0179,-0.17,0.11,-0.491
2023-10-15,-15.498,42.25,43.68,41.64,14.68,280,247,16,False,False,Inter-Election,-233,293,234,16,True,280.0,280.27,0.32,-0.0311,-0.27,0.0,-0.6,247.0,247.0,0.0,-0.0,0.0,0.0,,-15.55,-15.39,0.252,-0.0175,-0.16,0.23,-0.463
2023-10-16,-15.471,42.26,43.68,41.64,14.68,280,247,16,False,False,Inter-Election,-232,293,234,16,True,280.0,280.23,0.32,-0.0278,-0.23,0.0,-0.535,247.0,247.0,0.0,-0.0,0.0,0.0,,-15.5,-15.4,0.25,-0.016,-0.1,0.07,-0.293
2023-10-17,-15.614,42.19,43.67,41.65,14.68,280,247,16,False,False,Inter-Election,-231,293,234,16,True,280.0,280.2,0.32,-0.024,-0.2,0.0,-0.492,247.0,247.0,0.0,-0.0,0.0,0.0,,-15.52,-15.42,0.252,-0.0153,-0.1,-0.04,-0.295
2023-10-18,-15.554,42.22,43.67,41.64,14.68,280,247,16,False,False,Inter-Election,-230,293,234,16,True,280.0,280.2,0.263,-0.0267,-0.2,0.0,-0.492,247.0,247.0,0.0,-0.0,0.0,0.0,,-15.53,-15.41,0.22,-0.0187,-0.12,-0.18,-0.36
2023-10-19,-15.491,42.25,43.68,41.64,14.68,280,247,16,False,False,Inter-Election,-229,293,234,16,True,280.0,280.2,0.263,-0.0294,-0.2,0.0,-0.492,247.0,247.0,0.0,-0.0,0.0,0.0,,-15.52,-15.41,0.219,-0.0209,-0.11,-0.03,-0.333
2023-10-20,-15.43,42.28,43.68,41.64,14.68,280,247,16,False,False,Inter-Election,-228,293,234,16,True,280.0,280.2,0.263,-0.032,-0.2,0.0,-0.492,247.0,247.0,0.0,-0.0,0.0,0.0,,-15.51,-15.4,0.218,-0.0222,-0.11,0.11,-0.335
2023-10-21,-16.967,41.52,43.62,41.68,14.69,280,248,15,False,False,Inter-Election,-227,293,234,16,True,280.0,280.17,0.183,-0.0278,-0.17,0.0,-0.448,247.14,247.03,0.183,0.0065,0.11,1.0,0.602,-15.72,-15.47,0.323,-0.0282,-0.25,-1.32,-0.597
2023-10-22,-16.925,41.54,43.62,41.68,14.69,280,248,15,False,False,Inter-Election,-226,293,234,16,True,280.0,280.13,0.183,-0.0231,-0.13,0.0,-0.376,247.29,247.07,0.183,0.0125,0.22,1.0,0.867,-15.92,-15.55,0.316,-0.031,-0.37,-1.4,-0.808
2023-10-23,-16.739,41.63,43.63,41.68,14.69,280,248,15,False,False,Inter-Election,-225,293,234,16,True,280.0,280.1,0.183,-0.018,-0.1,0.0,-0.328,247.43,247.1,0.183,0.018,0.33,1.0,1.082,-16.1,-15.62,0.318,-0.0334,-0.48,-0.94,-0.993
2023-10-24,-16.86,41.57,43.63,41.68,14.69,280,248,15,False,False,Inter-Election,-224,293,234,16,True,280.0,280.07,0.183,-0.0125,-0.07,0.0,-0.276,247.57,247.13,0.183,0.0231,0.44,1.0,1.273,-16.28,-15.69,0.318,-0.0357,-0.59,-1.36,-1.161
2023-10-25,-16.931,41.53,43.62,41.68,14.69,280,248,15,False,False,Inter-Election,-223,293,234,16,True,280.0,280.03,0.183,-0.0065,-0.03,0.0,-0.164,247.71,247.17,0.183,0.0278,0.54,1.0,1.425,-16.48,-15.76,0.317,-0.0374,-0.72,-1.45,-1.365
2023-10-26,-16.742,41.63,43.63,41.68,14.69,280,248,15,False,False,Inter-Election,-222,293,234,16,True,280.0,280.0,0.183,-0.0,0.0,0.0,0.0,247.86,247.2,0.183,0.032,0.66,1.0,1.622,-16.66,-15.81,0.318,-0.0391,-0.85,-1.2,-1.571
2023-10-27,-16.942,41.53,43.62,41.68,14.69,280,248,15,False,False,Inter-Election,-221,293,234,16,True,280.0,280.0,0.0,-0.0,0.0,0.0,0.0,248.0,247.23,0.183,0.0358,0.77,1.0,1.79,-16.87,-15.86,0.31,-0.0445,-1.01,-1.44,-1.754
2023-10-28,-17.303,41.35,43.61,41.69,14.7,279,248,16,False,False,Inter-Election,-220,293,234,16,True,279.86,279.97,0.183,-0.0065,-0.11,-1.0,-0.602,248.0,247.27,0.183,0.0392,0.73,1.0,1.623,-16.92,-15.92,0.316,-0.0517,-1.0,-1.78,-1.588
2023-10-29,-17.49,41.26,43.6,41.7,14.7,279,248,16,False,False,Inter-Election,-219,293,234,16,True,279.71,279.93,0.183,-0.0125,-0.22,-1.0,-0.867,248.0,247.3,0.183,0.042,0.7,1.0,1.502,-17.0,-15.98,0.316,-0.0606,-1.02,-1.99,-1.477
2023-10-30,-17.423,41.29,43.61,41.7,14.7,279,248,16,False,False,Inter-Election,-218,293,234,16,True,279.57,279.9,0.183,-0.018,-0.33,-1.0,-1.082,248.0,247.33,0.183,0.0445,0.67,1.0,1.397,-17.1,-16.04,0.315,-0.0675,-1.06,-1.95,-1.441
2023-10-31,-17.212,41.39,43.61,41.69,14.7,279,248,16,False,False,Inter-Election,-217,293,234,16,True,279.43,279.87,0.183,-0.0231,-0.44,-1.0,-1.273,248.0,247.37,0.183,0.0465,0.63,1.0,1.285,-17.15,-16.09,0.319,-0.073,-1.06,-1.6,-1.388
2023-11-01,-17.76,41.12,43.59,41.7,14.7,279,248,16,False,False,Inter-Election,-216,293,234,16,True,279.29,279.83,0.183,-0.0278,-0.54,-1.0,-1.425,248.0,247.4,0.183,0.0481,0.6,1.0,1.204,-17.27,-16.16,0.328,-0.08,-1.11,-2.21,-1.362
2023-11-02,-19.12,40.44,43.54,41.74,14.71,278,249,16,False,False,Inter-Election,-215,293,234,16,True,279.0,279.77,0.254,-0.0385,-0.77,-2.0,-1.528,248.14,247.47,0.254,0.0556,0.67,2.0,1.173,-17.61,-16.28,0.403,-0.0951,-1.33,-3.63,-1.372
2023-11-03,-19.137,40.43,43.54,41.74,14.71,278,249,16,False,False,Inter-Election,-214,293,234,16,True,278.71,279.7,0.254,-0.0483,-0.99,-2.0,-1.661,248.29,247.53,0.254,0.0623,0.76,2.0,1.209,-17.92,-16.4,0.399,-0.1072,-1.52,-3.71,-1.401
2023-11-04,-19.114,40.44,43.54,41.74,14.71,278,249,16,False,False,Inter-Election,-213,293,234,16,True,278.57,279.63,0.254,-0.0572,-1.06,-2.0,-1.585,248.43,247.6,0.254,0.0681,0.83,1.0,1.23,-18.18,-16.53,0.4,-0.1182,-1.65,-2.15,-1.403
2023-11-05,-19.124,40.44,43.54,41.74,14.71,278,249,16,False,False,Inter-Election,-212,293,234,16,True,278.43,279.57,0.254,-0.0652,-1.14,-2.0,-1.566,248.57,247.67,0.254,0.073,0.9,1.0,1.266,-18.41,-16.65,0.401,-0.1282,-1.76,-2.2,-1.405
2023-11-06,-19.315,40.34,43.54,41.75,14.72,278,249,16,False,False,Inter-Election,-211,293,234,16,True,278.29,279.5,0.254,-0.0723,-1.21,-2.0,-1.558,248.71,247.73,0.254,0.077,0.98,1.0,1.325,-18.68,-16.77,0.401,-0.1386,-1.91,-2.58,-1.438
2023-11-07,-18.642,40.68,43.56,41.73,14.71,279,249,15,False,False,Inter-Election,-210,293,234,16,True,278.29,279.47,0.32,-0.0721,-1.18,-1.0,-1.52,248.86,247.8,0.254,0.0801,1.06,1.0,1.393,-18.89,-16.87,0.424,-0.1421,-2.02,-1.78,-1.497
2023-11-08,-19.223,40.39,43.54,41.74,14.72,278,249,16,False,False,Inter-Election,-209,293,234,16,True,278.14,279.4,0.365,-0.0779,-1.26,-2.0,-1.549,249.0,247.87,0.254,0.0823,1.13,1.0,1.456,-19.1,-16.99,0.432,-0.1499,-2.11,-2.29,-1.508
2023-11-09,-19.4,40.3,43.53,41.75,14.72,278,249,16,False,False,Inter-Election,-208,293,234,16,True,278.14,279.33,0.365,-0.0828,-1.19,-2.0,-1.41,249.0,247.93,0.254,0.0836,1.07,1.0,1.363,-19.14,-17.12,0.425,-0.1552,-2.02,-2.66,-1.405
2023-11-10,-19.208,40.4,43.54,41.74,14.72,278,249,16,False,False,Inter-Election,-207,293,234,16,True,278.14,279.27,0.365,-0.0868,-1.13,-2.0,-1.301,249.0,248.0,0.254,0.0841,1.0,1.0,1.269,-19.15,-17.24,0.429,-0.1575,-1.91,-2.27,-1.315
2023-11-11,-19.445,40.28,43.53,41.75,14.72,278,249,16,False,False,Inter-Election,-206,293,234,16,True,278.14,279.2,0.365,-0.0899,-1.06,-1.0,-1.195,249.0,248.07,0.254,0.0836,0.93,1.0,1.185,-19.19,-17.37,0.429,-0.1599,-1.82,-2.14,-1.238
2023-11-12,-19.682,40.16,43.52,41.76,14.72,278,249,16,False,False,Inter-Election,-205,293,234,16,True,278.14,279.13,0.365,-0.0921,-0.99,-1.0,-1.101,249.0,248.13,0.254,0.0823,0.87,1.0,1.121,-19.27,-17.51,0.428,-0.162,-1.76,-2.19,-1.186
2023-11-13,-19.255,40.37,43.54,41.75,14.72,278,249,16,False,False,Inter-Election,-204,293,234,16,True,278.14,279.07,0.365,-0.0934,-0.93,-1.0,-1.025,249.0,248.2,0.254,0.0801,0.8,1.0,1.051,-19.26,-17.63,0.44,-0.1595,-1.63,-1.83,-1.11
2023-11-14,-19.579,40.21,43.53,41.75,14.72,278,249,16,False,False,Inter-Election,-203,293,234,16,True,278.0,279.0,0.365,-0.0939,-1.0,-1.0,-1.099,249.0,248.27,0.254,0.077,0.73,1.0,0.987,-19.4,-17.77,0.441,-0.1573,-1.63,-2.37,-1.122
2023-11-15,-19.771,40.11,43.52,41.76,14.72,278,249,16,False,False,Inter-Election,-202,293,234,16,True,278.0,278.93,0.365,-0.0934,-0.93,-1.0,-1.025,249.0,248.33,0.254,0.073,0.67,1.0,0.942,-19.48,-17.91,0.44,-0.1544,-1.57,-2.01,-1.098
2023-11-16,-19.758,40.12,43.52,41.76,14.72,278,249,16,False,False,Inter-Election,-201,293,234,16,True,278.0,278.87,0.365,-0.0921,-0.87,0.0,-0.967,249.0,248.4,0.254,0.0681,0.6,0.0,0.889,-19.53,-18.05,0.441,-0.1504,-1.48,-0.64,-1.057
2023-11-17,-19.765,40.12,43.52,41.76,14.72,278,249,16,False,False,Inter-Election,-200,293,234,16,True,278.0,278.8,0.365,-0.0899,-0.8,0.0,-0.902,249.0,248.47,0.254,0.0623,0.53,0.0,0.843,-19.61,-18.19,0.44,-0.1443,-1.42,-0.63,-1.051
2023-11-18,-19.523,40.24,43.53,41.75,14.72,278,249,16,False,False,Inter-Election,-199,293,234,16,True,278.0,278.73,0.365,-0.0868,-0.73,0.0,-0.841,249.0,248.53,0.254,0.0556,0.47,0.0,0.823,-19.62,-18.33,0.444,-0.1342,-1.29,-0.41,-1.015
2023-11-19,-19.669,40.17,43.52,41.76,14.72,278,249,16,False,False,Inter-Election,-198,293,234,16,True,278.0,278.67,0.365,-0.0828,-0.67,0.0,-0.794,249.0,248.6,0.254,0.0481,0.4,0.0,0.803,-19.62,-18.47,0.442,-0.1229,-1.15,-0.55,-0.983
2023-11-20,-19.389,40.31,43.53,41.75,14.72,278,249,16,False,False,Inter-Election,-197,293,234,16,True,278.0,278.6,0.365,-0.0779,-0.6,0.0,-0.737,249.0,248.63,0.183,0.0465,0.37,0.0,0.755,-19.64,-18.55,0.362,-0.1185,-1.09,-0.07,-0.951
2023-11-21,-19.351,40.32,43.54,41.75,14.72,278,249,16,False,False,Inter-Election,-196,293,234,16,True,278.0,278.53,0.365,-0.0721,-0.53,-1.0,-0.683,249.0,248.67,0.183,0.0445,0.33,0.0,0.688,-19.6,-18.63,0.362,-0.1125,-0.97,-0.71,-0.872
2023-11-22,-19.37,40.31,43.53,41.75,14.72,278,249,16,False,False,Inter-Election,-195,293,234,16,True,278.0,278.47,0.365,-0.0654,-0.47,0.0,-0.644,249.0,248.7,0.183,0.042,0.3,0.0,0.644,-19.55,-18.72,0.358,-0.1042,-0.83,-0.15,-0.782
2023-11-23,-19.427,40.29,43.53,41.75,14.72,278,249,16,False,False,Inter-Election,-194,293,234,16,True,278.0,278.4,0.365,-0.0578,-0.4,0.0,-0.593,249.0,248.73,0.183,0.0392,0.27,0.0,0.6,-19.5,-18.8,0.358,-0.096,-0.7,-0.03,-0.694
2023-11-24,-19.383,40.31,43.53,41.75,14.72,278,249,16,False,False,Inter-Election,-193,293,234,16,True,278.0,278.33,0.365,-0.0494,-0.33,0.0,-0.544,249.0,248.77,0.183,0.0358,0.23,0.0,0.535,-19.44,-18.88,0.359,-0.0869,-0.56,-0.18,-0.59
2023-11-25,-19.329,40.34,43.54,41.75,14.72,278,249,16,False,False,Inter-Election,-192,293,234,16,True,278.0,278.27,0.365,-0.04,-0.27,0.0,-0.518,249.0,248.8,0.183,0.032,0.2,0.0,0.492,-19.42,-18.97,0.356,-0.075,-0.45,0.12,-0.522
2023-11-26,-19.424,40.29,43.53,41.75,14.72,278,249,16,False,False,Inter-Election,-191,293,234,16,True,278.0,278.2,0.365,-0.0298,-0.2,0.0,-0.492,249.0,248.83,0.183,0.0278,0.17,0.0,0.448,-19.38,-19.05,0.356,-0.0639,-0.33,0.26,-0.426
2023-11-27,-19.39,40.31,43.53,41.75,14.72,278,249,16,False,False,Inter-Election,-190,293,234,16,True,278.0,278.17,0.32,-0.0256,-0.17,0.0,-0.448,249.0,248.87,0.183,0.0231,0.13,0.0,0.376,-19.38,-19.12,0.352,-0.054,-0.26,-0.14,-0.37
2023-11-28,-19.348,40.33,43.54,41.75,14.72,278,249,16,False,False,Inter-Election,-189,293,234,16,True,278.0,278.13,0.32,-0.0209,-0.13,0.0,-0.376,249.0,248.9,0.183,0.018,0.1,0.0,0.328,-19.38,-19.18,0.352,-0.0442,-0.2,0.23,-0.316
2023-11-29,-19.329,40.34,43.54,41.75,14.72,278,249,16,False,False,Inter-Election,-188,293,234,16,True,278.0,278.1,0.32,-0.0158,-0.1,0.0,-0.328,249.0,248.93,0.183,0.0125,0.07,0.0,0.276,-19.38,-19.25,0.352,-0.033,-0.13,0.44,-0.242
2023-11-30,-19.353,40.32,43.54,41.75,14.72,278,249,16,False,False,Inter-Election,-187,293,234,16,True,278.0,278.07,0.32,-0.0102,-0.07,0.0,-0.276,249.0,248.97,0.183,0.0065,0.03,0.0,0.164,-19.37,-19.32,0.348,-0.0196,-0.05,0.4,-0.133
2023-12-01,-19.358,40.32,43.54,41.75,14.72,278,249,16,False,False,Inter-Election,-186,293,234,16,True,278.0,278.03,0.32,-0.0042,-0.03,0.0,-0.164,249.0,249.0,0.183,-0.0,0.0,0.0,0.0,-19.36,-19.37,0.336,-0.0091,0.01,0.41,0.043
2023-12-02,-19.267,40.37,43.54,41.75,14.72,278,249,16,False,False,Inter-Election,-185,293,234,16,True,278.0,278.03,0.263,-0.0047,-0.03,0.0,-0.164,249.0,249.0,0.0,-0.0,0.0,0.0,0.0,-19.35,-19.38,0.229,-0.0067,0.03,0.26,0.131
2023-12-03,-19.288,40.36,43.54,41.75,14.72,278,249,16,False,False,Inter-Election,-184,293,234,16,True,278.0,278.03,0.263,-0.0051,-0.03,0.0,-0.164,249.0,249.0,0.0,-0.0,0.0,0.0,0.0,-19.33,-19.38,0.229,-0.0044,0.05,0.38,0.222
2023-12-04,-19.299,40.35,43.54,41.75,14.72,278,249,16,False,False,Inter-Election,-183,293,234,16,True,278.0,278.03,0.263,-0.0056,-0.03,0.0,-0.164,249.0,249.0,0.0,-0.0,0.0,0.0,0.0,-19.32,-19.39,0.229,-0.0021,0.07,0.09,0.318
2023-12-05,-19.545,40.23,43.53,41.75,14.72,278,249,16,False,False,Inter-Election,-182,293,234,16,True,278.0,278.03,0.263,-0.006,-0.03,0.0,-0.164,249.0,249.0,0.0,-0.0,0.0,0.0,0.0,-19.35,-19.4,0.233,-0.0012,0.05,-0.19,0.231
2023-12-06,-19.435,40.28,43.53,41.75,14.72,278,249,16,False,False,Inter-Election,-181,293,234,16,True,278.0,278.03,0.263,-0.0065,-0.03,0.0,-0.164,249.0,249.0,0.0,-0.0,0.0,0.0,0.0,-19.36,-19.41,0.232,-0.0008,0.05,-0.06,0.232
2023-12-07,-19.269,40.37,43.54,41.75,14.72,278,249,16,False,False,Inter-Election,-180,293,234,16,True,278.0,278.0,0.183,-0.0,0.0,0.0,0.0,249.0,249.0,0.0,-0.0,0.0,0.0,0.0,-19.35,-19.43,0.196,0.0053,0.08,0.16,0.492
2023-12-08,-19.323,40.34,43.54,41.75,14.72,278,249,16,False,False,Inter-Election,-179,293,234,16,True,278.0,278.0,0.0,-0.0,0.0,0.0,0.0,249.0,249.0,0.0,-0.0,0.0,0.0,0.0,-19.35,-19.43,0.166,0.0074,0.08,0.06,0.502
2023-12-09,-19.388,40.31,43.53,41.75,14.72,278,249,16,False,False,Inter-Election,-178,293,234,16,True,278.0,278.0,0.0,-0.0,0.0,0.0,0.0,249.0,249.0,0.0,-0.0,0.0,0.0,0.0,-19.36,-19.43,0.163,0.0079,0.07,-0.06,0.439
2023-12-10,-19.401,40.3,43.53,41.75,14.72,278,249,16,False,False,Inter-Election,-177,293,234,16,True,278.0,278.0,0.0,-0.0,0.0,0.0,0.0,249.0,249.0,0.0,-0.0,0.0,0.0,0.0,-19.38,-19.44,0.159,0.0096,0.06,0.02,0.39
2023-12-11,-19.126,40.44,43.54,41.74,14.71,278,249,16,False,False,Inter-Election,-176,293,234,16,True,278.0,278.0,0.0,-0.0,0.0,0.0,0.0,249.0,249.0,0.0,-0.0,0.0,0.0,0.0,-19.36,-19.43,0.161,0.0116,0.07,0.26,0.427
2023-12-12,-18.841,40.58,43.55,41.73,14.71,279,249,15,False,False,Inter-Election,-175,293,234,16,True,278.14,278.03,0.183,0.0065,0.11,1.0,0.602,249.0,249.0,0.0,-0.0,0.0,0.0,0.0,-19.25,-19.4,0.161,0.0136,0.15,0.51,0.794
2023-12-13,-18.699,40.65,43.56,41.73,14.71,279,249,15,False,False,Inter-Election,-174,293,234,16,True,278.29,278.07,0.183,0.0125,0.22,1.0,0.867,249.0,249.0,0.0,-0.0,0.0,0.0,0.0,-19.15,-19.38,0.145,0.0191,0.23,0.63,1.014
2023-12-14,-18.885,40.56,43.55,41.74,14.71,279,249,15,False,False,Inter-Election,-173,293,234,16,True,278.43,278.1,0.183,0.018,0.33,1.0,1.082,249.0,249.0,0.0,-0.0,0.0,0.0,0.0,-19.09,-19.36,0.135,0.0209,0.27,0.47,1.121
2023-12-15,-18.869,40.57,43.55,41.73,14.71,279,249,15,False,False,Inter-Election,-172,293,234,16,True,278.57,278.13,0.183,0.0231,0.44,1.0,1.273,249.0,249.0,0.0,-0.0,0.0,0.0,0.0,-19.03,-19.33,0.129,0.0212,0.3,0.49,1.231
2023-12-16,-18.806,40.6,43.56,41.73,14.71,279,249,15,False,False,Inter-Election,-171,293,234,16,True,278.71,278.17,0.183,0.0278,0.54,1.0,1.425,249.0,249.0,0.0,-0.0,0.0,0.0,0.0,-18.95,-19.29,0.129,0.0216,0.34,0.46,1.374
2023-12-17,-18.837,40.58,43.55,41.73,14.71,279,249,15,False,False,Pre-2024 (90d),-170,293,234,16,True,278.86,278.2,0.183,0.032,0.66,1.0,1.622,249.0,249.0,0.0,-0.0,0.0,0.0,0.0,-18.87,-19.26,0.129,0.0213,0.39,0.45,1.594
2023-12-18,-19.655,40.17,43.52,41.76,14.72,278,249,16,False,False,Pre-2024 (90d),-169,293,234,16,True,278.86,278.2,0.263,0.0294,0.66,0.0,1.622,249.0,249.0,0.0,-0.0,0.0,0.0,0.0,-18.94,-19.27,0.197,0.017,0.33,-0.36,1.317
2023-12-19,-19.825,40.09,43.52,41.76,14.72,278,249,16,False,False,Pre-2024 (90d),-168,293,234,16,True,278.71,278.2,0.263,0.0267,0.51,0.0,1.254,249.0,249.0,0.0,-0.0,0.0,0.0,0.0,-19.08,-19.27,0.198,0.0107,0.19,-0.28,0.729
2023-12-20,-19.833,40.08,43.52,41.76,14.72,278,249,16,False,False,Pre-2024 (90d),-167,293,234,16,True,278.57,278.2,0.263,0.024,0.37,0.0,0.909,249.0,249.0,0.0,-0.0,0.0,0.0,0.0,-19.24,-19.29,0.19,0.0062,0.05,-0.4,0.179
2023-12-21,-19.752,40.12,43.52,41.76,14.72,278,249,16,False,False,Pre-2024 (90d),-166,293,234,16,True,278.43,278.2,0.263,0.0214,0.23,0.0,0.565,249.0,249.0,0.0,-0.0,0.0,0.0,0.0,-19.37,-19.3,0.191,0.0028,-0.07,-0.48,-0.24
2023-12-22,-19.962,40.02,43.51,41.76,14.72,278,249,16,False,False,Pre-2024 (90d),-165,293,234,16,True,278.29,278.2,0.263,0.0187,0.09,0.0,0.221,249.0,249.0,0.0,-0.0,0.0,0.0,0.0,-19.52,-19.32,0.194,-0.0019,-0.2,-0.64,-0.634
2023-12-23,-19.671,40.16,43.52,41.76,14.72,278,249,16,False,False,Pre-2024 (90d),-164,293,234,16,True,278.14,278.2,0.263,0.016,-0.06,0.0,-0.147,249.0,249.0,0.0,-0.0,0.0,0.0,0.0,-19.65,-19.33,0.202,-0.0049,-0.32,-0.28,-0.995
2023-12-24,-19.808,40.1,43.52,41.76,14.72,278,249,16,False,False,Pre-2024 (90d),-163,293,234,16,True,278.0,278.2,0.263,0.0133,-0.2,0.0,-0.492,249.0,249.0,0.0,-0.0,0.0,0.0,0.0,-19.79,-19.34,0.203,-0.0083,-0.45,-0.41,-1.351
2023-12-25,-19.721,40.14,43.52,41.76,14.72,278,249,16,False,False,Pre-2024 (90d),-162,293,234,16,True,278.0,278.2,0.263,0.0107,-0.2,0.0,-0.492,249.0,249.0,0.0,-0.0,0.0,0.0,0.0,-19.8,-19.36,0.203,-0.0107,-0.44,-0.59,-1.294
2023-12-26,-19.914,40.04,43.51,41.76,14.72,278,249,16,False,False,Pre-2024 (90d),-161,293,234,16,True,278.0,278.2,0.263,0.008,-0.2,-1.0,-0.492,249.0,249.0,0.0,-0.0,0.0,0.0,0.0,-19.81,-19.37,0.206,-0.0147,-0.44,-1.07,-1.24
2023-12-27,-19.992,40.0,43.51,41.77,14.72,278,249,16,False,False,Pre-2024 (90d),-160,293,234,16,True,278.0,278.2,0.263,0.0053,-0.2,-1.0,-0.492,249.0,249.0,0.0,-0.0,0.0,0.0,0.0,-19.83,-19.39,0.206,-0.0188,-0.44,-1.29,-1.181
2023-12-28,-20.184,39.91,43.5,41.77,14.72,278,249,16,False,False,Pre-2024 (90d),-159,293,234,16,True,278.0,278.2,0.263,0.0027,-0.2,-1.0,-0.492,249.0,249.0,0.0,-0.0,0.0,0.0,0.0,-19.89,-19.42,0.208,-0.0236,-0.47,-1.3,-1.177
2023-12-29,-20.063,39.97,43.51,41.77,14.72,278,249,16,False,False,Pre-2024 (90d),-158,293,234,16,True,278.0,278.2,0.263,-0.0,-0.2,-1.0,-0.492,249.0,249.0,0.0,-0.0,0.0,0.0,0.0,-19.91,-19.45,0.209,-0.0271,-0.46,-1.19,-1.107
2023-12-30,-20.199,39.9,43.5,41.77,14.72,278,249,16,False,False,Pre-2024 (90d),-157,293,234,16,True,278.0,278.2,0.263,-0.0027,-0.2,-1.0,-0.492,249.0,249.0,0.0,-0.0,0.0,0.0,0.0,-19.98,-19.47,0.21,-0.0314,-0.51,-1.39,-1.167
2023-12-31,-20.119,39.94,43.51,41.77,14.72,278,249,16,False,False,Pre-2024 (90d),-156,293,234,16,True,278.0,278.2,0.263,-0.0053,-0.2,-1.0,-0.492,249.0,249.0,0.0,-0.0,0.0,0.0,0.0,-20.03,-19.5,0.211,-0.0347,-0.53,-1.28,-1.172
2024-01-01,-20.148,39.93,43.51,41.77,14.72,278,249,16,False,False,Pre-2024 (90d),-155,293,234,16,True,278.0,278.2,0.263,-0.008,-0.2,0.0,-0.492,249.0,249.0,0.0,-0.0,0.0,0.0,0.0,-20.09,-19.53,0.21,-0.0373,-0.56,-0.49,-1.205
2024-01-02,-20.002,40.0,43.51,41.77,14.72,278,249,16,False,False,Pre-2024 (90d),-154,293,234,16,True,278.0,278.2,0.263,-0.0107,-0.2,0.0,-0.492,249.0,249.0,0.0,-0.0,0.0,0.0,0.0,-20.1,-19.55,0.212,-0.0387,-0.55,-0.18,-1.169
2024-01-03,-19.897,40.05,43.52,41.76,14.72,278,249,16,False,False,Pre-2024 (90d),-153,293,234,16,True,278.0,278.2,0.263,-0.0133,-0.2,0.0,-0.492,249.0,249.0,0.0,-0.0,0.0,0.0,0.0,-20.09,-19.57,0.214,-0.0392,-0.52,-0.06,-1.102
2024-01-04,-19.404,40.3,43.53,41.75,14.72,278,249,16,False,False,Pre-2024 (90d),-152,293,234,16,True,278.0,278.2,0.263,-0.016,-0.2,0.0,-0.492,249.0,249.0,0.0,-0.0,0.0,0.0,0.0,-19.98,-19.57,0.229,-0.0379,-0.41,0.35,-0.867
2024-01-05,-19.102,40.45,43.54,41.74,14.71,278,249,16,False,False,Pre-2024 (90d),-151,293,234,16,True,278.0,278.2,0.263,-0.0187,-0.2,0.0,-0.492,249.0,249.0,0.0,-0.0,0.0,0.0,0.0,-19.84,-19.56,0.235,-0.034,-0.28,0.86,-0.583
2024-01-06,-18.982,40.51,43.55,41.74,14.71,279,249,15,False,False,Pre-2024 (90d),-150,293,234,16,True,278.14,278.23,0.32,-0.0149,-0.09,1.0,-0.209,249.0,249.0,0.0,-0.0,0.0,0.0,0.0,-19.66,-19.55,0.234,-0.0283,-0.11,0.69,-0.225
2024-01-07,-19.144,40.43,43.54,41.74,14.71,278,249,16,False,False,Pre-2024 (90d),-149,293,234,16,True,278.14,278.23,0.371,-0.018,-0.09,0.0,-0.209,249.0,249.0,0.0,-0.0,0.0,0.0,0.0,-19.53,-19.54,0.235,-0.0241,0.01,0.66,0.02
2024-01-08,-18.97,40.51,43.55,41.74,14.71,279,249,15,False,False,Pre-2024 (90d),-148,293,234,16,True,278.29,278.27,0.414,-0.0147,0.02,1.0,0.044,249.0,249.0,0.0,-0.0,0.0,0.0,0.0,-19.36,-19.53,0.237,-0.0194,0.17,0.75,0.338
2024-01-09,-17.936,41.03,43.59,41.71,14.7,279,248,16,False,False,Pre-2024 (90d),-147,293,234,16,True,278.43,278.3,0.414,-0.0118,0.13,1.0,0.279,248.86,248.97,0.183,-0.0065,-0.11,-1.0,-0.602,-19.06,-19.48,0.301,-0.0083,0.42,1.98,0.723
2024-01-10,-17.175,41.41,43.62,41.69,14.7,280,248,15,False,False,Pre-2024 (90d),-146,293,234,16,True,278.71,278.37,0.45,-0.0029,0.34,2.0,0.611,248.71,248.93,0.183,-0.0125,-0.22,-1.0,-0.867,-18.67,-19.41,0.326,0.009,0.74,2.82,1.035
2024-01-11,-15.947,42.03,43.66,41.66,14.68,280,247,16,False,False,Pre-2024 (90d),-145,293,234,16,True,279.0,278.4,0.414,0.012,0.6,2.0,0.965,248.43,248.87,0.254,-0.0245,-0.44,-2.0,-1.013,-18.18,-19.32,0.388,0.0353,1.14,4.24,1.198
2024-01-12,-16.68,41.66,43.63,41.68,14.69,280,248,15,False,False,Pre-2024 (90d),-144,293,234,16,True,279.29,278.43,0.414,0.0265,0.86,2.0,1.267,248.29,248.83,0.32,-0.0291,-0.54,-1.0,-1.171,-17.83,-19.25,0.416,0.0566,1.42,3.38,1.338
2024-01-13,-17.679,41.16,43.6,41.7,14.7,279,248,16,False,False,Pre-2024 (90d),-143,293,234,16,True,279.29,278.43,0.455,0.034,0.86,1.0,1.267,248.14,248.8,0.32,-0.0334,-0.66,-1.0,-1.363,-17.65,-19.21,0.457,0.0692,1.56,2.52,1.421
2024-01-14,-17.657,41.17,43.6,41.7,14.7,279,248,16,False,False,Pre-2024 (90d),-142,293,234,16,True,279.43,278.43,0.455,0.0416,1.0,1.0,1.473,248.0,248.77,0.32,-0.0372,-0.77,-1.0,-1.528,-17.43,-19.17,0.457,0.0816,1.74,2.46,1.536
2024-01-15,-17.689,41.16,43.6,41.7,14.7,279,248,16,False,False,Pre-2024 (90d),-141,293,234,16,True,279.43,278.43,0.455,0.0492,1.0,1.0,1.473,247.86,248.73,0.32,-0.0405,-0.87,-1.0,-1.67,-17.25,-19.13,0.458,0.0936,1.88,2.46,1.617
2024-01-16,-17.689,41.16,43.6,41.7,14.7,279,248,16,False,False,Pre-2024 (90d),-140,293,234,16,True,279.43,278.43,0.455,0.0567,1.0,1.0,1.473,247.86,248.7,0.32,-0.0434,-0.84,-1.0,-1.57,-17.22,-19.09,0.457,0.105,1.87,2.31,1.569
2024-01-17,-17.785,41.11,43.59,41.71,14.7,279,248,16,False,False,Pre-2024 (90d),-139,293,234,16,True,279.29,278.47,0.414,0.0574,0.82,1.0,1.203,247.86,248.67,0.32,-0.0458,-0.81,-1.0,-1.482,-17.3,-19.03,0.429,0.1096,1.73,2.11,1.43
2024-01-18,-16.925,41.54,43.62,41.68,14.69,280,248,15,False,False,Pre-2024 (90d),-138,293,234,16,True,279.29,278.53,0.45,0.0641,0.76,2.0,1.041,248.0,248.63,0.32,-0.0478,-0.63,-1.0,-1.133,-17.44,-18.93,0.45,0.1177,1.49,2.48,1.183
2024-01-19,-17.261,41.37,43.61,41.69,14.7,279,248,16,False,False,Pre-2024 (90d),-137,293,234,16,True,279.14,278.57,0.49,0.0634,0.57,1.0,0.783,248.0,248.6,0.32,-0.0494,-0.6,-1.0,-1.065,-17.53,-18.85,0.457,0.1223,1.32,1.84,1.029
2024-01-20,-16.643,41.68,43.63,41.67,14.69,280,248,15,False,False,Pre-2024 (90d),-136,293,234,16,True,279.29,278.63,0.521,0.0687,0.66,1.0,0.863,248.0,248.57,0.32,-0.0505,-0.57,-1.0,-1.003,-17.38,-18.74,0.467,0.1303,1.36,2.34,1.021
2024-01-21,-16.609,41.7,43.64,41.67,14.69,280,248,15,False,False,Pre-2024 (90d),-135,293,234,16,True,279.43,278.7,0.521,0.0732,0.73,2.0,0.919,248.0,248.53,0.32,-0.0512,-0.53,-1.0,-0.928,-17.23,-18.63,0.464,0.1356,1.4,2.53,1.024
2024-01-22,-16.189,41.91,43.65,41.66,14.69,280,247,16,False,False,Pre-2024 (90d),-134,293,234,16,True,279.57,278.77,0.521,0.0768,0.8,1.0,0.979,247.86,248.47,0.365,-0.0578,-0.61,-2.0,-0.97,-17.01,-18.52,0.466,0.1443,1.51,2.78,1.062
2024-01-23,-16.305,41.85,43.65,41.67,14.69,280,247,16,False,False,Pre-2024 (90d),-133,293,234,16,True,279.71,278.83,0.521,0.0794,0.88,1.0,1.055,247.71,248.4,0.365,-0.0636,-0.69,-1.0,-1.023,-16.82,-18.4,0.466,0.1496,1.58,1.63,1.085
2024-01-24,-14.485,42.76,43.71,41.62,14.67,281,247,15,False,False,Pre-2024 (90d),-132,293,234,16,True,280.0,278.93,0.548,0.0877,1.07,1.0,1.179,247.57,248.33,0.365,-0.0685,-0.76,-1.0,-1.069,-16.35,-18.23,0.56,0.1658,1.88,2.69,1.176
2024-01-25,-13.625,43.19,43.75,41.59,14.66,281,246,16,False,False,Pre-2024 (90d),-131,293,234,16,True,280.14,279.03,0.548,0.0945,1.11,1.0,1.151,247.29,248.23,0.403,-0.079,-0.94,-1.0,-1.15,-15.87,-18.02,0.569,0.1838,2.15,2.32,1.213
2024-01-26,-13.673,43.16,43.74,41.59,14.66,281,246,16,False,False,Pre-2024 (90d),-130,293,234,16,True,280.43,279.13,0.548,0.1001,1.3,1.0,1.29,247.0,248.13,0.403,-0.0881,-1.13,-2.0,-1.256,-15.36,-17.81,0.568,0.1982,2.45,3.01,1.289
2024-01-27,-13.838,43.08,43.74,41.6,14.66,281,246,16,False,False,Pre-2024 (90d),-129,293,234,16,True,280.57,279.23,0.548,0.1043,1.34,2.0,1.288,246.71,248.03,0.403,-0.0959,-1.32,-2.0,-1.369,-14.96,-17.59,0.568,0.2074,2.63,3.84,1.329
2024-01-28,-13.534,43.23,43.75,41.59,14.66,281,246,16,False,False,Pre-2024 (90d),-128,293,234,16,True,280.71,279.33,0.548,0.1072,1.38,2.0,1.3,246.43,247.93,0.403,-0.1023,-1.5,-2.0,-1.478,-14.52,-17.38,0.568,0.2166,2.86,4.12,1.392
2024-01-29,-13.497,43.25,43.75,41.59,14.66,281,246,16,False,False,Pre-2024 (90d),-127,293,234,16,True,280.86,279.43,0.548,0.1088,1.43,2.0,1.333,246.29,247.83,0.403,-0.1075,-1.54,-2.0,-1.462,-14.14,-17.15,0.565,0.2221,3.01,4.19,1.432
2024-01-30,-13.731,43.13,43.74,41.6,14.66,281,246,16,False,False,Pre-2024 (90d),-126,293,234,16,True,281.0,279.53,0.548,0.109,1.47,2.0,1.368,246.14,247.73,0.403,-0.1112,-1.59,-2.0,-1.471,-13.77,-16.94,0.57,0.2238,3.17,3.96,1.499
2024-01-31,-14.169,42.92,43.73,41.61,14.67,281,246,16,False,False,Pre-2024 (90d),-125,293,234,16,True,281.0,279.63,0.548,0.1079,1.37,2.0,1.285,246.0,247.63,0.403,-0.1137,-1.63,-2.0,-1.484,-13.72,-16.74,0.581,0.2195,3.02,3.62,1.45
2024-02-01,-14.173,42.91,43.73,41.61,14.67,281,246,16,False,False,Pre-2024 (90d),-124,293,234,16,True,281.0,279.73,0.548,0.1055,1.27,1.0,1.212,246.0,247.53,0.403,-0.1148,-1.53,-2.0,-1.384,-13.8,-16.55,0.582,0.2136,2.75,2.75,1.348
2024-02-02,-14.408,42.8,43.72,41.61,14.67,281,247,15,False,False,Pre-2024 (90d),-123,293,234,16,True,281.0,279.83,0.548,0.1017,1.17,2.0,1.147,246.14,247.47,0.45,-0.1081,-1.33,-1.0,-1.238,-13.91,-16.36,0.587,0.2043,2.45,2.85,1.241
2024-02-03,-15.817,42.09,43.66,41.65,14.68,280,247,16,False,False,Pre-2024 (90d),-122,293,234,16,True,280.86,279.9,0.583,0.0901,0.96,0.0,1.0,246.29,247.4,0.45,-0.1006,-1.11,-1.0,-1.07,-14.19,-16.24,0.652,0.1868,2.05,0.83,1.084
2024-02-04,-15.815,42.09,43.66,41.65,14.68,280,247,16,False,False,Pre-2024 (90d),-121,293,234,16,True,280.71,279.97,0.583,0.0776,0.74,0.0,0.832,246.43,247.33,0.45,-0.0921,-0.9,-1.0,-0.905,-14.52,-16.13,0.651,0.1699,1.61,0.79,0.888
2024-02-05,-15.754,42.12,43.67,41.65,14.68,280,247,16,False,False,Pre-2024 (90d),-120,293,234,16,True,280.57,280.0,0.556,0.0712,0.57,0.0,0.654,246.57,247.27,0.45,-0.0828,-0.7,0.0,-0.741,-14.84,-16.03,0.651,0.1527,1.19,0.44,0.687
2024-02-06,-15.059,42.47,43.69,41.63,14.68,281,247,15,False,False,Pre-2024 (90d),-119,293,234,16,True,280.57,280.1,0.548,0.0638,0.47,1.0,0.585,246.71,247.2,0.45,-0.0725,-0.49,0.0,-0.553,-15.03,-15.89,0.658,0.1374,0.86,1.25,0.526
2024-02-07,-15.644,42.18,43.67,41.65,14.68,280,247,16,False,False,Pre-2024 (90d),-118,293,234,16,True,280.43,280.13,0.556,0.0556,0.3,-1.0,0.387,246.86,247.13,0.45,-0.0614,-0.27,0.0,-0.33,-15.24,-15.78,0.671,0.1178,0.54,-1.16,0.353
2024-02-08,-15.529,42.24,43.68,41.64,14.68,280,247,16,False,False,Pre-2024 (90d),-117,293,234,16,True,280.29,280.17,0.556,0.0469,0.12,-1.0,0.161,247.0,247.1,0.414,-0.0563,-0.1,1.0,-0.125,-15.43,-15.7,0.648,0.1045,0.27,-1.9,0.183
2024-02-09,-15.428,42.29,43.68,41.64,14.68,280,247,16,False,False,Pre-2024 (90d),-116,293,234,16,True,280.14,280.17,0.525,0.0447,-0.03,-1.0,-0.04,247.0,247.07,0.414,-0.0507,-0.07,1.0,-0.089,-15.58,-15.64,0.635,0.0961,0.06,-1.76,0.041
2024-02-10,-15.185,42.41,43.69,41.63,14.68,281,247,15,False,False,Pre-2024 (90d),-115,293,234,16,True,280.29,280.2,0.556,0.0489,0.09,0.0,0.118,247.0,247.07,0.371,-0.0516,-0.07,1.0,-0.089,-15.49,-15.62,0.597,0.097,0.13,-1.35,0.09
2024-02-11,-15.289,42.36,43.68,41.64,14.68,281,247,15,False,False,Pre-2024 (90d),-114,293,234,16,True,280.43,280.23,0.556,0.0527,0.2,0.0,0.258,247.0,247.03,0.32,-0.0456,-0.03,1.0,-0.039,-15.41,-15.57,0.58,0.0917,0.16,-1.75,0.111
2024-02-12,-15.231,42.38,43.69,41.64,14.68,281,247,15,False,False,Pre-2024 (90d),-113,293,234,16,True,280.57,280.3,0.521,0.0492,0.27,0.0,0.36,247.0,247.0,0.32,-0.0392,0.0,1.0,0.0,-15.34,-15.49,0.545,0.0794,0.15,-1.73,0.109
2024-02-13,-15.213,42.39,43.69,41.64,14.68,281,247,15,False,False,Pre-2024 (90d),-112,293,234,16,True,280.57,280.37,0.521,0.0447,0.2,0.0,0.278,247.0,246.97,0.32,-0.0323,0.03,1.0,0.042,-15.36,-15.41,0.545,0.0662,0.05,-1.48,0.038
2024-02-14,-15.23,42.38,43.69,41.64,14.68,281,247,15,False,False,Pre-2024 (90d),-111,293,234,16,True,280.71,280.43,0.521,0.0394,0.28,0.0,0.412,247.0,246.93,0.32,-0.0249,0.07,1.0,0.101,-15.3,-15.32,0.545,0.0516,0.02,-1.06,0.016
2024-02-15,-15.151,42.42,43.69,41.63,14.68,281,247,15,False,False,Pre-2024 (90d),-110,293,234,16,True,280.86,280.5,0.521,0.0331,0.36,0.0,0.572,247.0,246.9,0.32,-0.0171,0.1,1.0,0.151,-15.25,-15.24,0.545,0.0364,-0.01,-0.98,-0.009
2024-02-16,-15.211,42.39,43.69,41.64,14.68,281,247,15,False,False,Pre-2024 (90d),-109,293,234,16,True,281.0,280.57,0.521,0.026,0.43,0.0,0.757,247.0,246.87,0.32,-0.0089,0.13,0.0,0.207,-15.22,-15.15,0.545,0.019,-0.07,-0.8,-0.066
2024-02-17,-16.386,41.81,43.64,41.67,14.69,280,248,15,False,False,Pre-2024 (90d),-108,293,234,16,True,280.86,280.57,0.525,0.0185,0.29,0.0,0.51,247.14,246.87,0.371,0.0062,0.27,1.0,0.429,-15.39,-15.14,0.571,-0.0011,-0.25,-0.57,-0.242
2024-02-18,-16.388,41.81,43.64,41.67,14.69,280,248,15,False,False,Pre-2024 (90d),-107,293,234,16,True,280.71,280.6,0.49,0.004,0.11,0.0,0.221,247.29,246.87,0.371,0.0214,0.42,1.0,0.668,-15.54,-15.11,0.567,-0.0239,-0.43,-0.57,-0.437
2024-02-19,-16.526,41.74,43.64,41.67,14.69,280,248,15,False,False,Pre-2024 (90d),-106,293,234,16,True,280.57,280.6,0.455,-0.004,-0.03,0.0,-0.06,247.43,246.87,0.371,0.0365,0.56,1.0,0.891,-15.73,-15.1,0.557,-0.0436,-0.63,-0.77,-0.645
2024-02-20,-16.865,41.57,43.63,41.68,14.69,280,248,15,False,False,Pre-2024 (90d),-105,293,234,16,True,280.43,280.6,0.455,-0.012,-0.17,-1.0,-0.341,247.57,246.87,0.371,0.0516,0.7,1.0,1.113,-15.97,-15.11,0.56,-0.0654,-0.86,-1.81,-0.867
2024-02-21,-16.704,41.65,43.63,41.68,14.69,280,248,15,False,False,Pre-2024 (90d),-104,293,234,16,True,280.29,280.6,0.455,-0.02,-0.31,0.0,-0.622,247.71,246.9,0.32,0.0598,0.81,1.0,1.224,-16.18,-15.13,0.555,-0.0831,-1.05,-1.06,-1.034
2024-02-22,-16.582,41.71,43.64,41.67,14.69,280,248,15,False,False,Pre-2024 (90d),-103,293,234,16,True,280.14,280.6,0.455,-0.028,-0.46,0.0,-0.923,247.86,246.93,0.32,0.0676,0.93,1.0,1.345,-16.38,-15.14,0.556,-0.1006,-1.24,-1.05,-1.207
2024-02-23,-16.107,41.95,43.65,41.66,14.69,280,247,16,False,False,Pre-2024 (90d),-102,293,234,16,True,280.0,280.57,0.414,-0.0291,-0.57,0.0,-1.131,247.86,246.93,0.371,0.0685,0.93,0.0,1.345,-16.51,-15.19,0.446,-0.1023,-1.32,-0.68,-1.276
2024-02-24,-15.37,42.32,43.68,41.64,14.68,280,247,16,False,False,Pre-2024 (90d),-101,293,234,16,True,280.0,280.53,0.414,-0.0298,-0.53,-1.0,-1.045,247.71,246.97,0.32,0.0625,0.74,0.0,1.107,-16.36,-15.25,0.438,-0.0927,-1.11,-0.18,-1.119
2024-02-25,-15.304,42.35,43.68,41.64,14.68,281,247,15,False,False,Pre-2024 (90d),-100,293,234,16,True,280.14,280.53,0.455,-0.0236,-0.39,0.0,-0.769,247.57,247.0,0.32,0.0561,0.57,0.0,0.886,-16.21,-15.3,0.439,-0.0821,-0.91,-0.02,-0.962
2024-02-26,-16.12,41.94,43.65,41.66,14.69,280,247,16,False,False,Pre-2024 (90d),-99,293,234,16,True,280.14,280.5,0.49,-0.0238,-0.36,-1.0,-0.708,247.43,247.03,0.32,0.0492,0.4,0.0,0.65,-16.15,-15.38,0.46,-0.0773,-0.77,-0.89,-0.841
2024-02-27,-17.266,41.37,43.61,41.69,14.7,279,248,16,False,False,Pre-2024 (90d),-98,293,234,16,True,280.0,280.43,0.521,-0.03,-0.43,-2.0,-0.757,247.43,247.1,0.365,0.0483,0.33,1.0,0.543,-16.21,-15.51,0.494,-0.0767,-0.7,-2.05,-0.77
2024-02-28,-16.12,41.94,43.65,41.66,14.69,280,247,16,False,False,Pre-2024 (90d),-97,293,234,16,True,280.0,280.4,0.556,-0.0289,-0.4,-1.0,-0.71,247.29,247.13,0.414,0.04,0.16,0.0,0.28,-16.12,-15.59,0.545,-0.0668,-0.53,-0.89,-0.637
2024-02-29,-16.286,41.86,43.65,41.66,14.69,280,247,16,False,False,Pre-2024 (90d),-96,293,234,16,True,280.0,280.37,0.556,-0.0274,-0.37,-1.0,-0.665,247.14,247.17,0.414,0.0314,-0.03,0.0,-0.057,-16.08,-15.68,0.545,-0.0585,-0.4,-1.14,-0.524
2024-03-01,-17.311,41.34,43.61,41.69,14.7,279,248,16,False,False,Pre-2024 (90d),-95,293,234,16,True,279.86,280.3,0.583,-0.0318,-0.44,-2.0,-0.738,247.29,247.23,0.45,0.0287,0.06,1.0,0.119,-16.25,-15.78,0.568,-0.0586,-0.47,-2.1,-0.615
2024-03-02,-15.957,42.02,43.66,41.66,14.68,280,247,16,False,False,Pre-2024 (90d),-94,293,234,16,True,279.86,280.27,0.615,-0.0289,-0.41,0.0,-0.703,247.29,247.27,0.49,0.0187,0.02,-1.0,0.044,-16.34,-15.84,0.627,-0.0486,-0.5,0.43,-0.713
2024-03-03,-15.849,42.08,43.66,41.65,14.68,280,247,16,False,False,Pre-2024 (90d),-93,293,234,16,True,279.71,280.23,0.615,-0.0256,-0.52,0.0,-0.915,247.29,247.27,0.455,0.0151,0.02,-1.0,0.044,-16.42,-15.89,0.627,-0.0388,-0.53,0.54,-0.819
2024-03-04,-15.421,42.29,43.68,41.64,14.68,280,247,16,False,False,Pre-2024 (90d),-92,293,234,16,True,279.71,280.23,0.587,-0.0287,-0.52,0.0,-0.915,247.29,247.27,0.455,0.0116,0.02,-1.0,0.044,-16.32,-15.88,0.577,-0.0352,-0.44,1.11,-0.674
2024-03-05,-15.176,42.41,43.69,41.63,14.68,281,247,15,False,False,Pre-2024 (90d),-91,293,234,16,True,280.0,280.27,0.615,-0.0254,-0.27,1.0,-0.463,247.14,247.27,0.455,0.008,-0.13,-1.0,-0.289,-16.02,-15.86,0.579,-0.0303,-0.16,1.69,-0.241
2024-03-06,-15.425,42.29,43.68,41.64,14.68,280,247,16,False,False,Pre-2024 (90d),-90,293,234,16,True,280.0,280.27,0.643,-0.0289,-0.27,0.0,-0.463,247.14,247.27,0.455,0.0044,-0.13,-1.0,-0.289,-15.92,-15.84,0.581,-0.0268,-0.08,1.28,-0.119
2024-03-07,-15.341,42.33,43.68,41.64,14.68,280,247,16,False,False,Pre-2024 (90d),-89,293,234,16,True,280.0,280.23,0.615,-0.0256,-0.23,0.0,-0.405,247.14,247.27,0.455,0.0009,-0.13,-1.0,-0.289,-15.78,-15.85,0.566,-0.0182,0.07,1.24,0.106
2024-03-08,-15.478,42.26,43.68,41.64,14.68,280,247,16,False,False,Pre-2024 (90d),-88,293,234,16,True,280.14,280.23,0.587,-0.0287,-0.09,0.0,-0.158,247.0,247.27,0.455,-0.0027,-0.27,0.0,-0.6,-15.52,-15.85,0.557,-0.0143,0.33,0.63,0.498
2024-03-09,-15.355,42.32,43.68,41.64,14.68,280,247,16,False,False,Pre-2024 (90d),-87,293,234,16,True,280.14,280.23,0.587,-0.0318,-0.09,0.0,-0.158,247.0,247.27,0.455,-0.0062,-0.27,0.0,-0.6,-15.44,-15.84,0.557,-0.0089,0.4,0.01,0.6
2024-03-10,-15.27,42.37,43.68,41.64,14.68,281,247,15,False,False,Pre-2024 (90d),-86,293,234,16,True,280.29,280.27,0.615,-0.0285,0.02,0.0,0.034,247.0,247.27,0.455,-0.0098,-0.27,0.0,-0.6,-15.35,-15.84,0.556,-0.0024,0.49,0.03,0.731
2024-03-11,-15.472,42.26,43.68,41.64,14.68,280,247,16,False,False,Pre-2024 (90d),-85,293,234,16,True,280.29,280.23,0.615,-0.0251,0.06,0.0,0.106,247.0,247.27,0.455,-0.0133,-0.27,0.0,-0.6,-15.36,-15.85,0.556,0.0045,0.49,0.65,0.739
2024-03-12,-15.582,42.21,43.67,41.65,14.68,280,247,16,False,False,Pre-2024 (90d),-84,293,234,16,True,280.14,280.2,0.615,-0.0214,-0.06,1.0,-0.109,247.0,247.27,0.455,-0.0169,-0.27,-1.0,-0.6,-15.42,-15.86,0.556,0.0101,0.44,1.68,0.67
2024-03-13,-16.016,41.99,43.66,41.66,14.68,280,247,16,False,False,Pre-2024 (90d),-83,293,234,16,True,280.14,280.17,0.615,-0.0171,-0.03,0.0,-0.057,247.0,247.27,0.455,-0.0205,-0.27,0.0,-0.6,-15.5,-15.88,0.561,0.0133,0.38,0.1,0.588
2024-03-14,-16.077,41.96,43.66,41.66,14.69,280,247,16,False,False,Pre-2024 (90d),-82,293,234,16,True,280.14,280.13,0.615,-0.0125,0.01,0.0,0.02,247.0,247.27,0.455,-0.024,-0.27,0.0,-0.6,-15.61,-15.91,0.561,0.0167,0.3,0.21,0.473
2024-03-15,-15.994,42.0,43.66,41.66,14.68,280,247,16,False,False,Pre-2024 (90d),-81,293,234,16,True,280.14,280.1,0.615,-0.0073,0.04,1.0,0.083,247.0,247.27,0.455,-0.0276,-0.27,-1.0,-0.6,-15.68,-15.94,0.561,0.0209,0.26,1.32,0.419
2024-03-16,-15.262,42.37,43.69,41.64,14.68,281,247,15,False,True,2024 MCC Active,-80,293,234,16,True,280.29,280.1,0.643,0.0047,0.19,1.0,0.395,247.0,247.27,0.455,-0.0311,-0.27,0.0,-0.6,-15.67,-15.94,0.578,0.0307,0.27,0.7,0.438
2024-03-17,-15.259,42.37,43.69,41.64,14.68,281,247,15,False,True,2024 MCC Active,-79,293,234,16,True,280.29,280.1,0.643,0.0167,0.19,1.0,0.395,247.0,247.27,0.455,-0.0347,-0.27,0.0,-0.6,-15.67,-15.94,0.578,0.0401,0.27,0.59,0.439
2024-03-18,-15.506,42.25,43.68,41.64,14.68,280,247,16,False,True,2024 MCC Active,-78,293,234,16,True,280.29,280.1,0.643,0.0154,0.19,0.0,0.395,247.0,247.23,0.414,-0.0314,-0.23,0.0,-0.535,-15.67,-15.91,0.536,0.0398,0.24,-0.09,0.391
2024-03-19,-15.292,42.35,43.68,41.64,14.68,281,247,15,False,True,2024 MCC Active,-77,293,234,16,True,280.43,280.13,0.669,0.0205,0.3,0.0,0.591,247.0,247.2,0.414,-0.0276,-0.2,0.0,-0.492,-15.63,-15.88,0.537,0.0406,0.25,-0.12,0.405
2024-03-20,-15.294,42.35,43.68,41.64,14.68,281,247,15,False,True,2024 MCC Active,-76,293,234,16,True,280.57,280.17,0.669,0.0251,0.4,1.0,0.754,247.0,247.17,0.414,-0.0234,-0.17,0.0,-0.448,-15.53,-15.84,0.536,0.0398,0.31,0.13,0.505
2024-03-21,-15.044,42.48,43.69,41.63,14.68,281,247,15,False,True,2024 MCC Active,-75,293,234,16,True,280.71,280.2,0.669,0.0294,0.51,1.0,0.926,247.0,247.13,0.414,-0.0187,-0.13,0.0,-0.376,-15.38,-15.77,0.533,0.0378,0.39,0.3,0.652
2024-03-22,-16.049,41.98,43.66,41.66,14.69,280,247,16,False,True,2024 MCC Active,-74,293,234,16,True,280.71,280.2,0.695,0.0267,0.51,0.0,0.926,247.0,247.1,0.414,-0.0136,-0.1,0.0,-0.328,-15.39,-15.75,0.567,0.0297,0.36,-0.57,0.627
2024-03-23,-16.946,41.53,43.62,41.68,14.69,280,248,15,False,True,2024 MCC Active,-73,293,234,16,True,280.57,280.2,0.695,0.024,0.37,0.0,0.672,247.14,247.1,0.455,-0.0016,0.04,1.0,0.131,-15.63,-15.76,0.59,0.0163,0.13,-1.59,0.218
2024-03-24,-17.043,41.48,43.62,41.69,14.69,280,248,15,False,True,2024 MCC Active,-72,293,234,16,True,280.43,280.2,0.695,0.0214,0.23,-1.0,0.418,247.29,247.13,0.414,0.0036,0.16,1.0,0.463,-15.88,-15.8,0.583,0.0057,-0.08,-1.77,-0.125
2024-03-25,-16.974,41.51,43.62,41.68,14.69,280,248,15,False,True,2024 MCC Active,-71,293,234,16,True,280.43,280.2,0.695,0.0187,0.23,0.0,0.418,247.43,247.17,0.414,0.0082,0.26,1.0,0.686,-16.09,-15.85,0.565,0.001,-0.24,-1.5,-0.36
2024-03-26,-16.97,41.51,43.62,41.68,14.69,280,248,15,False,True,2024 MCC Active,-70,293,234,16,True,280.29,280.17,0.669,0.0229,0.12,0.0,0.226,247.57,247.2,0.414,0.0125,0.37,1.0,0.909,-16.33,-15.91,0.565,-0.0025,-0.42,-1.39,-0.609
2024-03-27,-15.616,42.19,43.67,41.65,14.68,280,247,16,False,True,2024 MCC Active,-69,293,234,16,True,280.14,280.17,0.643,0.0207,-0.03,0.0,-0.057,247.57,247.2,0.455,0.0098,0.37,0.0,0.909,-16.38,-15.89,0.602,-0.0021,-0.49,0.4,-0.71
2024-03-28,-15.82,42.09,43.66,41.65,14.68,280,247,16,False,True,2024 MCC Active,-68,293,234,16,True,280.0,280.2,0.615,0.0116,-0.2,0.0,-0.413,247.57,247.17,0.414,0.014,0.4,0.0,1.055,-16.49,-15.84,0.563,-0.0112,-0.65,0.26,-1.017
2024-03-29,-15.971,42.01,43.66,41.66,14.68,280,247,16,False,True,2024 MCC Active,-67,293,234,16,True,280.0,280.2,0.587,0.0089,-0.2,0.0,-0.413,247.57,247.17,0.371,0.0118,0.4,0.0,1.055,-16.48,-15.84,0.524,-0.0139,-0.64,0.02,-1.004
2024-03-30,-15.951,42.02,43.66,41.66,14.68,280,247,16,False,True,2024 MCC Active,-66,293,234,16,True,280.0,280.2,0.587,0.0062,-0.2,-1.0,-0.413,247.43,247.17,0.371,0.0096,0.26,0.0,0.686,-16.34,-15.82,0.523,-0.0178,-0.52,-0.69,-0.823
2024-03-31,-15.907,42.05,43.66,41.65,14.68,280,247,16,False,True,2024 MCC Active,-65,293,234,16,True,280.0,280.23,0.556,-0.0033,-0.23,-1.0,-0.535,247.29,247.13,0.32,0.0142,0.16,0.0,0.463,-16.17,-15.78,0.485,-0.0286,-0.39,-0.65,-0.688
2024-04-01,-15.957,42.02,43.66,41.66,14.68,280,247,16,False,True,2024 MCC Active,-64,293,234,16,True,280.0,280.23,0.525,-0.0065,-0.23,0.0,-0.535,247.14,247.13,0.263,0.0125,0.01,0.0,0.029,-16.03,-15.78,0.417,-0.031,-0.25,-0.45,-0.441
2024-04-02,-16.552,41.72,43.64,41.67,14.69,280,248,15,False,True,2024 MCC Active,-63,293,234,16,True,280.0,280.23,0.525,-0.0096,-0.23,-1.0,-0.535,247.14,247.17,0.32,0.0171,-0.03,1.0,-0.079,-15.97,-15.8,0.431,-0.0365,-0.17,-1.26,-0.291
2024-04-03,-17.16,41.42,43.62,41.69,14.7,280,248,15,False,True,2024 MCC Active,-62,293,234,16,True,280.0,280.23,0.525,-0.0127,-0.23,-1.0,-0.535,247.29,247.2,0.32,0.0214,0.09,1.0,0.221,-16.19,-15.86,0.435,-0.0426,-0.33,-1.87,-0.524
2024-04-04,-17.2,41.4,43.61,41.69,14.7,280,248,15,False,True,2024 MCC Active,-61,293,234,16,True,280.0,280.2,0.49,-0.0089,-0.2,-1.0,-0.492,247.43,247.23,0.32,0.0251,0.2,1.0,0.465,-16.39,-15.93,0.431,-0.0466,-0.46,-2.16,-0.695
2024-04-05,-16.828,41.59,43.63,41.68,14.69,280,248,15,False,True,2024 MCC Active,-60,293,234,16,True,280.0,280.2,0.455,-0.0116,-0.2,0.0,-0.492,247.57,247.27,0.32,0.0285,0.3,1.0,0.667,-16.51,-15.97,0.437,-0.0489,-0.54,-0.78,-0.801
2024-04-06,-16.272,41.86,43.65,41.66,14.69,280,247,16,False,True,2024 MCC Active,-59,293,234,16,True,280.0,280.2,0.455,-0.0142,-0.2,0.0,-0.492,247.57,247.27,0.371,0.0249,0.3,-1.0,0.667,-16.55,-16.0,0.45,-0.0465,-0.55,0.67,-0.826
2024-04-07,-16.416,41.79,43.64,41.67,14.69,280,248,15,False,True,2024 MCC Active,-58,293,234,16,True,280.0,280.2,0.455,-0.0169,-0.2,0.0,-0.492,247.71,247.3,0.414,0.0278,0.41,0.0,0.88,-16.63,-16.04,0.45,-0.0455,-0.59,0.63,-0.891
2024-04-08,-17.929,41.04,43.59,41.71,14.7,279,248,16,False,True,2024 MCC Active,-57,293,234,16,True,279.86,280.17,0.49,-0.026,-0.31,-1.0,-0.672,247.86,247.33,0.414,0.0303,0.53,0.0,1.105,-16.91,-16.12,0.524,-0.0531,-0.79,-0.95,-1.077
2024-04-09,-17.64,41.18,43.6,41.7,14.7,279,248,16,False,True,2024 MCC Active,-56,293,234,16,True,279.71,280.1,0.45,-0.0278,-0.39,-1.0,-0.811,247.86,247.37,0.414,0.0323,0.49,0.0,1.0,-17.06,-16.2,0.527,-0.057,-0.86,-0.67,-1.123
2024-04-10,-16.5,41.75,43.64,41.67,14.69,280,248,15,False,True,2024 MCC Active,-55,293,234,16,True,279.71,280.1,0.455,-0.0291,-0.39,0.0,-0.811,247.86,247.4,0.414,0.0338,0.46,1.0,0.923,-16.97,-16.23,0.572,-0.0539,-0.74,-0.88,-0.98
2024-04-11,-16.61,41.69,43.64,41.67,14.69,280,248,15,False,True,2024 MCC Active,-54,293,234,16,True,279.71,280.1,0.455,-0.0305,-0.39,0.0,-0.811,247.86,247.43,0.414,0.0349,0.43,1.0,0.853,-16.89,-16.27,0.572,-0.0518,-0.62,-0.79,-0.829
2024-04-12,-16.696,41.65,43.63,41.68,14.69,280,248,15,False,True,2024 MCC Active,-53,293,234,16,True,279.71,280.1,0.455,-0.0318,-0.39,0.0,-0.811,247.86,247.47,0.414,0.0356,0.39,1.0,0.769,-16.87,-16.29,0.567,-0.0528,-0.58,-0.73,-0.773
2024-04-13,-16.894,41.55,43.63,41.68,14.69,280,248,15,False,True,2024 MCC Active,-52,293,234,16,True,279.71,280.1,0.455,-0.0331,-0.39,0.0,-0.811,248.0,247.5,0.414,0.0358,0.5,1.0,0.983,-16.96,-16.32,0.568,-0.0553,-0.64,-0.94,-0.845
2024-04-14,-16.883,41.56,43.63,41.68,14.69,280,248,15,False,True,2024 MCC Active,-51,293,234,16,True,279.71,280.1,0.455,-0.0345,-0.39,0.0,-0.811,248.0,247.53,0.414,0.0356,0.47,1.0,0.926,-17.02,-16.35,0.567,-0.0567,-0.67,-0.98,-0.88
2024-04-15,-16.941,41.53,43.62,41.68,14.69,280,248,15,False,True,2024 MCC Active,-50,293,234,16,True,279.86,280.07,0.414,-0.0289,-0.21,0.0,-0.467,248.0,247.57,0.414,0.0349,0.43,1.0,0.853,-16.88,-16.4,0.549,-0.053,-0.48,-0.98,-0.649
2024-04-16,-17.174,41.41,43.62,41.69,14.7,280,248,15,False,True,2024 MCC Active,-49,293,234,16,True,280.0,280.03,0.414,-0.0229,-0.03,0.0,-0.072,248.0,247.6,0.414,0.0338,0.4,0.0,0.803,-16.81,-16.47,0.55,-0.0501,-0.34,-0.62,-0.472
2024-04-17,-18.026,40.99,43.58,41.71,14.7,279,248,16,False,True,2024 MCC Active,-48,293,234,16,True,279.86,280.0,0.414,-0.0298,-0.14,-1.0,-0.308,248.0,247.63,0.414,0.0323,0.37,0.0,0.755,-17.03,-16.55,0.567,-0.0535,-0.48,-0.87,-0.64
2024-04-18,-18.106,40.95,43.58,41.71,14.7,279,248,16,False,True,2024 MCC Active,-47,293,234,16,True,279.71,279.93,0.365,-0.0294,-0.22,-1.0,-0.489,248.0,247.67,0.414,0.0303,0.33,0.0,0.688,-17.25,-16.65,0.565,-0.0548,-0.6,-0.91,-0.786
2024-04-19,-18.261,40.87,43.58,41.72,14.71,279,248,16,True,True,2024 Polling Phase,-46,293,234,16,True,279.57,279.87,0.365,-0.028,-0.3,-1.0,-0.691,248.0,247.7,0.414,0.0278,0.3,0.0,0.644,-17.47,-16.74,0.564,-0.0559,-0.73,-1.43,-0.943
2024-04-20,-17.58,41.21,43.6,41.7,14.7,279,248,16,True,True,2024 Polling Phase,-45,293,234,16,True,279.43,279.8,0.365,-0.0258,-0.37,-1.0,-0.909,248.0,247.73,0.414,0.0249,0.27,1.0,0.6,-17.57,-16.83,0.579,-0.0496,-0.74,-1.31,-1.03
2024-04-21,-17.589,41.21,43.6,41.7,14.7,279,248,16,True,True,2024 Polling Phase,-44,293,234,16,True,279.29,279.77,0.32,-0.0296,-0.48,-1.0,-1.116,248.0,247.77,0.414,0.0216,0.23,0.0,0.535,-17.67,-16.88,0.552,-0.0491,-0.79,-1.17,-1.103
2024-04-22,-17.579,41.21,43.6,41.7,14.7,279,248,16,True,True,2024 Polling Phase,-43,293,234,16,True,279.14,279.73,0.32,-0.0329,-0.59,0.0,-1.312,248.0,247.77,0.371,0.0247,0.23,0.0,0.535,-17.76,-16.9,0.529,-0.0541,-0.86,0.35,-1.182
2024-04-23,-19.068,40.47,43.55,41.74,14.71,278,249,16,True,True,2024 Polling Phase,-42,293,234,16,True,278.86,279.67,0.365,-0.0423,-0.81,-1.0,-1.482,248.14,247.8,0.414,0.0343,0.34,1.0,0.702,-18.03,-16.97,0.593,-0.069,-1.06,-1.43,-1.28
2024-04-24,-18.599,40.7,43.56,41.73,14.71,279,249,15,True,True,2024 Polling Phase,-41,293,234,16,True,278.86,279.63,0.414,-0.0443,-0.77,-1.0,-1.385,248.29,247.83,0.414,0.0434,0.46,1.0,0.867,-18.11,-17.02,0.6,-0.0796,-1.09,-2.1,-1.239
2024-04-25,-19.13,40.44,43.54,41.74,14.71,278,249,16,True,True,2024 Polling Phase,-40,293,234,16,True,278.71,279.57,0.45,-0.0523,-0.86,-2.0,-1.374,248.43,247.87,0.414,0.0521,0.56,1.0,0.98,-18.26,-17.1,0.607,-0.0928,-1.16,-2.52,-1.208
2024-04-26,-18.619,40.69,43.56,41.73,14.71,279,249,15,True,True,2024 Polling Phase,-39,293,234,16,True,278.71,279.53,0.49,-0.0529,-0.82,-1.0,-1.304,248.57,247.93,0.365,0.0534,0.64,1.0,1.097,-18.31,-17.2,0.556,-0.0924,-1.11,-1.92,-1.16
2024-04-27,-18.466,40.77,43.57,41.72,14.71,279,249,15,True,True,2024 Polling Phase,-38,293,234,16,True,278.71,279.5,0.49,-0.0532,-0.79,-1.0,-1.255,248.71,248.0,0.365,0.0538,0.71,1.0,1.209,-18.44,-17.28,0.557,-0.0911,-1.16,-1.57,-1.224
2024-04-28,-18.424,40.79,43.57,41.72,14.71,279,249,15,True,True,2024 Polling Phase,-37,293,234,16,True,278.71,279.47,0.49,-0.0529,-0.76,-1.0,-1.209,248.86,248.07,0.365,0.0534,0.79,1.0,1.354,-18.56,-17.37,0.557,-0.0895,-1.19,-1.54,-1.271
2024-04-29,-18.69,40.65,43.56,41.73,14.71,279,249,15,True,True,2024 Polling Phase,-36,293,234,16,True,278.71,279.43,0.49,-0.0523,-0.72,-1.0,-1.15,249.0,248.13,0.365,0.0521,0.87,1.0,1.523,-18.71,-17.46,0.558,-0.0882,-1.25,-1.75,-1.348
2024-04-30,-19.028,40.49,43.55,41.74,14.71,279,249,15,True,True,2024 Polling Phase,-35,293,234,16,True,278.86,279.4,0.49,-0.0512,-0.54,-1.0,-0.869,249.0,248.2,0.365,0.0498,0.8,1.0,1.452,-18.71,-17.56,0.559,-0.0877,-1.15,-1.85,-1.247
2024-05-01,-18.991,40.5,43.55,41.74,14.71,279,249,15,True,True,2024 Polling Phase,-34,293,234,16,True,278.86,279.37,0.49,-0.0496,-0.51,0.0,-0.829,249.0,248.27,0.365,0.0467,0.73,1.0,1.402,-18.76,-17.66,0.56,-0.0859,-1.1,-0.96,-1.213
2024-05-02,-18.667,40.67,43.56,41.73,14.71,279,249,15,True,True,2024 Polling Phase,-33,293,234,16,True,279.0,279.33,0.49,-0.0476,-0.33,0.0,-0.544,249.0,248.3,0.32,0.0496,0.7,1.0,1.308,-18.7,-17.73,0.557,-0.0847,-0.97,-0.56,-1.078
2024-05-03,-18.829,40.59,43.55,41.73,14.71,279,249,15,True,True,2024 Polling Phase,-32,293,234,16,True,279.0,279.3,0.49,-0.0452,-0.3,0.0,-0.503,249.0,248.33,0.32,0.0521,0.67,1.0,1.226,-18.73,-17.79,0.548,-0.0878,-0.94,-0.57,-1.028
2024-05-04,-18.964,40.52,43.55,41.74,14.71,279,249,15,True,True,2024 Polling Phase,-31,293,234,16,True,279.0,279.27,0.49,-0.0423,-0.27,0.0,-0.463,249.0,248.37,0.32,0.0541,0.63,1.0,1.133,-18.8,-17.85,0.548,-0.0914,-0.95,-1.38,-1.019
2024-05-05,-18.968,40.52,43.55,41.74,14.71,279,249,15,True,True,2024 Polling Phase,-30,293,234,16,True,279.0,279.23,0.49,-0.0389,-0.23,0.0,-0.405,249.0,248.4,0.32,0.0556,0.6,1.0,1.065,-18.88,-17.92,0.542,-0.0916,-0.96,-1.38,-1.029
2024-05-06,-18.957,40.52,43.55,41.74,14.71,279,249,15,True,True,2024 Polling Phase,-29,293,234,16,True,279.0,279.2,0.49,-0.0352,-0.2,0.0,-0.363,249.0,248.47,0.254,0.0498,0.53,1.0,1.045,-18.91,-18.01,0.53,-0.0869,-0.9,-1.38,-1.002
2024-05-07,-18.812,40.59,43.56,41.73,14.71,279,249,15,True,True,2024 Polling Phase,-28,293,234,16,True,279.0,279.17,0.49,-0.0309,-0.17,1.0,-0.32,249.0,248.5,0.183,0.0501,0.5,0.0,0.983,-18.88,-18.09,0.531,-0.0811,-0.79,0.26,-0.922
2024-05-08,-18.685,40.66,43.56,41.73,14.71,279,249,15,True,True,2024 Polling Phase,-27,293,234,16,True,279.0,279.17,0.455,-0.0331,-0.17,0.0,-0.32,249.0,248.53,0.183,0.0498,0.47,0.0,0.926,-18.84,-18.11,0.458,-0.0839,-0.73,-0.09,-0.845
2024-05-09,-18.551,40.72,43.56,41.73,14.71,279,249,15,True,True,2024 Polling Phase,-26,293,234,16,True,279.0,279.17,0.455,-0.0354,-0.17,1.0,-0.32,249.0,248.57,0.183,0.0492,0.43,0.0,0.853,-18.82,-18.14,0.455,-0.0835,-0.68,0.58,-0.789
2024-05-10,-18.563,40.72,43.56,41.73,14.71,279,249,15,True,True,2024 Polling Phase,-25,293,234,16,True,279.0,279.13,0.414,-0.0307,-0.13,0.0,-0.256,249.0,248.6,0.183,0.0481,0.4,0.0,0.803,-18.79,-18.21,0.398,-0.0749,-0.58,0.06,-0.718
2024-05-11,-18.533,40.73,43.57,41.73,14.71,279,249,15,True,True,2024 Polling Phase,-24,293,234,16,True,279.0,279.1,0.414,-0.0256,-0.1,0.0,-0.208,249.0,248.63,0.183,0.0465,0.37,0.0,0.755,-18.72,-18.28,0.398,-0.0659,-0.44,-0.07,-0.587
2024-05-12,-18.556,40.72,43.56,41.73,14.71,279,249,15,True,True,2024 Polling Phase,-23,293,234,16,True,279.0,279.07,0.414,-0.02,-0.07,0.0,-0.156,249.0,248.67,0.183,0.0445,0.33,0.0,0.688,-18.67,-18.34,0.398,-0.0568,-0.33,-0.13,-0.479
2024-05-13,-18.591,40.7,43.56,41.73,14.71,279,249,15,True,True,2024 Polling Phase,-22,293,234,16,True,279.0,279.03,0.414,-0.014,-0.03,0.0,-0.072,249.0,248.7,0.183,0.042,0.3,0.0,0.644,-18.61,-18.39,0.397,-0.0485,-0.22,0.1,-0.347
2024-05-14,-18.566,40.72,43.56,41.73,14.71,279,249,15,True,True,2024 Polling Phase,-21,293,234,16,True,279.0,279.0,0.414,-0.0076,0.0,0.0,0.0,249.0,248.73,0.183,0.0392,0.27,0.0,0.6,-18.58,-18.45,0.398,-0.0392,-0.13,0.46,-0.229
2024-05-15,-18.5,40.75,43.57,41.72,14.71,279,249,15,True,True,2024 Polling Phase,-20,293,234,16,True,279.0,278.97,0.414,-0.0007,0.03,0.0,0.094,249.0,248.77,0.183,0.0358,0.23,0.0,0.535,-18.55,-18.5,0.398,-0.0291,-0.05,0.49,-0.102
2024-05-16,-18.562,40.72,43.56,41.73,14.71,279,249,15,True,True,2024 Polling Phase,-19,293,234,16,True,279.0,278.93,0.414,0.0067,0.07,0.0,0.276,249.0,248.8,0.183,0.032,0.2,0.0,0.492,-18.55,-18.55,0.397,-0.0203,0.0,0.11,0.0
2024-05-17,-18.546,40.73,43.56,41.73,14.71,279,249,15,True,True,2024 Polling Phase,-18,293,234,16,True,279.0,278.93,0.371,0.0076,0.07,0.0,0.276,249.0,248.83,0.183,0.0278,0.17,0.0,0.448,-18.55,-18.57,0.366,-0.0167,0.02,0.28,0.049
2024-05-18,-18.534,40.73,43.57,41.73,14.71,279,249,15,True,True,2024 Polling Phase,-17,293,234,16,True,279.0,278.93,0.371,0.0085,0.07,0.0,0.276,249.0,248.87,0.183,0.0231,0.13,0.0,0.376,-18.55,-18.58,0.366,-0.0133,0.03,0.43,0.075
2024-05-19,-18.601,40.7,43.56,41.73,14.71,279,249,15,True,True,2024 Polling Phase,-16,293,234,16,True,279.0,278.93,0.371,0.0093,0.07,0.0,0.276,249.0,248.9,0.183,0.018,0.1,0.0,0.328,-18.56,-18.59,0.365,-0.0112,0.03,0.37,0.076
2024-05-20,-18.498,40.75,43.57,41.72,14.71,279,249,15,True,True,2024 Polling Phase,-15,293,234,16,True,279.0,278.93,0.371,0.0102,0.07,0.0,0.276,249.0,248.93,0.183,0.0125,0.07,0.0,0.276,-18.54,-18.62,0.342,-0.0036,0.08,0.46,0.231
2024-05-21,-18.552,40.72,43.56,41.73,14.71,279,249,15,True,True,2024 Polling Phase,-14,293,234,16,True,279.0,278.93,0.371,0.0111,0.07,0.0,0.276,249.0,248.97,0.183,0.0065,0.03,0.0,0.164,-18.54,-18.65,0.342,0.0039,0.11,0.26,0.383
2024-05-22,-18.552,40.72,43.56,41.73,14.71,279,249,15,True,True,2024 Polling Phase,-13,293,234,16,True,279.0,278.93,0.371,0.012,0.07,0.0,0.276,249.0,249.0,0.183,-0.0,0.0,0.0,,-18.55,-18.69,0.342,0.012,0.14,0.13,0.683
2024-05-23,-18.324,40.84,43.57,41.72,14.71,279,249,15,True,True,2024 Polling Phase,-12,293,234,16,True,279.0,278.97,0.32,0.006,0.03,0.0,0.164,249.0,249.0,0.0,-0.0,0.0,0.0,,-18.52,-18.66,0.207,0.0117,0.14,0.23,0.693
2024-05-24,-18.044,40.98,43.58,41.71,14.7,279,248,16,True,True,2024 Polling Phase,-11,293,234,16,True,279.0,278.97,0.263,0.0065,0.03,0.0,0.164,248.86,248.97,0.183,-0.0065,-0.11,-1.0,-0.602,-18.44,-18.64,0.196,0.0161,0.2,0.52,0.864
2024-05-25,-17.834,41.08,43.59,41.71,14.7,279,248,16,True,True,2024 Polling Phase,-10,293,234,16,True,279.0,279.0,0.183,-0.0,0.0,0.0,0.0,248.71,248.93,0.183,-0.0125,-0.22,-1.0,-0.867,-18.34,-18.6,0.169,0.018,0.26,0.7,1.012
2024-05-26,-17.748,41.13,43.59,41.7,14.7,279,248,16,True,True,2024 Polling Phase,-9,293,234,16,True,279.0,279.0,0.0,-0.0,0.0,0.0,0.0,248.57,248.9,0.183,-0.018,-0.33,-1.0,-1.082,-18.22,-18.57,0.144,0.0234,0.35,0.81,1.165
2024-05-27,-17.433,41.28,43.61,41.7,14.7,279,248,16,True,True,2024 Polling Phase,-8,293,234,16,True,279.0,279.0,0.0,-0.0,0.0,0.0,0.0,248.43,248.87,0.183,-0.0231,-0.44,-1.0,-1.273,-18.07,-18.54,0.152,0.0314,0.47,1.16,1.287
2024-05-28,-17.478,41.26,43.6,41.7,14.7,279,248,16,True,True,2024 Polling Phase,-7,293,234,16,True,279.0,279.0,0.0,-0.0,0.0,0.0,0.0,248.29,248.83,0.183,-0.0278,-0.54,-1.0,-1.425,-17.92,-18.51,0.152,0.0391,0.59,1.09,1.429
2024-05-29,-18.388,40.81,43.57,41.72,14.71,279,249,15,True,True,2024 Polling Phase,-6,293,234,16,True,279.0,279.0,0.0,-0.0,0.0,0.0,0.0,248.29,248.83,0.263,-0.0256,-0.54,0.0,-1.425,-17.89,-18.5,0.224,0.0385,0.61,0.11,1.481
2024-05-30,-18.463,40.77,43.57,41.72,14.71,279,249,15,True,True,2024 Polling Phase,-5,293,234,16,True,279.0,279.0,0.0,-0.0,0.0,0.0,0.0,248.29,248.83,0.263,-0.0234,-0.54,0.0,-1.425,-17.91,-18.48,0.215,0.0351,0.57,0.1,1.427
2024-05-31,-18.106,40.95,43.58,41.71,14.7,279,248,16,True,True,2024 Polling Phase,-4,293,234,16,True,279.0,279.0,0.0,-0.0,0.0,0.0,0.0,248.29,248.8,0.32,-0.0276,-0.51,-1.0,-1.254,-17.92,-18.45,0.224,0.0339,0.53,0.44,1.35
2024-06-01,-17.681,41.16,43.6,41.7,14.7,279,248,16,True,True,2024 Polling Phase,-3,293,234,16,True,279.0,279.0,0.0,-0.0,0.0,0.0,0.0,248.29,248.77,0.32,-0.0314,-0.48,-1.0,-1.116,-17.9,-18.41,0.229,0.0373,0.51,0.85,1.231
2024-06-02,-17.671,41.16,43.6,41.7,14.7,279,248,16,False,True,2024 MCC Active,-2,293,234,16,True,279.0,279.0,0.0,-0.0,0.0,0.0,0.0,248.29,248.73,0.32,-0.0347,-0.44,-1.0,-0.978,-17.89,-18.38,0.226,0.0393,0.49,0.93,1.145
2024-06-03,-17.151,41.42,43.62,41.69,14.7,280,248,15,False,True,2024 MCC Active,-1,293,234,16,True,279.14,279.03,0.183,0.0065,0.11,1.0,0.602,248.29,248.7,0.32,-0.0376,-0.41,-1.0,-0.88,-17.85,-18.31,0.24,0.0431,0.46,1.35,0.983
2024-06-04,-15.509,42.25,43.68,41.64,14.68,280,247,16,False,True,2024 MCC Active,0,293,234,16,True,279.29,279.07,0.183,0.0125,0.22,1.0,0.867,248.14,248.63,0.365,-0.0465,-0.49,-2.0,-0.881,-17.57,-18.2,0.375,0.0567,0.63,3.04,0.927
2024-06-05,-16.668,41.67,43.63,41.68,14.69,280,248,15,False,False,Post-2024 (30d),1,293,234,16,True,279.43,279.1,0.183,0.018,0.33,1.0,1.082,248.0,248.6,0.414,-0.0481,-0.6,-1.0,-1.065,-17.32,-18.12,0.441,0.0614,0.8,1.88,1.112
2024-06-06,-17.241,41.38,43.61,41.69,14.7,279,248,16,False,False,Post-2024 (30d),2,293,234,16,True,279.43,279.1,0.263,0.0167,0.33,0.0,1.082,247.86,248.57,0.414,-0.0492,-0.71,-1.0,-1.249,-17.15,-18.07,0.457,0.0623,0.92,1.08,1.27
2024-06-07,-17.223,41.39,43.61,41.69,14.7,279,248,16,False,False,Post-2024 (30d),3,293,234,16,True,279.43,279.1,0.263,0.0154,0.33,0.0,1.082,247.86,248.53,0.414,-0.0498,-0.67,0.0,-1.173,-17.02,-18.02,0.456,0.0635,1.0,0.82,1.368
2024-06-08,-17.246,41.38,43.61,41.69,14.7,279,248,16,False,False,Post-2024 (30d),4,293,234,16,True,279.43,279.1,0.263,0.014,0.33,0.0,1.082,247.86,248.5,0.414,-0.0501,-0.64,0.0,-1.118,-16.96,-17.98,0.456,0.0649,1.02,0.59,1.384
2024-06-09,-17.241,41.38,43.61,41.69,14.7,279,248,16,False,False,Post-2024 (30d),5,293,234,16,True,279.43,279.1,0.263,0.0127,0.33,0.0,1.082,247.86,248.47,0.414,-0.0498,-0.61,0.0,-1.068,-16.9,-17.93,0.456,0.0656,1.03,0.51,1.391
2024-06-10,-18.262,40.87,43.58,41.72,14.71,279,248,16,False,False,Post-2024 (30d),6,293,234,16,True,279.29,279.1,0.263,0.0113,0.19,0.0,0.623,247.86,248.43,0.414,-0.0492,-0.57,0.0,-1.003,-17.06,-17.93,0.496,0.0594,0.87,-0.83,1.184
2024-06-11,-19.008,40.5,43.55,41.74,14.71,279,249,15,False,False,Post-2024 (30d),7,293,234,16,True,279.14,279.1,0.263,0.01,0.04,0.0,0.131,248.14,248.43,0.455,-0.0416,-0.29,1.0,-0.51,-17.56,-17.94,0.515,0.0481,0.38,-1.53,0.505
2024-06-12,-18.98,40.51,43.55,41.74,14.71,279,249,15,False,False,Post-2024 (30d),8,293,234,16,True,279.0,279.1,0.263,0.0087,-0.1,0.0,-0.328,248.29,248.43,0.455,-0.034,-0.14,0.0,-0.246,-17.89,-17.95,0.515,0.0369,0.06,-0.59,0.078
2024-06-13,-19.482,40.26,43.53,41.75,14.72,278,249,16,False,False,Post-2024 (30d),9,293,234,16,True,278.86,279.07,0.32,0.0009,-0.21,-1.0,-0.575,248.43,248.43,0.455,-0.0265,0.0,0.0,0.0,-18.21,-17.98,0.522,0.0228,-0.23,-1.02,-0.284
2024-06-14,-19.371,40.31,43.53,41.75,14.72,278,249,16,False,False,Post-2024 (30d),10,293,234,16,True,278.71,279.03,0.32,-0.0065,-0.32,-1.0,-0.773,248.57,248.43,0.455,-0.0189,0.14,1.0,0.246,-18.51,-18.01,0.523,0.0103,-0.5,-1.26,-0.593
2024-06-15,-18.67,40.66,43.56,41.73,14.71,279,249,15,False,False,Post-2024 (30d),11,293,234,16,True,278.71,279.03,0.371,-0.0069,-0.32,0.0,-0.773,248.71,248.43,0.455,-0.0113,0.28,1.0,0.493,-18.72,-18.02,0.539,0.0023,-0.7,-0.99,-0.827
2024-06-16,-18.67,40.66,43.56,41.73,14.71,279,249,15,False,False,Post-2024 (30d),12,293,234,16,True,278.71,279.03,0.371,-0.0073,-0.32,0.0,-0.773,248.86,248.43,0.455,-0.0038,0.43,1.0,0.757,-18.92,-18.02,0.539,-0.0056,-0.9,-1.0,-1.06
2024-06-17,-18.634,40.68,43.56,41.73,14.71,279,249,15,False,False,Post-2024 (30d),13,293,234,16,True,278.71,279.03,0.371,-0.0078,-0.32,-1.0,-0.773,249.0,248.43,0.455,0.0038,0.57,1.0,1.003,-18.97,-18.02,0.539,-0.0131,-0.95,-1.48,-1.116
2024-06-18,-18.866,40.57,43.55,41.73,14.71,279,249,15,False,False,Post-2024 (30d),14,293,234,16,True,278.71,279.03,0.371,-0.0082,-0.32,-1.0,-0.773,249.0,248.43,0.455,0.0113,0.57,2.0,1.003,-18.95,-18.03,0.541,-0.0225,-0.92,-3.36,-1.071
2024-06-19,-21.114,39.44,43.47,41.8,14.73,277,250,16,False,False,Post-2024 (30d),15,293,234,16,True,278.43,278.97,0.521,-0.0216,-0.54,-3.0,-0.971,249.14,248.47,0.49,0.0254,0.67,2.0,1.066,-19.26,-18.12,0.677,-0.0456,-1.14,-4.45,-1.113
2024-06-20,-21.109,39.45,43.47,41.8,14.73,277,250,16,False,False,Post-2024 (30d),16,293,234,16,True,278.29,278.9,0.521,-0.034,-0.61,-2.0,-0.922,249.29,248.5,0.49,0.0389,0.79,2.0,1.158,-19.49,-18.21,0.677,-0.0678,-1.28,-3.87,-1.104
2024-06-21,-20.831,39.58,43.48,41.79,14.73,278,250,15,False,False,Post-2024 (30d),17,293,234,16,True,278.29,278.87,0.556,-0.0392,-0.58,-1.0,-0.851,249.43,248.53,0.49,0.0521,0.9,2.0,1.232,-19.7,-18.28,0.681,-0.0872,-1.42,-3.61,-1.133
2024-06-22,-19.009,40.5,43.55,41.74,14.71,279,249,15,False,False,Post-2024 (30d),18,293,234,16,True,278.29,278.87,0.587,-0.0374,-0.58,0.0,-0.851,249.43,248.53,0.525,0.0583,0.9,1.0,1.232,-19.75,-18.3,0.762,-0.0922,-1.45,-1.76,-1.15
2024-06-23,-19.135,40.43,43.54,41.74,14.71,278,249,16,False,False,Post-2024 (30d),19,293,234,16,True,278.14,278.83,0.615,-0.042,-0.69,-1.0,-0.987,249.43,248.57,0.49,0.0576,0.86,1.0,1.181,-19.81,-18.34,0.76,-0.0957,-1.47,-1.89,-1.159
2024-06-24,-18.862,40.57,43.55,41.73,14.71,279,249,15,False,False,Post-2024 (30d),20,293,234,16,True,278.14,278.83,0.643,-0.0398,-0.69,0.0,-0.987,249.43,248.6,0.49,0.0565,0.83,1.0,1.146,-19.85,-18.38,0.761,-0.0956,-1.47,-0.6,-1.159
2024-06-25,-18.832,40.58,43.55,41.73,14.71,279,249,15,False,False,Post-2024 (30d),21,293,234,16,True,278.14,278.83,0.643,-0.0376,-0.69,0.0,-0.987,249.43,248.63,0.49,0.0549,0.8,0.0,1.114,-19.84,-18.41,0.761,-0.0942,-1.43,0.18,-1.13
2024-06-26,-19.608,40.2,43.53,41.75,14.72,278,249,16,False,False,Post-2024 (30d),22,293,234,16,True,278.29,278.8,0.669,-0.0418,-0.51,-1.0,-0.714,249.29,248.67,0.49,0.0529,0.62,0.0,0.872,-19.63,-18.48,0.77,-0.0952,-1.15,-0.63,-0.906
2024-06-27,-19.559,40.22,43.53,41.75,14.72,278,249,16,False,False,Post-2024 (30d),23,293,234,16,True,278.43,278.77,0.669,-0.0456,-0.34,0.0,-0.467,249.14,248.7,0.49,0.0505,0.44,0.0,0.627,-19.41,-18.55,0.77,-0.0952,-0.86,-0.08,-0.677
2024-06-28,-19.241,40.38,43.54,41.74,14.72,278,249,16,False,False,Post-2024 (30d),24,293,234,16,True,278.43,278.73,0.669,-0.0489,-0.3,0.0,-0.406,249.0,248.7,0.455,0.0545,0.3,0.0,0.427,-19.18,-18.58,0.756,-0.0985,-0.6,0.13,-0.47
2024-06-29,-19.512,40.24,43.53,41.75,14.72,278,249,16,False,False,Post-2024 (30d),25,293,234,16,True,278.29,278.7,0.669,-0.0518,-0.41,-1.0,-0.547,249.0,248.7,0.455,0.0585,0.3,0.0,0.427,-19.25,-18.62,0.758,-0.1037,-0.63,-0.84,-0.49
2024-06-30,-19.492,40.25,43.53,41.75,14.72,278,249,16,False,False,Post-2024 (30d),26,293,234,16,True,278.29,278.67,0.669,-0.0543,-0.38,-1.0,-0.501,249.0,248.73,0.414,0.0556,0.27,0.0,0.39,-19.3,-18.66,0.754,-0.1058,-0.64,-0.82,-0.495
2024-07-01,-19.641,40.18,43.52,41.76,14.72,278,249,16,False,False,Post-2024 (30d),27,293,234,16,True,278.14,278.63,0.669,-0.0563,-0.49,-1.0,-0.641,249.0,248.77,0.414,0.0523,0.23,0.0,0.339,-19.41,-18.73,0.749,-0.1053,-0.68,-1.01,-0.527
2024-07-02,-19.326,40.34,43.54,41.75,14.72,278,249,16,False,False,Post-2024 (30d),28,293,234,16,True,278.0,278.6,0.669,-0.0578,-0.6,-1.0,-0.779,249.0,248.8,0.414,0.0485,0.2,0.0,0.301,-19.48,-18.78,0.752,-0.1019,-0.7,-0.46,-0.547
2024-07-03,-20.16,39.92,43.51,41.77,14.72,278,249,16,False,False,Post-2024 (30d),29,293,234,16,True,278.0,278.53,0.64,-0.0521,-0.53,1.0,-0.726,249.0,248.83,0.414,0.0443,0.17,-1.0,0.262,-19.56,-18.88,0.757,-0.0995,-0.68,0.95,-0.538
2024-07-04,-20.725,39.64,43.48,41.79,14.73,278,250,15,False,False,Post-2024 (30d),30,293,234,16,True,278.0,278.47,0.64,-0.0454,-0.47,1.0,-0.69,249.14,248.93,0.403,0.0392,0.21,0.0,0.36,-19.73,-19.06,0.686,-0.0882,-0.67,0.38,-0.589
2024-07-05,-20.887,39.56,43.48,41.79,14.73,278,250,15,False,False,Inter-Election,31,293,234,16,True,278.0,278.4,0.64,-0.0378,-0.4,0.0,-0.644,249.29,249.0,0.365,0.0396,0.29,0.0,0.494,-19.96,-19.2,0.66,-0.0835,-0.76,-0.06,-0.697
2024-07-06,-20.613,39.69,43.49,41.78,14.73,278,250,15,False,False,Inter-Election,32,293,234,16,True,278.0,278.37,0.615,-0.0363,-0.37,-1.0,-0.602,249.43,249.07,0.365,0.0392,0.36,1.0,0.617,-20.12,-19.31,0.659,-0.0791,-0.81,-1.6,-0.767
2024-07-07,-20.587,39.71,43.49,41.78,14.73,278,250,15,False,False,Inter-Election,33,293,234,16,True,278.0,278.33,0.615,-0.0343,-0.33,0.0,-0.544,249.57,249.13,0.365,0.0378,0.44,1.0,0.77,-20.28,-19.42,0.659,-0.073,-0.86,-1.45,-0.857
2024-07-08,-21.075,39.46,43.47,41.79,14.73,277,250,16,False,False,Inter-Election,34,293,234,16,True,277.86,278.27,0.64,-0.0383,-0.41,-2.0,-0.641,249.71,249.2,0.365,0.0356,0.51,1.0,0.926,-20.48,-19.55,0.662,-0.0686,-0.93,-2.21,-0.969
2024-07-09,-20.987,39.51,43.48,41.79,14.73,277,250,16,False,False,Inter-Election,35,293,234,16,True,277.71,278.2,0.64,-0.0414,-0.49,-2.0,-0.738,249.86,249.27,0.365,0.0325,0.59,1.0,1.133,-20.72,-19.67,0.663,-0.062,-1.05,-2.15,-1.18
2024-07-10,-21.482,39.26,43.46,41.81,14.74,277,250,16,False,False,Inter-Election,36,293,234,16,True,277.57,278.13,0.64,-0.0436,-0.56,-1.0,-0.822,250.0,249.33,0.365,0.0285,0.67,1.0,1.397,-20.91,-19.78,0.645,-0.0639,-1.13,-1.87,-1.245
2024-07-11,-20.469,39.77,43.49,41.78,14.73,278,250,15,False,False,Inter-Election,37,293,234,16,True,277.57,278.1,0.669,-0.0385,-0.53,0.0,-0.801,250.0,249.37,0.32,0.0305,0.63,1.0,1.285,-20.87,-19.83,0.665,-0.063,-1.04,-0.91,-1.151
2024-07-12,-20.622,39.69,43.49,41.78,14.73,278,250,15,False,False,Inter-Election,38,293,234,16,True,277.57,278.07,0.669,-0.0329,-0.5,0.0,-0.782,250.0,249.4,0.32,0.032,0.6,1.0,1.204,-20.83,-19.89,0.665,-0.0622,-0.94,-1.38,-1.044
2024-07-13,-20.666,39.67,43.49,41.78,14.73,278,250,15,False,False,Inter-Election,39,293,234,16,True,277.57,278.07,0.643,-0.0338,-0.5,0.0,-0.782,250.0,249.43,0.32,0.0331,0.57,1.0,1.131,-20.84,-19.93,0.66,-0.0644,-0.91,-1.15,-1.002
2024-07-14,-20.699,39.65,43.49,41.78,14.73,278,250,15,False,False,Inter-Election,40,293,234,16,True,277.57,278.07,0.643,-0.0347,-0.5,0.0,-0.782,250.0,249.47,0.32,0.0338,0.53,1.0,1.045,-20.86,-19.97,0.659,-0.0656,-0.89,-1.21,-0.975
2024-07-15,-20.394,39.8,43.5,41.78,14.73,278,250,15,False,False,Inter-Election,41,293,234,16,True,277.71,278.03,0.615,-0.0287,-0.32,0.0,-0.52,250.0,249.5,0.32,0.034,0.5,1.0,0.983,-20.76,-20.03,0.647,-0.0594,-0.73,-0.75,-0.828
2024-07-16,-20.581,39.71,43.49,41.78,14.73,278,250,15,False,False,Inter-Election,42,293,234,16,True,277.86,278.0,0.615,-0.0222,-0.14,0.0,-0.238,250.0,249.53,0.32,0.0338,0.47,1.0,0.926,-20.7,-20.09,0.648,-0.0536,-0.61,-1.25,-0.719
2024-07-17,-20.498,39.75,43.49,41.78,14.73,278,250,15,False,False,Inter-Election,43,293,234,16,True,278.0,277.97,0.615,-0.0154,0.03,0.0,0.054,250.0,249.57,0.32,0.0331,0.43,1.0,0.853,-20.56,-20.15,0.648,-0.0462,-0.41,-0.34,-0.509
2024-07-18,-20.665,39.67,43.49,41.78,14.73,278,250,15,False,False,Inter-Election,44,293,234,16,True,278.0,277.93,0.615,-0.008,0.07,0.0,0.134,250.0,249.6,0.32,0.032,0.4,0.0,0.803,-20.59,-20.21,0.647,-0.0406,-0.38,0.06,-0.492
2024-07-19,-21.474,39.26,43.46,41.81,14.74,277,250,16,False,False,Inter-Election,45,293,234,16,True,277.86,277.93,0.525,-0.0205,-0.07,-1.0,-0.134,250.0,249.6,0.263,0.0374,0.4,0.0,0.803,-20.71,-20.22,0.521,-0.055,-0.49,-0.59,-0.621
2024-07-20,-21.055,39.47,43.47,41.79,14.73,277,250,16,False,False,Inter-Election,46,293,234,16,True,277.71,277.93,0.525,-0.0329,-0.22,-1.0,-0.422,250.0,249.6,0.263,0.0427,0.4,0.0,0.803,-20.77,-20.22,0.527,-0.0664,-0.55,-0.44,-0.698
2024-07-21,-21.12,39.44,43.47,41.8,14.73,277,250,16,False,False,Inter-Election,47,293,234,16,True,277.57,277.9,0.49,-0.0385,-0.33,-1.0,-0.602,250.0,249.6,0.263,0.0481,0.4,0.0,0.803,-20.83,-20.23,0.524,-0.0764,-0.6,-0.53,-0.753
2024-07-22,-21.072,39.46,43.47,41.79,14.73,277,250,16,False,False,Inter-Election,48,293,234,16,True,277.43,277.83,0.45,-0.0367,-0.4,0.0,-0.754,250.0,249.63,0.183,0.0465,0.37,0.0,0.755,-20.92,-20.3,0.394,-0.0734,-0.62,0.0,-0.799
2024-07-23,-21.069,39.47,43.47,41.79,14.73,277,250,16,False,False,Inter-Election,49,293,234,16,True,277.29,277.8,0.414,-0.0409,-0.51,0.0,-0.926,250.0,249.67,0.183,0.0445,0.33,0.0,0.688,-20.99,-20.37,0.394,-0.0703,-0.62,-0.08,-0.82
2024-07-24,-21.443,39.28,43.46,41.8,14.74,277,250,16,False,False,Inter-Election,50,293,234,16,True,277.14,277.73,0.365,-0.0378,-0.59,0.0,-1.133,250.0,249.7,0.183,0.042,0.3,0.0,0.644,-21.13,-20.45,0.393,-0.0669,-0.68,0.04,-0.937
2024-07-25,-22.073,38.96,43.44,41.82,14.74,277,250,16,False,False,Inter-Election,51,293,234,16,True,277.0,277.67,0.365,-0.0338,-0.67,-1.0,-1.397,250.0,249.73,0.183,0.0392,0.27,0.0,0.6,-21.33,-20.56,0.405,-0.0662,-0.77,-1.6,-1.074
2024-07-26,-22.868,38.57,43.41,41.84,14.75,276,251,16,False,False,Inter-Election,52,293,234,16,True,276.86,277.6,0.365,-0.0423,-0.74,-2.0,-1.314,250.14,249.8,0.254,0.0423,0.34,1.0,0.702,-21.53,-20.67,0.406,-0.0745,-0.86,-2.25,-1.063
2024-07-27,-22.309,38.85,43.43,41.83,14.75,277,251,15,False,False,Inter-Election,53,293,234,16,True,276.86,277.57,0.414,-0.0434,-0.71,-1.0,-1.249,250.29,249.87,0.254,0.0445,0.42,1.0,0.828,-21.71,-20.76,0.423,-0.0774,-0.95,-1.64,-1.138
2024-07-28,-22.247,38.88,43.43,41.83,14.74,277,250,16,False,False,Inter-Election,54,293,234,16,True,276.86,277.53,0.414,-0.044,-0.67,-1.0,-1.173,250.29,249.9,0.32,0.0394,0.39,0.0,0.811,-21.87,-20.86,0.417,-0.0765,-1.01,-1.55,-1.222
2024-07-29,-22.411,38.79,43.42,41.83,14.75,277,251,15,False,False,Inter-Election,55,293,234,16,True,276.86,277.5,0.414,-0.0443,-0.64,-1.0,-1.118,250.43,249.97,0.365,0.0403,0.46,1.0,0.939,-22.06,-20.96,0.416,-0.0772,-1.1,-2.02,-1.321
2024-07-30,-22.368,38.82,43.42,41.83,14.75,277,251,15,False,False,Inter-Election,56,293,234,16,True,276.86,277.47,0.414,-0.044,-0.61,-1.0,-1.068,250.57,250.03,0.365,0.0403,0.54,1.0,1.102,-22.25,-21.05,0.416,-0.0762,-1.2,-1.79,-1.457
2024-07-31,-22.392,38.8,43.42,41.83,14.75,277,251,15,False,False,Inter-Election,57,293,234,16,True,276.86,277.43,0.414,-0.0434,-0.57,-1.0,-1.003,250.71,250.1,0.365,0.0394,0.61,1.0,1.269,-22.38,-21.14,0.416,-0.0751,-1.24,-1.89,-1.523
2024-08-01,-22.403,38.8,43.42,41.83,14.75,277,251,15,False,False,Inter-Election,58,293,234,16,True,276.86,277.4,0.414,-0.0423,-0.54,-1.0,-0.959,250.86,250.17,0.365,0.0376,0.69,1.0,1.496,-22.43,-21.25,0.409,-0.0707,-1.18,-1.74,-1.533
2024-08-02,-22.533,38.73,43.42,41.83,14.75,277,251,15,False,False,Inter-Election,59,293,234,16,True,277.0,277.37,0.414,-0.0407,-0.37,0.0,-0.665,250.86,250.23,0.365,0.0349,0.63,1.0,1.464,-22.38,-21.33,0.385,-0.0715,-1.05,-1.06,-1.353
2024-08-03,-22.511,38.74,43.42,41.83,14.75,277,251,15,False,False,Inter-Election,60,293,234,16,True,277.0,277.33,0.414,-0.0387,-0.33,0.0,-0.604,250.86,250.27,0.32,0.0383,0.59,1.0,1.312,-22.41,-21.39,0.375,-0.075,-1.02,-1.46,-1.281
2024-08-04,-22.604,38.7,43.42,41.84,14.75,277,251,15,False,False,Inter-Election,61,293,234,16,True,277.0,277.3,0.414,-0.0363,-0.3,0.0,-0.561,251.0,250.3,0.32,0.0412,0.7,1.0,1.502,-22.46,-21.44,0.374,-0.0794,-1.02,-1.48,-1.243
2024-08-05,-22.739,38.63,43.41,41.84,14.75,277,251,15,False,False,Inter-Election,62,293,234,16,True,277.0,277.27,0.414,-0.0334,-0.27,0.0,-0.518,251.0,250.33,0.32,0.0436,0.67,1.0,1.397,-22.51,-21.51,0.369,-0.0821,-1.0,-1.67,-1.193
2024-08-06,-22.658,38.67,43.41,41.84,14.75,277,251,15,False,False,Inter-Election,63,293,234,16,True,277.0,277.23,0.414,-0.03,-0.23,0.0,-0.456,251.0,250.37,0.32,0.0456,0.63,1.0,1.285,-22.55,-21.58,0.37,-0.0831,-0.97,-1.59,-1.149
2024-08-07,-22.761,38.62,43.41,41.84,14.75,277,251,15,False,False,Inter-Election,64,293,234,16,True,277.0,277.23,0.371,-0.0331,-0.23,0.0,-0.456,251.0,250.4,0.32,0.0472,0.6,1.0,1.204,-22.6,-21.64,0.361,-0.0872,-0.96,-1.32,-1.109
2024-08-08,-23.151,38.42,43.4,41.85,14.75,276,251,16,False,False,Inter-Election,65,293,234,16,True,276.86,277.2,0.414,-0.0427,-0.34,-1.0,-0.617,251.0,250.43,0.32,0.0483,0.57,1.0,1.131,-22.71,-21.71,0.365,-0.0924,-1.0,-1.08,-1.113
2024-08-09,-22.305,38.85,43.43,41.83,14.75,277,251,15,False,False,Inter-Election,66,293,234,16,True,276.86,277.2,0.455,-0.0454,-0.34,1.0,-0.617,251.0,250.47,0.32,0.0489,0.53,0.0,1.045,-22.68,-21.74,0.393,-0.0947,-0.94,0.56,-1.04
2024-08-10,-22.019,38.99,43.44,41.82,14.74,277,250,16,False,False,Inter-Election,67,293,234,16,True,276.86,277.17,0.414,-0.0412,-0.31,0.0,-0.584,250.86,250.47,0.371,0.0427,0.39,-1.0,0.769,-22.61,-21.79,0.346,-0.0877,-0.82,0.29,-0.94
2024-08-11,-22.051,38.97,43.44,41.82,14.74,277,250,16,False,False,Inter-Election,68,293,234,16,True,276.86,277.13,0.414,-0.0365,-0.27,0.0,-0.532,250.71,250.47,0.371,0.0365,0.24,0.0,0.473,-22.53,-21.84,0.345,-0.0813,-0.69,0.2,-0.816
2024-08-12,-23.069,38.47,43.4,41.85,14.75,276,251,16,False,False,Inter-Election,69,293,234,16,True,276.71,277.07,0.45,-0.0378,-0.36,-1.0,-0.691,250.71,250.5,0.414,0.0367,0.21,0.0,0.413,-22.57,-21.92,0.388,-0.0812,-0.65,-0.66,-0.77
2024-08-13,-22.367,38.82,43.42,41.83,14.75,277,251,15,False,False,Inter-Election,70,293,234,16,True,276.71,277.03,0.49,-0.0318,-0.32,0.0,-0.653,250.71,250.53,0.414,0.0365,0.18,0.0,0.355,-22.53,-21.97,0.414,-0.0757,-0.56,0.0,-0.687
2024-08-14,-22.173,38.91,43.43,41.82,14.74,277,250,16,False,False,Inter-Election,71,293,234,16,True,276.71,277.0,0.49,-0.0254,-0.29,0.0,-0.638,250.57,250.53,0.455,0.0294,0.04,-1.0,0.079,-22.45,-22.03,0.411,-0.0661,-0.42,0.22,-0.553
2024-08-15,-22.097,38.95,43.43,41.82,14.74,277,250,16,False,False,Inter-Election,72,293,234,16,True,276.86,276.97,0.49,-0.0185,-0.11,0.0,-0.266,250.43,250.53,0.455,0.0222,-0.1,-1.0,-0.197,-22.3,-22.08,0.411,-0.0565,-0.22,0.31,-0.311
2024-08-16,-21.959,39.02,43.44,41.82,14.74,277,250,16,False,False,Inter-Election,73,293,234,16,True,276.86,276.93,0.49,-0.0111,-0.07,0.0,-0.192,250.29,250.53,0.455,0.0151,-0.24,-1.0,-0.473,-22.25,-22.13,0.412,-0.0448,-0.12,0.57,-0.187
2024-08-17,-20.125,39.94,43.51,41.77,14.72,278,249,16,False,False,Inter-Election,74,293,234,16,True,277.0,276.93,0.525,0.0031,0.07,1.0,0.192,250.14,250.5,0.49,0.0016,-0.36,-2.0,-0.629,-21.98,-22.11,0.535,-0.0217,0.13,2.39,0.188
2024-08-18,-20.16,39.92,43.51,41.77,14.72,278,249,16,False,False,Inter-Election,75,293,234,16,True,277.14,276.97,0.49,0.0105,0.17,1.0,0.411,250.0,250.47,0.49,-0.0116,-0.47,-2.0,-0.747,-21.71,-22.07,0.512,-0.0047,0.36,2.44,0.467
2024-08-19,-20.109,39.95,43.51,41.77,14.72,278,249,16,False,False,Inter-Election,76,293,234,16,True,277.43,277.0,0.49,0.0174,0.43,1.0,0.945,249.71,250.43,0.49,-0.0242,-0.72,-2.0,-1.061,-21.28,-22.04,0.507,0.015,0.76,2.63,0.915
2024-08-20,-20.739,39.63,43.48,41.79,14.73,278,250,15,False,False,Inter-Election,77,293,234,16,True,277.57,277.03,0.49,0.0238,0.54,1.0,1.102,249.57,250.43,0.525,-0.03,-0.86,-1.0,-1.267,-21.05,-22.03,0.521,0.0297,0.98,1.92,1.156
2024-08-21,-21.36,39.32,43.46,41.8,14.74,277,250,16,False,False,Inter-Election,78,293,234,16,True,277.57,277.03,0.525,0.0234,0.54,0.0,1.102,249.57,250.43,0.525,-0.0358,-0.86,-1.0,-1.267,-20.94,-22.04,0.534,0.0406,1.1,1.4,1.313
2024-08-22,-21.611,39.19,43.45,41.81,14.74,277,250,16,False,False,Inter-Election,79,293,234,16,True,277.57,277.03,0.525,0.0229,0.54,1.0,1.102,249.57,250.43,0.525,-0.0416,-0.86,-1.0,-1.267,-20.87,-22.05,0.536,0.05,1.18,1.54,1.436
2024-08-23,-21.884,39.06,43.44,41.82,14.74,277,250,16,False,False,Inter-Election,80,293,234,16,True,277.57,277.03,0.525,0.0225,0.54,0.0,1.102,249.57,250.43,0.525,-0.0474,-0.86,-1.0,-1.267,-20.86,-22.07,0.534,0.0553,1.21,0.42,1.485
2024-08-24,-21.646,39.18,43.45,41.81,14.74,277,250,16,False,False,Inter-Election,81,293,234,16,True,277.43,277.03,0.525,0.022,0.4,0.0,0.816,249.71,250.43,0.525,-0.0532,-0.72,0.0,-1.061,-21.07,-22.05,0.523,0.058,0.98,0.37,1.198
2024-08-25,-21.663,39.17,43.45,41.81,14.74,277,250,16,False,False,Inter-Election,82,293,234,16,True,277.29,277.07,0.49,0.0147,0.22,0.0,0.489,249.86,250.4,0.49,-0.0521,-0.54,0.0,-0.8,-21.29,-22.01,0.5,0.0549,0.72,0.39,0.893
2024-08-26,-21.647,39.18,43.45,41.81,14.74,277,250,16,False,False,Inter-Election,83,293,234,16,True,277.14,277.07,0.455,0.0138,0.07,1.0,0.156,250.0,250.37,0.49,-0.0505,-0.37,-1.0,-0.553,-21.51,-21.99,0.49,0.0553,0.48,1.42,0.595
2024-08-27,-21.515,39.24,43.46,41.81,14.74,277,250,16,False,False,Inter-Election,84,293,234,16,True,277.0,277.07,0.455,0.0129,-0.07,0.0,-0.156,250.0,250.37,0.455,-0.0554,-0.37,-1.0,-0.553,-21.62,-21.97,0.491,0.0566,0.35,0.85,0.432
2024-08-28,-21.024,39.49,43.47,41.79,14.73,277,250,16,False,False,Inter-Election,85,293,234,16,True,277.0,277.07,0.455,0.012,-0.07,0.0,-0.156,250.0,250.33,0.414,-0.0534,-0.33,0.0,-0.499,-21.57,-21.92,0.496,0.0596,0.35,1.15,0.425
2024-08-29,-21.235,39.38,43.47,41.8,14.73,277,250,16,False,False,Inter-Election,86,293,234,16,True,277.0,277.07,0.455,0.0111,-0.07,0.0,-0.156,250.0,250.3,0.414,-0.0509,-0.3,0.0,-0.461,-21.52,-21.88,0.499,0.061,0.36,0.86,0.435
2024-08-30,-20.896,39.55,43.48,41.79,14.73,278,250,15,False,False,Inter-Election,87,293,234,16,True,277.14,277.1,0.49,0.0167,0.04,1.0,0.083,250.0,250.27,0.414,-0.0481,-0.27,0.0,-0.422,-21.38,-21.83,0.501,0.0638,0.45,1.06,0.535
2024-08-31,-20.945,39.53,43.48,41.79,14.73,277,250,16,False,False,Inter-Election,88,293,234,16,True,277.14,277.1,0.525,0.0154,0.04,-1.0,0.083,250.0,250.23,0.414,-0.0447,-0.23,1.0,-0.367,-21.28,-21.79,0.502,0.0656,0.51,-0.82,0.6
2024-09-01,-21.002,39.5,43.47,41.79,14.73,277,250,16,False,False,Inter-Election,89,293,234,16,True,277.14,277.1,0.525,0.014,0.04,-1.0,0.083,250.0,250.2,0.414,-0.0409,-0.2,1.0,-0.328,-21.18,-21.73,0.501,0.0655,0.55,-0.84,0.648
2024-09-02,-21.282,39.36,43.46,41.8,14.74,277,250,16,False,False,Inter-Election,90,293,234,16,True,277.14,277.1,0.525,0.0127,0.04,-1.0,0.083,250.0,250.17,0.414,-0.0367,-0.17,1.0,-0.287,-21.13,-21.69,0.505,0.0631,0.56,-1.17,0.667
2024-09-03,-21.164,39.42,43.47,41.8,14.73,277,250,16,False,False,Inter-Election,91,293,234,16,True,277.14,277.1,0.525,0.0113,0.04,-1.0,0.083,250.0,250.13,0.414,-0.032,-0.13,0.0,-0.228,-21.08,-21.65,0.504,0.0602,0.57,-0.43,0.689
2024-09-04,-20.993,39.5,43.48,41.79,14.73,277,250,16,False,False,Inter-Election,92,293,234,16,True,277.14,277.1,0.525,0.01,0.04,0.0,0.083,250.0,250.1,0.414,-0.0269,-0.1,0.0,-0.183,-21.07,-21.59,0.503,0.0569,0.52,0.37,0.643
2024-09-05,-21.925,39.04,43.44,41.82,14.74,277,250,16,False,False,Inter-Election,93,293,234,16,True,277.14,277.1,0.525,0.0087,0.04,0.0,0.083,250.0,250.07,0.414,-0.0214,-0.07,0.0,-0.134,-21.17,-21.56,0.535,0.0473,0.39,-0.31,0.496
2024-09-06,-21.484,39.26,43.46,41.81,14.74,277,250,16,False,False,Inter-Election,94,293,234,16,True,277.0,277.1,0.525,0.0073,-0.1,0.0,-0.208,250.0,250.03,0.414,-0.0154,-0.03,0.0,-0.061,-21.26,-21.52,0.54,0.0396,0.26,0.4,0.345
2024-09-07,-22.132,38.93,43.43,41.82,14.74,277,250,16,False,False,Inter-Election,95,293,234,16,True,277.0,277.13,0.49,-0.0009,-0.13,0.0,-0.299,250.0,250.0,0.414,-0.0089,0.0,0.0,0.0,-21.43,-21.49,0.549,0.0244,0.06,-0.49,0.086
2024-09-08,-22.154,38.92,43.43,41.82,14.74,277,250,16,False,False,Inter-Election,96,293,234,16,True,277.0,277.13,0.455,-0.0027,-0.13,0.0,-0.299,250.0,249.97,0.414,-0.002,0.03,0.0,0.072,-21.59,-21.48,0.527,0.0144,-0.11,-0.49,-0.159
2024-09-09,-22.218,38.89,43.43,41.83,14.74,277,250,16,False,False,Inter-Election,97,293,234,16,True,277.0,277.13,0.455,-0.0044,-0.13,0.0,-0.299,250.0,249.97,0.371,-0.0016,0.03,0.0,0.072,-21.72,-21.49,0.524,0.0059,-0.23,-0.57,-0.329
2024-09-10,-22.843,38.58,43.41,41.84,14.75,276,251,16,False,False,Inter-Election,98,293,234,16,True,276.86,277.1,0.49,-0.0127,-0.24,-1.0,-0.499,250.14,250.0,0.414,0.0053,0.14,1.0,0.308,-21.96,-21.51,0.536,-0.0067,-0.45,-1.33,-0.613
2024-09-11,-22.572,38.71,43.42,41.84,14.75,277,251,15,False,False,Inter-Election,99,293,234,16,True,276.86,277.13,0.49,-0.0209,-0.27,0.0,-0.622,250.29,250.0,0.371,0.0187,0.29,1.0,0.638,-22.19,-21.5,0.505,-0.0242,-0.69,-1.55,-0.981
2024-09-12,-23.267,38.37,43.39,41.85,14.75,276,251,16,False,False,Inter-Election,100,293,234,16,True,276.71,277.1,0.49,-0.0291,-0.39,-1.0,-0.811,250.43,250.0,0.371,0.032,0.43,1.0,0.945,-22.38,-21.53,0.504,-0.0417,-0.85,-2.03,-1.121
2024-09-13,-22.795,38.6,43.41,41.84,14.75,276,251,16,False,False,Inter-Election,101,293,234,16,True,276.57,277.07,0.49,-0.0369,-0.5,-2.0,-0.96,250.57,250.03,0.32,0.0385,0.54,1.0,1.102,-22.57,-21.55,0.511,-0.0543,-1.02,-1.9,-1.3
2024-09-14,-23.302,38.35,43.39,41.85,14.75,276,251,16,False,False,Inter-Election,102,293,234,16,True,276.43,277.03,0.49,-0.0443,-0.6,-1.0,-1.079,250.71,250.07,0.32,0.0445,0.64,1.0,1.229,-22.74,-21.59,0.518,-0.0694,-1.15,-2.36,-1.365
2024-09-15,-23.329,38.34,43.39,41.86,14.75,276,251,16,False,False,Inter-Election,103,293,234,16,True,276.29,277.0,0.49,-0.0512,-0.71,-1.0,-1.209,250.86,250.1,0.32,0.0501,0.76,1.0,1.388,-22.9,-21.63,0.517,-0.0832,-1.27,-2.33,-1.413
2024-09-16,-23.314,38.34,43.39,41.86,14.75,276,251,16,False,False,Inter-Election,104,293,234,16,True,276.14,276.93,0.45,-0.0507,-0.79,-1.0,-1.354,251.0,250.17,0.254,0.0483,0.83,1.0,1.564,-23.06,-21.74,0.376,-0.0836,-1.32,-2.03,-1.463
2024-09-17,-23.709,38.15,43.38,41.87,14.76,276,251,16,False,False,Inter-Election,105,293,234,16,True,276.14,276.87,0.45,-0.0494,-0.73,-1.0,-1.278,251.0,250.23,0.254,0.0456,0.77,1.0,1.528,-23.18,-21.86,0.38,-0.0854,-1.32,-2.54,-1.434
2024-09-18,-24.314,37.84,43.35,41.88,14.76,276,252,15,False,False,Inter-Election,106,293,234,16,True,276.0,276.8,0.45,-0.0472,-0.8,-1.0,-1.452,251.14,250.33,0.305,0.0485,0.81,2.0,1.482,-23.43,-22.0,0.388,-0.0892,-1.43,-3.32,-1.483
2024-09-19,-24.484,37.76,43.35,41.89,14.77,276,252,15,False,False,Inter-Election,107,293,234,16,True,276.0,276.73,0.45,-0.044,-0.73,-1.0,-1.402,251.29,250.4,0.254,0.057,0.89,2.0,1.432,-23.61,-22.12,0.377,-0.0965,-1.49,-2.56,-1.439
2024-09-20,-24.444,37.78,43.35,41.89,14.77,276,252,15,False,False,Inter-Election,108,293,234,16,True,276.0,276.7,0.414,-0.0469,-0.7,-1.0,-1.308,251.43,250.47,0.254,0.0645,0.96,2.0,1.409,-23.84,-22.23,0.366,-0.1062,-1.61,-2.96,-1.454
2024-09-21,-24.361,37.82,43.35,41.88,14.76,276,252,15,False,False,Inter-Election,109,293,234,16,True,276.0,276.67,0.414,-0.0494,-0.67,-1.0,-1.226,251.57,250.53,0.254,0.0712,1.04,2.0,1.424,-23.99,-22.32,0.367,-0.1158,-1.67,-2.23,-1.431
2024-09-22,-24.321,37.84,43.35,41.88,14.76,276,252,15,False,False,Inter-Election,110,293,234,16,True,276.0,276.63,0.414,-0.0514,-0.63,-1.0,-1.133,251.71,250.6,0.254,0.077,1.11,2.0,1.441,-24.14,-22.4,0.366,-0.1257,-1.74,-2.17,-1.427
2024-09-23,-24.105,37.95,43.36,41.88,14.76,276,251,16,False,False,Inter-Election,111,293,234,16,True,276.0,276.6,0.414,-0.0529,-0.6,-1.0,-1.065,251.71,250.63,0.32,0.0754,1.08,1.0,1.412,-24.25,-22.48,0.365,-0.1315,-1.77,-1.89,-1.417
2024-09-24,-23.524,38.24,43.38,41.86,14.76,276,251,16,False,False,Inter-Election,112,293,234,16,True,276.0,276.57,0.414,-0.0541,-0.57,0.0,-1.003,251.71,250.67,0.32,0.0734,1.04,0.0,1.372,-24.22,-22.54,0.385,-0.1326,-1.68,-0.68,-1.34
2024-09-25,-23.349,38.33,43.39,41.86,14.76,276,251,16,False,False,Inter-Election,113,293,234,16,True,276.0,276.53,0.414,-0.0547,-0.53,-1.0,-0.928,251.57,250.7,0.32,0.071,0.87,0.0,1.16,-24.08,-22.6,0.387,-0.1316,-1.48,-0.78,-1.184
2024-09-26,-23.595,38.2,43.38,41.86,14.76,276,251,16,False,False,Inter-Election,114,293,234,16,True,276.0,276.5,0.414,-0.0549,-0.5,0.0,-0.874,251.43,250.73,0.32,0.0681,0.7,0.0,0.946,-23.96,-22.67,0.387,-0.1305,-1.29,-0.33,-1.036
2024-09-27,-23.712,38.14,43.38,41.87,14.76,276,251,16,False,False,Inter-Election,115,293,234,16,True,276.0,276.47,0.414,-0.0547,-0.47,0.0,-0.823,251.29,250.77,0.32,0.0647,0.52,0.0,0.714,-23.85,-22.76,0.372,-0.1259,-1.09,-0.92,-0.894
2024-09-28,-23.42,38.29,43.39,41.86,14.76,276,251,16,False,False,Inter-Election,116,293,234,16,True,276.0,276.43,0.414,-0.0541,-0.43,0.0,-0.757,251.14,250.8,0.32,0.061,0.34,0.0,0.476,-23.72,-22.83,0.378,-0.1197,-0.89,-0.12,-0.748
2024-09-29,-23.44,38.28,43.39,41.86,14.76,276,251,16,False,False,Inter-Election,117,293,234,16,True,276.0,276.37,0.365,-0.0461,-0.37,0.0,-0.755,251.0,250.83,0.32,0.0567,0.17,0.0,0.243,-23.59,-22.92,0.37,-0.1102,-0.67,-0.11,-0.589
2024-09-30,-22.347,38.83,43.43,41.83,14.75,277,251,15,False,False,Inter-Election,118,293,234,16,True,276.14,276.37,0.371,-0.0376,-0.23,1.0,-0.469,251.0,250.87,0.32,0.0521,0.13,0.0,0.191,-23.34,-22.96,0.428,-0.093,-0.38,0.97,-0.352
2024-10-01,-22.525,38.74,43.42,41.83,14.75,277,251,15,False,False,Inter-Election,119,293,234,16,True,276.29,276.37,0.371,-0.0291,-0.08,1.0,-0.163,251.0,250.9,0.32,0.0469,0.1,0.0,0.151,-23.2,-23.01,0.428,-0.0766,-0.19,1.18,-0.186
2024-10-02,-22.539,38.73,43.42,41.83,14.75,277,251,15,False,False,Inter-Election,120,293,234,16,True,276.43,276.37,0.371,-0.0207,0.06,1.0,0.122,251.0,250.93,0.32,0.0414,0.07,-1.0,0.109,-23.08,-23.06,0.426,-0.0616,-0.02,1.77,-0.021
2024-10-03,-22.458,38.77,43.42,41.83,14.75,277,251,15,False,False,Inter-Election,121,293,234,16,True,276.57,276.37,0.371,-0.0122,0.2,1.0,0.408,251.0,250.97,0.32,0.0354,0.03,-1.0,0.049,-22.92,-23.1,0.426,-0.0447,0.18,2.03,0.198
2024-10-04,-22.168,38.92,43.43,41.82,14.74,277,250,16,False,False,Inter-Election,122,293,234,16,True,276.71,276.37,0.371,-0.0038,0.34,1.0,0.694,250.86,250.97,0.371,0.0225,-0.11,-2.0,-0.179,-22.7,-23.14,0.428,-0.0242,0.44,2.28,0.525
2024-10-05,-22.458,38.77,43.42,41.83,14.75,277,251,15,False,False,Inter-Election,123,293,234,16,True,276.86,276.37,0.371,0.0047,0.49,1.0,1.0,250.86,251.0,0.414,0.016,-0.14,-1.0,-0.238,-22.56,-23.16,0.397,-0.0114,0.6,1.9,0.734
2024-10-06,-22.423,38.79,43.42,41.83,14.75,277,251,15,False,False,Inter-Election,124,293,234,16,True,277.0,276.37,0.371,0.0131,0.63,1.0,1.285,250.86,251.03,0.414,0.0091,-0.17,-1.0,-0.306,-22.42,-23.19,0.388,0.0049,0.77,1.9,1.003
2024-10-07,-21.903,39.05,43.44,41.82,14.74,277,250,16,False,False,Inter-Election,125,293,234,16,True,277.0,276.37,0.371,0.0216,0.63,1.0,1.285,250.71,251.03,0.455,-0.0047,-0.32,-1.0,-0.575,-22.35,-23.18,0.382,0.0204,0.83,2.2,1.065
2024-10-08,-21.635,39.18,43.45,41.81,14.74,277,250,16,False,False,Inter-Election,126,293,234,16,True,277.0,276.37,0.371,0.03,0.63,1.0,1.285,250.57,251.03,0.455,-0.0185,-0.46,-1.0,-0.827,-22.23,-23.16,0.385,0.0375,0.93,1.89,1.151
2024-10-09,-21.207,39.4,43.47,41.8,14.73,277,250,16,False,False,Inter-Election,127,293,234,16,True,277.0,276.37,0.371,0.0385,0.63,1.0,1.285,250.43,251.03,0.455,-0.0323,-0.6,-1.0,-1.079,-22.04,-23.13,0.392,0.0566,1.09,2.14,1.256
2024-10-10,-21.21,39.39,43.47,41.8,14.73,277,250,16,False,False,Inter-Election,128,293,234,16,True,277.0,276.4,0.32,0.04,0.6,1.0,1.204,250.29,251.0,0.414,-0.0392,-0.71,-1.0,-1.209,-21.86,-23.07,0.372,0.071,1.21,2.38,1.294
2024-10-11,-21.46,39.27,43.46,41.8,14.74,277,250,16,False,False,Inter-Election,129,293,234,16,True,277.0,276.4,0.263,0.0481,0.6,1.0,1.204,250.29,250.97,0.414,-0.0456,-0.68,-1.0,-1.106,-21.76,-23.04,0.374,0.0848,1.28,2.25,1.31
2024-10-12,-21.442,39.28,43.46,41.8,14.74,277,250,16,False,False,Inter-Election,130,293,234,16,True,277.0,276.43,0.183,0.0492,0.57,1.0,1.131,250.14,250.93,0.414,-0.0516,-0.79,-1.0,-1.235,-21.61,-22.98,0.347,0.0935,1.37,1.98,1.346
2024-10-13,-21.42,39.29,43.46,41.8,14.74,277,250,16,False,False,Inter-Election,131,293,234,16,True,277.0,276.47,0.183,0.0498,0.53,1.0,1.045,250.0,250.9,0.414,-0.0572,-0.9,-1.0,-1.36,-21.47,-22.93,0.338,0.1048,1.46,2.02,1.382
2024-10-14,-19.708,40.15,43.52,41.76,14.72,278,249,16,False,False,Inter-Election,132,293,234,16,True,277.14,276.53,0.254,0.0565,0.61,1.0,1.068,249.86,250.83,0.45,-0.0687,-0.97,-2.0,-1.299,-21.15,-22.81,0.441,0.1231,1.66,2.64,1.376
2024-10-15,-19.677,40.16,43.52,41.76,14.72,278,249,16,False,False,Inter-Election,133,293,234,16,True,277.29,276.6,0.254,0.0623,0.69,1.0,1.11,249.71,250.77,0.45,-0.0794,-1.06,-2.0,-1.297,-20.87,-22.69,0.44,0.1397,1.82,2.85,1.368
2024-10-16,-19.725,40.14,43.52,41.76,14.72,278,249,16,False,False,Inter-Election,134,293,234,16,True,277.43,276.67,0.254,0.0672,0.76,1.0,1.15,249.57,250.7,0.45,-0.0892,-1.13,-2.0,-1.289,-20.66,-22.57,0.441,0.1545,1.91,2.81,1.336
2024-10-17,-19.692,40.15,43.52,41.76,14.72,278,249,16,False,False,Inter-Election,135,293,234,16,True,277.57,276.73,0.254,0.0712,0.84,1.0,1.215,249.43,250.63,0.45,-0.0981,-1.2,-2.0,-1.293,-20.45,-22.44,0.43,0.1652,1.99,2.77,1.322
2024-10-18,-19.737,40.13,43.52,41.76,14.72,278,249,16,False,False,Inter-Election,136,293,234,16,True,277.71,276.8,0.254,0.0743,0.91,1.0,1.274,249.29,250.53,0.403,-0.0992,-1.24,-1.0,-1.323,-20.2,-22.28,0.409,0.1697,2.08,2.43,1.351
2024-10-19,-19.07,40.46,43.55,41.74,14.71,278,249,16,False,False,Inter-Election,137,293,234,16,True,277.86,276.87,0.254,0.0765,0.99,1.0,1.356,249.14,250.43,0.403,-0.099,-1.29,-2.0,-1.379,-19.86,-22.1,0.414,0.1752,2.24,3.39,1.409
2024-10-20,-19.032,40.48,43.55,41.74,14.71,279,249,15,False,False,Inter-Election,138,293,234,16,True,278.14,276.97,0.305,0.0843,1.17,2.0,1.447,249.0,250.33,0.403,-0.0974,-1.33,-2.0,-1.442,-19.52,-21.92,0.414,0.1789,2.4,3.39,1.48
2024-10-21,-19.704,40.15,43.52,41.76,14.72,278,249,16,False,False,Inter-Election,139,293,234,16,True,278.14,277.03,0.365,0.0843,1.11,1.0,1.373,249.0,250.23,0.403,-0.0945,-1.23,-1.0,-1.37,-19.52,-21.77,0.443,0.1764,2.25,2.2,1.404
2024-10-22,-19.678,40.16,43.52,41.76,14.72,278,249,16,False,False,Inter-Election,140,293,234,16,True,278.14,277.1,0.365,0.0834,1.04,1.0,1.295,249.0,250.13,0.403,-0.0903,-1.13,-1.0,-1.313,-19.52,-21.61,0.443,0.1722,2.09,1.96,1.33
2024-10-23,-19.726,40.14,43.52,41.76,14.72,278,249,16,False,False,Inter-Election,141,293,234,16,True,278.14,277.17,0.365,0.0816,0.97,1.0,1.226,249.0,250.07,0.365,-0.0917,-1.07,-1.0,-1.232,-19.52,-21.47,0.444,0.1672,1.95,1.48,1.271
2024-10-24,-20.777,39.61,43.48,41.79,14.73,278,250,15,False,False,Inter-Election,142,293,234,16,True,278.14,277.23,0.365,0.079,0.91,1.0,1.176,249.14,250.03,0.414,-0.0857,-0.89,0.0,-1.047,-19.67,-21.37,0.487,0.1575,1.7,0.43,1.142
2024-10-25,-20.928,39.54,43.48,41.79,14.73,277,250,16,False,False,Inter-Election,143,293,234,16,True,278.0,277.27,0.414,0.069,0.73,0.0,0.987,249.29,250.0,0.414,-0.0792,-0.71,0.0,-0.855,-19.84,-21.29,0.489,0.1467,1.45,0.53,1.005
2024-10-26,-20.916,39.54,43.48,41.79,14.73,278,250,15,False,False,Inter-Election,144,293,234,16,True,278.0,277.33,0.45,0.065,0.67,1.0,0.942,249.43,249.97,0.414,-0.0723,-0.54,0.0,-0.668,-20.11,-21.2,0.485,0.1333,1.09,0.53,0.791
2024-10-27,-20.881,39.56,43.48,41.79,14.73,278,250,15,False,False,Inter-Election,145,293,234,16,True,277.86,277.4,0.45,0.0601,0.46,1.0,0.682,249.57,249.93,0.414,-0.065,-0.36,0.0,-0.459,-20.37,-21.11,0.483,0.1181,0.74,0.54,0.572
2024-10-28,-20.965,39.52,43.48,41.79,14.73,277,250,16,False,False,Inter-Election,146,293,234,16,True,277.71,277.43,0.49,0.0478,0.28,-1.0,0.447,249.71,249.9,0.414,-0.0572,-0.19,1.0,-0.25,-20.55,-21.03,0.483,0.1031,0.48,-1.26,0.394
2024-10-29,-20.535,39.73,43.49,41.78,14.73,278,250,15,False,False,Inter-Election,147,293,234,16,True,277.71,277.5,0.521,0.0416,0.21,0.0,0.367,249.86,249.87,0.414,-0.0489,-0.01,1.0,-0.014,-20.68,-20.93,0.487,0.0897,0.25,-0.86,0.221
2024-10-30,-20.761,39.62,43.48,41.79,14.73,278,250,15,False,False,Inter-Election,148,293,234,16,True,277.71,277.53,0.49,0.0414,0.18,0.0,0.315,250.0,249.83,0.414,-0.0403,0.17,1.0,0.243,-20.82,-20.88,0.452,0.081,0.06,-1.04,0.055
2024-10-31,-20.747,39.63,43.48,41.79,14.73,278,250,15,False,False,Inter-Election,149,293,234,16,True,277.71,277.57,0.49,0.0407,0.14,0.0,0.246,250.0,249.8,0.414,-0.0311,0.2,1.0,0.301,-20.82,-20.82,0.45,0.0705,0.0,-1.05,0.0
2024-11-01,-20.949,39.53,43.48,41.79,14.73,277,250,16,False,False,Inter-Election,150,293,234,16,True,277.71,277.57,0.525,0.0331,0.14,-1.0,0.246,250.0,249.77,0.414,-0.0216,0.23,1.0,0.367,-20.82,-20.77,0.452,0.0578,-0.05,-1.21,-0.05
2024-11-02,-20.769,39.62,43.48,41.79,14.73,278,250,15,False,False,Inter-Election,151,293,234,16,True,277.71,277.6,0.556,0.032,0.11,0.0,0.195,250.0,249.73,0.414,-0.0116,0.27,1.0,0.463,-20.8,-20.71,0.453,0.0461,-0.09,-1.7,-0.094
2024-11-03,-20.806,39.6,43.48,41.79,14.73,278,250,15,False,False,Inter-Election,152,293,234,16,True,277.71,277.63,0.556,0.0305,0.08,-1.0,0.144,250.0,249.73,0.371,-0.008,0.27,1.0,0.463,-20.79,-20.66,0.451,0.0354,-0.13,-1.77,-0.142
2024-11-04,-21.008,39.5,43.47,41.79,14.73,277,250,16,False,False,Inter-Election,153,293,234,16,True,277.71,277.63,0.587,0.022,0.08,-1.0,0.144,250.0,249.7,0.32,0.0024,0.3,1.0,0.561,-20.8,-20.62,0.449,0.0209,-0.18,-1.3,-0.211
2024-11-05,-21.052,39.47,43.47,41.79,14.73,277,250,16,False,False,Inter-Election,154,293,234,16,True,277.57,277.63,0.587,0.0136,-0.06,-1.0,-0.108,250.0,249.67,0.32,0.0133,0.33,1.0,0.688,-20.87,-20.57,0.449,0.0056,-0.3,-1.37,-0.382
2024-11-06,-21.188,39.41,43.47,41.8,14.73,277,250,16,False,False,Inter-Election,155,293,234,16,True,277.43,277.63,0.587,0.0051,-0.2,-1.0,-0.36,250.0,249.67,0.263,0.0178,0.33,1.0,0.688,-20.93,-20.55,0.441,-0.0076,-0.38,-1.46,-0.504
2024-11-07,-20.885,39.56,43.48,41.79,14.73,278,250,15,False,False,Inter-Election,156,293,234,16,True,277.43,277.67,0.615,0.0031,-0.24,0.0,-0.439,250.0,249.67,0.263,0.0222,0.33,0.0,0.688,-20.95,-20.52,0.442,-0.0173,-0.43,-0.11,-0.591
2024-11-08,-20.998,39.5,43.47,41.79,14.73,277,250,16,False,False,Inter-Election,157,293,234,16,True,277.43,277.67,0.643,-0.0058,-0.24,0.0,-0.439,250.0,249.67,0.263,0.0267,0.33,0.0,0.688,-20.96,-20.51,0.436,-0.0251,-0.45,-0.07,-0.623
2024-11-09,-20.734,39.63,43.48,41.79,14.73,278,250,15,False,False,Inter-Election,158,293,234,16,True,277.43,277.7,0.669,-0.0082,-0.27,0.0,-0.505,250.0,249.67,0.263,0.0311,0.33,0.0,0.688,-20.95,-20.5,0.438,-0.0313,-0.45,0.18,-0.632
2024-11-10,-20.743,39.63,43.48,41.79,14.73,278,250,15,False,False,Inter-Election,159,293,234,16,True,277.43,277.73,0.669,-0.0111,-0.3,0.0,-0.576,250.0,249.67,0.263,0.0356,0.33,0.0,0.688,-20.94,-20.48,0.436,-0.0395,-0.46,0.14,-0.667
2024-11-11,-20.071,39.96,43.51,41.77,14.72,278,249,16,False,False,Inter-Election,160,293,234,16,True,277.57,277.77,0.669,-0.0145,-0.2,1.0,-0.397,249.86,249.63,0.32,0.0336,0.23,-1.0,0.469,-20.81,-20.43,0.451,-0.0435,-0.38,0.89,-0.568
2024-11-12,-19.873,40.06,43.52,41.76,14.72,278,249,16,False,False,Inter-Election,161,293,234,16,True,277.71,277.8,0.669,-0.0182,-0.09,0.0,-0.186,249.71,249.6,0.32,0.032,0.11,-1.0,0.221,-20.64,-20.38,0.452,-0.0468,-0.26,0.66,-0.401
2024-11-13,-19.971,40.01,43.51,41.76,14.72,278,249,16,False,False,Inter-Election,162,293,234,16,True,277.86,277.8,0.643,-0.0156,0.06,0.0,0.124,249.57,249.6,0.263,0.024,-0.03,-1.0,-0.06,-20.47,-20.39,0.326,-0.0395,-0.08,0.79,-0.125
2024-11-14,-19.727,40.14,43.52,41.76,14.72,278,249,16,False,False,Inter-Election,163,293,234,16,True,277.86,277.8,0.643,-0.0129,0.06,0.0,0.124,249.43,249.6,0.263,0.016,-0.17,-1.0,-0.341,-20.3,-20.39,0.329,-0.0304,0.09,1.02,0.141
2024-11-15,-19.729,40.14,43.52,41.76,14.72,278,249,16,False,False,Inter-Election,164,293,234,16,True,278.0,277.8,0.643,-0.0102,0.2,1.0,0.413,249.29,249.6,0.263,0.008,-0.31,-1.0,-0.622,-20.12,-20.39,0.329,-0.0216,0.27,1.22,0.422
2024-11-16,-19.643,40.18,43.52,41.76,14.72,278,249,16,False,False,Inter-Election,165,293,234,16,True,278.0,277.8,0.643,-0.0076,0.2,0.0,0.413,249.14,249.6,0.263,-0.0,-0.46,-1.0,-0.923,-19.97,-20.39,0.33,-0.0119,0.42,1.13,0.655
2024-11-17,-19.604,40.2,43.53,41.75,14.72,278,249,16,False,False,Inter-Election,166,293,234,16,True,278.0,277.8,0.643,-0.0049,0.2,0.0,0.413,249.0,249.6,0.263,-0.008,-0.6,-1.0,-1.204,-19.8,-20.38,0.33,-0.0024,0.58,1.2,0.897
2024-11-18,-19.556,40.22,43.53,41.75,14.72,278,249,16,False,False,Inter-Election,167,293,234,16,True,278.0,277.8,0.643,-0.0022,0.2,1.0,0.413,249.0,249.6,0.263,-0.016,-0.6,-1.0,-1.204,-19.73,-20.4,0.305,0.012,0.67,1.45,1.084
2024-11-19,-19.371,40.31,43.53,41.75,14.72,278,249,16,False,False,Inter-Election,168,293,234,16,True,278.0,277.77,0.615,0.0073,0.23,1.0,0.535,249.0,249.6,0.263,-0.024,-0.6,-1.0,-1.204,-19.66,-20.41,0.307,0.028,0.75,1.68,1.261
2024-11-20,-19.482,40.26,43.53,41.75,14.72,278,249,16,False,False,Inter-Election,169,293,234,16,True,278.0,277.77,0.587,0.0105,0.23,1.0,0.535,249.0,249.6,0.263,-0.032,-0.6,-1.0,-1.204,-19.59,-20.4,0.282,0.0389,0.81,1.71,1.339
2024-11-21,-19.395,40.3,43.53,41.75,14.72,278,249,16,False,False,Inter-Election,170,293,234,16,True,278.0,277.77,0.587,0.0136,0.23,0.0,0.535,249.0,249.6,0.263,-0.04,-0.6,-1.0,-1.204,-19.54,-20.39,0.282,0.0504,0.85,1.49,1.374
2024-11-22,-18.881,40.56,43.55,41.74,14.71,279,249,15,False,False,Inter-Election,171,293,234,16,True,278.14,277.8,0.615,0.0231,0.34,2.0,0.702,249.0,249.6,0.263,-0.0481,-0.6,-1.0,-1.204,-19.42,-20.36,0.296,0.0647,0.94,2.12,1.408
2024-11-23,-19.439,40.28,43.53,41.75,14.72,278,249,16,False,False,Inter-Election,172,293,234,16,True,278.14,277.8,0.643,0.0258,0.34,0.0,0.702,249.0,249.57,0.183,-0.0492,-0.57,-1.0,-1.131,-19.39,-20.32,0.243,0.0679,0.93,1.3,1.361
2024-11-24,-19.339,40.33,43.54,41.75,14.72,278,249,16,False,False,Inter-Election,173,293,234,16,True,278.14,277.83,0.615,0.0216,0.31,0.0,0.672,249.0,249.53,0.183,-0.0498,-0.53,-1.0,-1.045,-19.35,-20.27,0.241,0.07,0.92,1.4,1.321
2024-11-25,-19.573,40.21,43.53,41.75,14.72,278,249,16,False,False,Inter-Election,174,293,234,16,True,278.14,277.83,0.587,0.0238,0.31,0.0,0.672,249.0,249.5,0.183,-0.0501,-0.5,0.0,-0.983,-19.35,-20.22,0.246,0.07,0.87,0.5,1.25
2024-11-26,-19.371,40.31,43.53,41.75,14.72,278,249,16,False,False,Inter-Election,175,293,234,16,True,278.14,277.83,0.587,0.026,0.31,0.0,0.672,249.0,249.47,0.183,-0.0498,-0.47,0.0,-0.926,-19.35,-20.17,0.248,0.0709,0.82,0.5,1.169
2024-11-27,-19.448,40.28,43.53,41.75,14.72,278,249,16,False,False,Inter-Election,176,293,234,16,True,278.14,277.87,0.556,0.0214,0.27,0.0,0.622,249.0,249.43,0.183,-0.0492,-0.43,0.0,-0.853,-19.35,-20.12,0.248,0.0702,0.77,0.52,1.105
2024-11-28,-20.281,39.86,43.5,41.77,14.73,278,249,16,False,False,Inter-Election,177,293,234,16,True,278.14,277.87,0.525,0.0231,0.27,0.0,0.622,249.0,249.4,0.183,-0.0481,-0.4,0.0,-0.803,-19.48,-20.11,0.286,0.0663,0.63,-0.55,0.908
2024-11-29,-20.029,39.99,43.51,41.77,14.72,278,249,16,False,False,Inter-Election,178,293,234,16,True,278.0,277.87,0.525,0.0249,0.13,0.0,0.299,249.0,249.37,0.183,-0.0465,-0.37,0.0,-0.755,-19.64,-20.09,0.285,0.0623,0.45,-0.3,0.659
2024-11-30,-20.537,39.73,43.49,41.78,14.73,278,250,15,False,False,Inter-Election,179,293,234,16,True,278.0,277.87,0.525,0.0267,0.13,0.0,0.299,249.14,249.37,0.263,-0.038,-0.23,1.0,-0.469,-19.8,-20.08,0.302,0.0549,0.28,-0.89,0.414
2024-12-01,-20.542,39.73,43.49,41.78,14.73,278,250,15,False,False,Inter-Election,180,293,234,16,True,278.0,277.9,0.49,0.0216,0.1,0.0,0.248,249.29,249.37,0.263,-0.0296,-0.08,1.0,-0.163,-19.97,-20.07,0.299,0.046,0.1,-0.94,0.151
2024-12-02,-20.616,39.69,43.49,41.78,14.73,278,250,15,False,False,Inter-Election,181,293,234,16,True,278.0,277.9,0.455,0.0229,0.1,0.0,0.248,249.43,249.37,0.263,-0.0211,0.06,1.0,0.122,-20.12,-20.06,0.298,0.0376,-0.06,-1.06,-0.091
2024-12-03,-20.57,39.71,43.49,41.78,14.73,278,250,15,False,False,Inter-Election,182,293,234,16,True,278.0,277.9,0.455,0.0242,0.1,0.0,0.248,249.57,249.37,0.263,-0.0127,0.2,1.0,0.408,-20.29,-20.06,0.298,0.0292,-0.23,-1.2,-0.354
2024-12-04,-20.576,39.71,43.49,41.78,14.73,278,250,15,False,False,Inter-Election,183,293,234,16,True,278.0,277.93,0.414,0.0187,0.07,0.0,0.192,249.71,249.37,0.263,-0.0042,0.34,1.0,0.694,-20.45,-20.04,0.295,0.0193,-0.41,-1.09,-0.648
2024-12-05,-20.665,39.67,43.49,41.78,14.73,278,250,15,False,False,Inter-Election,184,293,234,16,True,278.0,277.97,0.414,0.0127,0.03,0.0,0.094,249.86,249.37,0.263,0.0042,0.49,1.0,1.0,-20.5,-20.03,0.295,0.0083,-0.47,-1.27,-0.764
2024-12-06,-21.429,39.29,43.46,41.8,14.74,277,250,16,False,False,Inter-Election,185,293,234,16,True,277.86,277.97,0.455,-0.0002,-0.11,-2.0,-0.344,250.0,249.37,0.263,0.0127,0.63,1.0,1.285,-20.7,-20.04,0.327,-0.0088,-0.66,-2.55,-1.044
2024-12-07,-22.233,38.88,43.43,41.83,14.74,277,250,16,False,False,Inter-Election,186,293,234,16,True,277.71,277.93,0.414,-0.0062,-0.22,-1.0,-0.602,250.0,249.37,0.263,0.0211,0.63,1.0,1.285,-20.95,-20.08,0.352,-0.0288,-0.87,-2.79,-1.185
2024-12-08,-22.126,38.94,43.43,41.82,14.74,277,250,16,False,False,Inter-Election,187,293,234,16,True,277.57,277.93,0.371,-0.0187,-0.36,-1.0,-0.986,250.0,249.37,0.263,0.0296,0.63,1.0,1.285,-21.17,-20.12,0.353,-0.0483,-1.05,-2.79,-1.3
2024-12-09,-22.698,38.65,43.41,41.84,14.75,277,251,15,False,False,Inter-Election,188,293,234,16,True,277.43,277.9,0.32,-0.0242,-0.47,-1.0,-1.167,250.14,249.4,0.32,0.0445,0.74,2.0,1.314,-21.47,-20.18,0.361,-0.0692,-1.29,-3.12,-1.387
2024-12-10,-23.191,38.4,43.39,41.85,14.75,276,251,16,False,False,Inter-Election,189,293,234,16,True,277.14,277.83,0.365,-0.0358,-0.69,-2.0,-1.3,250.29,249.43,0.32,0.059,0.86,2.0,1.374,-21.85,-20.27,0.369,-0.0925,-1.58,-3.82,-1.468
2024-12-11,-23.369,38.32,43.39,41.86,14.76,276,251,16,False,False,Inter-Election,190,293,234,16,True,276.86,277.77,0.365,-0.0465,-0.91,-2.0,-1.454,250.43,249.5,0.254,0.0661,0.93,2.0,1.363,-22.24,-20.38,0.341,-0.1111,-1.86,-3.92,-1.53
2024-12-12,-24.294,37.85,43.35,41.88,14.76,276,252,15,False,False,Inter-Election,191,293,234,16,True,276.57,277.7,0.365,-0.0563,-1.13,-2.0,-1.609,250.71,249.6,0.305,0.0788,1.11,3.0,1.364,-22.76,-20.52,0.367,-0.133,-2.24,-4.01,-1.594
2024-12-13,-23.52,38.24,43.38,41.86,14.76,276,251,16,False,False,Inter-Election,192,293,234,16,True,276.43,277.63,0.365,-0.0652,-1.2,-2.0,-1.569,250.86,249.67,0.365,0.0836,1.19,2.0,1.41,-23.06,-20.64,0.403,-0.1485,-2.42,-3.49,-1.61
2024-12-14,-23.048,38.48,43.4,41.85,14.75,276,251,16,False,False,Inter-Election,193,293,234,16,True,276.29,277.57,0.365,-0.0732,-1.28,-2.0,-1.566,251.0,249.73,0.365,0.0877,1.27,1.0,1.463,-23.18,-20.75,0.413,-0.1577,-2.43,-2.51,-1.563
2024-12-15,-22.943,38.53,43.4,41.85,14.75,276,251,16,False,False,Inter-Election,194,293,234,16,True,276.14,277.5,0.365,-0.0803,-1.36,-2.0,-1.579,251.14,249.8,0.365,0.0908,1.34,1.0,1.511,-23.29,-20.86,0.414,-0.1648,-2.43,-2.4,-1.526
2024-12-16,-23.043,38.48,43.4,41.85,14.75,276,251,16,False,False,Inter-Election,195,293,234,16,True,276.0,277.43,0.365,-0.0865,-1.43,-2.0,-1.593,251.14,249.87,0.365,0.093,1.27,1.0,1.412,-23.34,-20.97,0.412,-0.1705,-2.37,-2.43,-1.46
2024-12-17,-23.166,38.42,43.4,41.85,14.75,276,251,16,False,False,Inter-Election,196,293,234,16,True,276.0,277.37,0.365,-0.0919,-1.37,-2.0,-1.477,251.14,249.93,0.365,0.0943,1.21,1.0,1.334,-23.34,-21.09,0.411,-0.1752,-2.25,-2.6,-1.364
2024-12-18,-23.039,38.48,43.4,41.85,14.75,276,251,16,False,False,Inter-Election,197,293,234,16,True,276.0,277.3,0.365,-0.0963,-1.3,-2.0,-1.365,251.14,250.0,0.365,0.0948,1.14,1.0,1.253,-23.29,-21.21,0.413,-0.1772,-2.08,-2.46,-1.252
2024-12-19,-23.819,38.09,43.37,41.87,14.76,276,251,16,False,False,Inter-Election,198,293,234,16,True,276.0,277.23,0.365,-0.0999,-1.23,-2.0,-1.266,251.0,250.07,0.365,0.0943,0.93,1.0,1.025,-23.23,-21.36,0.426,-0.1814,-1.87,-3.15,-1.107
2024-12-20,-23.645,38.18,43.38,41.86,14.76,276,251,16,False,False,Inter-Election,199,293,234,16,True,276.0,277.17,0.365,-0.1026,-1.17,-1.0,-1.187,251.0,250.13,0.365,0.093,0.87,1.0,0.967,-23.24,-21.49,0.43,-0.1832,-1.75,-2.22,-1.029
2024-12-21,-23.522,38.24,43.38,41.86,14.76,276,251,16,False,False,Inter-Election,200,293,234,16,True,276.0,277.1,0.365,-0.1043,-1.1,-1.0,-1.106,251.0,250.2,0.365,0.0908,0.8,1.0,0.902,-23.31,-21.63,0.431,-0.1818,-1.68,-1.29,-0.993
2024-12-22,-23.832,38.08,43.37,41.87,14.76,276,251,16,False,False,Inter-Election,201,293,234,16,True,276.0,277.0,0.305,-0.0983,-1.0,-1.0,-1.056,251.0,250.27,0.365,0.0877,0.73,1.0,0.841,-23.44,-21.8,0.414,-0.1771,-1.64,-1.71,-0.99
2024-12-23,-23.333,38.33,43.39,41.86,14.75,276,251,16,False,False,Inter-Election,202,293,234,16,True,276.0,276.93,0.254,-0.0979,-0.93,-1.0,-0.985,251.0,250.33,0.365,0.0836,0.67,0.0,0.794,-23.48,-21.93,0.424,-0.1707,-1.55,-0.63,-0.958
2024-12-24,-23.606,38.2,43.38,41.86,14.76,276,251,16,False,False,Inter-Election,203,293,234,16,True,276.0,276.87,0.254,-0.0966,-0.87,0.0,-0.928,251.0,250.4,0.365,0.0788,0.6,0.0,0.737,-23.54,-22.07,0.422,-0.1637,-1.47,-0.42,-0.937
2024-12-25,-23.468,38.27,43.38,41.86,14.76,276,251,16,False,False,Inter-Election,204,293,234,16,True,276.0,276.8,0.254,-0.0943,-0.8,0.0,-0.865,251.0,250.47,0.365,0.073,0.53,0.0,0.683,-23.6,-22.2,0.425,-0.1555,-1.4,-0.1,-0.924
2024-12-26,-22.836,38.58,43.41,41.84,14.75,276,251,16,False,False,Inter-Election,205,293,234,16,True,276.0,276.73,0.254,-0.0912,-0.73,0.0,-0.805,251.0,250.53,0.365,0.0663,0.47,-1.0,0.644,-23.46,-22.31,0.443,-0.1401,-1.15,1.46,-0.809
2024-12-27,-22.247,38.88,43.43,41.83,14.74,277,250,16,False,False,Inter-Election,206,293,234,16,True,276.14,276.7,0.32,-0.0808,-0.56,1.0,-0.639,250.86,250.57,0.414,0.0523,0.29,-1.0,0.427,-23.26,-22.41,0.462,-0.1199,-0.85,1.27,-0.647
2024-12-28,-22.371,38.81,43.42,41.83,14.75,277,251,15,False,False,Inter-Election,207,293,234,16,True,276.29,276.67,0.32,-0.0699,-0.38,1.0,-0.45,250.86,250.63,0.45,0.0443,0.23,0.0,0.374,-23.1,-22.48,0.44,-0.105,-0.62,0.68,-0.495
2024-12-29,-22.144,38.93,43.43,41.82,14.74,277,250,16,False,False,Inter-Election,208,293,234,16,True,276.43,276.63,0.32,-0.0585,-0.2,1.0,-0.247,250.71,250.67,0.49,0.0289,0.04,-1.0,0.073,-22.86,-22.55,0.44,-0.086,-0.31,0.8,-0.266
2024-12-30,-21.871,39.06,43.44,41.82,14.74,277,250,16,False,False,Inter-Election,209,293,234,16,True,276.57,276.6,0.32,-0.0467,-0.03,1.0,-0.039,250.57,250.67,0.455,0.02,-0.1,-1.0,-0.183,-22.65,-22.59,0.436,-0.0678,-0.06,1.17,-0.054
2024-12-31,-22.017,38.99,43.44,41.82,14.74,277,250,16,False,False,Inter-Election,210,293,234,16,True,276.71,276.57,0.32,-0.0345,0.14,1.0,0.192,250.43,250.67,0.455,0.0111,-0.24,-1.0,-0.439,-22.42,-22.64,0.436,-0.0499,0.22,1.15,0.21
2025-01-01,-21.424,39.29,43.46,41.8,14.74,277,250,16,False,False,Inter-Election,211,293,234,16,True,276.86,276.53,0.32,-0.0218,0.33,1.0,0.484,250.29,250.67,0.455,0.0022,-0.38,-1.0,-0.695,-22.13,-22.67,0.452,-0.0281,0.54,1.62,0.538
2025-01-02,-22.201,38.9,43.43,41.83,14.74,277,250,16,False,False,Inter-Election,212,293,234,16,True,277.0,276.5,0.32,-0.0087,0.5,1.0,0.794,250.14,250.67,0.455,-0.0067,-0.53,-1.0,-0.97,-22.04,-22.72,0.472,-0.0106,0.68,1.62,0.734
2025-01-03,-22.45,38.78,43.42,41.83,14.75,277,251,15,False,False,Inter-Election,213,293,234,16,True,277.0,276.47,0.32,0.0049,0.53,1.0,0.928,250.29,250.7,0.49,-0.0091,-0.41,0.0,-0.766,-22.07,-22.78,0.473,0.0059,0.71,1.2,0.849
2025-01-04,-22.104,38.95,43.43,41.82,14.74,277,250,16,False,False,Inter-Election,214,293,234,16,True,277.0,276.43,0.32,0.0189,0.57,1.0,1.131,250.14,250.7,0.525,-0.0185,-0.56,-1.0,-1.047,-22.03,-22.83,0.479,0.025,0.8,1.42,1.071
2025-01-05,-22.387,38.81,43.42,41.83,14.75,277,251,15,False,False,Inter-Election,215,293,234,16,True,277.0,276.43,0.263,0.0265,0.57,1.0,1.131,250.29,250.73,0.556,-0.0214,-0.44,0.0,-0.845,-22.06,-22.86,0.462,0.0375,0.8,1.45,1.137
2025-01-06,-22.339,38.83,43.43,41.83,14.75,277,251,15,False,False,Inter-Election,216,293,234,16,True,277.0,276.43,0.263,0.034,0.57,1.0,1.131,250.43,250.77,0.556,-0.0247,-0.34,0.0,-0.675,-22.13,-22.87,0.438,0.0453,0.74,0.99,1.056
2025-01-07,-22.42,38.79,43.42,41.83,14.75,277,251,15,False,False,Inter-Election,217,293,234,16,True,277.0,276.43,0.263,0.0416,0.57,1.0,1.131,250.57,250.8,0.556,-0.0285,-0.23,0.0,-0.475,-22.19,-22.88,0.438,0.0533,0.69,1.19,0.997
2025-01-08,-22.109,38.95,43.43,41.82,14.74,277,250,16,False,False,Inter-Election,218,293,234,16,True,277.0,276.43,0.263,0.0492,0.57,1.0,1.131,250.57,250.77,0.556,-0.0323,-0.2,-1.0,-0.397,-22.29,-22.86,0.428,0.0595,0.57,1.36,0.808
2025-01-09,-21.882,39.06,43.44,41.82,14.74,277,250,16,False,False,Inter-Election,219,293,234,16,True,277.0,276.47,0.183,0.0498,0.53,1.0,1.045,250.57,250.73,0.556,-0.0356,-0.16,-1.0,-0.307,-22.24,-22.81,0.419,0.0635,0.57,0.95,0.787
2025-01-10,-21.989,39.01,43.44,41.82,14.74,277,250,16,False,False,Inter-Election,220,293,234,16,True,277.0,276.5,0.183,0.0501,0.5,0.0,0.983,250.43,250.7,0.556,-0.0385,-0.27,0.0,-0.505,-22.18,-22.77,0.417,0.065,0.59,0.26,0.806
2025-01-11,-21.847,39.08,43.44,41.82,14.74,277,250,16,False,False,Inter-Election,221,293,234,16,True,277.0,276.53,0.183,0.0498,0.47,0.0,0.926,250.43,250.63,0.521,-0.034,-0.2,-1.0,-0.408,-22.14,-22.69,0.375,0.0604,0.55,0.52,0.796
2025-01-12,-21.88,39.06,43.44,41.82,14.74,277,250,16,False,False,Inter-Election,222,293,234,16,True,277.0,276.57,0.183,0.0492,0.43,0.0,0.853,250.29,250.6,0.49,-0.0356,-0.31,0.0,-0.622,-22.07,-22.63,0.352,0.0599,0.56,0.26,0.814
2025-01-13,-21.986,39.01,43.44,41.82,14.74,277,250,16,False,False,Inter-Election,223,293,234,16,True,277.0,276.6,0.183,0.0481,0.4,0.0,0.803,250.14,250.57,0.49,-0.0367,-0.43,0.0,-0.853,-22.02,-22.6,0.344,0.0612,0.58,-0.12,0.837
2025-01-14,-21.925,39.04,43.44,41.82,14.74,277,250,16,False,False,Inter-Election,224,293,234,16,True,277.0,276.63,0.183,0.0465,0.37,0.0,0.755,250.0,250.53,0.49,-0.0374,-0.53,0.0,-1.045,-21.95,-22.56,0.344,0.0632,0.61,0.09,0.871
2025-01-15,-21.934,39.03,43.44,41.82,14.74,277,250,16,False,False,Inter-Election,225,293,234,16,True,277.0,276.67,0.183,0.0445,0.33,0.0,0.688,250.0,250.5,0.49,-0.0376,-0.5,0.0,-0.983,-21.92,-22.53,0.343,0.0639,0.61,-0.51,0.867
2025-01-16,-21.801,39.1,43.45,41.81,14.74,277,250,16,False,False,Inter-Election,226,293,234,16,True,277.0,276.7,0.183,0.042,0.3,0.0,0.644,250.0,250.47,0.49,-0.0374,-0.47,0.0,-0.926,-21.91,-22.48,0.342,0.0642,0.57,0.4,0.808
2025-01-17,-21.794,39.1,43.45,41.81,14.74,277,250,16,False,False,Inter-Election,227,293,234,16,True,277.0,276.73,0.183,0.0392,0.27,0.0,0.6,250.0,250.43,0.49,-0.0367,-0.43,-1.0,-0.853,-21.88,-22.44,0.342,0.0648,0.56,0.66,0.791
2025-01-18,-21.565,39.22,43.45,41.81,14.74,277,250,16,False,False,Inter-Election,228,293,234,16,True,277.0,276.77,0.183,0.0358,0.23,0.0,0.535,250.0,250.4,0.49,-0.0356,-0.4,0.0,-0.803,-21.84,-22.36,0.306,0.0609,0.52,0.54,0.77
2025-01-19,-21.591,39.2,43.45,41.81,14.74,277,250,16,False,False,Inter-Election,229,293,234,16,True,277.0,276.8,0.183,0.032,0.2,0.0,0.492,250.0,250.37,0.49,-0.034,-0.37,-1.0,-0.755,-21.8,-22.3,0.306,0.0571,0.5,0.8,0.776
2025-01-20,-21.629,39.19,43.45,41.81,14.74,277,250,16,False,False,Inter-Election,230,293,234,16,True,277.0,276.83,0.183,0.0278,0.17,0.0,0.448,250.0,250.33,0.49,-0.032,-0.33,-1.0,-0.688,-21.75,-22.23,0.306,0.0529,0.48,0.71,0.785
2025-01-21,-21.67,39.16,43.45,41.81,14.74,277,250,16,False,False,Inter-Election,231,293,234,16,True,277.0,276.87,0.183,0.0231,0.13,0.0,0.376,250.0,250.3,0.49,-0.0296,-0.3,-1.0,-0.644,-21.71,-22.16,0.299,0.0455,0.45,0.75,0.833
2025-01-22,-21.77,39.11,43.45,41.81,14.74,277,250,16,False,False,Inter-Election,232,293,234,16,True,277.0,276.9,0.183,0.018,0.1,0.0,0.328,250.0,250.27,0.49,-0.0267,-0.27,0.0,-0.6,-21.69,-22.11,0.289,0.0399,0.42,0.34,0.846
2025-01-23,-21.656,39.17,43.45,41.81,14.74,277,250,16,False,False,Inter-Election,233,293,234,16,True,277.0,276.93,0.183,0.0125,0.07,0.0,0.276,250.0,250.23,0.49,-0.0234,-0.23,0.0,-0.535,-21.67,-22.04,0.283,0.0325,0.37,0.23,0.892
2025-01-24,-21.692,39.15,43.45,41.81,14.74,277,250,16,False,False,Inter-Election,234,293,234,16,True,277.0,276.97,0.183,0.0065,0.03,0.0,0.164,250.0,250.2,0.49,-0.0196,-0.2,0.0,-0.492,-21.65,-21.98,0.283,0.025,0.33,0.3,1.03
2025-01-25,-21.687,39.16,43.45,41.81,14.74,277,250,16,False,False,Inter-Election,235,293,234,16,True,277.0,277.0,0.183,-0.0,0.0,0.0,0.0,250.0,250.17,0.49,-0.0154,-0.17,0.0,-0.448,-21.67,-21.95,0.262,0.021,0.28,0.16,0.995
2025-01-26,-21.59,39.21,43.45,41.81,14.74,277,250,16,False,False,Inter-Election,236,293,234,16,True,277.0,277.0,0.0,-0.0,0.0,0.0,0.0,250.0,250.17,0.455,-0.0176,-0.17,0.0,-0.448,-21.67,-21.92,0.241,0.0212,0.25,0.29,0.884
2025-01-27,-21.66,39.17,43.45,41.81,14.74,277,250,16,False,False,Inter-Election,237,293,234,16,True,277.0,277.0,0.0,-0.0,0.0,0.0,0.0,250.0,250.13,0.414,-0.0129,-0.13,0.0,-0.376,-21.68,-21.9,0.24,0.0199,0.22,0.33,0.804
2025-01-28,-21.584,39.21,43.45,41.81,14.74,277,250,16,False,False,Inter-Election,238,293,234,16,True,277.0,277.0,0.0,-0.0,0.0,0.0,0.0,250.0,250.13,0.371,-0.0147,-0.13,0.0,-0.376,-21.66,-21.88,0.237,0.0202,0.22,0.34,0.798
2025-01-29,-21.661,39.17,43.45,41.81,14.74,277,250,16,False,False,Inter-Election,239,293,234,16,True,277.0,277.0,0.0,-0.0,0.0,0.0,0.0,250.0,250.13,0.371,-0.0165,-0.13,0.0,-0.376,-21.65,-21.87,0.232,0.0217,0.22,0.27,0.79
2025-01-30,-21.377,39.31,43.46,41.8,14.74,277,250,16,False,False,Inter-Election,240,293,234,16,True,277.0,277.0,0.0,-0.0,0.0,0.0,0.0,250.0,250.13,0.371,-0.0182,-0.13,0.0,-0.376,-21.61,-21.85,0.236,0.024,0.24,0.42,0.823
2025-01-31,-21.348,39.33,43.46,41.8,14.74,277,250,16,False,False,Inter-Election,241,293,234,16,True,277.0,277.0,0.0,-0.0,0.0,0.0,0.0,250.0,250.13,0.371,-0.02,-0.13,0.0,-0.376,-21.56,-21.85,0.21,0.0302,0.29,0.45,0.981
2025-02-01,-21.338,39.33,43.46,41.8,14.74,277,250,16,False,False,Inter-Election,242,293,234,16,True,277.0,277.0,0.0,-0.0,0.0,0.0,0.0,250.0,250.13,0.371,-0.0218,-0.13,0.0,-0.376,-21.51,-21.82,0.149,0.0311,0.31,0.23,1.025
2025-02-02,-21.375,39.31,43.46,41.8,14.74,277,250,16,False,False,Inter-Election,243,293,234,16,True,277.0,277.0,0.0,-0.0,0.0,0.0,0.0,250.0,250.1,0.32,-0.0167,-0.1,0.0,-0.328,-21.48,-21.79,0.141,0.0296,0.31,0.22,1.073
2025-02-03,-21.331,39.33,43.46,41.8,14.74,277,250,16,False,False,Inter-Election,244,293,234,16,True,277.0,277.0,0.0,-0.0,0.0,0.0,0.0,250.0,250.1,0.263,-0.018,-0.1,0.0,-0.328,-21.43,-21.76,0.128,0.0304,0.33,0.3,1.123
2025-02-04,-21.665,39.17,43.45,41.81,14.74,277,250,16,False,False,Inter-Election,245,293,234,16,True,277.0,277.0,0.0,-0.0,0.0,0.0,0.0,250.0,250.07,0.183,-0.0125,-0.07,0.0,-0.276,-21.44,-21.74,0.132,0.0267,0.3,0.01,1.114
2025-02-05,-21.684,39.16,43.45,41.81,14.74,277,250,16,False,False,Inter-Election,246,293,234,16,True,277.0,277.0,0.0,-0.0,0.0,0.0,0.0,250.0,250.03,0.183,-0.0065,-0.03,0.0,-0.164,-21.45,-21.71,0.133,0.0229,0.26,0.09,1.064
2025-02-06,-21.844,39.08,43.44,41.82,14.74,277,250,16,False,False,Inter-Election,247,293,234,16,True,277.0,277.0,0.0,-0.0,0.0,0.0,0.0,250.0,250.0,0.183,-0.0,0.0,0.0,0.0,-21.51,-21.7,0.135,0.0172,0.19,-0.19,0.919
2025-02-07,-21.204,39.4,43.47,41.8,14.73,277,250,16,False,False,Inter-Election,248,293,234,16,True,277.0,277.0,0.0,-0.0,0.0,0.0,0.0,250.0,250.0,0.0,-0.0,0.0,0.0,0.0,-21.49,-21.67,0.169,0.0175,0.18,0.49,0.856
2025-02-08,-21.203,39.4,43.47,41.8,14.73,277,250,16,False,False,Inter-Election,249,293,234,16,True,277.0,277.0,0.0,-0.0,0.0,0.0,0.0,250.0,250.0,0.0,-0.0,0.0,0.0,0.0,-21.47,-21.64,0.165,0.019,0.17,0.48,0.765
2025-02-09,-21.289,39.36,43.46,41.8,14.74,277,250,16,False,False,Inter-Election,250,293,234,16,True,277.0,277.0,0.0,-0.0,0.0,0.0,0.0,250.0,250.0,0.0,-0.0,0.0,0.0,0.0,-21.46,-21.62,0.164,0.0189,0.16,0.3,0.723
2025-02-10,-21.37,39.31,43.46,41.8,14.74,277,250,16,False,False,Inter-Election,251,293,234,16,True,277.0,277.0,0.0,-0.0,0.0,0.0,0.0,250.0,250.0,0.0,-0.0,0.0,0.0,0.0,-21.47,-21.6,0.164,0.0189,0.13,0.29,0.587
2025-02-11,-21.566,39.22,43.45,41.81,14.74,277,250,16,False,False,Inter-Election,252,293,234,16,True,277.0,277.0,0.0,-0.0,0.0,0.0,0.0,250.0,250.0,0.0,-0.0,0.0,0.0,0.0,-21.45,-21.59,0.168,0.0172,0.14,0.02,0.65
2025-02-12,-21.113,39.44,43.47,41.8,14.73,277,250,16,False,False,Inter-Election,253,293,234,16,True,277.0,277.0,0.0,-0.0,0.0,0.0,0.0,250.0,250.0,0.0,-0.0,0.0,0.0,0.0,-21.37,-21.56,0.185,0.0176,0.19,0.55,0.866
2025-02-13,-20.798,39.6,43.48,41.79,14.73,278,250,15,False,False,Inter-Election,254,293,234,16,True,277.14,277.03,0.183,0.0065,0.11,1.0,0.602,250.0,250.0,0.0,-0.0,0.0,0.0,0.0,-21.22,-21.53,0.192,0.0201,0.31,0.58,1.241
2025-02-14,-20.303,39.85,43.5,41.77,14.73,278,250,15,False,False,Inter-Election,255,293,234,16,True,277.29,277.07,0.183,0.0125,0.22,1.0,0.867,250.0,250.0,0.0,-0.0,0.0,0.0,0.0,-21.09,-21.47,0.209,0.0251,0.38,1.04,1.171
2025-02-15,-20.1,39.95,43.51,41.77,14.72,278,249,16,False,False,Inter-Election,256,293,234,16,True,277.43,277.1,0.183,0.018,0.33,1.0,1.082,249.86,249.97,0.183,-0.0065,-0.11,-1.0,-0.602,-20.93,-21.42,0.211,0.0317,0.49,1.24,1.213
2025-02-16,-20.128,39.94,43.51,41.77,14.72,278,249,16,False,False,Inter-Election,257,293,234,16,True,277.57,277.13,0.183,0.0231,0.44,1.0,1.273,249.71,249.93,0.183,-0.0125,-0.22,-1.0,-0.867,-20.77,-21.36,0.211,0.0374,0.59,1.25,1.281
2025-02-17,-19.931,40.03,43.51,41.76,14.72,278,249,16,False,False,Inter-Election,258,293,234,16,True,277.71,277.17,0.183,0.0278,0.54,1.0,1.425,249.57,249.9,0.183,-0.018,-0.33,-1.0,-1.082,-20.56,-21.31,0.21,0.0452,0.75,1.4,1.423
2025-02-18,-20.464,39.77,43.49,41.78,14.73,278,250,15,False,False,Inter-Election,259,293,234,16,True,277.86,277.2,0.183,0.032,0.66,1.0,1.622,249.57,249.9,0.263,-0.0167,-0.33,0.0,-1.082,-20.41,-21.27,0.236,0.0487,0.86,1.2,1.575
2025-02-19,-19.349,40.33,43.54,41.75,14.72,278,249,16,False,False,Inter-Election,260,293,234,16,True,278.0,277.23,0.183,0.0358,0.77,1.0,1.79,249.43,249.87,0.32,-0.0218,-0.44,-1.0,-1.273,-20.15,-21.19,0.306,0.0586,1.04,2.34,1.615
2025-02-20,-19.181,40.41,43.54,41.74,14.72,278,249,16,False,False,Inter-Election,261,293,234,16,True,278.0,277.27,0.183,0.0392,0.73,1.0,1.623,249.29,249.83,0.32,-0.0265,-0.54,-1.0,-1.425,-19.92,-21.11,0.306,0.0682,1.19,2.66,1.621
2025-02-21,-19.231,40.38,43.54,41.74,14.72,278,249,16,False,False,Inter-Election,262,293,234,16,True,278.0,277.3,0.183,0.042,0.7,1.0,1.502,249.14,249.8,0.32,-0.0307,-0.66,-1.0,-1.622,-19.77,-21.02,0.305,0.0758,1.25,1.97,1.565
2025-02-22,-19.136,40.43,43.54,41.74,14.71,278,249,16,False,False,Inter-Election,263,293,234,16,True,278.0,277.33,0.183,0.0445,0.67,1.0,1.397,249.14,249.77,0.32,-0.0345,-0.63,-1.0,-1.464,-19.63,-20.94,0.305,0.0836,1.31,2.07,1.523
2025-02-23,-19.152,40.42,43.54,41.74,14.71,278,249,16,False,False,Inter-Election,264,293,234,16,True,278.0,277.37,0.183,0.0465,0.63,1.0,1.285,249.14,249.73,0.32,-0.0378,-0.59,-1.0,-1.312,-19.49,-20.86,0.305,0.09,1.37,2.14,1.51
2025-02-24,-19.36,40.32,43.54,41.75,14.72,278,249,16,False,False,Inter-Election,265,293,234,16,True,278.0,277.4,0.183,0.0481,0.6,1.0,1.204,249.14,249.7,0.32,-0.0407,-0.56,-1.0,-1.201,-19.41,-20.78,0.309,0.0939,1.37,2.01,1.469
2025-02-25,-19.704,40.15,43.52,41.76,14.72,278,249,16,False,False,Inter-Election,266,293,234,16,True,278.0,277.43,0.183,0.0492,0.57,1.0,1.131,249.0,249.67,0.32,-0.0432,-0.67,-1.0,-1.397,-19.3,-20.71,0.318,0.0952,1.41,1.86,1.5
2025-02-26,-19.685,40.16,43.52,41.76,14.72,278,249,16,False,False,Inter-Election,267,293,234,16,True,278.0,277.47,0.183,0.0498,0.53,1.0,1.045,249.0,249.63,0.32,-0.0452,-0.63,-1.0,-1.285,-19.35,-20.65,0.318,0.0953,1.3,1.43,1.382
2025-02-27,-18.429,40.79,43.57,41.72,14.71,279,249,15,False,False,Inter-Election,268,293,234,16,True,278.14,277.53,0.254,0.0565,0.61,1.0,1.068,249.0,249.6,0.32,-0.0467,-0.6,-1.0,-1.204,-19.24,-20.54,0.385,0.1032,1.3,2.37,1.292
2025-02-28,-19.373,40.31,43.53,41.75,14.72,278,249,16,False,False,Inter-Election,269,293,234,16,True,278.14,277.57,0.32,0.0558,0.57,0.0,1.003,249.0,249.57,0.32,-0.0478,-0.57,-1.0,-1.131,-19.26,-20.47,0.429,0.1031,1.21,0.93,1.203
2025-03-01,-19.416,40.29,43.53,41.75,14.72,278,249,16,False,False,Inter-Election,270,293,234,16,True,278.14,277.6,0.32,0.0547,0.54,0.0,0.959,249.0,249.53,0.32,-0.0485,-0.53,0.0,-1.045,-19.3,-20.4,0.428,0.1036,1.1,0.68,1.091
2025-03-02,-19.43,40.29,43.53,41.75,14.72,278,249,16,False,False,Inter-Election,271,293,234,16,True,278.14,277.63,0.32,0.0532,0.51,0.0,0.917,249.0,249.5,0.32,-0.0487,-0.5,0.0,-0.983,-19.34,-20.34,0.428,0.1033,1.0,0.7,0.993
2025-03-03,-19.865,40.07,43.52,41.76,14.72,278,249,16,False,False,Inter-Election,272,293,234,16,True,278.14,277.67,0.32,0.0512,0.47,0.0,0.86,249.0,249.47,0.32,-0.0485,-0.47,0.0,-0.926,-19.41,-20.29,0.437,0.0995,0.88,0.07,0.887
2025-03-04,-20.359,39.82,43.5,41.78,14.73,278,250,15,False,False,Inter-Election,273,293,234,16,True,278.14,277.7,0.32,0.0487,0.44,0.0,0.822,249.14,249.47,0.371,-0.0414,-0.33,0.0,-0.65,-19.51,-20.26,0.448,0.0915,0.75,0.1,0.772
2025-03-05,-20.471,39.76,43.49,41.78,14.73,278,250,15,False,False,Inter-Election,274,293,234,16,True,278.14,277.73,0.32,0.0458,0.41,0.0,0.787,249.29,249.47,0.371,-0.0343,-0.18,1.0,-0.355,-19.62,-20.23,0.449,0.0827,0.61,-1.12,0.642
2025-03-06,-19.883,40.06,43.52,41.76,14.72,278,249,16,False,False,Inter-Election,275,293,234,16,True,278.0,277.77,0.32,0.0425,0.23,0.0,0.456,249.29,249.43,0.414,-0.0336,-0.14,0.0,-0.278,-19.83,-20.17,0.455,0.075,0.34,-0.7,0.373
2025-03-07,-19.286,40.36,43.54,41.75,14.72,278,249,16,False,False,Inter-Election,276,293,234,16,True,278.0,277.8,0.32,0.0387,0.2,0.0,0.413,249.29,249.4,0.414,-0.0325,-0.11,0.0,-0.221,-19.82,-20.09,0.465,0.0703,0.27,-0.05,0.307
2025-03-08,-19.685,40.16,43.52,41.76,14.72,278,249,16,False,False,Inter-Election,277,293,234,16,True,278.0,277.83,0.32,0.0345,0.17,0.0,0.369,249.29,249.37,0.414,-0.0309,-0.08,0.0,-0.163,-19.85,-20.02,0.471,0.0607,0.17,-0.55,0.208
2025-03-09,-19.661,40.17,43.52,41.76,14.72,278,249,16,False,False,Inter-Election,278,293,234,16,True,278.0,277.87,0.32,0.0298,0.13,0.0,0.299,249.29,249.33,0.414,-0.0289,-0.04,0.0,-0.083,-19.89,-19.96,0.459,0.0548,0.07,-0.51,0.089
2025-03-10,-18.39,40.81,43.57,41.72,14.71,279,249,15,False,False,Inter-Election,279,293,234,16,True,278.14,277.93,0.365,0.0311,0.21,1.0,0.467,249.29,249.3,0.414,-0.0265,-0.01,0.0,-0.021,-19.68,-19.87,0.51,0.0564,0.19,0.97,0.237
2025-03-11,-19.152,40.42,43.54,41.74,14.71,278,249,16,False,False,Inter-Election,280,293,234,16,True,278.14,277.97,0.414,0.0251,0.17,0.0,0.411,249.14,249.27,0.414,-0.0236,-0.13,0.0,-0.289,-19.5,-19.8,0.533,0.0513,0.3,0.55,0.392
2025-03-12,-19.4,40.3,43.53,41.75,14.72,278,249,16,False,False,Inter-Election,281,293,234,16,True,278.14,278.0,0.414,0.0187,0.14,0.0,0.377,249.0,249.23,0.414,-0.0202,-0.23,0.0,-0.535,-19.35,-19.73,0.535,0.043,0.38,0.29,0.536
2025-03-13,-19.677,40.16,43.52,41.76,14.72,278,249,16,False,False,Inter-Election,282,293,234,16,True,278.14,278.03,0.414,0.0118,0.11,-1.0,0.344,249.0,249.2,0.414,-0.0165,-0.2,0.0,-0.492,-19.32,-19.67,0.537,0.0308,0.35,-1.25,0.565
2025-03-14,-19.706,40.15,43.52,41.76,14.72,278,249,16,False,False,Inter-Election,283,293,234,16,True,278.14,278.07,0.414,0.0044,0.07,0.0,0.276,249.0,249.17,0.414,-0.0122,-0.17,0.0,-0.448,-19.38,-19.62,0.532,0.0206,0.24,-0.33,0.432
2025-03-15,-19.713,40.14,43.52,41.76,14.72,278,249,16,False,False,Inter-Election,284,293,234,16,True,278.14,278.07,0.371,0.0036,0.07,0.0,0.276,249.0,249.13,0.414,-0.0076,-0.13,0.0,-0.376,-19.39,-19.59,0.529,0.0119,0.2,-0.3,0.392
2025-03-16,-19.712,40.14,43.52,41.76,14.72,278,249,16,False,False,Inter-Election,285,293,234,16,True,278.14,278.07,0.371,0.0027,0.07,0.0,0.276,249.0,249.1,0.414,-0.0024,-0.1,0.0,-0.328,-19.39,-19.57,0.522,0.0062,0.18,-0.28,0.365
2025-03-17,-20.706,39.65,43.49,41.78,14.73,278,250,15,False,False,Inter-Election,286,293,234,16,True,278.0,278.07,0.371,0.0018,-0.07,0.0,-0.276,249.14,249.13,0.414,0.0027,0.01,1.0,0.029,-19.72,-19.59,0.553,-0.0048,-0.13,-0.84,-0.247
2025-03-18,-20.509,39.75,43.49,41.78,14.73,278,250,15,False,False,Inter-Election,287,293,234,16,True,278.0,278.07,0.371,0.0009,-0.07,0.0,-0.276,249.29,249.17,0.414,0.0073,0.12,0.0,0.317,-19.92,-19.6,0.554,-0.0145,-0.32,-0.15,-0.588
2025-03-19,-19.926,40.04,43.51,41.76,14.72,278,249,16,False,False,Inter-Election,288,293,234,16,True,278.0,278.07,0.371,-0.0,-0.07,0.0,-0.276,249.29,249.17,0.455,0.0051,0.12,-1.0,0.317,-19.99,-19.6,0.564,-0.0189,-0.39,0.55,-0.716
2025-03-20,-19.317,40.34,43.54,41.75,14.72,278,249,16,False,False,Inter-Election,289,293,234,16,True,278.0,278.07,0.371,-0.0009,-0.07,0.0,-0.276,249.29,249.13,0.414,0.0098,0.16,0.0,0.463,-19.94,-19.56,0.565,-0.023,-0.38,0.57,-0.729
2025-03-21,-20.097,39.95,43.51,41.77,14.72,278,249,16,False,False,Inter-Election,290,293,234,16,True,278.0,278.07,0.371,-0.0018,-0.07,0.0,-0.276,249.29,249.13,0.371,0.008,0.16,0.0,0.463,-20.0,-19.59,0.546,-0.025,-0.41,-0.81,-0.775
2025-03-22,-19.598,40.2,43.53,41.75,14.72,278,249,16,False,False,Inter-Election,291,293,234,16,True,278.0,278.07,0.371,-0.0027,-0.07,0.0,-0.276,249.29,249.13,0.371,0.0062,0.16,0.0,0.463,-19.98,-19.6,0.553,-0.0223,-0.38,0.09,-0.726
2025-03-23,-19.625,40.19,43.53,41.76,14.72,278,249,16,False,False,Inter-Election,292,293,234,16,True,278.0,278.07,0.371,-0.0036,-0.07,0.0,-0.276,249.29,249.13,0.371,0.0044,0.16,0.0,0.463,-19.97,-19.61,0.553,-0.0199,-0.36,0.04,-0.694
2025-03-24,-19.553,40.22,43.53,41.75,14.72,278,249,16,False,False,Inter-Election,293,293,234,16,True,278.0,278.07,0.371,-0.0044,-0.07,-1.0,-0.276,249.14,249.13,0.371,0.0027,0.01,0.0,0.029,-19.8,-19.63,0.553,-0.0162,-0.17,-1.16,-0.333
2025-03-25,-19.508,40.25,43.53,41.75,14.72,278,249,16,False,False,Inter-Election,294,293,234,16,True,278.0,278.07,0.371,-0.0053,-0.07,0.0,-0.276,249.0,249.13,0.371,0.0009,-0.13,0.0,-0.376,-19.66,-19.64,0.553,-0.0121,-0.02,-0.36,-0.04
2025-03-26,-19.529,40.24,43.53,41.75,14.72,278,249,16,False,False,Inter-Election,295,293,234,16,True,278.0,278.07,0.371,-0.0062,-0.07,0.0,-0.276,249.0,249.13,0.371,-0.0009,-0.13,0.0,-0.376,-19.6,-19.65,0.552,-0.0095,0.05,-0.13,0.1
2025-03-27,-19.556,40.22,43.53,41.75,14.72,278,249,16,False,False,Inter-Election,296,293,234,16,True,278.0,278.07,0.371,-0.0071,-0.07,0.0,-0.276,249.0,249.13,0.371,-0.0027,-0.13,0.0,-0.376,-19.64,-19.64,0.548,-0.0093,0.0,0.12,0.0
2025-03-28,-19.533,40.23,43.53,41.75,14.72,278,249,16,False,False,Inter-Election,297,293,234,16,True,278.0,278.07,0.371,-0.008,-0.07,0.0,-0.276,249.0,249.13,0.371,-0.0044,-0.13,0.0,-0.376,-19.56,-19.64,0.548,-0.0089,0.08,0.17,0.16
2025-03-29,-19.587,40.21,43.53,41.75,14.72,278,249,16,False,False,Inter-Election,298,293,234,16,True,278.0,278.03,0.32,-0.002,-0.03,0.0,-0.164,249.0,249.13,0.371,-0.0062,-0.13,0.0,-0.376,-19.56,-19.67,0.495,-0.0003,0.11,0.13,0.246
2025-03-30,-19.544,40.23,43.53,41.75,14.72,278,249,16,False,False,Inter-Election,299,293,234,16,True,278.0,278.03,0.263,-0.0024,-0.03,0.0,-0.164,249.0,249.13,0.371,-0.008,-0.13,0.0,-0.376,-19.54,-19.68,0.464,0.0026,0.14,0.17,0.315
2025-03-31,-19.537,40.23,43.53,41.75,14.72,278,249,16,False,False,Inter-Election,300,293,234,16,True,278.0,278.03,0.263,-0.0029,-0.03,0.0,-0.164,249.0,249.13,0.371,-0.0098,-0.13,-1.0,-0.376,-19.54,-19.68,0.464,0.0054,0.14,1.17,0.317
2025-04-01,-20.059,39.97,43.51,41.77,14.72,278,249,16,False,False,Inter-Election,301,293,234,16,True,278.0,278.03,0.263,-0.0033,-0.03,0.0,-0.164,249.0,249.13,0.371,-0.0116,-0.13,-1.0,-0.376,-19.62,-19.7,0.474,0.0047,0.08,0.45,0.18
2025-04-02,-19.855,40.07,43.52,41.76,14.72,278,249,16,False,False,Inter-Election,302,293,234,16,True,278.0,278.03,0.263,-0.0038,-0.03,0.0,-0.164,249.0,249.13,0.371,-0.0133,-0.13,0.0,-0.376,-19.67,-19.7,0.469,0.0026,0.03,0.07,0.067
2025-04-03,-18.301,40.85,43.57,41.72,14.71,279,248,16,False,False,Inter-Election,303,293,234,16,True,278.14,278.07,0.32,0.0022,0.07,1.0,0.276,248.86,249.07,0.365,-0.0147,-0.21,-1.0,-0.575,-19.49,-19.64,0.538,0.0072,0.15,1.02,0.302
2025-04-04,-18.492,40.75,43.57,41.72,14.71,279,249,15,False,False,Inter-Election,304,293,234,16,True,278.29,278.1,0.32,0.0078,0.19,1.0,0.623,248.86,249.03,0.414,-0.0087,-0.17,0.0,-0.532,-19.34,-19.57,0.54,0.0088,0.23,1.61,0.449
2025-04-05,-18.928,40.54,43.55,41.74,14.71,279,249,15,False,False,Inter-Election,305,293,234,16,True,278.43,278.13,0.32,0.0129,0.3,1.0,0.868,248.86,249.03,0.371,-0.0091,-0.17,0.0,-0.532,-19.25,-19.54,0.538,0.0108,0.29,0.67,0.556
2025-04-06,-18.932,40.53,43.55,41.74,14.71,279,249,15,False,False,Inter-Election,306,293,234,16,True,278.57,278.17,0.32,0.0176,0.4,1.0,1.055,248.86,249.03,0.371,-0.0096,-0.17,0.0,-0.532,-19.16,-19.53,0.527,0.0164,0.37,0.69,0.696
2025-04-07,-18.821,40.59,43.55,41.73,14.71,279,249,15,False,False,Inter-Election,307,293,234,16,True,278.71,278.2,0.32,0.0218,0.51,1.0,1.254,248.86,249.03,0.371,-0.01,-0.17,0.0,-0.532,-19.06,-19.5,0.522,0.0199,0.44,0.73,0.806
2025-04-08,-19.853,40.07,43.52,41.76,14.72,278,249,16,False,False,Inter-Election,308,293,234,16,True,278.71,278.2,0.371,0.0191,0.51,0.0,1.254,248.86,249.03,0.371,-0.0105,-0.17,0.0,-0.532,-19.03,-19.5,0.556,0.0164,0.47,-0.35,0.856
2025-04-09,-20.278,39.86,43.5,41.77,14.73,278,249,16,False,False,Inter-Election,309,293,234,16,True,278.71,278.17,0.32,0.0234,0.54,0.0,1.425,248.86,249.03,0.371,-0.0109,-0.17,0.0,-0.532,-19.09,-19.57,0.506,0.0191,0.48,-0.75,0.915
2025-04-10,-19.946,40.03,43.51,41.76,14.72,278,249,16,False,False,Inter-Election,310,293,234,16,True,278.57,278.17,0.263,0.0211,0.4,0.0,1.055,249.0,249.03,0.371,-0.0113,-0.03,0.0,-0.094,-19.32,-19.59,0.493,0.0195,0.27,-0.39,0.516
2025-04-11,-19.829,40.09,43.52,41.76,14.72,278,249,16,False,False,Inter-Election,311,293,234,16,True,278.43,278.17,0.263,0.0189,0.26,0.0,0.686,249.0,249.03,0.371,-0.0118,-0.03,0.0,-0.094,-19.51,-19.61,0.492,0.0194,0.1,-0.3,0.191
2025-04-12,-20.175,39.91,43.51,41.77,14.72,278,249,16,False,False,Inter-Election,312,293,234,16,True,278.29,278.17,0.263,0.0167,0.12,0.0,0.317,249.0,249.03,0.371,-0.0122,-0.03,0.0,-0.094,-19.69,-19.62,0.493,0.0152,-0.07,-0.59,-0.131
2025-04-13,-20.222,39.89,43.5,41.77,14.73,278,249,16,False,False,Inter-Election,313,293,234,16,True,278.14,278.17,0.263,0.0145,-0.03,0.0,-0.079,249.0,249.03,0.371,-0.0127,-0.03,0.0,-0.094,-19.87,-19.64,0.493,0.0108,-0.23,-0.68,-0.422
2025-04-14,-19.731,40.13,43.52,41.76,14.72,278,249,16,False,False,Inter-Election,314,293,234,16,True,278.0,278.17,0.263,0.0122,-0.17,0.0,-0.448,249.0,249.03,0.371,-0.0131,-0.03,0.0,-0.094,-20.0,-19.64,0.502,0.0097,-0.36,-0.19,-0.661
2025-04-15,-20.59,39.7,43.49,41.78,14.73,278,250,15,False,False,Inter-Election,315,293,234,16,True,278.0,278.17,0.263,0.01,-0.17,0.0,-0.448,249.14,249.07,0.414,-0.0071,0.07,1.0,0.192,-20.11,-19.67,0.526,0.0031,-0.44,-0.53,-0.77
2025-04-16,-20.915,39.54,43.48,41.79,14.73,278,250,15,False,False,Inter-Election,316,293,234,16,True,278.0,278.17,0.263,0.0078,-0.17,0.0,-0.448,249.29,249.07,0.371,0.0053,0.22,1.0,0.602,-20.2,-19.68,0.497,-0.012,-0.52,-1.06,-0.888
2025-04-17,-20.849,39.58,43.48,41.79,14.73,278,250,15,False,False,Inter-Election,317,293,234,16,True,278.0,278.17,0.263,0.0056,-0.17,-1.0,-0.448,249.43,249.07,0.371,0.0178,0.36,2.0,0.986,-20.33,-19.69,0.496,-0.0253,-0.64,-2.55,-1.058
2025-04-18,-20.708,39.65,43.49,41.78,14.73,278,250,15,False,False,Inter-Election,318,293,234,16,True,278.0,278.17,0.263,0.0033,-0.17,-1.0,-0.448,249.57,249.1,0.32,0.0234,0.47,1.0,1.167,-20.46,-19.72,0.484,-0.0335,-0.74,-2.22,-1.171
2025-04-19,-20.428,39.79,43.5,41.78,14.73,278,250,15,False,False,Inter-Election,319,293,234,16,True,278.0,278.17,0.263,0.0011,-0.17,-1.0,-0.448,249.71,249.13,0.32,0.0285,0.58,1.0,1.336,-20.49,-19.75,0.473,-0.0354,-0.74,-1.5,-1.156
2025-04-20,-20.357,39.82,43.5,41.78,14.73,278,250,15,False,False,Inter-Election,320,293,234,16,True,278.0,278.17,0.263,-0.0011,-0.17,-1.0,-0.448,249.86,249.17,0.32,0.0331,0.69,1.0,1.496,-20.51,-19.76,0.452,-0.0416,-0.75,-1.43,-1.16
2025-04-21,-20.484,39.76,43.49,41.78,14.73,278,250,15,False,False,Inter-Election,321,293,234,16,True,278.0,278.17,0.263,-0.0033,-0.17,-1.0,-0.448,250.0,249.2,0.32,0.0374,0.8,1.0,1.652,-20.62,-19.79,0.442,-0.0452,-0.83,-1.66,-1.259
2025-04-22,-20.345,39.83,43.5,41.77,14.73,278,250,15,False,False,Inter-Election,322,293,234,16,True,278.0,278.17,0.263,-0.0056,-0.17,0.0,-0.448,250.0,249.23,0.32,0.0412,0.77,1.0,1.528,-20.58,-19.81,0.443,-0.0476,-0.77,-0.49,-1.156
2025-04-23,-20.337,39.83,43.5,41.77,14.73,278,250,15,False,False,Inter-Election,323,293,234,16,True,278.0,278.17,0.263,-0.0078,-0.17,0.0,-0.448,250.0,249.27,0.32,0.0445,0.73,1.0,1.402,-20.5,-19.84,0.442,-0.0492,-0.66,-0.06,-0.984
2025-04-24,-20.04,39.98,43.51,41.77,14.72,278,249,16,False,False,Inter-Election,324,293,234,16,True,278.0,278.17,0.263,-0.01,-0.17,0.0,-0.448,249.86,249.27,0.371,0.0409,0.59,0.0,1.133,-20.39,-19.86,0.446,-0.0482,-0.53,-0.09,-0.793
2025-04-25,-19.415,40.29,43.53,41.75,14.72,278,249,16,False,False,Inter-Election,325,293,234,16,True,278.0,278.17,0.263,-0.0122,-0.17,0.0,-0.448,249.71,249.27,0.371,0.0374,0.44,0.0,0.845,-20.2,-19.85,0.461,-0.043,-0.35,0.41,-0.522
2025-04-26,-18.925,40.54,43.55,41.74,14.71,279,249,15,False,False,Inter-Election,326,293,234,16,True,278.14,278.2,0.32,-0.008,-0.06,1.0,-0.147,249.57,249.27,0.371,0.0338,0.3,0.0,0.576,-19.99,-19.83,0.47,-0.035,-0.16,1.25,-0.232
2025-04-27,-19.055,40.47,43.55,41.74,14.71,279,249,15,False,False,Inter-Election,327,293,234,16,True,278.29,278.23,0.32,-0.0042,0.06,1.0,0.139,249.43,249.27,0.371,0.0303,0.16,0.0,0.307,-19.8,-19.82,0.471,-0.0279,0.02,1.17,0.028
2025-04-28,-18.041,40.98,43.58,41.71,14.7,279,248,16,False,False,Inter-Election,328,293,234,16,True,278.43,278.27,0.32,-0.0009,0.16,1.0,0.356,249.14,249.23,0.414,0.0202,-0.09,-1.0,-0.158,-19.45,-19.77,0.504,-0.0148,0.32,1.69,0.414
2025-04-29,-17.62,41.19,43.6,41.7,14.7,279,248,16,False,False,Inter-Election,329,293,234,16,True,278.57,278.3,0.32,0.002,0.27,1.0,0.579,248.86,249.2,0.414,0.0107,-0.34,-2.0,-0.557,-19.06,-19.7,0.509,0.0006,0.64,2.97,0.738
2025-04-30,-17.708,41.15,43.6,41.7,14.7,279,248,16,False,False,Inter-Election,330,293,234,16,True,278.71,278.33,0.32,0.0044,0.38,1.0,0.793,248.57,249.17,0.414,0.0016,-0.6,-2.0,-0.926,-18.69,-19.64,0.509,0.0146,0.95,3.21,1.011
2025-05-01,-17.831,41.08,43.59,41.71,14.7,279,248,16,False,False,Inter-Election,331,293,234,16,True,278.86,278.37,0.32,0.0065,0.49,1.0,1.0,248.43,249.13,0.414,-0.0071,-0.7,-2.0,-1.027,-18.37,-19.57,0.499,0.0234,1.2,3.02,1.209
2025-05-02,-18.124,40.94,43.58,41.71,14.71,279,248,16,False,False,Inter-Election,332,293,234,16,True,279.0,278.4,0.32,0.008,0.6,1.0,1.204,248.29,249.1,0.414,-0.0154,-0.81,-2.0,-1.138,-18.19,-19.51,0.503,0.0307,1.32,2.58,1.288
2025-05-03,-18.209,40.9,43.58,41.72,14.71,279,248,16,False,False,Inter-Election,333,293,234,16,True,279.0,278.4,0.263,0.016,0.6,1.0,1.204,248.14,249.1,0.371,-0.03,-0.96,-2.0,-1.348,-18.08,-19.51,0.416,0.0474,1.43,2.22,1.39
2025-05-04,-18.043,40.98,43.58,41.71,14.7,279,248,16,False,False,Inter-Election,334,293,234,16,True,279.0,278.4,0.263,0.024,0.6,1.0,1.204,248.0,249.07,0.32,-0.0378,-1.07,-2.0,-1.447,-17.94,-19.49,0.415,0.0639,1.55,2.31,1.48
2025-05-05,-18.394,40.8,43.57,41.72,14.71,279,249,15,False,False,Inter-Election,335,293,234,16,True,279.0,278.4,0.263,0.032,0.6,1.0,1.204,248.14,249.07,0.371,-0.0387,-0.93,-1.0,-1.257,-17.99,-19.47,0.412,0.0748,1.48,2.09,1.394
2025-05-06,-18.154,40.92,43.58,41.72,14.71,279,248,16,False,False,Inter-Election,336,293,234,16,True,279.0,278.4,0.263,0.04,0.6,1.0,1.204,248.14,249.03,0.414,-0.0461,-0.89,-2.0,-1.164,-18.07,-19.45,0.414,0.0871,1.38,2.19,1.273
2025-05-07,-18.381,40.81,43.57,41.72,14.71,279,249,15,False,False,Inter-Election,337,293,234,16,True,279.0,278.4,0.263,0.0481,0.6,1.0,1.204,248.29,249.03,0.455,-0.0465,-0.74,-1.0,-0.967,-18.16,-19.43,0.416,0.0983,1.27,1.96,1.159
2025-05-08,-18.113,40.94,43.58,41.71,14.71,279,248,16,False,False,Inter-Election,338,293,234,16,True,279.0,278.43,0.183,0.0492,0.57,1.0,1.131,248.29,249.0,0.49,-0.0534,-0.71,-1.0,-0.901,-18.2,-19.37,0.369,0.1039,1.17,1.93,1.046
2025-05-09,-17.991,41.0,43.59,41.71,14.7,279,248,16,False,False,Inter-Election,339,293,234,16,True,279.0,278.47,0.183,0.0498,0.53,1.0,1.045,248.29,248.97,0.49,-0.0598,-0.68,-1.0,-0.841,-18.18,-19.3,0.357,0.1066,1.12,1.42,0.989
2025-05-10,-17.953,41.02,43.59,41.71,14.7,279,248,16,False,False,Inter-Election,340,293,234,16,True,279.0,278.5,0.183,0.0501,0.5,0.0,0.983,248.29,248.93,0.49,-0.0659,-0.64,-1.0,-0.773,-18.15,-19.23,0.354,0.1108,1.08,0.97,0.937
2025-05-11,-17.992,41.0,43.59,41.71,14.7,279,248,16,False,False,Inter-Election,341,293,234,16,True,279.0,278.53,0.183,0.0498,0.47,0.0,0.926,248.29,248.9,0.49,-0.0714,-0.61,-1.0,-0.722,-18.14,-19.17,0.354,0.1147,1.03,1.06,0.882
2025-05-12,-17.718,41.14,43.6,41.7,14.7,279,248,16,False,False,Inter-Election,342,293,234,16,True,279.0,278.57,0.183,0.0492,0.43,0.0,0.853,248.14,248.87,0.49,-0.0765,-0.73,0.0,-0.848,-18.04,-19.09,0.348,0.1172,1.05,0.32,0.889
2025-05-13,-17.423,41.29,43.61,41.7,14.7,279,248,16,False,False,Inter-Election,343,293,234,16,True,279.0,278.6,0.183,0.0481,0.4,0.0,0.803,248.14,248.83,0.49,-0.0812,-0.69,0.0,-0.789,-17.94,-19.0,0.349,0.1201,1.06,0.2,0.884
2025-05-14,-17.274,41.36,43.61,41.69,14.7,279,248,16,False,False,Inter-Election,344,293,234,16,True,279.0,278.63,0.183,0.0465,0.37,0.0,0.755,248.0,248.8,0.49,-0.0854,-0.8,0.0,-0.902,-17.78,-18.91,0.341,0.1261,1.13,0.43,0.918
2025-05-15,-16.346,41.83,43.65,41.67,14.69,280,248,15,False,False,Inter-Election,345,293,234,16,True,279.14,278.7,0.254,0.0509,0.44,1.0,0.822,248.0,248.73,0.45,-0.0823,-0.73,0.0,-0.841,-17.53,-18.77,0.327,0.1311,1.24,1.48,0.973
2025-05-16,-16.301,41.85,43.65,41.67,14.69,280,247,16,False,False,Inter-Election,346,293,234,16,True,279.29,278.77,0.254,0.0545,0.52,1.0,0.915,247.86,248.63,0.481,-0.0848,-0.77,-1.0,-0.865,-17.29,-18.62,0.316,0.1323,1.33,1.82,1.035
2025-05-17,-17.349,41.33,43.61,41.69,14.7,279,248,16,False,False,Inter-Election,347,293,234,16,True,279.29,278.8,0.32,0.0507,0.49,0.0,0.89,247.86,248.57,0.521,-0.0794,-0.71,0.0,-0.827,-17.2,-18.5,0.384,0.1251,1.3,0.86,1.054
2025-05-18,-17.344,41.33,43.61,41.69,14.7,279,248,16,False,False,Inter-Election,348,293,234,16,True,279.29,278.83,0.32,0.0465,0.46,0.0,0.867,247.86,248.5,0.521,-0.0732,-0.64,0.0,-0.78,-17.11,-18.39,0.385,0.1174,1.28,0.7,1.087
2025-05-19,-17.415,41.29,43.61,41.7,14.7,279,248,16,False,False,Inter-Election,349,293,234,16,True,279.29,278.87,0.32,0.0418,0.42,0.0,0.828,247.86,248.43,0.521,-0.0661,-0.57,-1.0,-0.737,-17.06,-18.29,0.385,0.1096,1.23,0.98,1.093
2025-05-20,-17.371,41.31,43.61,41.69,14.7,279,248,16,False,False,Inter-Election,350,293,234,16,True,279.29,278.9,0.32,0.0367,0.39,0.0,0.811,247.86,248.37,0.521,-0.0581,-0.51,0.0,-0.71,-17.06,-18.19,0.385,0.1013,1.13,0.78,1.059
2025-05-21,-17.637,41.18,43.6,41.7,14.7,279,248,16,False,False,Inter-Election,351,293,234,16,True,279.29,278.93,0.32,0.0311,0.36,0.0,0.8,247.86,248.3,0.521,-0.0492,-0.44,-1.0,-0.676,-17.11,-18.09,0.389,0.089,0.98,0.74,1.002
2025-05-22,-17.395,41.3,43.61,41.69,14.7,279,248,16,False,False,Inter-Election,352,293,234,16,True,279.14,278.97,0.32,0.0251,0.17,0.0,0.411,247.86,248.23,0.521,-0.0394,-0.37,0.0,-0.651,-17.26,-18.0,0.389,0.078,0.74,0.72,0.833
2025-05-23,-16.908,41.55,43.62,41.68,14.69,280,248,15,False,False,Inter-Election,353,293,234,16,True,279.14,279.03,0.365,0.0251,0.11,1.0,0.266,248.0,248.17,0.521,-0.0287,-0.17,0.0,-0.369,-17.35,-17.88,0.395,0.0689,0.53,1.08,0.669
2025-05-24,-17.239,41.38,43.61,41.69,14.7,279,248,16,False,False,Inter-Election,354,293,234,16,True,279.14,279.07,0.414,0.0178,0.07,0.0,0.192,248.0,248.13,0.49,-0.024,-0.13,0.0,-0.299,-17.33,-17.79,0.402,0.0582,0.46,0.71,0.669
2025-05-25,-17.232,41.38,43.61,41.69,14.7,279,248,16,False,False,Inter-Election,355,293,234,16,True,279.14,279.1,0.414,0.01,0.04,0.0,0.131,248.0,248.1,0.49,-0.0189,-0.1,0.0,-0.248,-17.31,-17.72,0.389,0.0505,0.41,0.76,0.659
2025-05-26,-16.944,41.53,43.62,41.68,14.69,280,248,15,False,False,Inter-Election,356,293,234,16,True,279.29,279.13,0.414,0.0151,0.16,1.0,0.463,248.0,248.07,0.49,-0.0133,-0.07,0.0,-0.192,-17.25,-17.65,0.384,0.0472,0.4,0.77,0.673
2025-05-27,-18.071,40.96,43.58,41.71,14.7,279,248,16,False,False,Inter-Election,357,293,234,16,True,279.29,279.13,0.455,0.0133,0.16,0.0,0.463,248.0,248.03,0.49,-0.0073,-0.03,0.0,-0.094,-17.35,-17.62,0.44,0.0348,0.27,-0.65,0.502
2025-05-28,-18.349,40.83,43.57,41.72,14.71,279,249,15,False,False,Inter-Election,358,293,234,16,True,279.29,279.13,0.455,0.0116,0.16,0.0,0.463,248.14,248.07,0.49,-0.0013,0.07,1.0,0.192,-17.45,-17.63,0.403,0.0271,0.18,-1.07,0.328
2025-05-29,-17.657,41.17,43.6,41.7,14.7,279,248,16,False,False,Inter-Election,359,293,234,16,True,279.29,279.13,0.455,0.0098,0.16,-1.0,0.463,248.14,248.07,0.525,-0.0022,0.07,0.0,0.192,-17.49,-17.63,0.415,0.027,0.14,-1.31,0.255
2025-05-30,-17.631,41.18,43.6,41.7,14.7,279,248,16,False,False,Inter-Election,360,293,234,16,True,279.14,279.13,0.455,0.008,0.01,-1.0,0.029,248.14,248.07,0.525,-0.0031,0.07,1.0,0.192,-17.59,-17.63,0.415,0.0264,0.04,-1.33,0.073
2025-05-31,-17.387,41.31,43.61,41.69,14.7,279,248,16,False,False,Inter-Election,361,293,234,16,True,279.14,279.13,0.455,0.0062,0.01,0.0,0.029,248.14,248.07,0.525,-0.004,0.07,0.0,0.192,-17.61,-17.61,0.417,0.0266,0.0,-0.04,0.0
2025-06-01,-17.291,41.35,43.61,41.69,14.7,279,248,16,False,False,Inter-Election,362,293,234,16,True,279.14,279.13,0.455,0.0044,0.01,0.0,0.029,248.14,248.07,0.525,-0.0049,0.07,0.0,0.192,-17.62,-17.58,0.413,0.0251,-0.04,0.05,-0.074
2025-06-02,-17.154,41.42,43.62,41.69,14.7,280,248,15,False,False,Inter-Election,363,293,234,16,True,279.14,279.17,0.49,0.0091,-0.03,1.0,-0.079,248.14,248.07,0.525,-0.0058,0.07,0.0,0.192,-17.65,-17.55,0.413,0.0236,-0.1,0.26,-0.187
2025-06-03,-18.006,41.0,43.58,41.71,14.7,279,248,16,False,False,Inter-Election,364,293,234,16,True,279.14,279.17,0.525,0.0069,-0.03,0.0,-0.079,248.14,248.07,0.525,-0.0067,0.07,0.0,0.192,-17.64,-17.55,0.442,0.0172,-0.09,-0.64,-0.168
2025-06-04,-17.214,41.39,43.61,41.69,14.7,279,248,16,False,False,Inter-Election,365,293,234,16,True,279.14,279.17,0.525,0.0047,-0.03,0.0,-0.079,248.0,248.03,0.49,-0.0007,-0.03,0.0,-0.094,-17.48,-17.51,0.46,0.0135,0.03,0.42,0.058
2025-06-05,-17.164,41.42,43.62,41.69,14.7,280,248,15,False,False,Inter-Election,366,293,234,16,True,279.29,279.2,0.556,0.0089,0.09,1.0,0.221,248.0,248.03,0.455,-0.0011,-0.03,0.0,-0.094,-17.41,-17.48,0.458,0.0113,0.07,0.23,0.139
2025-06-06,-17.461,41.27,43.6,41.7,14.7,279,248,16,False,False,Inter-Election,367,293,234,16,True,279.29,279.2,0.587,0.0062,0.09,-1.0,0.221,248.0,248.0,0.414,0.0053,0.0,0.0,0.0,-17.38,-17.44,0.46,0.0051,0.06,-0.55,0.127
2025-06-07,-17.447,41.28,43.61,41.7,14.7,279,248,16,False,False,Inter-Election,368,293,234,16,True,279.29,279.2,0.587,0.0036,0.09,0.0,0.221,248.0,248.0,0.371,0.0053,0.0,0.0,0.0,-17.39,-17.42,0.458,0.0005,0.03,-0.21,0.066
2025-06-08,-17.39,41.3,43.61,41.69,14.7,279,248,16,False,False,Inter-Election,369,293,234,16,True,279.29,279.2,0.587,0.0009,0.09,0.0,0.221,248.0,248.0,0.371,0.0053,0.0,0.0,0.0,-17.41,-17.4,0.457,-0.0032,-0.01,-0.16,-0.023
2025-06-09,-16.294,41.85,43.65,41.66,14.69,280,247,16,False,False,Inter-Election,370,293,234,16,True,279.29,279.23,0.615,0.0047,0.06,0.0,0.139,247.86,247.97,0.414,-0.0011,-0.11,-1.0,-0.344,-17.28,-17.35,0.498,0.0001,0.07,0.65,0.148
2025-06-10,-16.054,41.97,43.66,41.66,14.69,280,247,16,False,False,Inter-Election,371,293,234,16,True,279.43,279.27,0.615,0.008,0.16,1.0,0.356,247.71,247.93,0.414,-0.0071,-0.22,-1.0,-0.602,-17.0,-17.28,0.499,0.004,0.28,2.02,0.546
2025-06-11,-15.728,42.14,43.67,41.65,14.68,280,247,16,False,False,Inter-Election,372,293,234,16,True,279.57,279.3,0.615,0.0109,0.27,1.0,0.579,247.57,247.9,0.414,-0.0127,-0.33,-2.0,-0.82,-16.79,-17.22,0.499,0.011,0.43,2.62,0.743
2025-06-12,-15.764,42.12,43.67,41.65,14.68,280,247,16,False,False,Inter-Election,373,293,234,16,True,279.57,279.33,0.615,0.0133,0.24,1.0,0.501,247.43,247.87,0.414,-0.0178,-0.44,-1.0,-1.013,-16.59,-17.16,0.498,0.019,0.57,1.89,0.898
2025-06-13,-15.308,42.35,43.68,41.64,14.68,281,247,15,False,False,Inter-Election,374,293,234,16,True,279.86,279.4,0.64,0.0218,0.46,2.0,0.817,247.29,247.83,0.414,-0.0225,-0.54,-1.0,-1.171,-16.28,-17.1,0.503,0.0302,0.82,2.32,1.141
2025-06-14,-15.557,42.22,43.67,41.64,14.68,280,247,16,False,False,Inter-Election,375,293,234,16,True,280.0,279.4,0.643,0.0298,0.6,1.0,1.065,247.14,247.8,0.414,-0.0267,-0.66,-1.0,-1.363,-16.01,-17.07,0.479,0.0452,1.06,1.83,1.394
2025-06-15,-15.558,42.22,43.67,41.64,14.68,280,247,16,False,False,Inter-Election,376,293,234,16,True,280.14,279.4,0.643,0.0378,0.74,1.0,1.314,247.0,247.8,0.371,-0.0374,-0.8,-1.0,-1.652,-15.75,-17.04,0.479,0.0603,1.29,1.73,1.618
2025-06-16,-15.339,42.33,43.68,41.64,14.68,280,247,16,False,False,Inter-Election,377,293,234,16,True,280.14,279.43,0.615,0.0389,0.71,0.0,1.249,247.0,247.77,0.32,-0.0412,-0.77,-1.0,-1.528,-15.62,-16.98,0.435,0.0692,1.36,1.81,1.594
2025-06-17,-15.474,42.26,43.68,41.64,14.68,280,247,16,False,False,Inter-Election,378,293,234,16,True,280.14,279.47,0.615,0.0396,0.67,1.0,1.173,247.0,247.73,0.32,-0.0445,-0.73,-1.0,-1.402,-15.53,-16.91,0.436,0.0763,1.38,2.53,1.545
2025-06-18,-15.729,42.14,43.67,41.65,14.68,280,247,16,False,False,Inter-Election,379,293,234,16,True,280.14,279.5,0.615,0.0398,0.64,1.0,1.118,247.0,247.7,0.32,-0.0474,-0.7,-1.0,-1.308,-15.53,-16.86,0.439,0.0805,1.33,1.48,1.456
2025-06-19,-16.074,41.96,43.66,41.66,14.69,280,247,16,False,False,Inter-Election,380,293,234,16,True,280.14,279.53,0.615,0.0396,0.61,0.0,1.068,247.0,247.67,0.32,-0.0498,-0.67,-1.0,-1.226,-15.58,-16.82,0.445,0.0821,1.24,1.09,1.349
2025-06-20,-16.323,41.84,43.65,41.67,14.69,280,247,16,False,False,Inter-Election,381,293,234,16,True,280.0,279.57,0.615,0.0389,0.43,1.0,0.757,247.0,247.63,0.32,-0.0518,-0.63,-1.0,-1.133,-15.72,-16.77,0.445,0.0796,1.05,1.14,1.154
2025-06-21,-16.305,41.85,43.65,41.67,14.69,280,247,16,False,False,Inter-Election,382,293,234,16,True,280.0,279.6,0.615,0.0378,0.4,1.0,0.71,247.0,247.6,0.32,-0.0534,-0.6,-1.0,-1.065,-15.83,-16.74,0.443,0.0783,0.91,1.14,1.005
2025-06-22,-16.432,41.78,43.64,41.67,14.69,280,248,15,False,False,Inter-Election,383,293,234,16,True,280.0,279.6,0.587,0.0432,0.4,1.0,0.71,247.14,247.6,0.371,-0.0481,-0.46,0.0,-0.817,-15.95,-16.72,0.436,0.079,0.77,0.96,0.849
2025-06-23,-16.611,41.69,43.64,41.67,14.69,280,248,15,False,False,Inter-Election,384,293,234,16,True,280.0,279.63,0.556,0.0416,0.37,0.0,0.665,247.29,247.6,0.371,-0.0427,-0.31,1.0,-0.55,-16.14,-16.7,0.433,0.0762,0.56,-0.32,0.621
2025-06-24,-17.073,41.46,43.62,41.69,14.7,280,248,15,False,False,Inter-Election,385,293,234,16,True,280.0,279.67,0.556,0.0396,0.33,0.0,0.604,247.43,247.6,0.371,-0.0374,-0.17,1.0,-0.302,-16.36,-16.69,0.442,0.0701,0.33,-1.02,0.367
2025-06-25,-18.165,40.92,43.58,41.72,14.71,279,248,16,False,False,Inter-Election,386,293,234,16,True,279.86,279.63,0.556,0.0376,0.23,-1.0,0.414,247.57,247.6,0.371,-0.032,-0.03,1.0,-0.053,-16.71,-16.73,0.481,0.0588,0.02,-2.44,0.021
2025-06-26,-17.5,41.25,43.6,41.7,14.7,279,248,16,False,False,Inter-Election,387,293,234,16,True,279.71,279.63,0.525,0.0291,0.08,-1.0,0.144,247.71,247.6,0.371,-0.0267,0.11,1.0,0.195,-16.92,-16.71,0.452,0.0447,-0.21,-1.74,-0.23
2025-06-27,-17.14,41.43,43.62,41.69,14.7,280,248,15,False,False,Inter-Election,388,293,234,16,True,279.71,279.67,0.556,0.0271,0.04,-1.0,0.073,247.86,247.57,0.32,-0.0145,0.29,1.0,0.575,-17.03,-16.67,0.453,0.0307,-0.36,-1.83,-0.416
2025-06-28,-16.995,41.5,43.62,41.68,14.69,280,248,15,False,False,Inter-Election,389,293,234,16,True,279.71,279.7,0.556,0.0247,0.01,0.0,0.019,248.0,247.57,0.263,-0.0087,0.43,1.0,0.853,-17.13,-16.65,0.436,0.0218,-0.48,-1.44,-0.566
2025-06-29,-16.951,41.52,43.62,41.68,14.69,280,248,15,False,False,Inter-Election,390,293,234,16,True,279.71,279.73,0.556,0.0218,-0.02,0.0,-0.038,248.0,247.57,0.263,-0.0029,0.43,1.0,0.853,-17.21,-16.63,0.436,0.0131,-0.58,-1.39,-0.699
2025-06-30,-16.681,41.66,43.63,41.68,14.69,280,248,15,False,False,Inter-Election,391,293,234,16,True,279.71,279.77,0.556,0.0185,-0.06,0.0,-0.119,248.0,247.57,0.263,0.0029,0.43,1.0,0.853,-17.22,-16.61,0.437,0.0076,-0.61,-1.34,-0.746
2025-07-01,-16.242,41.88,43.65,41.66,14.69,280,247,16,False,False,Inter-Election,392,293,234,16,True,279.71,279.8,0.556,0.0147,-0.09,0.0,-0.186,247.86,247.53,0.32,0.0022,0.33,0.0,0.65,-17.1,-16.57,0.443,0.0052,-0.53,-0.77,-0.655
2025-07-02,-15.761,42.12,43.67,41.65,14.68,280,247,16,False,False,Inter-Election,393,293,234,16,True,279.86,279.8,0.525,0.0174,0.06,0.0,0.124,247.71,247.5,0.32,0.002,0.21,0.0,0.413,-16.75,-16.52,0.45,0.0064,-0.23,-0.03,-0.282
2025-07-03,-16.841,41.58,43.63,41.68,14.69,280,248,15,False,False,Inter-Election,394,293,234,16,True,280.0,279.83,0.49,0.0131,0.17,0.0,0.369,247.71,247.5,0.371,0.0087,0.21,1.0,0.413,-16.66,-16.49,0.467,-0.0059,-0.17,-0.77,-0.221
2025-07-04,-16.858,41.57,43.63,41.68,14.69,280,248,15,False,False,Inter-Election,395,293,234,16,True,280.0,279.87,0.49,0.0085,0.13,0.0,0.299,247.71,247.5,0.371,0.0154,0.21,1.0,0.413,-16.62,-16.47,0.445,-0.0133,-0.15,-0.54,-0.198
2025-07-05,-17.795,41.1,43.59,41.71,14.7,279,248,16,False,False,Inter-Election,396,293,234,16,True,279.86,279.83,0.49,0.0038,0.03,-1.0,0.065,247.71,247.5,0.371,0.022,0.21,1.0,0.413,-16.73,-16.5,0.478,-0.0266,-0.23,-1.49,-0.292
2025-07-06,-17.752,41.12,43.59,41.7,14.7,279,248,16,False,False,Inter-Election,397,293,234,16,True,279.71,279.83,0.455,-0.0073,-0.12,-1.0,-0.26,247.71,247.5,0.371,0.0287,0.21,0.0,0.413,-16.85,-16.5,0.475,-0.0413,-0.35,-1.32,-0.437
2025-07-07,-16.789,41.61,43.63,41.68,14.69,280,248,15,False,False,Inter-Election,398,293,234,16,True,279.71,279.87,0.49,-0.012,-0.16,0.0,-0.369,247.71,247.5,0.371,0.0354,0.21,0.0,0.413,-16.86,-16.48,0.507,-0.0497,-0.38,-0.18,-0.485
2025-07-08,-17.58,41.21,43.6,41.7,14.7,279,248,16,False,False,Inter-Election,399,293,234,16,True,279.57,279.87,0.525,-0.0236,-0.3,-1.0,-0.691,247.86,247.5,0.371,0.042,0.36,0.0,0.708,-17.05,-16.49,0.528,-0.063,-0.56,-0.51,-0.707
2025-07-09,-17.556,41.22,43.6,41.7,14.7,279,248,16,False,False,Inter-Election,400,293,234,16,True,279.43,279.83,0.49,-0.0283,-0.4,0.0,-0.867,248.0,247.53,0.32,0.0418,0.47,0.0,0.926,-17.31,-16.53,0.486,-0.0685,-0.78,0.61,-0.958
2025-07-10,-17.723,41.14,43.6,41.7,14.7,279,248,16,False,False,Inter-Election,401,293,234,16,True,279.29,279.8,0.49,-0.0325,-0.51,0.0,-1.053,248.0,247.57,0.32,0.0412,0.43,0.0,0.853,-17.44,-16.59,0.483,-0.0729,-0.85,-0.22,-1.015
2025-07-11,-17.734,41.13,43.59,41.7,14.7,279,248,16,False,False,Inter-Election,402,293,234,16,True,279.14,279.77,0.49,-0.0363,-0.63,-1.0,-1.25,248.0,247.6,0.32,0.04,0.4,0.0,0.803,-17.56,-16.65,0.478,-0.0744,-0.91,-0.59,-1.075
2025-07-12,-18.098,40.95,43.58,41.71,14.7,279,248,16,False,False,Inter-Election,403,293,234,16,True,279.14,279.73,0.49,-0.0396,-0.59,-1.0,-1.133,248.0,247.63,0.32,0.0385,0.37,0.0,0.755,-17.6,-16.73,0.481,-0.0776,-0.87,-1.1,-1.002
2025-07-13,-18.055,40.97,43.58,41.71,14.7,279,248,16,False,False,Inter-Election,404,293,234,16,True,279.14,279.67,0.45,-0.0356,-0.53,-1.0,-1.105,248.0,247.67,0.32,0.0365,0.33,0.0,0.688,-17.65,-16.82,0.471,-0.0763,-0.83,-1.1,-0.967
2025-07-14,-18.15,40.93,43.58,41.72,14.71,279,248,16,False,False,Inter-Election,405,293,234,16,True,279.0,279.63,0.414,-0.0376,-0.63,-1.0,-1.285,248.0,247.7,0.32,0.034,0.3,0.0,0.644,-17.84,-16.91,0.47,-0.0761,-0.93,-1.47,-1.085
2025-07-15,-18.217,40.89,43.58,41.72,14.71,279,248,16,False,False,Inter-Election,406,293,234,16,True,279.0,279.6,0.414,-0.0392,-0.6,-1.0,-1.204,248.0,247.73,0.32,0.0311,0.27,1.0,0.6,-17.93,-17.0,0.47,-0.0753,-0.93,-1.97,-1.094
2025-07-16,-18.893,40.55,43.55,41.74,14.71,279,249,15,False,False,Inter-Election,407,293,234,16,True,279.0,279.57,0.414,-0.0403,-0.57,-1.0,-1.131,248.14,247.8,0.365,0.0343,0.34,2.0,0.702,-18.12,-17.12,0.478,-0.076,-1.0,-3.13,-1.165
2025-07-17,-19.914,40.04,43.51,41.76,14.72,278,249,16,False,False,Inter-Election,408,293,234,16,True,278.86,279.5,0.45,-0.0474,-0.64,-2.0,-1.118,248.29,247.87,0.365,0.0365,0.42,1.0,0.828,-18.44,-17.26,0.506,-0.0828,-1.18,-3.07,-1.25
2025-07-18,-20.309,39.85,43.5,41.77,14.73,278,250,15,False,False,Inter-Election,409,293,234,16,True,278.71,279.43,0.45,-0.0536,-0.72,-2.0,-1.15,248.57,247.97,0.403,0.0443,0.6,2.0,0.976,-18.81,-17.42,0.507,-0.0918,-1.39,-3.45,-1.322
2025-07-19,-20.288,39.86,43.5,41.77,14.73,278,249,16,False,False,Inter-Election,410,293,234,16,True,278.57,279.37,0.45,-0.059,-0.8,-1.0,-1.196,248.71,248.03,0.45,0.0443,0.68,1.0,1.106,-19.12,-17.56,0.507,-0.1011,-1.56,-2.49,-1.365
2025-07-20,-20.333,39.83,43.5,41.77,14.73,278,250,15,False,False,Inter-Election,411,293,234,16,True,278.43,279.3,0.45,-0.0634,-0.87,-1.0,-1.239,249.0,248.13,0.481,0.0498,0.87,2.0,1.277,-19.44,-17.69,0.507,-0.1105,-1.75,-2.58,-1.428
2025-07-21,-21.257,39.37,43.47,41.8,14.74,277,250,16,False,False,Inter-Election,412,293,234,16,True,278.14,279.2,0.481,-0.0734,-1.06,-3.0,-1.317,249.29,248.23,0.481,0.0541,1.06,2.0,1.456,-19.89,-17.86,0.526,-0.1239,-2.03,-4.47,-1.495
2025-07-22,-21.229,39.39,43.47,41.8,14.73,277,250,16,False,False,Inter-Election,413,293,234,16,True,277.86,279.1,0.481,-0.0821,-1.24,-2.0,-1.402,249.57,248.3,0.45,0.0638,1.27,2.0,1.599,-20.32,-18.02,0.527,-0.1358,-2.3,-3.65,-1.572
2025-07-23,-21.143,39.43,43.47,41.8,14.73,277,250,16,False,False,Inter-Election,414,293,234,16,True,277.57,279.0,0.481,-0.0894,-1.43,-2.0,-1.51,249.71,248.37,0.45,0.0727,1.34,2.0,1.576,-20.64,-18.17,0.529,-0.1463,-2.47,-3.59,-1.599
2025-07-24,-20.785,39.61,43.48,41.79,14.73,278,250,15,False,False,Inter-Election,415,293,234,16,True,277.57,278.93,0.521,-0.089,-1.36,-1.0,-1.44,249.86,248.43,0.45,0.0808,1.43,2.0,1.593,-20.76,-18.29,0.533,-0.1557,-2.47,-3.06,-1.542
2025-07-25,-20.49,39.75,43.49,41.78,14.73,278,250,15,False,False,Inter-Election,416,293,234,16,True,277.57,278.9,0.49,-0.0945,-1.33,-1.0,-1.386,249.86,248.5,0.45,0.0879,1.36,2.0,1.45,-20.79,-18.37,0.506,-0.169,-2.42,-2.76,-1.466
2025-07-26,-20.576,39.71,43.49,41.78,14.73,278,250,15,False,False,Inter-Election,417,293,234,16,True,277.57,278.87,0.49,-0.0997,-1.3,-1.0,-1.336,250.0,248.57,0.45,0.0941,1.43,2.0,1.472,-20.83,-18.47,0.486,-0.1772,-2.36,-2.48,-1.396
2025-07-27,-20.556,39.72,43.49,41.78,14.73,278,250,15,False,False,Inter-Election,418,293,234,16,True,277.57,278.8,0.45,-0.0974,-1.23,-1.0,-1.279,250.0,248.63,0.45,0.0994,1.37,2.0,1.371,-20.86,-18.59,0.479,-0.1815,-2.27,-2.5,-1.326
2025-07-28,-20.736,39.63,43.48,41.79,14.73,278,250,15,False,False,Inter-Election,419,293,234,16,True,277.71,278.73,0.45,-0.0943,-1.02,-1.0,-1.08,250.0,248.7,0.45,0.1039,1.3,2.0,1.272,-20.79,-18.71,0.476,-0.1844,-2.08,-2.59,-1.203
2025-07-29,-19.904,40.05,43.52,41.76,14.72,278,249,16,False,False,Inter-Election,420,293,234,16,True,277.86,278.67,0.45,-0.0903,-0.81,-1.0,-0.878,249.86,248.73,0.49,0.101,1.13,1.0,1.113,-20.6,-18.81,0.507,-0.18,-1.79,-1.69,-1.047
2025-07-30,-20.087,39.96,43.51,41.77,14.72,278,249,16,False,False,Inter-Election,421,293,234,16,True,278.0,278.6,0.45,-0.0854,-0.6,-1.0,-0.671,249.71,248.77,0.49,0.0977,0.94,0.0,0.934,-20.45,-18.92,0.502,-0.1736,-1.53,-1.19,-0.913
2025-07-31,-19.855,40.07,43.52,41.76,14.72,278,249,16,False,False,Inter-Election,422,293,234,16,True,278.0,278.53,0.45,-0.0796,-0.53,0.0,-0.616,249.57,248.83,0.45,0.087,0.74,0.0,0.779,-20.31,-19.04,0.496,-0.1611,-1.27,0.06,-0.791
2025-08-01,-20.208,39.9,43.5,41.77,14.73,278,249,16,False,False,Inter-Election,423,293,234,16,True,278.0,278.47,0.45,-0.073,-0.47,0.0,-0.574,249.43,248.9,0.45,0.0754,0.53,-1.0,0.599,-20.27,-19.19,0.484,-0.146,-1.08,0.1,-0.724
2025-08-02,-20.612,39.69,43.49,41.78,14.73,278,250,15,False,False,Inter-Election,424,293,234,16,True,278.0,278.4,0.45,-0.0654,-0.4,0.0,-0.519,249.43,248.97,0.45,0.0763,0.46,1.0,0.517,-20.28,-19.32,0.454,-0.139,-0.96,-0.32,-0.664
2025-08-03,-20.658,39.67,43.49,41.78,14.73,278,250,15,False,False,Inter-Election,425,293,234,16,True,278.0,278.33,0.45,-0.057,-0.33,0.0,-0.464,249.43,249.03,0.45,0.0763,0.4,0.0,0.449,-20.29,-19.44,0.454,-0.1307,-0.85,-0.33,-0.612
2025-08-04,-21.335,39.33,43.46,41.8,14.74,277,250,16,False,False,Inter-Election,426,293,234,16,True,277.86,278.27,0.45,-0.061,-0.41,0.0,-0.554,249.43,249.1,0.45,0.0754,0.33,0.0,0.373,-20.38,-19.56,0.44,-0.1315,-0.82,-0.08,-0.588
2025-08-05,-21.749,39.13,43.45,41.81,14.74,277,250,16,False,False,Inter-Election,427,293,234,16,True,277.71,278.2,0.45,-0.0641,-0.49,0.0,-0.644,249.57,249.17,0.45,0.0736,0.4,0.0,0.458,-20.64,-19.69,0.442,-0.1332,-0.95,-0.52,-0.676
2025-08-06,-21.401,39.3,43.46,41.8,14.74,277,250,16,False,False,Inter-Election,428,293,234,16,True,277.57,278.1,0.403,-0.0594,-0.53,0.0,-0.744,249.71,249.23,0.45,0.071,0.48,0.0,0.559,-20.83,-19.85,0.402,-0.1241,-0.98,-0.26,-0.738
2025-08-07,-21.399,39.3,43.46,41.8,14.74,277,250,16,False,False,Inter-Election,429,293,234,16,True,277.43,278.03,0.365,-0.0603,-0.6,-1.0,-0.835,249.86,249.3,0.45,0.0674,0.56,0.0,0.669,-21.05,-19.98,0.384,-0.1185,-1.07,-0.61,-0.833
2025-08-08,-21.488,39.26,43.46,41.81,14.74,277,250,16,False,False,Inter-Election,430,293,234,16,True,277.29,277.97,0.365,-0.0603,-0.68,-1.0,-0.947,250.0,249.37,0.45,0.063,0.63,0.0,0.779,-21.23,-20.11,0.383,-0.1116,-1.12,-1.0,-0.911
2025-08-09,-21.494,39.25,43.46,41.81,14.74,277,250,16,False,False,Inter-Election,431,293,234,16,True,277.14,277.9,0.365,-0.0594,-0.76,-1.0,-1.067,250.0,249.43,0.45,0.0576,0.57,0.0,0.737,-21.36,-20.23,0.384,-0.1041,-1.13,-0.92,-0.967
2025-08-10,-21.568,39.22,43.45,41.81,14.74,277,250,16,False,False,Inter-Election,432,293,234,16,True,277.0,277.83,0.365,-0.0576,-0.83,-1.0,-1.188,250.0,249.5,0.45,0.0514,0.5,0.0,0.684,-21.49,-20.36,0.384,-0.0955,-1.13,-1.01,-1.034
2025-08-11,-21.076,39.46,43.47,41.79,14.73,277,250,16,False,False,Inter-Election,433,293,234,16,True,277.0,277.77,0.365,-0.0549,-0.77,-1.0,-1.134,250.0,249.57,0.45,0.0443,0.43,0.0,0.633,-21.45,-20.46,0.397,-0.0845,-0.99,-0.34,-0.978
2025-08-12,-21.735,39.13,43.45,41.81,14.74,277,250,16,False,False,Inter-Election,434,293,234,16,True,277.0,277.7,0.365,-0.0514,-0.7,-1.0,-1.075,250.0,249.63,0.45,0.0363,0.37,1.0,0.602,-21.45,-20.58,0.409,-0.0762,-0.87,-1.83,-0.934
2025-08-13,-20.953,39.52,43.48,41.79,14.73,277,250,16,False,False,Inter-Election,435,293,234,16,True,277.0,277.63,0.365,-0.0469,-0.63,-1.0,-1.024,250.0,249.7,0.45,0.0274,0.3,1.0,0.561,-21.39,-20.67,0.441,-0.0618,-0.72,-0.87,-0.887
2025-08-14,-20.534,39.73,43.49,41.78,14.73,278,250,15,False,False,Inter-Election,436,293,234,16,True,277.14,277.6,0.414,-0.0352,-0.46,0.0,-0.817,250.0,249.77,0.45,0.0176,0.23,1.0,0.535,-21.26,-20.75,0.451,-0.044,-0.51,-0.68,-0.765
2025-08-15,-20.769,39.62,43.48,41.79,14.73,278,250,15,False,False,Inter-Election,437,293,234,16,True,277.29,277.57,0.414,-0.0229,-0.28,0.0,-0.556,250.0,249.8,0.414,0.0138,0.2,1.0,0.492,-21.16,-20.81,0.438,-0.0312,-0.35,-0.56,-0.617
2025-08-16,-20.832,39.58,43.48,41.79,14.73,278,250,15,False,False,Inter-Election,438,293,234,16,True,277.43,277.57,0.371,-0.0171,-0.14,0.0,-0.278,250.0,249.83,0.414,0.0096,0.17,0.0,0.448,-21.07,-20.85,0.398,-0.0251,-0.22,-0.22,-0.407
2025-08-17,-20.543,39.73,43.49,41.78,14.73,278,250,15,False,False,Inter-Election,439,293,234,16,True,277.57,277.57,0.371,-0.0113,0.0,0.0,0.0,250.0,249.83,0.371,0.0118,0.17,0.0,0.448,-20.92,-20.85,0.396,-0.0195,-0.07,0.12,-0.131
2025-08-18,-20.602,39.7,43.49,41.78,14.73,278,250,15,False,False,Inter-Election,440,293,234,16,True,277.71,277.57,0.371,-0.0056,0.14,1.0,0.278,250.0,249.87,0.32,0.0071,0.13,0.0,0.376,-20.85,-20.86,0.397,-0.014,0.01,0.73,0.019
2025-08-19,-20.635,39.68,43.49,41.78,14.73,278,250,15,False,False,Inter-Election,441,293,234,16,True,277.86,277.57,0.371,0.0002,0.29,1.0,0.575,250.0,249.87,0.263,0.0089,0.13,0.0,0.376,-20.7,-20.87,0.396,-0.0088,0.17,1.11,0.328
2025-08-20,-20.803,39.6,43.48,41.79,14.73,278,250,15,False,False,Inter-Election,442,293,234,16,True,278.0,277.6,0.32,-0.0009,0.4,1.0,0.803,250.0,249.87,0.263,0.0107,0.13,0.0,0.376,-20.67,-20.86,0.359,-0.011,0.19,0.6,0.37
2025-08-21,-21.52,39.24,43.46,41.81,14.74,277,250,16,False,False,Inter-Election,443,293,234,16,True,277.86,277.6,0.371,-0.0089,0.26,0.0,0.522,250.0,249.87,0.263,0.0125,0.13,0.0,0.376,-20.81,-20.87,0.383,-0.0178,0.06,-0.12,0.115
2025-08-22,-21.28,39.36,43.46,41.8,14.74,277,250,16,False,False,Inter-Election,444,293,234,16,True,277.71,277.6,0.371,-0.0169,0.11,0.0,0.221,250.0,249.87,0.263,0.0142,0.13,0.0,0.376,-20.89,-20.87,0.385,-0.0224,-0.02,0.21,-0.038
2025-08-23,-20.623,39.69,43.49,41.78,14.73,278,250,15,False,False,Inter-Election,445,293,234,16,True,277.71,277.6,0.371,-0.0116,0.11,1.0,0.221,250.0,249.87,0.263,0.016,0.13,0.0,0.376,-20.86,-20.87,0.398,-0.0202,0.01,0.87,0.019
2025-08-24,-20.642,39.68,43.49,41.78,14.73,278,250,15,False,False,Inter-Election,446,293,234,16,True,277.71,277.6,0.371,-0.0062,0.11,1.0,0.221,250.0,249.87,0.263,0.0178,0.13,0.0,0.376,-20.87,-20.87,0.395,-0.0161,0.0,0.93,0.0
2025-08-25,-20.387,39.81,43.5,41.78,14.73,278,250,15,False,False,Inter-Election,447,293,234,16,True,277.71,277.6,0.371,-0.0009,0.11,1.0,0.221,250.0,249.87,0.263,0.0196,0.13,0.0,0.376,-20.84,-20.87,0.397,-0.011,0.03,0.69,0.057
2025-08-26,-20.343,39.83,43.5,41.77,14.73,278,250,15,False,False,Inter-Election,448,293,234,16,True,277.71,277.6,0.371,0.0044,0.11,1.0,0.221,250.0,249.87,0.263,0.0214,0.13,0.0,0.376,-20.8,-20.86,0.397,-0.0054,0.06,1.39,0.112
2025-08-27,-20.342,39.83,43.5,41.77,14.73,278,250,15,False,False,Inter-Election,449,293,234,16,True,277.71,277.6,0.371,0.0098,0.11,1.0,0.221,250.0,249.87,0.263,0.0231,0.13,0.0,0.376,-20.73,-20.85,0.396,-0.0013,0.12,0.61,0.221
2025-08-28,-19.002,40.5,43.55,41.74,14.71,279,249,15,False,False,Inter-Election,450,293,234,16,True,278.0,277.63,0.414,0.0216,0.37,1.0,0.665,249.86,249.87,0.263,0.0116,-0.01,-1.0,-0.029,-20.37,-20.82,0.44,0.0171,0.45,1.53,0.729
2025-08-29,-19.39,40.3,43.53,41.75,14.72,278,249,16,False,False,Inter-Election,451,293,234,16,True,278.14,277.63,0.455,0.0265,0.51,0.0,0.917,249.71,249.87,0.263,-0.0,-0.16,-1.0,-0.463,-20.1,-20.79,0.445,0.0314,0.69,1.38,1.049
2025-08-30,-19.559,40.22,43.53,41.75,14.72,278,249,16,False,False,Inter-Election,452,293,234,16,True,278.14,277.63,0.455,0.0314,0.51,0.0,0.917,249.57,249.87,0.263,-0.0116,-0.3,-1.0,-0.868,-19.95,-20.78,0.445,0.0458,0.83,1.27,1.231
2025-08-31,-19.598,40.2,43.53,41.75,14.72,278,249,16,False,False,Inter-Election,453,293,234,16,True,278.14,277.63,0.455,0.0363,0.51,0.0,0.917,249.43,249.87,0.263,-0.0231,-0.44,-1.0,-1.273,-19.8,-20.76,0.44,0.0574,0.96,0.95,1.37
2025-09-01,-20.429,39.79,43.5,41.78,14.73,278,250,15,False,False,Inter-Election,454,293,234,16,True,278.14,277.63,0.455,0.0412,0.51,0.0,0.917,249.43,249.87,0.263,-0.0214,-0.44,0.0,-1.273,-19.81,-20.76,0.46,0.0606,0.95,0.17,1.351
2025-09-02,-19.915,40.04,43.51,41.76,14.72,278,249,16,False,False,Inter-Election,455,293,234,16,True,278.14,277.63,0.455,0.0461,0.51,0.0,0.917,249.29,249.83,0.32,-0.026,-0.54,-1.0,-1.425,-19.75,-20.73,0.469,0.0667,0.98,0.72,1.362
2025-09-03,-20.421,39.79,43.5,41.78,14.73,278,250,15,False,False,Inter-Election,456,293,234,16,True,278.14,277.67,0.414,0.044,0.47,0.0,0.86,249.29,249.83,0.371,-0.0238,-0.54,0.0,-1.425,-19.76,-20.7,0.461,0.0645,0.94,0.38,1.32
2025-09-04,-20.82,39.59,43.48,41.79,14.73,278,250,15,False,False,Inter-Election,457,293,234,16,True,278.0,277.7,0.414,0.0416,0.3,1.0,0.561,249.43,249.83,0.371,-0.0216,-0.4,0.0,-1.055,-20.02,-20.67,0.461,0.0565,0.65,0.7,0.949
2025-09-05,-20.719,39.64,43.49,41.78,14.73,278,250,15,False,False,Inter-Election,458,293,234,16,True,278.0,277.73,0.414,0.0387,0.27,1.0,0.518,249.57,249.83,0.371,-0.0194,-0.26,0.0,-0.686,-20.21,-20.65,0.457,0.0512,0.44,0.56,0.656
2025-09-06,-20.391,39.8,43.5,41.78,14.73,278,250,15,False,False,Inter-Election,459,293,234,16,True,278.0,277.77,0.414,0.0354,0.23,0.0,0.456,249.71,249.83,0.371,-0.0171,-0.12,0.0,-0.317,-20.33,-20.61,0.461,0.0477,0.28,0.23,0.426
2025-09-07,-20.379,39.81,43.5,41.78,14.73,278,250,15,False,False,Inter-Election,460,293,234,16,True,278.0,277.8,0.414,0.0316,0.2,0.0,0.413,249.86,249.83,0.371,-0.0149,0.03,0.0,0.079,-20.44,-20.58,0.46,0.0431,0.14,0.26,0.22
2025-09-08,-19.533,40.23,43.53,41.75,14.72,278,249,16,False,False,Inter-Election,461,293,234,16,True,278.0,277.83,0.414,0.0274,0.17,0.0,0.369,249.71,249.8,0.414,-0.0191,-0.09,-1.0,-0.221,-20.31,-20.51,0.483,0.0435,0.2,0.85,0.312
2025-09-09,-19.002,40.5,43.55,41.74,14.71,279,249,15,False,False,Inter-Election,462,293,234,16,True,278.14,277.9,0.45,0.0291,0.24,1.0,0.499,249.71,249.77,0.414,-0.0229,-0.06,-1.0,-0.139,-20.18,-20.43,0.49,0.046,0.25,1.34,0.376
2025-09-10,-18.798,40.6,43.56,41.73,14.71,279,249,15,False,False,Inter-Election,463,293,234,16,True,278.29,277.97,0.45,0.03,0.32,1.0,0.653,249.57,249.73,0.414,-0.0263,-0.16,-1.0,-0.356,-19.95,-20.35,0.484,0.052,0.4,1.54,0.558
2025-09-11,-17.869,41.07,43.59,41.71,14.7,279,248,16,False,False,Inter-Election,464,293,234,16,True,278.43,278.03,0.45,0.03,0.4,0.0,0.816,249.29,249.67,0.45,-0.0356,-0.38,-1.0,-0.695,-19.53,-20.22,0.488,0.0585,0.69,1.13,0.861
2025-09-12,-17.415,41.29,43.61,41.7,14.7,279,248,16,False,False,Inter-Election,465,293,234,16,True,278.57,278.1,0.45,0.0291,0.47,1.0,0.978,249.0,249.6,0.45,-0.044,-0.6,-1.0,-0.965,-19.06,-20.1,0.476,0.0715,1.04,1.98,1.108
2025-09-13,-19.099,40.45,43.54,41.74,14.71,278,249,16,False,False,Inter-Election,466,293,234,16,True,278.57,278.1,0.455,0.0278,0.47,0.0,0.978,248.86,249.57,0.49,-0.0452,-0.71,0.0,-1.134,-18.87,-20.06,0.575,0.075,1.19,0.46,1.25
2025-09-14,-19.114,40.44,43.54,41.74,14.71,278,249,16,False,False,Inter-Election,467,293,234,16,True,278.57,278.1,0.455,0.0265,0.47,0.0,0.978,248.71,249.53,0.49,-0.0458,-0.82,0.0,-1.304,-18.69,-20.0,0.573,0.0762,1.31,0.48,1.368
2025-09-15,-18.46,40.77,43.57,41.72,14.71,279,249,15,False,False,Inter-Election,468,293,234,16,True,278.71,278.13,0.49,0.0316,0.58,1.0,1.143,248.71,249.5,0.49,-0.0461,-0.79,-1.0,-1.255,-18.54,-19.92,0.582,0.0804,1.38,1.97,1.402
2025-09-16,-19.409,40.3,43.53,41.75,14.72,278,249,16,False,False,Inter-Election,469,293,234,16,True,278.57,278.13,0.525,0.0298,0.44,0.0,0.867,248.71,249.47,0.49,-0.0458,-0.76,0.0,-1.209,-18.59,-19.88,0.61,0.0794,1.29,0.51,1.315
2025-09-17,-19.203,40.4,43.54,41.74,14.72,278,249,16,False,False,Inter-Election,470,293,234,16,True,278.43,278.13,0.525,0.028,0.3,0.0,0.591,248.71,249.43,0.49,-0.0452,-0.72,-1.0,-1.15,-18.65,-19.84,0.611,0.0788,1.19,1.22,1.216
2025-09-18,-20.152,39.92,43.51,41.77,14.72,278,249,16,False,False,Inter-Election,471,293,234,16,True,278.29,278.13,0.525,0.0263,0.16,0.0,0.315,248.86,249.4,0.49,-0.044,-0.54,-1.0,-0.869,-18.98,-19.82,0.637,0.0713,0.84,0.67,0.867
2025-09-19,-19.721,40.14,43.52,41.76,14.72,278,249,16,False,False,Inter-Election,472,293,234,16,True,278.14,278.13,0.525,0.0245,0.01,0.0,0.02,249.0,249.37,0.49,-0.0425,-0.37,-1.0,-0.602,-19.31,-19.78,0.641,0.0652,0.47,1.0,0.494
2025-09-20,-19.928,40.04,43.51,41.76,14.72,278,249,16,False,False,Inter-Election,473,293,234,16,True,278.14,278.17,0.49,0.0158,-0.03,0.0,-0.065,249.0,249.33,0.49,-0.0405,-0.33,-1.0,-0.544,-19.43,-19.73,0.626,0.0523,0.3,0.46,0.336
2025-09-21,-19.966,40.02,43.51,41.76,14.72,278,249,16,False,False,Inter-Election,474,293,234,16,True,278.14,278.2,0.49,0.0067,-0.06,0.0,-0.147,249.0,249.3,0.49,-0.038,-0.3,-1.0,-0.503,-19.55,-19.69,0.626,0.0401,0.14,0.41,0.165
2025-09-22,-19.856,40.07,43.52,41.76,14.72,278,249,16,False,False,Inter-Election,475,293,234,16,True,278.0,278.2,0.455,0.004,-0.2,0.0,-0.492,249.0,249.27,0.49,-0.0352,-0.27,0.0,-0.463,-19.75,-19.66,0.615,0.0325,-0.09,-0.32,-0.109
2025-09-23,-19.916,40.04,43.51,41.76,14.72,278,249,16,False,False,Inter-Election,476,293,234,16,True,278.0,278.2,0.455,0.0013,-0.2,-1.0,-0.492,249.0,249.23,0.49,-0.0318,-0.23,0.0,-0.405,-19.82,-19.64,0.615,0.0241,-0.18,-0.91,-0.222
2025-09-24,-19.632,40.18,43.53,41.76,14.72,278,249,16,False,False,Inter-Election,477,293,234,16,True,278.0,278.2,0.455,-0.0013,-0.2,-1.0,-0.492,249.0,249.2,0.49,-0.028,-0.2,0.0,-0.363,-19.88,-19.61,0.616,0.019,-0.27,-0.83,-0.339
2025-09-25,-19.808,40.1,43.52,41.76,14.72,278,249,16,False,False,Inter-Election,478,293,234,16,True,278.0,278.2,0.455,-0.004,-0.2,-1.0,-0.492,249.0,249.17,0.49,-0.0238,-0.17,1.0,-0.32,-19.83,-19.59,0.617,0.0127,-0.24,-1.94,-0.305
2025-09-26,-19.519,40.24,43.53,41.75,14.72,278,249,16,False,False,Inter-Election,479,293,234,16,True,278.0,278.2,0.455,-0.0067,-0.2,-1.0,-0.492,249.0,249.13,0.49,-0.0191,-0.13,1.0,-0.256,-19.8,-19.57,0.619,0.008,-0.23,-2.1,-0.297
2025-09-27,-19.553,40.22,43.53,41.75,14.72,278,249,16,False,False,Inter-Election,480,293,234,16,True,278.0,278.17,0.414,-0.0024,-0.17,0.0,-0.448,249.0,249.13,0.455,-0.0209,-0.13,0.0,-0.256,-19.75,-19.59,0.567,0.012,-0.16,-0.45,-0.209
2025-09-28,-19.551,40.22,43.53,41.75,14.72,278,249,16,False,False,Inter-Election,481,293,234,16,True,278.0,278.17,0.371,-0.0047,-0.17,0.0,-0.448,249.0,249.13,0.455,-0.0227,-0.13,0.0,-0.256,-19.69,-19.59,0.562,0.0136,-0.1,-0.44,-0.131
2025-09-29,-19.63,40.18,43.53,41.76,14.72,278,249,16,False,False,Inter-Election,482,293,234,16,True,278.0,278.17,0.371,-0.0069,-0.17,-1.0,-0.448,249.0,249.13,0.455,-0.0245,-0.13,0.0,-0.256,-19.66,-19.59,0.562,0.0136,-0.07,-1.17,-0.092
2025-09-30,-20.024,39.99,43.51,41.77,14.72,278,249,16,False,False,Inter-Election,483,293,234,16,True,278.0,278.17,0.371,-0.0091,-0.17,0.0,-0.448,249.0,249.13,0.455,-0.0263,-0.13,0.0,-0.256,-19.67,-19.61,0.566,0.0108,-0.06,-0.62,-0.078
2025-10-01,-19.929,40.04,43.51,41.76,14.72,278,249,16,False,False,Inter-Election,484,293,234,16,True,278.0,278.17,0.371,-0.0113,-0.17,0.0,-0.448,249.0,249.1,0.414,-0.0211,-0.1,0.0,-0.208,-19.72,-19.59,0.545,0.003,-0.13,-0.73,-0.172
2025-10-02,-19.978,40.01,43.51,41.76,14.72,278,249,16,False,False,Inter-Election,485,293,234,16,True,278.0,278.17,0.371,-0.0136,-0.17,0.0,-0.448,249.0,249.1,0.371,-0.0225,-0.1,0.0,-0.208,-19.74,-19.59,0.537,-0.0017,-0.15,0.17,-0.198
2025-10-03,-19.727,40.14,43.52,41.76,14.72,278,249,16,False,False,Inter-Election,486,293,234,16,True,278.0,278.17,0.371,-0.0158,-0.17,0.0,-0.448,249.0,249.07,0.32,-0.0169,-0.07,0.0,-0.156,-19.77,-19.57,0.53,-0.0083,-0.2,-0.01,-0.27
2025-10-04,-19.627,40.19,43.53,41.76,14.72,278,249,16,False,False,Inter-Election,487,293,234,16,True,278.0,278.17,0.371,-0.018,-0.17,0.0,-0.448,249.0,249.03,0.32,-0.0109,-0.03,0.0,-0.072,-19.78,-19.53,0.524,-0.0172,-0.25,0.3,-0.356
2025-10-05,-19.549,40.23,43.53,41.75,14.72,278,249,16,False,False,Inter-Election,488,293,234,16,True,278.0,278.17,0.371,-0.0202,-0.17,0.0,-0.448,249.0,249.0,0.32,-0.0044,0.0,0.0,0.0,-19.78,-19.49,0.524,-0.0256,-0.29,0.42,-0.435
2025-10-06,-19.4,40.3,43.53,41.75,14.72,278,249,16,False,False,Inter-Election,489,293,234,16,True,278.0,278.17,0.371,-0.0225,-0.17,0.0,-0.448,249.0,248.97,0.32,0.0024,0.03,0.0,0.094,-19.75,-19.46,0.522,-0.0312,-0.29,0.46,-0.45
2025-10-07,-19.174,40.41,43.54,41.74,14.72,278,249,16,False,False,Inter-Election,490,293,234,16,True,278.0,278.17,0.371,-0.0247,-0.17,0.0,-0.448,249.0,248.93,0.32,0.0098,0.07,0.0,0.276,-19.63,-19.42,0.523,-0.0357,-0.21,0.74,-0.338
2025-10-08,-18.801,40.6,43.56,41.73,14.71,279,249,15,False,False,Inter-Election,491,293,234,16,True,278.14,278.2,0.414,-0.0205,-0.06,1.0,-0.147,249.0,248.93,0.263,0.0107,0.07,0.0,0.276,-19.47,-19.39,0.505,-0.0325,-0.08,0.83,-0.127
2025-10-09,-18.399,40.8,43.57,41.72,14.71,279,249,15,False,False,Inter-Election,492,293,234,16,True,278.29,278.2,0.371,-0.0098,0.09,1.0,0.221,249.0,248.93,0.263,0.0116,0.07,0.0,0.276,-19.24,-19.37,0.501,-0.0234,0.13,1.41,0.199
2025-10-10,-18.493,40.75,43.57,41.72,14.71,279,249,15,False,False,Inter-Election,493,293,234,16,True,278.43,278.2,0.371,0.0009,0.23,1.0,0.565,249.0,248.93,0.263,0.0125,0.07,0.0,0.276,-19.06,-19.36,0.5,-0.0137,0.3,1.03,0.451
2025-10-11,-19.013,40.49,43.55,41.74,14.71,279,249,15,False,False,Inter-Election,494,293,234,16,True,278.57,278.2,0.371,0.0116,0.37,1.0,0.909,249.0,248.97,0.183,0.0065,0.03,0.0,0.164,-18.98,-19.4,0.478,-0.0012,0.42,0.54,0.692
2025-10-12,-18.989,40.51,43.55,41.74,14.71,279,249,15,False,False,Inter-Election,495,293,234,16,True,278.71,278.2,0.371,0.0222,0.51,1.0,1.254,249.0,249.0,0.183,-0.0,0.0,0.0,0.0,-18.9,-19.45,0.469,0.0152,0.55,0.56,1.134
2025-10-13,-19.578,40.21,43.53,41.75,14.72,278,249,16,False,False,Inter-Election,496,293,234,16,True,278.71,278.2,0.371,0.0196,0.51,0.0,1.254,249.0,249.0,0.0,-0.0,0.0,0.0,0.0,-18.92,-19.47,0.369,0.0168,0.55,0.05,1.144
2025-10-14,-20.938,39.53,43.48,41.79,14.73,277,250,16,False,False,Inter-Election,497,293,234,16,True,278.57,278.17,0.414,0.0105,0.4,-1.0,0.867,249.14,249.03,0.183,0.0065,0.11,1.0,0.602,-19.17,-19.53,0.444,0.0098,0.36,-0.91,0.66
2025-10-15,-21.098,39.45,43.47,41.8,14.73,277,250,16,False,False,Inter-Election,498,293,234,16,True,278.29,278.1,0.365,0.0087,0.19,-1.0,0.395,249.29,249.07,0.183,0.0125,0.22,1.0,0.867,-19.5,-19.62,0.423,0.0071,0.12,-1.17,0.208
2025-10-16,-21.045,39.48,43.47,41.79,14.73,277,250,16,False,False,Inter-Election,499,293,234,16,True,278.0,278.07,0.32,0.0009,-0.07,-1.0,-0.134,249.43,249.1,0.183,0.018,0.33,1.0,1.082,-19.88,-19.67,0.391,-0.0007,-0.21,-1.07,-0.332
2025-10-17,-20.812,39.59,43.48,41.79,14.73,278,250,15,False,False,Inter-Election,500,293,234,16,True,277.86,278.07,0.371,-0.0,-0.21,0.0,-0.403,249.57,249.13,0.183,0.0231,0.44,1.0,1.273,-20.21,-19.73,0.391,-0.0048,-0.48,-1.09,-0.729
2025-10-18,-20.763,39.62,43.48,41.79,14.73,278,250,15,False,False,Inter-Election,501,293,234,16,True,277.71,278.07,0.371,-0.0009,-0.36,0.0,-0.691,249.71,249.17,0.183,0.0278,0.54,1.0,1.425,-20.46,-19.75,0.353,-0.0144,-0.71,-1.14,-1.042
2025-10-19,-20.775,39.61,43.48,41.79,14.73,278,250,15,False,False,Inter-Election,502,293,234,16,True,277.57,278.07,0.371,-0.0018,-0.5,0.0,-0.96,249.86,249.2,0.183,0.032,0.66,1.0,1.622,-20.72,-19.78,0.343,-0.0208,-0.94,-1.23,-1.33
2025-10-20,-20.862,39.57,43.48,41.79,14.73,278,250,15,False,False,Inter-Election,503,293,234,16,True,277.57,278.07,0.371,-0.0027,-0.5,0.0,-0.96,250.0,249.23,0.183,0.0358,0.77,1.0,1.79,-20.9,-19.81,0.341,-0.0288,-1.09,-1.46,-1.486
2025-10-21,-20.825,39.59,43.48,41.79,14.73,278,250,15,False,False,Inter-Election,504,293,234,16,True,277.71,278.07,0.371,-0.0036,-0.36,0.0,-0.691,250.0,249.27,0.183,0.0392,0.73,1.0,1.623,-20.88,-19.84,0.342,-0.0364,-1.04,-1.65,-1.376
2025-10-22,-20.889,39.56,43.48,41.79,14.73,278,250,15,False,False,Inter-Election,505,293,234,16,True,277.86,278.07,0.371,-0.0044,-0.21,-1.0,-0.403,250.0,249.3,0.183,0.042,0.7,1.0,1.502,-20.85,-19.88,0.341,-0.0432,-0.97,-2.09,-1.244
2025-10-23,-20.849,39.58,43.48,41.79,14.73,278,250,15,False,False,Inter-Election,506,293,234,16,True,278.0,278.07,0.371,-0.0053,-0.07,-1.0,-0.134,250.0,249.33,0.183,0.0445,0.67,1.0,1.397,-20.82,-19.91,0.341,-0.0498,-0.91,-2.45,-1.138
2025-10-24,-19.955,40.02,43.51,41.76,14.72,278,249,16,False,False,Inter-Election,507,293,234,16,True,278.0,278.07,0.371,-0.0062,-0.07,-1.0,-0.134,249.86,249.33,0.263,0.04,0.53,0.0,1.105,-20.7,-19.92,0.377,-0.0482,-0.78,-1.46,-0.977
2025-10-25,-20.272,39.86,43.5,41.77,14.73,278,249,16,False,False,Inter-Election,508,293,234,16,True,278.0,278.07,0.371,-0.0071,-0.07,-1.0,-0.134,249.71,249.33,0.263,0.0356,0.38,0.0,0.793,-20.63,-19.93,0.38,-0.0497,-0.7,-1.26,-0.875
2025-10-26,-19.895,40.05,43.52,41.76,14.72,278,249,16,False,False,Inter-Election,509,293,234,16,True,278.0,278.07,0.371,-0.008,-0.07,-1.0,-0.134,249.57,249.33,0.263,0.0311,0.24,0.0,0.501,-20.51,-19.95,0.382,-0.0466,-0.56,-0.91,-0.703
2025-10-27,-20.479,39.76,43.49,41.78,14.73,278,250,15,False,False,Inter-Election,510,293,234,16,True,278.0,278.07,0.371,-0.0089,-0.07,0.0,-0.134,249.57,249.37,0.32,0.0331,0.2,1.0,0.408,-20.45,-19.98,0.396,-0.0473,-0.47,-0.9,-0.588
2025-10-28,-20.555,39.72,43.49,41.78,14.73,278,250,15,False,False,Inter-Election,511,293,234,16,True,278.0,278.07,0.371,-0.0098,-0.07,1.0,-0.134,249.57,249.4,0.32,0.0347,0.17,0.0,0.341,-20.41,-20.01,0.396,-0.0481,-0.4,0.38,-0.499
2025-10-29,-20.465,39.77,43.49,41.78,14.73,278,250,15,False,False,Inter-Election,512,293,234,16,True,278.0,278.07,0.371,-0.0107,-0.07,1.0,-0.134,249.57,249.43,0.32,0.0358,0.14,0.0,0.278,-20.35,-20.04,0.397,-0.0484,-0.31,0.63,-0.386
2025-10-30,-20.29,39.85,43.5,41.77,14.73,278,249,16,False,False,Inter-Election,513,293,234,16,True,278.0,278.07,0.371,-0.0116,-0.07,1.0,-0.134,249.43,249.43,0.371,0.03,0.0,-1.0,0.0,-20.27,-20.05,0.392,-0.0499,-0.22,0.76,-0.274
2025-10-31,-20.562,39.72,43.49,41.78,14.73,278,250,15,False,False,Inter-Election,514,293,234,16,True,278.0,278.07,0.371,-0.0125,-0.07,0.0,-0.134,249.57,249.47,0.414,0.0307,0.1,0.0,0.197,-20.36,-20.07,0.395,-0.0524,-0.29,0.25,-0.359
2025-11-01,-20.643,39.68,43.49,41.78,14.73,278,250,15,False,False,Inter-Election,515,293,234,16,True,278.0,278.07,0.371,-0.0133,-0.07,0.0,-0.134,249.71,249.5,0.414,0.0309,0.21,0.0,0.413,-20.41,-20.09,0.395,-0.0555,-0.32,0.12,-0.393
2025-11-02,-20.689,39.66,43.49,41.78,14.73,278,250,15,False,False,Inter-Election,516,293,234,16,True,278.0,278.07,0.371,-0.0142,-0.07,0.0,-0.134,249.86,249.53,0.414,0.0307,0.33,0.0,0.65,-20.53,-20.12,0.392,-0.0569,-0.41,0.09,-0.5
2025-11-03,-20.931,39.53,43.48,41.79,14.73,277,250,16,False,False,Inter-Election,517,293,234,16,True,277.86,278.03,0.414,-0.0216,-0.17,-1.0,-0.306,249.86,249.57,0.414,0.03,0.29,0.0,0.575,-20.59,-20.17,0.393,-0.0587,-0.42,-0.07,-0.508
2025-11-04,-20.904,39.55,43.48,41.79,14.73,278,250,15,False,False,Inter-Election,518,293,234,16,True,277.86,278.03,0.455,-0.022,-0.17,0.0,-0.306,249.86,249.6,0.414,0.0289,0.26,0.0,0.522,-20.64,-20.21,0.392,-0.0592,-0.43,-0.08,-0.519
2025-11-05,-20.902,39.55,43.48,41.79,14.73,278,250,15,False,False,Inter-Election,519,293,234,16,True,277.86,278.03,0.455,-0.0225,-0.17,0.0,-0.306,249.86,249.63,0.414,0.0274,0.23,0.0,0.469,-20.7,-20.26,0.39,-0.058,-0.44,-0.01,-0.534
2025-11-06,-20.704,39.65,43.49,41.78,14.73,278,250,15,False,False,Inter-Election,520,293,234,16,True,277.86,278.03,0.455,-0.0229,-0.17,0.0,-0.306,250.0,249.67,0.414,0.0254,0.33,0.0,0.688,-20.76,-20.31,0.39,-0.0534,-0.45,0.14,-0.562
2025-11-07,-21.627,39.19,43.45,41.81,14.74,277,250,16,False,False,Inter-Election,521,293,234,16,True,277.71,277.97,0.45,-0.0229,-0.26,-1.0,-0.468,250.0,249.7,0.414,0.0229,0.3,1.0,0.644,-20.91,-20.41,0.412,-0.0514,-0.5,-1.67,-0.639
2025-11-08,-21.128,39.44,43.47,41.8,14.73,277,250,16,False,False,Inter-Election,522,293,234,16,True,277.57,277.9,0.45,-0.022,-0.33,-1.0,-0.602,250.0,249.73,0.414,0.02,0.27,1.0,0.6,-20.98,-20.5,0.417,-0.0422,-0.48,-0.86,-0.691
2025-11-09,-21.118,39.44,43.47,41.8,14.73,277,250,16,False,False,Inter-Election,523,293,234,16,True,277.43,277.83,0.45,-0.0202,-0.4,-1.0,-0.754,250.0,249.77,0.414,0.0167,0.23,1.0,0.535,-21.04,-20.59,0.417,-0.0324,-0.45,-1.22,-0.761
2025-11-10,-21.068,39.47,43.47,41.79,14.73,277,250,16,False,False,Inter-Election,524,293,234,16,True,277.43,277.77,0.45,-0.0176,-0.34,-1.0,-0.675,250.0,249.8,0.414,0.0129,0.2,0.0,0.492,-21.06,-20.65,0.41,-0.0247,-0.41,-0.59,-0.792
2025-11-11,-20.914,39.54,43.48,41.79,14.73,278,250,15,False,False,Inter-Election,525,293,234,16,True,277.43,277.73,0.49,-0.0076,-0.3,0.0,-0.667,250.0,249.83,0.414,0.0087,0.17,0.0,0.448,-21.07,-20.72,0.411,-0.0149,-0.35,-0.36,-0.848
2025-11-12,-21.063,39.47,43.47,41.79,14.73,277,250,16,False,False,Inter-Election,526,293,234,16,True,277.29,277.7,0.49,-0.0105,-0.41,-1.0,-0.88,250.0,249.87,0.414,0.004,0.13,0.0,0.376,-21.09,-20.77,0.4,-0.0092,-0.32,-0.6,-0.897
2025-11-13,-21.09,39.46,43.47,41.79,14.73,277,250,16,False,False,Inter-Election,527,293,234,16,True,277.14,277.7,0.455,-0.0198,-0.56,-1.0,-1.201,250.0,249.87,0.371,0.0058,0.13,1.0,0.376,-21.14,-20.77,0.314,-0.0125,-0.37,-0.8,-1.027
2025-11-14,-21.193,39.4,43.47,41.8,14.73,277,250,16,False,False,Inter-Election,528,293,234,16,True,277.14,277.7,0.455,-0.0291,-0.56,-1.0,-1.201,250.0,249.87,0.371,0.0076,0.13,0.0,0.376,-21.08,-20.78,0.313,-0.0175,-0.3,-0.63,-0.825
2025-11-15,-20.868,39.57,43.48,41.79,14.73,278,250,15,False,False,Inter-Election,529,293,234,16,True,277.29,277.73,0.49,-0.032,-0.44,0.0,-0.978,250.0,249.87,0.371,0.0093,0.13,0.0,0.376,-21.04,-20.77,0.319,-0.0199,-0.27,-0.22,-0.749
2025-11-16,-20.876,39.56,43.48,41.79,14.73,278,250,15,False,False,Inter-Election,530,293,234,16,True,277.43,277.73,0.455,-0.0285,-0.3,0.0,-0.667,250.0,249.87,0.371,0.0111,0.13,0.0,0.376,-21.01,-20.77,0.316,-0.0209,-0.24,-0.19,-0.665
2025-11-17,-20.941,39.53,43.48,41.79,14.73,277,250,16,False,False,Inter-Election,531,293,234,16,True,277.43,277.7,0.49,-0.0314,-0.27,0.0,-0.579,250.0,249.87,0.371,0.0129,0.13,0.0,0.376,-20.99,-20.78,0.316,-0.0219,-0.21,-0.01,-0.58
2025-11-18,-20.552,39.72,43.49,41.78,14.73,278,250,15,False,False,Inter-Election,532,293,234,16,True,277.43,277.7,0.525,-0.0274,-0.27,0.0,-0.579,250.0,249.87,0.371,0.0147,0.13,0.0,0.376,-20.94,-20.77,0.324,-0.0205,-0.17,0.35,-0.466
2025-11-19,-20.493,39.75,43.49,41.78,14.73,278,250,15,False,False,Inter-Election,533,293,234,16,True,277.57,277.7,0.525,-0.0234,-0.13,0.0,-0.279,250.0,249.87,0.371,0.0165,0.13,0.0,0.376,-20.86,-20.76,0.324,-0.0193,-0.1,0.41,-0.272
2025-11-20,-20.745,39.63,43.48,41.79,14.73,278,250,15,False,False,Inter-Election,534,293,234,16,True,277.71,277.7,0.525,-0.0194,0.01,0.0,0.021,250.0,249.87,0.371,0.0182,0.13,0.0,0.376,-20.81,-20.76,0.327,-0.0197,-0.05,-0.04,-0.136
2025-11-21,-19.478,40.26,43.53,41.75,14.72,278,249,16,False,False,Inter-Election,535,293,234,16,True,277.86,277.7,0.525,-0.0154,0.16,1.0,0.343,249.86,249.83,0.414,0.0136,0.03,-1.0,0.079,-20.56,-20.71,0.4,-0.0124,0.15,2.15,0.346
2025-11-22,-18.864,40.57,43.55,41.73,14.71,279,249,15,False,False,Inter-Election,536,293,234,16,True,278.0,277.73,0.556,-0.0049,0.27,2.0,0.518,249.71,249.8,0.414,0.0093,-0.09,-1.0,-0.221,-20.28,-20.64,0.413,-0.0014,0.36,2.26,0.657
2025-11-23,-18.783,40.61,43.56,41.73,14.71,279,249,15,False,False,Inter-Election,537,293,234,16,True,278.14,277.77,0.556,0.0051,0.37,2.0,0.651,249.57,249.8,0.371,-0.0013,-0.23,-1.0,-0.565,-19.98,-20.6,0.382,0.0153,0.62,2.33,0.978
2025-11-24,-17.686,41.16,43.6,41.7,14.7,279,248,16,False,False,Inter-Election,538,293,234,16,True,278.43,277.8,0.556,0.0147,0.63,2.0,1.032,249.29,249.77,0.414,-0.0185,-0.48,-2.0,-0.952,-19.51,-20.52,0.422,0.0364,1.01,3.38,1.222
2025-11-25,-18.561,40.72,43.56,41.73,14.71,279,249,15,False,False,Inter-Election,539,293,234,16,True,278.57,277.83,0.556,0.0238,0.74,1.0,1.142,249.14,249.77,0.455,-0.0287,-0.63,-1.0,-1.25,-19.23,-20.47,0.453,0.0533,1.24,2.35,1.386
2025-11-26,-18.992,40.5,43.55,41.74,14.71,279,249,15,False,False,Inter-Election,540,293,234,16,True,278.71,277.87,0.556,0.0325,0.84,2.0,1.233,249.0,249.73,0.414,-0.032,-0.73,-1.0,-1.402,-19.02,-20.42,0.447,0.0628,1.4,2.07,1.498
2025-11-27,-19.237,40.38,43.54,41.74,14.72,278,249,16,False,False,Inter-Election,541,293,234,16,True,278.71,277.87,0.587,0.0343,0.84,1.0,1.233,248.86,249.7,0.414,-0.0349,-0.84,-1.0,-1.57,-18.8,-20.38,0.449,0.0696,1.58,1.85,1.648
2025-11-28,-18.496,40.75,43.57,41.72,14.71,279,249,15,False,False,Inter-Election,542,293,234,16,True,278.86,277.9,0.615,0.0425,0.96,2.0,1.348,248.86,249.67,0.414,-0.0374,-0.81,-1.0,-1.482,-18.66,-20.31,0.467,0.0811,1.65,2.7,1.621
2025-11-29,-18.732,40.63,43.56,41.73,14.71,279,249,15,False,False,Inter-Election,543,293,234,16,True,278.86,277.93,0.615,0.0503,0.93,1.0,1.257,248.86,249.67,0.371,-0.0463,-0.81,-1.0,-1.482,-18.64,-20.26,0.47,0.0915,1.62,2.14,1.531
2025-11-30,-18.816,40.59,43.55,41.73,14.71,279,249,15,False,False,Inter-Election,544,293,234,16,True,278.86,277.97,0.615,0.0576,0.89,1.0,1.164,248.86,249.63,0.32,-0.0483,-0.77,-1.0,-1.385,-18.65,-20.2,0.466,0.0987,1.55,2.06,1.424
2025-12-01,-19.129,40.44,43.54,41.74,14.71,278,249,16,False,False,Inter-Election,545,293,234,16,True,278.71,277.97,0.643,0.0581,0.74,1.0,0.967,249.0,249.6,0.32,-0.0498,-0.6,-1.0,-1.065,-18.85,-20.15,0.471,0.1026,1.3,1.81,1.179
2025-12-02,-19.039,40.48,43.55,41.74,14.71,279,249,15,False,False,Inter-Election,546,293,234,16,True,278.71,278.0,0.669,0.065,0.71,1.0,0.901,249.0,249.57,0.32,-0.0509,-0.57,-1.0,-1.003,-18.92,-20.1,0.47,0.1061,1.18,1.51,1.057
2025-12-03,-18.567,40.72,43.56,41.73,14.71,279,249,15,False,False,Inter-Election,547,293,234,16,True,278.71,278.07,0.64,0.0645,0.64,1.0,0.815,249.0,249.53,0.32,-0.0516,-0.53,-1.0,-0.928,-18.86,-20.02,0.473,0.1102,1.16,1.93,1.019
2025-12-04,-18.406,40.8,43.57,41.72,14.71,279,249,15,False,False,Inter-Election,548,293,234,16,True,278.86,278.1,0.615,0.0701,0.76,1.0,0.946,249.0,249.5,0.32,-0.0518,-0.5,-1.0,-0.874,-18.74,-19.94,0.473,0.1145,1.2,2.34,1.032
2025-12-05,-17.754,41.12,43.59,41.7,14.7,279,248,16,False,False,Inter-Election,549,293,234,16,True,278.86,278.13,0.615,0.0752,0.73,1.0,0.891,248.86,249.43,0.365,-0.0581,-0.57,-1.0,-0.91,-18.63,-19.83,0.484,0.1219,1.2,1.72,0.989
2025-12-06,-17.573,41.21,43.6,41.7,14.7,279,248,16,False,False,Inter-Election,550,293,234,16,True,278.86,278.17,0.615,0.0799,0.69,0.0,0.827,248.71,249.37,0.365,-0.0634,-0.66,-1.0,-0.987,-18.47,-19.73,0.484,0.1305,1.26,1.29,0.993
2025-12-07,-17.5,41.25,43.6,41.7,14.7,279,248,16,False,False,Inter-Election,551,293,234,16,True,278.86,278.23,0.583,0.0772,0.63,0.0,0.771,248.57,249.3,0.365,-0.0679,-0.73,-1.0,-1.04,-18.28,-19.59,0.443,0.1317,1.31,1.28,1.024
2025-12-08,-17.521,41.24,43.6,41.7,14.7,279,248,16,False,False,Inter-Election,552,293,234,16,True,279.0,278.3,0.583,0.0736,0.7,0.0,0.881,248.43,249.23,0.365,-0.0714,-0.8,0.0,-1.099,-18.05,-19.47,0.439,0.1345,1.42,0.16,1.093
2025-12-09,-17.781,41.11,43.59,41.71,14.7,279,248,16,False,False,Inter-Election,553,293,234,16,True,279.0,278.37,0.583,0.0692,0.63,0.0,0.824,248.29,249.17,0.365,-0.0741,-0.88,-1.0,-1.179,-17.87,-19.36,0.444,0.134,1.49,0.78,1.15
2025-12-10,-17.654,41.17,43.6,41.7,14.7,279,248,16,False,False,Inter-Election,554,293,234,16,True,279.0,278.43,0.583,0.0638,0.57,0.0,0.783,248.14,249.1,0.365,-0.0759,-0.96,-1.0,-1.265,-17.74,-19.24,0.444,0.1332,1.5,1.34,1.162
2025-12-11,-17.77,41.11,43.59,41.7,14.7,279,248,16,False,False,Inter-Election,555,293,234,16,True,279.0,278.47,0.556,0.0645,0.53,1.0,0.726,248.0,249.03,0.365,-0.0768,-1.03,-1.0,-1.347,-17.65,-19.14,0.446,0.1312,1.49,1.47,1.166
2025-12-12,-17.497,41.25,43.6,41.7,14.7,279,248,16,False,False,Inter-Election,556,293,234,16,True,279.0,278.53,0.521,0.0578,0.47,0.0,0.69,248.0,248.97,0.365,-0.0768,-0.97,-1.0,-1.268,-17.61,-19.02,0.444,0.1285,1.41,1.0,1.121
2025-12-13,-17.46,41.27,43.6,41.7,14.7,279,248,16,False,False,Inter-Election,557,293,234,16,True,279.0,278.6,0.521,0.0503,0.4,0.0,0.644,248.0,248.9,0.365,-0.0759,-0.9,-1.0,-1.186,-17.6,-18.9,0.444,0.1243,1.3,1.27,1.06
2025-12-14,-17.48,41.26,43.6,41.7,14.7,279,248,16,False,False,Inter-Election,558,293,234,16,True,279.0,278.67,0.521,0.0418,0.33,0.0,0.604,248.0,248.83,0.365,-0.0741,-0.83,-1.0,-1.112,-17.59,-18.78,0.442,0.1176,1.19,1.34,1.014
2025-12-15,-17.496,41.25,43.6,41.7,14.7,279,248,16,False,False,Inter-Election,559,293,234,16,True,279.0,278.7,0.49,0.0394,0.3,1.0,0.561,248.0,248.77,0.365,-0.0714,-0.77,-1.0,-1.058,-17.59,-18.66,0.441,0.1114,1.07,1.63,0.95
2025-12-16,-17.548,41.23,43.6,41.7,14.7,279,248,16,False,False,Inter-Election,560,293,234,16,True,279.0,278.73,0.49,0.0365,0.27,0.0,0.518,248.0,248.7,0.365,-0.0679,-0.7,-1.0,-0.997,-17.56,-18.55,0.442,0.1033,0.99,1.49,0.931
2025-12-17,-17.539,41.23,43.6,41.7,14.7,279,248,16,False,False,Inter-Election,561,293,234,16,True,279.0,278.8,0.45,0.0263,0.2,0.0,0.492,248.0,248.63,0.365,-0.0634,-0.63,-1.0,-0.942,-17.54,-18.44,0.441,0.0934,0.9,1.03,0.921
2025-12-18,-17.59,41.21,43.6,41.7,14.7,279,248,16,False,False,Inter-Election,562,293,234,16,True,279.0,278.83,0.414,0.022,0.17,0.0,0.448,248.0,248.57,0.365,-0.0581,-0.57,-1.0,-0.91,-17.52,-18.34,0.439,0.0843,0.82,0.82,0.908
2025-12-19,-17.511,41.24,43.6,41.7,14.7,279,248,16,False,False,Inter-Election,563,293,234,16,True,279.0,278.87,0.414,0.0174,0.13,0.0,0.376,248.0,248.5,0.365,-0.0518,-0.5,0.0,-0.874,-17.52,-18.24,0.439,0.0748,0.72,0.24,0.88
2025-12-20,-17.633,41.18,43.6,41.7,14.7,279,248,16,False,False,Inter-Election,564,293,234,16,True,279.0,278.9,0.414,0.0122,0.1,0.0,0.328,248.0,248.43,0.365,-0.0447,-0.43,0.0,-0.853,-17.54,-18.14,0.436,0.0614,0.6,-0.06,0.89
2025-12-21,-17.595,41.2,43.6,41.7,14.7,279,248,16,False,False,Inter-Election,565,293,234,16,True,279.0,278.93,0.414,0.0067,0.07,0.0,0.276,248.0,248.4,0.32,-0.0436,-0.4,0.0,-0.803,-17.56,-18.07,0.377,0.0557,0.51,-0.09,0.808
2025-12-22,-17.605,41.2,43.6,41.7,14.7,279,248,16,False,False,Inter-Election,566,293,234,16,True,279.0,278.93,0.371,0.0076,0.07,0.0,0.276,248.0,248.37,0.32,-0.042,-0.37,0.0,-0.755,-17.57,-18.03,0.362,0.0532,0.46,-0.08,0.744
2025-12-23,-17.575,41.21,43.6,41.7,14.7,279,248,16,False,False,Inter-Election,567,293,234,16,True,279.0,278.93,0.371,0.0085,0.07,0.0,0.276,248.0,248.33,0.32,-0.04,-0.33,0.0,-0.688,-17.58,-17.99,0.362,0.051,0.41,0.21,0.675
2025-12-24,-17.633,41.18,43.6,41.7,14.7,279,248,16,False,False,Inter-Election,568,293,234,16,True,279.0,278.93,0.371,0.0093,0.07,0.0,0.276,248.0,248.33,0.263,-0.0445,-0.33,0.0,-0.688,-17.59,-17.99,0.302,0.0554,0.4,0.02,0.658
2025-12-25,-17.573,41.21,43.6,41.7,14.7,279,248,16,False,False,Inter-Election,569,293,234,16,True,279.0,278.93,0.371,0.0102,0.07,0.0,0.276,248.0,248.3,0.183,-0.042,-0.3,0.0,-0.644,-17.59,-17.96,0.253,0.0542,0.37,0.2,0.614
2025-12-26,-17.619,41.19,43.6,41.7,14.7,279,248,16,False,False,Inter-Election,570,293,234,16,True,279.0,278.93,0.371,0.0111,0.07,0.0,0.276,248.0,248.27,0.183,-0.0392,-0.27,0.0,-0.6,-17.6,-17.91,0.238,0.0492,0.31,-0.12,0.541
2025-12-27,-17.623,41.19,43.6,41.7,14.7,279,248,16,False,False,Inter-Election,571,293,234,16,True,279.0,278.97,0.32,0.0051,0.03,0.0,0.164,248.0,248.23,0.183,-0.0358,-0.23,0.0,-0.535,-17.6,-17.86,0.232,0.0419,0.26,-0.16,0.503
2025-12-28,-17.581,41.21,43.6,41.7,14.7,279,248,16,False,False,Inter-Election,572,293,234,16,True,279.0,278.97,0.263,0.0056,0.03,0.0,0.164,248.0,248.2,0.183,-0.032,-0.2,0.0,-0.492,-17.6,-17.83,0.192,0.0393,0.23,-0.1,0.456
2025-12-29,-17.716,41.14,43.6,41.7,14.7,279,248,16,False,False,Inter-Election,573,293,234,16,True,279.0,278.97,0.263,0.006,0.03,0.0,0.164,248.0,248.17,0.183,-0.0278,-0.17,0.0,-0.448,-17.62,-17.79,0.188,0.0338,0.17,-0.22,0.358
2025-12-30,-17.731,41.13,43.59,41.7,14.7,279,248,16,False,False,Inter-Election,574,293,234,16,True,279.0,278.97,0.263,0.0065,0.03,0.0,0.164,248.0,248.13,0.183,-0.0231,-0.13,0.0,-0.376,-17.64,-17.76,0.187,0.0271,0.12,-0.18,0.276
2025-12-31,-17.805,41.1,43.59,41.71,14.7,279,248,16,False,False,Inter-Election,575,293,234,16,True,279.0,279.0,0.183,-0.0,0.0,0.0,,248.0,248.1,0.183,-0.018,-0.1,0.0,-0.328,-17.66,-17.71,0.176,0.0173,0.05,-0.27,0.143
2026-01-01,-17.797,41.1,43.59,41.71,14.7,279,248,16,False,False,Inter-Election,576,293,234,16,True,279.0,279.0,0.0,-0.0,0.0,0.0,,248.0,248.07,0.183,-0.0125,-0.07,0.0,-0.276,-17.7,-17.67,0.176,0.0076,-0.03,-0.21,-0.123
2026-01-02,-17.681,41.16,43.6,41.7,14.7,279,248,16,False,False,Inter-Election,577,293,234,16,True,279.0,279.0,0.0,-0.0,0.0,0.0,,248.0,248.03,0.183,-0.0065,-0.03,0.0,-0.164,-17.7,-17.64,0.157,0.0014,-0.06,-0.17,-0.341
2026-01-03,-17.703,41.15,43.6,41.7,14.7,279,248,16,False,False,Inter-Election,578,293,234,16,True,279.0,279.0,0.0,-0.0,0.0,0.0,,248.0,248.0,0.183,-0.0,0.0,0.0,,-17.72,-17.62,0.155,-0.0043,-0.1,-0.07,-0.985
2026-01-04,-17.645,41.18,43.6,41.7,14.7,279,248,16,False,False,Inter-Election,579,293,234,16,True,279.0,279.0,0.0,-0.0,0.0,0.0,,248.0,248.0,0.0,-0.0,0.0,0.0,,-17.73,-17.61,0.101,-0.0054,-0.12,-0.05,-1.22
2026-01-05,-17.74,41.13,43.59,41.7,14.7,279,248,16,False,False,Inter-Election,580,293,234,16,True,279.0,279.0,0.0,-0.0,0.0,0.0,,248.0,248.0,0.0,-0.0,0.0,0.0,,-17.73,-17.62,0.096,-0.0059,-0.11,-0.13,-1.093
2026-01-06,-17.645,41.18,43.6,41.7,14.7,279,248,16,False,False,Inter-Election,581,293,234,16,True,279.0,279.0,0.0,-0.0,0.0,0.0,,248.0,248.0,0.0,-0.0,0.0,0.0,,-17.72,-17.62,0.097,-0.0052,-0.1,-0.07,-1.019
2026-01-07,-17.764,41.12,43.59,41.7,14.7,279,248,16,False,False,Inter-Election,582,293,234,16,True,279.0,279.0,0.0,-0.0,0.0,0.0,,248.0,248.0,0.0,-0.0,0.0,0.0,,-17.71,-17.63,0.099,-0.0054,-0.08,-0.13,-0.806
2026-01-08,-17.715,41.14,43.6,41.7,14.7,279,248,16,False,False,Inter-Election,583,293,234,16,True,279.0,279.0,0.0,-0.0,0.0,0.0,,248.0,248.0,0.0,-0.0,0.0,0.0,,-17.7,-17.63,0.087,-0.007,-0.07,-0.14,-0.725
2026-01-09,-17.658,41.17,43.6,41.7,14.7,279,248,16,False,False,Inter-Election,584,293,234,16,True,279.0,279.0,0.0,-0.0,0.0,0.0,,248.0,248.0,0.0,-0.0,0.0,0.0,,-17.7,-17.63,0.085,-0.0073,-0.07,-0.04,-0.725
2026-01-10,-17.755,41.12,43.59,41.7,14.7,279,248,16,False,False,Inter-Election,585,293,234,16,True,279.0,279.0,0.0,-0.0,0.0,0.0,,248.0,248.0,0.0,-0.0,0.0,0.0,,-17.7,-17.63,0.084,-0.0091,-0.07,-0.13,-0.73
2026-01-11,-17.551,41.22,43.6,41.7,14.7,279,248,16,False,False,Inter-Election,586,293,234,16,True,279.0,279.0,0.0,-0.0,0.0,0.0,,248.0,248.0,0.0,-0.0,0.0,0.0,,-17.69,-17.63,0.077,-0.0076,-0.06,0.03,-0.64
2026-01-12,-17.272,41.36,43.61,41.69,14.7,279,248,16,False,False,Inter-Election,587,293,234,16,True,279.0,279.0,0.0,-0.0,0.0,0.0,,248.0,248.0,0.0,-0.0,0.0,0.0,,-17.62,-17.63,0.092,-0.0041,0.01,0.44,0.091
2026-01-13,-17.241,41.38,43.61,41.69,14.7,279,248,16,False,False,Inter-Election,588,293,234,16,True,279.0,279.0,0.0,-0.0,0.0,0.0,,248.0,248.0,0.0,-0.0,0.0,0.0,,-17.57,-17.62,0.092,-0.0006,0.05,0.49,0.389
2026-01-14,-17.226,41.39,43.61,41.69,14.7,279,248,16,False,False,Inter-Election,589,293,234,16,True,279.0,279.0,0.0,-0.0,0.0,0.0,,248.0,248.0,0.0,-0.0,0.0,0.0,,-17.49,-17.61,0.092,0.0027,0.12,0.58,0.824
2026-01-15,-17.109,41.45,43.62,41.69,14.7,280,248,15,False,False,Inter-Election,590,293,234,16,True,279.14,279.03,0.183,0.0065,0.11,1.0,0.602,248.0,248.0,0.0,-0.0,0.0,0.0,,-17.4,-17.59,0.094,0.0064,0.19,0.69,1.106
2026-01-16,-17.137,41.43,43.62,41.69,14.7,280,248,15,False,False,Inter-Election,591,293,234,16,True,279.29,279.07,0.183,0.0125,0.22,1.0,0.867,248.0,248.0,0.0,-0.0,0.0,0.0,,-17.33,-17.58,0.094,0.0097,0.25,0.54,1.31
2026-01-17,-17.09,41.46,43.62,41.69,14.7,280,248,15,False,False,Inter-Election,592,293,234,16,True,279.43,279.1,0.183,0.018,0.33,1.0,1.082,248.0,248.0,0.0,-0.0,0.0,0.0,,-17.23,-17.56,0.093,0.0128,0.33,0.61,1.566
2026-01-18,-17.048,41.48,43.62,41.69,14.69,280,248,15,False,False,Inter-Election,593,293,234,16,True,279.57,279.13,0.183,0.0231,0.44,1.0,1.273,248.0,248.0,0.0,-0.0,0.0,0.0,,-17.16,-17.55,0.093,0.0165,0.39,0.6,1.69
2026-01-19,-17.037,41.48,43.62,41.69,14.69,280,248,15,False,False,Inter-Election,594,293,234,16,True,279.71,279.17,0.183,0.0278,0.54,1.0,1.425,248.0,248.0,0.0,-0.0,0.0,0.0,,-17.13,-17.53,0.089,0.0193,0.4,0.7,1.611
2026-01-20,-17.088,41.46,43.62,41.69,14.7,280,248,15,False,False,Inter-Election,595,293,234,16,True,279.86,279.2,0.183,0.032,0.66,1.0,1.622,248.0,248.0,0.0,-0.0,0.0,0.0,,-17.1,-17.51,0.09,0.0216,0.41,0.56,1.573
2026-01-21,-17.042,41.48,43.62,41.69,14.69,280,248,15,False,False,Inter-Election,596,293,234,16,True,280.0,279.23,0.183,0.0358,0.77,1.0,1.79,248.0,248.0,0.0,-0.0,0.0,0.0,,-17.08,-17.49,0.09,0.024,0.41,0.72,1.498
2026-01-22,-17.182,41.41,43.61,41.69,14.7,280,248,15,False,False,Inter-Election,597,293,234,16,True,280.0,279.27,0.183,0.0392,0.73,1.0,1.623,248.0,248.0,0.0,-0.0,0.0,0.0,,-17.09,-17.48,0.094,0.0255,0.39,0.53,1.398
2026-01-23,-17.219,41.39,43.61,41.69,14.7,279,248,16,False,False,Inter-Election,598,293,234,16,True,279.86,279.27,0.263,0.0356,0.59,0.0,1.312,248.0,248.0,0.0,-0.0,0.0,0.0,,-17.1,-17.47,0.094,0.0261,0.37,0.44,1.315
2026-01-24,-17.28,41.36,43.61,41.69,14.7,279,248,16,False,False,Inter-Election,599,293,234,16,True,279.71,279.27,0.263,0.032,0.44,0.0,0.978,248.0,248.0,0.0,-0.0,0.0,0.0,,-17.13,-17.46,0.094,0.0266,0.33,0.47,1.168
2026-01-25,-17.247,41.38,43.61,41.69,14.7,279,248,16,False,False,Inter-Election,600,293,234,16,True,279.57,279.27,0.263,0.0285,0.3,0.0,0.667,248.0,248.0,0.0,-0.0,0.0,0.0,,-17.16,-17.44,0.094,0.0268,0.28,0.3,0.988
2026-01-26,-17.233,41.38,43.61,41.69,14.7,279,248,16,False,False,Inter-Election,601,293,234,16,True,279.43,279.27,0.263,0.0249,0.16,0.0,0.356,248.0,248.0,0.0,-0.0,0.0,0.0,,-17.18,-17.43,0.094,0.0269,0.25,0.04,0.881
2026-01-27,-17.454,41.27,43.6,41.7,14.7,279,248,16,False,False,Inter-Election,602,293,234,16,True,279.29,279.27,0.263,0.0214,0.02,0.0,0.044,248.0,248.0,0.0,-0.0,0.0,0.0,,-17.24,-17.43,0.103,0.0258,0.19,-0.21,0.673
2026-01-28,-18.121,40.94,43.58,41.71,14.71,279,248,16,False,False,Inter-Election,603,293,234,16,True,279.14,279.27,0.263,0.0178,-0.13,0.0,-0.289,248.0,248.0,0.0,-0.0,0.0,0.0,,-17.39,-17.44,0.158,0.0193,0.05,-0.89,0.164
2026-01-29,-18.464,40.77,43.57,41.72,14.71,279,249,15,False,False,Inter-Election,604,293,234,16,True,279.0,279.27,0.263,0.0142,-0.27,-1.0,-0.6,248.14,248.03,0.183,0.0065,0.11,1.0,0.602,-17.57,-17.46,0.17,0.0107,-0.11,-1.35,-0.31
2026-01-30,-18.159,40.92,43.58,41.72,14.71,279,248,16,False,False,Inter-Election,605,293,234,16,True,279.0,279.27,0.263,0.0107,-0.27,-1.0,-0.6,248.14,248.03,0.263,0.006,0.11,0.0,0.602,-17.71,-17.48,0.18,0.0039,-0.23,-1.02,-0.618
2026-01-31,-18.515,40.74,43.57,41.73,14.71,279,249,15,False,False,Inter-Election,606,293,234,16,True,279.0,279.27,0.263,0.0071,-0.27,-1.0,-0.6,248.29,248.07,0.32,0.012,0.22,1.0,0.867,-17.88,-17.5,0.19,-0.005,-0.38,-1.43,-0.918
2026-02-01,-18.486,40.76,43.57,41.72,14.71,279,249,15,False,False,Inter-Election,607,293,234,16,True,279.0,279.27,0.263,0.0036,-0.27,-1.0,-0.6,248.43,248.1,0.32,0.0176,0.33,1.0,1.082,-18.06,-17.53,0.189,-0.0126,-0.53,-1.44,-1.176
2026-02-02,-19.448,40.28,43.53,41.75,14.72,278,249,16,False,False,Inter-Election,608,293,234,16,True,278.86,279.23,0.32,-0.0065,-0.37,-2.0,-0.734,248.57,248.13,0.32,0.0227,0.44,1.0,1.273,-18.38,-17.59,0.254,-0.0262,-0.79,-2.41,-1.384
2026-02-03,-19.524,40.24,43.53,41.75,14.72,278,249,16,False,False,Inter-Election,609,293,234,16,True,278.71,279.2,0.32,-0.016,-0.49,-2.0,-0.89,248.71,248.17,0.32,0.0274,0.54,1.0,1.425,-18.67,-17.65,0.253,-0.0392,-1.02,-2.44,-1.519
2026-02-04,-19.694,40.15,43.52,41.76,14.72,278,249,16,False,False,Inter-Election,610,293,234,16,True,278.57,279.17,0.32,-0.0251,-0.6,-2.0,-1.013,248.86,248.2,0.32,0.0316,0.66,1.0,1.622,-18.9,-17.71,0.254,-0.053,-1.19,-2.65,-1.548
2026-02-05,-19.972,40.01,43.51,41.76,14.72,278,249,16,False,False,Inter-Election,611,293,234,16,True,278.43,279.13,0.32,-0.0338,-0.7,-2.0,-1.113,248.86,248.23,0.32,0.0354,0.63,1.0,1.464,-19.11,-17.79,0.255,-0.0671,-1.32,-2.79,-1.514
2026-02-06,-19.618,40.19,43.53,41.76,14.72,278,249,16,False,False,Inter-Election,612,293,234,16,True,278.29,279.1,0.32,-0.042,-0.81,-1.0,-1.224,249.0,248.27,0.32,0.0387,0.73,1.0,1.623,-19.32,-17.85,0.267,-0.0787,-1.47,-2.4,-1.575
2026-02-07,-19.098,40.45,43.54,41.74,14.71,278,249,16,False,False,Inter-Election,613,293,234,16,True,278.14,279.07,0.32,-0.0498,-0.93,-1.0,-1.345,249.0,248.3,0.32,0.0416,0.7,1.0,1.502,-19.41,-17.9,0.287,-0.0858,-1.51,-1.82,-1.573
2026-02-08,-19.185,40.41,43.54,41.74,14.72,278,249,16,False,False,Inter-Election,614,293,234,16,True,278.0,279.03,0.32,-0.0572,-1.03,-1.0,-1.434,249.0,248.33,0.32,0.044,0.67,1.0,1.397,-19.51,-17.95,0.286,-0.0924,-1.56,-1.94,-1.58
2026-02-09,-19.354,40.32,43.54,41.75,14.72,278,249,16,False,False,Inter-Election,615,293,234,16,True,278.0,279.0,0.32,-0.0641,-1.0,-1.0,-1.346,249.0,248.37,0.32,0.0461,0.63,1.0,1.285,-19.49,-18.0,0.287,-0.1001,-1.49,-2.12,-1.462
2026-02-10,-20.17,39.92,43.51,41.77,14.72,278,249,16,False,False,Inter-Election,616,293,234,16,True,278.0,278.97,0.32,-0.0705,-0.97,-1.0,-1.268,249.0,248.4,0.32,0.0476,0.6,1.0,1.204,-19.58,-18.09,0.314,-0.111,-1.49,-2.72,-1.369
2026-02-11,-20.171,39.91,43.51,41.77,14.72,278,249,16,False,False,Inter-Election,617,293,234,16,True,278.0,278.93,0.32,-0.0765,-0.93,-1.0,-1.185,249.0,248.43,0.32,0.0487,0.57,1.0,1.131,-19.65,-18.19,0.307,-0.1188,-1.46,-2.05,-1.28
2026-02-12,-20.537,39.73,43.49,41.78,14.73,278,250,15,False,False,Inter-Election,618,293,234,16,True,278.0,278.9,0.32,-0.0821,-0.9,-1.0,-1.121,249.14,248.5,0.365,0.0558,0.64,1.0,1.118,-19.73,-18.3,0.31,-0.1274,-1.43,-2.07,-1.188
2026-02-13,-20.303,39.85,43.5,41.77,14.73,278,250,15,False,False,Inter-Election,619,293,234,16,True,278.0,278.87,0.32,-0.0872,-0.87,-1.0,-1.062,249.29,248.57,0.365,0.0621,0.72,2.0,1.15,-19.83,-18.4,0.316,-0.133,-1.43,-2.14,-1.153
2026-02-14,-20.056,39.97,43.51,41.77,14.72,278,249,16,False,False,Inter-Election,620,293,234,16,True,278.0,278.8,0.254,-0.085,-0.8,-1.0,-0.994,249.29,248.6,0.414,0.061,0.69,0.0,1.11,-19.97,-18.5,0.32,-0.1347,-1.47,-1.54,-1.175
2026-02-15,-19.96,40.02,43.51,41.76,14.72,278,249,16,False,False,Inter-Election,621,293,234,16,True,278.0,278.73,0.254,-0.0819,-0.73,-1.0,-0.93,249.29,248.63,0.414,0.0594,0.66,0.0,1.073,-20.08,-18.59,0.321,-0.1348,-1.49,-1.47,-1.191
2026-02-16,-19.877,40.06,43.52,41.76,14.72,278,249,16,False,False,Inter-Election,622,293,234,16,True,278.0,278.67,0.254,-0.0779,-0.67,0.0,-0.884,249.29,248.67,0.414,0.0574,0.62,0.0,1.022,-20.15,-18.68,0.322,-0.1327,-1.47,-0.43,-1.186
2026-02-17,-19.888,40.06,43.52,41.76,14.72,278,249,16,False,False,Inter-Election,623,293,234,16,True,278.0,278.6,0.254,-0.073,-0.6,0.0,-0.829,249.29,248.7,0.414,0.0549,0.59,0.0,0.99,-20.11,-18.78,0.321,-0.1292,-1.33,-0.36,-1.092
2026-02-18,-18.511,40.74,43.57,41.73,14.71,279,249,15,False,False,Inter-Election,624,293,234,16,True,278.14,278.57,0.32,-0.0607,-0.43,1.0,-0.633,249.29,248.73,0.414,0.0521,0.56,0.0,0.96,-19.88,-18.83,0.419,-0.1155,-1.05,1.18,-0.894
2026-02-19,-17.755,41.12,43.59,41.7,14.7,279,248,16,False,False,Inter-Election,625,293,234,16,True,278.29,278.53,0.32,-0.0481,-0.24,1.0,-0.382,249.0,248.73,0.455,0.0423,0.27,-1.0,0.463,-19.48,-18.85,0.444,-0.0965,-0.63,2.22,-0.55
2026-02-20,-18.488,40.76,43.57,41.72,14.71,279,249,15,False,False,Inter-Election,626,293,234,16,True,278.43,278.5,0.32,-0.0349,-0.07,1.0,-0.122,248.86,248.77,0.49,0.0389,0.09,0.0,0.158,-19.22,-18.9,0.462,-0.0817,-0.32,1.13,-0.292
2026-02-21,-19.506,40.25,43.53,41.75,14.72,278,249,16,False,False,Inter-Election,627,293,234,16,True,278.43,278.43,0.365,-0.0278,0.0,0.0,0.0,248.86,248.8,0.49,0.0352,0.06,0.0,0.109,-19.14,-18.98,0.495,-0.0738,-0.16,-0.41,-0.152
2026-02-22,-19.452,40.27,43.53,41.75,14.72,278,249,16,False,False,Inter-Election,628,293,234,16,True,278.43,278.4,0.32,-0.0267,0.03,0.0,0.06,248.86,248.83,0.49,0.0309,0.03,0.0,0.057,-19.07,-19.05,0.495,-0.0647,-0.02,-0.27,-0.02
2026-02-23,-20.386,39.81,43.5,41.78,14.73,278,250,15,False,False,Inter-Election,629,293,234,16,True,278.43,278.37,0.32,-0.0251,0.06,0.0,0.122,249.0,248.9,0.521,0.0327,0.1,1.0,0.183,-19.14,-19.15,0.52,-0.0611,0.01,-1.03,0.01
2026-02-24,-20.286,39.86,43.5,41.77,14.73,278,249,16,False,False,Inter-Election,630,293,234,16,True,278.43,278.33,0.32,-0.0231,0.1,0.0,0.209,249.0,248.93,0.556,0.0271,0.07,0.0,0.134,-19.2,-19.26,0.52,-0.0553,0.06,-0.12,0.065
2026-02-25,-20.365,39.82,43.5,41.78,14.73,278,250,15,False,False,Inter-Election,631,293,234,16,True,278.29,278.3,0.32,-0.0207,-0.01,0.0,-0.021,249.14,249.0,0.583,0.0276,0.14,1.0,0.267,-19.46,-19.36,0.52,-0.0485,-0.1,-0.19,-0.116
2026-02-26,-20.706,39.65,43.49,41.78,14.73,278,250,15,False,False,Inter-Election,632,293,234,16,True,278.14,278.27,0.32,-0.0178,-0.13,0.0,-0.289,249.43,249.07,0.583,0.0271,0.36,0.0,0.691,-19.88,-19.47,0.521,-0.044,-0.41,-0.17,-0.501
2026-02-27,-21.089,39.46,43.47,41.79,14.73,277,250,16,False,False,Inter-Election,633,293,234,16,True,277.86,278.2,0.365,-0.0209,-0.34,-1.0,-0.702,249.57,249.13,0.583,0.0258,0.44,0.0,0.867,-20.26,-19.57,0.513,-0.0452,-0.69,-0.79,-0.833
2026-02-28,-21.829,39.09,43.44,41.81,14.74,277,250,16,False,False,Inter-Election,634,293,234,16,True,277.71,278.13,0.365,-0.0231,-0.42,-1.0,-0.828,249.71,249.17,0.556,0.0305,0.54,1.0,1.018,-20.59,-19.68,0.525,-0.0522,-0.91,-1.77,-1.012
2026-03-01,-21.874,39.06,43.44,41.82,14.74,277,250,16,False,False,Inter-Election,635,293,234,16,True,277.57,278.07,0.365,-0.0245,-0.5,-1.0,-0.96,249.86,249.23,0.521,0.0278,0.63,1.0,1.25,-20.93,-19.8,0.519,-0.0558,-1.13,-1.91,-1.206
2026-03-02,-21.046,39.48,43.47,41.79,14.73,277,250,16,False,False,Inter-Election,636,293,234,16,True,277.43,278.0,0.365,-0.0249,-0.57,-1.0,-1.085,249.86,249.27,0.49,0.0311,0.59,1.0,1.133,-21.03,-19.89,0.545,-0.055,-1.14,-1.17,-1.224
2026-03-03,-21.304,39.35,43.46,41.8,14.74,277,250,16,False,False,Inter-Election,637,293,234,16,True,277.29,277.93,0.365,-0.0245,-0.64,-1.0,-1.229,250.0,249.3,0.49,0.034,0.7,1.0,1.308,-21.17,-19.98,0.546,-0.0544,-1.19,-1.42,-1.284
2026-03-04,-21.288,39.36,43.46,41.8,14.74,277,250,16,False,False,Inter-Election,638,293,234,16,True,277.14,277.9,0.32,-0.03,-0.76,-2.0,-1.388,250.0,249.33,0.49,0.0365,0.67,1.0,1.226,-21.31,-20.04,0.521,-0.0592,-1.27,-2.78,-1.336
2026-03-05,-21.189,39.41,43.47,41.8,14.73,277,250,16,False,False,Inter-Election,639,293,234,16,True,277.0,277.87,0.32,-0.0352,-0.87,-2.0,-1.523,250.0,249.37,0.49,0.0385,0.63,2.0,1.133,-21.37,-20.1,0.521,-0.063,-1.27,-3.43,-1.312
2026-03-06,-20.553,39.72,43.49,41.78,14.73,278,250,15,False,False,Inter-Election,640,293,234,16,True,277.14,277.87,0.371,-0.0334,-0.73,-1.0,-1.278,250.0,249.4,0.49,0.04,0.6,1.0,1.065,-21.3,-20.13,0.536,-0.0631,-1.17,-2.07,-1.208
2026-03-07,-20.41,39.8,43.5,41.78,14.73,278,250,15,False,False,Inter-Election,641,293,234,16,True,277.29,277.87,0.371,-0.0316,-0.58,0.0,-1.015,250.0,249.43,0.49,0.0412,0.57,1.0,1.003,-21.09,-20.14,0.535,-0.0639,-0.95,-0.9,-0.98
2026-03-08,-20.434,39.78,43.5,41.78,14.73,278,250,15,False,False,Inter-Election,642,293,234,16,True,277.43,277.87,0.371,-0.0298,-0.44,0.0,-0.77,250.0,249.47,0.49,0.0418,0.53,1.0,0.928,-20.89,-20.17,0.53,-0.0622,-0.72,-0.98,-0.746
2026-03-09,-20.694,39.65,43.49,41.78,14.73,278,250,15,False,False,Inter-Election,643,293,234,16,True,277.57,277.87,0.371,-0.028,-0.3,0.0,-0.525,250.0,249.5,0.49,0.042,0.5,0.0,0.874,-20.84,-20.22,0.521,-0.0582,-0.62,-0.31,-0.654
2026-03-10,-20.148,39.93,43.51,41.77,14.72,278,249,16,False,False,Inter-Election,644,293,234,16,True,277.71,277.87,0.371,-0.0263,-0.16,0.0,-0.28,249.86,249.5,0.525,0.0354,0.36,0.0,0.629,-20.67,-20.25,0.533,-0.0505,-0.42,0.14,-0.453
2026-03-11,-20.498,39.75,43.49,41.78,14.73,278,250,15,False,False,Inter-Election,645,293,234,16,True,277.86,277.87,0.371,-0.0245,-0.01,0.0,-0.018,249.86,249.53,0.556,0.0352,0.33,0.0,0.578,-20.56,-20.29,0.535,-0.0459,-0.27,-0.13,-0.296
2026-03-12,-21.653,39.17,43.45,41.81,14.74,277,250,16,False,False,Inter-Election,646,293,234,16,True,277.86,277.83,0.414,-0.0291,0.03,-1.0,0.051,249.86,249.57,0.556,0.0345,0.29,0.0,0.51,-20.63,-20.34,0.555,-0.0538,-0.29,-0.95,-0.307
2026-03-13,-21.796,39.1,43.45,41.81,14.74,277,250,16,False,False,Inter-Election,647,293,234,16,True,277.71,277.8,0.414,-0.0334,-0.09,0.0,-0.147,249.86,249.6,0.556,0.0334,0.26,0.0,0.462,-20.8,-20.4,0.556,-0.062,-0.4,-0.71,-0.408
2026-03-14,-21.356,39.32,43.46,41.8,14.74,277,250,16,False,False,Inter-Election,648,293,234,16,True,277.57,277.77,0.414,-0.0372,-0.2,0.0,-0.319,249.86,249.6,0.525,0.0387,0.26,0.0,0.462,-20.94,-20.42,0.56,-0.0692,-0.52,0.47,-0.522
2026-03-15,-21.447,39.28,43.46,41.8,14.74,277,250,16,False,False,Inter-Election,649,293,234,16,True,277.43,277.73,0.414,-0.0405,-0.3,0.0,-0.469,249.86,249.6,0.525,0.044,0.26,0.0,0.462,-21.08,-20.46,0.557,-0.075,-0.62,0.43,-0.612
2026-03-16,-21.281,39.36,43.46,41.8,14.74,277,250,16,False,False,Inter-Election,650,293,234,16,True,277.29,277.7,0.414,-0.0434,-0.41,0.0,-0.63,249.86,249.63,0.49,0.0425,0.23,0.0,0.414,-21.17,-20.5,0.556,-0.0775,-0.67,-0.23,-0.656
2026-03-17,-20.816,39.59,43.48,41.79,14.73,278,250,15,False,False,Inter-Election,651,293,234,16,True,277.29,277.7,0.455,-0.0394,-0.41,1.0,-0.63,250.0,249.67,0.49,0.0405,0.33,0.0,0.604,-21.26,-20.53,0.563,-0.0757,-0.73,0.49,-0.717
2026-03-18,-20.861,39.57,43.48,41.79,14.73,278,250,15,False,False,Inter-Election,652,293,234,16,True,277.29,277.7,0.455,-0.0354,-0.41,1.0,-0.63,250.0,249.7,0.49,0.038,0.3,0.0,0.561,-21.32,-20.56,0.563,-0.0734,-0.76,0.43,-0.751
2026-03-19,-21.032,39.48,43.47,41.79,14.73,277,250,16,False,False,Inter-Election,653,293,234,16,True,277.29,277.67,0.49,-0.0378,-0.38,0.0,-0.575,250.0,249.73,0.49,0.0352,0.27,0.0,0.518,-21.23,-20.6,0.564,-0.0717,-0.63,0.16,-0.626
2026-03-20,-21.548,39.23,43.45,41.81,14.74,277,250,16,False,False,Inter-Election,654,293,234,16,True,277.29,277.6,0.45,-0.0329,-0.31,-1.0,-0.499,250.0,249.77,0.49,0.0318,0.23,0.0,0.456,-21.19,-20.7,0.502,-0.0634,-0.49,-0.99,-0.521
2026-03-21,-21.478,39.26,43.46,41.81,14.74,277,250,16,False,False,Inter-Election,655,293,234,16,True,277.29,277.53,0.45,-0.0271,-0.24,-1.0,-0.42,250.0,249.83,0.45,0.0211,0.17,0.0,0.448,-21.21,-20.83,0.477,-0.0481,-0.38,-1.07,-0.495
2026-03-22,-21.583,39.21,43.45,41.81,14.74,277,250,16,False,False,Inter-Election,656,293,234,16,True,277.29,277.47,0.45,-0.0205,-0.18,-1.0,-0.355,250.0,249.87,0.414,0.0165,0.13,0.0,0.376,-21.23,-20.93,0.463,-0.0368,-0.3,-1.15,-0.469
2026-03-23,-21.312,39.34,43.46,41.8,14.74,277,250,16,False,False,Inter-Election,657,293,234,16,True,277.29,277.43,0.414,-0.0198,-0.14,-1.0,-0.278,250.0,249.9,0.414,0.0113,0.1,0.0,0.328,-21.23,-20.99,0.434,-0.0295,-0.24,-0.62,-0.411
2026-03-24,-20.938,39.53,43.48,41.79,14.73,277,250,16,False,False,Inter-Election,658,293,234,16,True,277.14,277.4,0.414,-0.0187,-0.26,-1.0,-0.522,250.0,249.93,0.414,0.0058,0.07,1.0,0.276,-21.25,-21.04,0.441,-0.0185,-0.21,-0.79,-0.415
2026-03-25,-21.209,39.4,43.47,41.8,14.73,277,250,16,False,False,Inter-Election,659,293,234,16,True,277.0,277.37,0.414,-0.0171,-0.37,-1.0,-0.755,250.0,249.93,0.371,0.0067,0.07,0.0,0.276,-21.3,-21.07,0.41,-0.0151,-0.23,-0.71,-0.468
2026-03-26,-21.49,39.25,43.46,41.81,14.74,277,250,16,False,False,Inter-Election,660,293,234,16,True,277.0,277.33,0.414,-0.0151,-0.33,0.0,-0.688,250.0,249.97,0.32,0.0007,0.03,0.0,0.164,-21.37,-21.11,0.412,-0.0124,-0.26,0.16,-0.548
2026-03-27,-21.361,39.32,43.46,41.8,14.74,277,250,16,False,False,Inter-Election,661,293,234,16,True,277.0,277.3,0.414,-0.0127,-0.3,0.0,-0.644,250.0,249.97,0.263,0.0011,0.03,0.0,0.164,-21.34,-21.14,0.413,-0.009,-0.2,0.43,-0.439
2026-03-28,-21.611,39.19,43.45,41.81,14.74,277,250,16,False,False,Inter-Election,662,293,234,16,True,277.0,277.27,0.414,-0.0098,-0.27,0.0,-0.6,250.0,249.97,0.263,0.0016,0.03,0.0,0.164,-21.36,-21.17,0.411,-0.009,-0.19,-0.25,-0.417
2026-03-29,-21.601,39.2,43.45,41.81,14.74,277,250,16,False,False,Inter-Election,663,293,234,16,True,277.0,277.27,0.371,-0.0133,-0.27,0.0,-0.6,250.0,249.97,0.263,0.002,0.03,0.0,0.164,-21.36,-21.19,0.406,-0.0112,-0.17,-0.15,-0.368
2026-03-30,-21.744,39.13,43.45,41.81,14.74,277,250,16,False,False,Inter-Election,664,293,234,16,True,277.0,277.27,0.371,-0.0169,-0.27,0.0,-0.6,250.0,249.97,0.263,0.0024,0.03,0.0,0.164,-21.42,-21.19,0.383,-0.0192,-0.23,-0.46,-0.502
2026-03-31,-20.928,39.54,43.48,41.79,14.73,277,250,16,False,False,Inter-Election,665,293,234,16,True,277.0,277.27,0.371,-0.0205,-0.27,-1.0,-0.6,250.0,249.97,0.263,0.0029,0.03,0.0,0.164,-21.42,-21.15,0.411,-0.0223,-0.27,-0.11,-0.612
2026-04-01,-21.42,39.29,43.46,41.8,14.74,277,250,16,False,False,Inter-Election,666,293,234,16,True,277.0,277.27,0.371,-0.024,-0.27,-1.0,-0.6,250.0,249.97,0.263,0.0033,0.03,0.0,0.164,-21.45,-21.17,0.393,-0.0233,-0.28,-0.56,-0.632
2026-04-02,-21.483,39.26,43.46,41.81,14.74,277,250,16,False,False,Inter-Election,667,293,234,16,True,277.0,277.27,0.371,-0.0276,-0.27,0.0,-0.6,250.0,249.97,0.263,0.0038,0.03,0.0,0.164,-21.45,-21.17,0.39,-0.0263,-0.28,-0.45,-0.627
2026-04-03,-21.183,39.41,43.47,41.8,14.73,277,250,16,False,False,Inter-Election,668,293,234,16,True,277.0,277.27,0.371,-0.0311,-0.27,0.0,-0.6,250.0,249.97,0.263,0.0042,0.03,0.0,0.164,-21.42,-21.17,0.394,-0.0271,-0.25,0.36,-0.561
2026-04-04,-21.199,39.4,43.47,41.8,14.73,277,250,16,False,False,Inter-Election,669,293,234,16,True,277.0,277.27,0.371,-0.0347,-0.27,0.0,-0.6,250.0,249.97,0.263,0.0047,0.03,0.0,0.164,-21.37,-21.17,0.394,-0.0275,-0.2,0.28,-0.449
2026-04-05,-21.26,39.37,43.47,41.8,14.74,277,250,16,False,False,Inter-Election,670,293,234,16,True,277.0,277.23,0.32,-0.0314,-0.23,0.0,-0.535,250.0,249.97,0.263,0.0051,0.03,0.0,0.164,-21.32,-21.19,0.375,-0.0238,-0.13,0.32,-0.302
2026-04-06,-21.453,39.27,43.46,41.8,14.74,277,250,16,False,False,Inter-Election,671,293,234,16,True,277.0,277.2,0.32,-0.0276,-0.2,0.0,-0.492,250.0,249.97,0.263,0.0056,0.03,0.0,0.164,-21.28,-21.23,0.375,-0.0201,-0.05,-0.14,-0.123
2026-04-07,-20.208,39.9,43.5,41.77,14.73,278,249,16,False,False,Inter-Election,672,293,234,16,True,277.14,277.2,0.371,-0.0169,-0.06,1.0,-0.147,249.86,249.93,0.32,-0.0004,-0.07,-1.0,-0.276,-21.17,-21.22,0.442,-0.0081,0.05,0.73,0.118
2026-04-08,-21.247,39.38,43.47,41.8,14.73,277,250,16,False,False,Inter-Election,673,293,234,16,True,277.14,277.17,0.414,-0.0127,-0.03,0.0,-0.079,249.86,249.93,0.371,0.0004,-0.07,0.0,-0.276,-21.15,-21.24,0.479,-0.0046,0.09,-0.04,0.219
2026-04-09,-20.762,39.62,43.48,41.79,14.73,278,250,15,False,False,Inter-Election,674,293,234,16,True,277.29,277.17,0.455,-0.0016,0.12,1.0,0.317,249.86,249.97,0.32,-0.0056,-0.11,0.0,-0.602,-21.04,-21.26,0.477,0.006,0.22,0.73,0.597
2026-04-10,-20.771,39.61,43.48,41.79,14.73,278,250,15,False,False,Inter-Election,675,293,234,16,True,277.43,277.17,0.455,0.0096,0.26,1.0,0.686,249.86,249.97,0.263,-0.0051,-0.11,0.0,-0.602,-20.99,-21.27,0.473,0.0144,0.28,0.59,0.795
2026-04-11,-21.901,39.05,43.44,41.82,14.74,277,250,16,False,False,Inter-Election,676,293,234,16,True,277.43,277.17,0.455,0.0073,0.26,0.0,0.686,249.86,249.97,0.263,-0.0047,-0.11,0.0,-0.602,-21.09,-21.28,0.471,0.0076,0.19,-0.29,0.521
2026-04-12,-21.921,39.04,43.44,41.82,14.74,277,250,16,False,False,Inter-Election,677,293,234,16,True,277.43,277.17,0.455,0.0051,0.26,0.0,0.686,249.86,249.97,0.263,-0.0042,-0.11,0.0,-0.602,-21.18,-21.28,0.47,-0.0001,0.1,-0.32,0.269
2026-04-13,-22.663,38.67,43.41,41.84,14.75,277,251,15,False,False,Inter-Election,678,293,234,16,True,277.43,277.17,0.455,0.0029,0.26,0.0,0.686,250.0,250.0,0.32,0.0027,0.0,1.0,0.0,-21.35,-21.32,0.481,-0.0096,-0.03,-0.92,-0.067
2026-04-14,-23.362,38.32,43.39,41.86,14.76,276,251,16,False,False,Inter-Election,679,293,234,16,True,277.14,277.13,0.49,-0.0058,0.01,-1.0,0.023,250.29,250.03,0.32,0.0091,0.26,1.0,0.813,-21.8,-21.39,0.496,-0.0236,-0.41,-2.43,-0.703
2026-04-15,-23.084,38.46,43.4,41.85,14.75,276,251,16,False,False,Inter-Election,680,293,234,16,True,277.0,277.1,0.49,-0.014,-0.1,-1.0,-0.208,250.43,250.07,0.32,0.0151,0.36,1.0,0.986,-22.07,-21.45,0.498,-0.0338,-0.62,-1.66,-0.94
2026-04-16,-23.416,38.29,43.39,41.86,14.76,276,251,16,False,False,Inter-Election,681,293,234,16,True,276.71,277.03,0.45,-0.0149,-0.32,-1.0,-0.653,250.57,250.1,0.32,0.0207,0.47,1.0,1.167,-22.45,-21.53,0.49,-0.0421,-0.92,-1.93,-1.244
2026-04-17,-23.542,38.23,43.38,41.86,14.76,276,251,16,False,False,Inter-Election,682,293,234,16,True,276.43,276.97,0.45,-0.0149,-0.54,-1.0,-1.102,250.71,250.13,0.32,0.0258,0.58,1.0,1.336,-22.84,-21.62,0.49,-0.0504,-1.22,-2.36,-1.499
2026-04-18,-23.408,38.3,43.39,41.86,14.76,276,251,16,False,False,Inter-Election,683,293,234,16,True,276.29,276.93,0.414,-0.0209,-0.64,-1.0,-1.229,250.86,250.17,0.32,0.0305,0.69,1.0,1.496,-23.06,-21.7,0.491,-0.0579,-1.36,-2.21,-1.567
2026-04-19,-23.448,38.28,43.39,41.86,14.76,276,251,16,False,False,Inter-Election,684,293,234,16,True,276.14,276.9,0.414,-0.0265,-0.76,-1.0,-1.388,251.0,250.2,0.32,0.0347,0.8,1.0,1.652,-23.27,-21.77,0.485,-0.068,-1.5,-2.19,-1.624
2026-04-20,-23.624,38.19,43.38,41.86,14.76,276,251,16,False,False,Inter-Election,685,293,234,16,True,276.0,276.87,0.414,-0.0316,-0.87,-1.0,-1.523,251.0,250.23,0.32,0.0385,0.77,1.0,1.528,-23.41,-21.84,0.484,-0.078,-1.57,-2.17,-1.599
2026-04-21,-23.986,38.01,43.37,41.87,14.76,276,251,16,False,False,Inter-Election,686,293,234,16,True,276.0,276.83,0.414,-0.0363,-0.83,-2.0,-1.402,251.0,250.27,0.32,0.0418,0.73,2.0,1.402,-23.5,-21.92,0.487,-0.0901,-1.58,-3.78,-1.496
2026-04-22,-23.24,38.38,43.39,41.85,14.75,276,251,16,False,False,Inter-Election,687,293,234,16,True,276.0,276.8,0.414,-0.0405,-0.8,-1.0,-1.311,251.0,250.3,0.32,0.0447,0.7,1.0,1.308,-23.52,-21.98,0.506,-0.0945,-1.54,-1.99,-1.431
2026-04-23,-23.292,38.35,43.39,41.85,14.75,276,251,16,False,False,Inter-Election,688,293,234,16,True,276.0,276.77,0.414,-0.0443,-0.77,-2.0,-1.23,251.0,250.33,0.32,0.0472,0.67,1.0,1.226,-23.51,-22.06,0.5,-0.0957,-1.45,-2.53,-1.339
2026-04-24,-23.757,38.12,43.37,41.87,14.76,276,251,16,False,False,Inter-Election,689,293,234,16,True,276.0,276.73,0.414,-0.0476,-0.73,-2.0,-1.141,251.0,250.37,0.32,0.0492,0.63,1.0,1.133,-23.54,-22.15,0.503,-0.1008,-1.39,-2.99,-1.248
2026-04-25,-23.42,38.29,43.39,41.86,14.76,276,251,16,False,False,Inter-Election,690,293,234,16,True,276.0,276.7,0.414,-0.0505,-0.7,-1.0,-1.075,251.0,250.4,0.32,0.0507,0.6,1.0,1.065,-23.54,-22.21,0.508,-0.1045,-1.33,-1.52,-1.177
2026-04-26,-23.353,38.32,43.39,41.86,14.76,276,251,16,False,False,Inter-Election,691,293,234,16,True,276.0,276.67,0.414,-0.0529,-0.67,-1.0,-1.014,251.0,250.43,0.32,0.0518,0.57,1.0,1.003,-23.52,-22.28,0.507,-0.106,-1.24,-1.43,-1.091
2026-04-27,-23.412,38.29,43.39,41.86,14.76,276,251,16,False,False,Inter-Election,692,293,234,16,True,276.0,276.63,0.414,-0.0549,-0.63,-1.0,-0.942,251.0,250.47,0.32,0.0525,0.53,0.0,0.928,-23.49,-22.34,0.506,-0.1088,-1.15,-0.75,-1.002
2026-04-28,-22.465,38.77,43.42,41.83,14.75,277,251,15,False,False,Inter-Election,693,293,234,16,True,276.14,276.63,0.455,-0.0501,-0.49,1.0,-0.733,251.0,250.5,0.32,0.0527,0.5,0.0,0.874,-23.28,-22.37,0.538,-0.1045,-0.91,0.9,-0.798
2026-04-29,-22.816,38.59,43.41,41.84,14.75,276,251,16,False,False,Inter-Election,694,293,234,16,True,276.14,276.6,0.49,-0.0516,-0.46,0.0,-0.682,251.0,250.53,0.32,0.0525,0.47,0.0,0.823,-23.22,-22.4,0.541,-0.1032,-0.82,0.27,-0.722
2026-04-30,-22.708,38.65,43.41,41.84,14.75,277,251,15,False,False,Inter-Election,695,293,234,16,True,276.29,276.6,0.525,-0.0463,-0.31,1.0,-0.459,251.0,250.57,0.32,0.0518,0.43,0.0,0.757,-23.13,-22.46,0.518,-0.095,-0.67,0.71,-0.607
2026-05-01,-22.78,38.61,43.41,41.84,14.75,277,251,15,False,False,Inter-Election,696,293,234,16,True,276.43,276.6,0.525,-0.0409,-0.17,1.0,-0.252,251.0,250.6,0.32,0.0507,0.4,0.0,0.71,-22.99,-22.51,0.511,-0.0899,-0.48,0.76,-0.442
2026-05-02,-22.793,38.6,43.41,41.84,14.75,276,251,16,False,False,Inter-Election,697,293,234,16,True,276.43,276.57,0.556,-0.042,-0.14,0.0,-0.206,251.0,250.63,0.32,0.0492,0.37,0.0,0.665,-22.9,-22.55,0.511,-0.0847,-0.35,0.62,-0.327
2026-05-03,-22.73,38.64,43.41,41.84,14.75,277,251,15,False,False,Inter-Election,698,293,234,16,True,276.57,276.57,0.587,-0.0363,0.0,1.0,0.0,251.0,250.67,0.32,0.0472,0.33,0.0,0.604,-22.81,-22.6,0.507,-0.0764,-0.21,0.72,-0.202
2026-05-04,-23.459,38.27,43.38,41.86,14.76,276,251,16,False,False,Inter-Election,699,293,234,16,True,276.57,276.53,0.615,-0.0369,0.04,0.0,0.059,251.0,250.7,0.32,0.0447,0.3,0.0,0.561,-22.82,-22.68,0.522,-0.0723,-0.14,0.16,-0.138
2026-05-05,-22.967,38.52,43.4,41.85,14.75,276,251,16,False,False,Inter-Election,700,293,234,16,True,276.43,276.5,0.615,-0.0372,-0.07,0.0,-0.103,251.0,250.73,0.32,0.0418,0.27,0.0,0.518,-22.89,-22.73,0.532,-0.0644,-0.16,1.02,-0.163
2026-05-06,-21.494,39.25,43.46,41.81,14.74,277,250,16,False,False,Inter-Election,701,293,234,16,True,276.57,276.5,0.643,-0.0305,0.07,1.0,0.103,250.86,250.73,0.371,0.032,0.13,-1.0,0.25,-22.7,-22.73,0.6,-0.0476,0.03,1.75,0.031
2026-05-07,-21.41,39.3,43.46,41.8,14.74,277,250,16,False,False,Inter-Election,702,293,234,16,True,276.57,276.47,0.615,-0.0169,0.1,1.0,0.159,250.71,250.77,0.32,0.0154,-0.06,-1.0,-0.139,-22.52,-22.77,0.553,-0.0216,0.25,1.88,0.28
2026-05-08,-21.425,39.29,43.46,41.8,14.74,277,250,16,False,False,Inter-Election,703,293,234,16,True,276.57,276.47,0.587,-0.0098,0.1,1.0,0.159,250.57,250.77,0.263,0.0051,-0.2,-1.0,-0.465,-22.33,-22.78,0.519,-0.0024,0.45,2.33,0.51
2026-05-09,-21.39,39.3,43.46,41.8,14.74,277,250,16,False,False,Inter-Election,704,293,234,16,True,276.71,276.43,0.556,0.0042,0.28,1.0,0.493,250.43,250.77,0.263,-0.0051,-0.34,-1.0,-0.79,-22.12,-22.8,0.511,0.0205,0.68,2.03,0.81
2026-05-10,-21.43,39.28,43.46,41.8,14.74,277,250,16,False,False,Inter-Election,705,293,234,16,True,276.71,276.4,0.556,0.0187,0.31,1.0,0.622,250.29,250.77,0.263,-0.0154,-0.48,-1.0,-1.116,-21.94,-22.82,0.511,0.0433,0.88,1.92,1.111
2026-05-11,-21.117,39.44,43.47,41.8,14.73,277,250,16,False,False,Inter-Election,706,293,234,16,True,276.86,276.4,0.525,0.0267,0.46,1.0,0.923,250.14,250.77,0.263,-0.0256,-0.63,-1.0,-1.464,-21.6,-22.8,0.47,0.0607,1.2,2.29,1.437
2026-05-12,-20.703,39.65,43.49,41.78,14.73,278,250,15,False,False,Inter-Election,707,293,234,16,True,277.14,276.43,0.556,0.0412,0.71,1.0,1.249,250.0,250.77,0.263,-0.0358,-0.77,-1.0,-1.79,-21.28,-22.76,0.475,0.0803,1.48,1.76,1.634
2026-05-13,-20.6,39.7,43.49,41.78,14.73,278,250,15,False,False,Inter-Election,708,293,234,16,True,277.29,276.47,0.556,0.0552,0.82,2.0,1.304,250.0,250.73,0.183,-0.0392,-0.73,-1.0,-1.623,-21.15,-22.69,0.451,0.0948,1.54,2.22,1.559
2026-05-14,-20.549,39.73,43.49,41.78,14.73,278,250,15,False,False,Inter-Election,709,293,234,16,True,277.43,276.53,0.521,0.0618,0.9,1.0,1.321,250.0,250.7,0.183,-0.042,-0.7,-1.0,-1.502,-21.03,-22.59,0.427,0.104,1.56,2.16,1.482
2026-05-15,-20.297,39.85,43.5,41.77,14.73,278,250,15,False,False,Inter-Election,710,293,234,16,True,277.57,276.6,0.521,0.0676,0.97,1.0,1.34,250.0,250.67,0.183,-0.0445,-0.67,-1.0,-1.397,-20.87,-22.5,0.427,0.1154,1.63,2.48,1.445
2026-05-16,-20.427,39.79,43.5,41.78,14.73,278,250,15,False,False,Inter-Election,711,293,234,16,True,277.71,276.67,0.521,0.0725,1.04,2.0,1.372,250.0,250.63,0.183,-0.0465,-0.63,-1.0,-1.285,-20.73,-22.4,0.422,0.1225,1.67,2.37,1.42
2026-05-17,-20.608,39.7,43.49,41.78,14.73,278,250,15,False,False,Inter-Election,712,293,234,16,True,277.86,276.73,0.521,0.0765,1.13,1.0,1.44,250.0,250.6,0.183,-0.0481,-0.6,-1.0,-1.204,-20.61,-22.3,0.423,0.1262,1.69,2.12,1.409
2026-05-18,-21.193,39.4,43.47,41.8,14.73,277,250,16,False,False,Inter-Election,713,293,234,16,True,277.86,276.77,0.556,0.0732,1.09,1.0,1.409,250.0,250.57,0.183,-0.0492,-0.57,-1.0,-1.131,-20.63,-22.23,0.441,0.1257,1.6,2.27,1.336
2026-05-19,-21.598,39.2,43.45,41.81,14.74,277,250,16,False,False,Inter-Election,714,293,234,16,True,277.71,276.8,0.556,0.0694,0.91,1.0,1.196,250.0,250.53,0.183,-0.0498,-0.53,-1.0,-1.045,-20.75,-22.17,0.449,0.1214,1.42,1.37,1.204
2026-05-20,-22.165,38.92,43.43,41.82,14.74,277,250,16,False,False,Inter-Election,715,293,234,16,True,277.57,276.83,0.556,0.0652,0.74,0.0,0.991,250.0,250.5,0.183,-0.0501,-0.5,0.0,-0.983,-20.98,-22.12,0.461,0.1114,1.14,-0.67,0.994
2026-05-21,-22.421,38.79,43.42,41.83,14.75,277,251,15,False,False,Inter-Election,716,293,234,16,True,277.43,276.87,0.556,0.0605,0.56,0.0,0.767,250.14,250.5,0.263,-0.0434,-0.36,1.0,-0.708,-21.24,-22.07,0.459,0.0966,0.83,-1.01,0.759
2026-05-22,-22.808,38.6,43.41,41.84,14.75,276,251,16,False,False,Inter-Election,717,293,234,16,True,277.14,276.87,0.587,0.0489,0.27,-1.0,0.37,250.29,250.5,0.263,-0.0367,-0.21,1.0,-0.413,-21.6,-22.05,0.446,0.0837,0.45,-1.38,0.416
2026-05-23,-23.037,38.48,43.4,41.85,14.75,276,251,16,False,False,Inter-Election,718,293,234,16,True,276.86,276.87,0.587,0.0374,-0.01,-1.0,-0.014,250.43,250.5,0.263,-0.03,-0.07,1.0,-0.138,-21.98,-22.04,0.448,0.0688,0.06,-1.65,0.056
2026-05-24,-23.065,38.47,43.4,41.85,14.75,276,251,16,False,False,Inter-Election,719,293,234,16,True,276.57,276.87,0.587,0.0258,-0.3,-1.0,-0.411,250.57,250.5,0.263,-0.0234,0.07,1.0,0.138,-22.33,-22.02,0.439,0.0504,-0.31,-1.64,-0.298
2026-05-25,-23.231,38.38,43.39,41.85,14.75,276,251,16,False,False,Inter-Election,720,293,234,16,True,276.43,276.87,0.587,0.0142,-0.44,-1.0,-0.602,250.71,250.5,0.263,-0.0167,0.21,1.0,0.413,-22.62,-22.02,0.436,0.033,-0.6,-2.11,-0.581
2026-05-26,-23.361,38.32,43.39,41.86,14.76,276,251,16,False,False,Inter-Election,721,293,234,16,True,276.29,276.87,0.587,0.0027,-0.58,-2.0,-0.794,250.86,250.5,0.263,-0.01,0.36,1.0,0.708,-22.87,-22.02,0.437,0.0151,-0.85,-2.66,-0.823
2026-05-27,-23.366,38.32,43.39,41.86,14.76,276,251,16,False,False,Inter-Election,722,293,234,16,True,276.14,276.87,0.587,-0.0089,-0.73,-2.0,-1.0,251.0,250.5,0.263,-0.0033,0.5,1.0,0.983,-23.04,-22.01,0.437,-0.0033,-1.03,-2.77,-1.0
2026-05-28,-23.417,38.29,43.39,41.86,14.76,276,251,16,False,False,Inter-Election,723,293,234,16,True,276.0,276.83,0.556,-0.0136,-0.83,-2.0,-1.112,251.0,250.5,0.263,0.0033,0.5,1.0,0.983,-23.18,-22.05,0.399,-0.0155,-1.13,-2.87,-1.067
2026-05-29,-23.735,38.13,43.37,41.87,14.76,276,251,16,False,False,Inter-Election,724,293,234,16,True,276.0,276.83,0.525,-0.0247,-0.83,-2.0,-1.112,251.0,250.5,0.263,0.01,0.5,1.0,0.983,-23.32,-22.08,0.398,-0.0317,-1.24,-3.44,-1.133
2026-05-30,-23.45,38.28,43.39,41.86,14.76,276,251,16,False,False,Inter-Election,725,293,234,16,True,276.0,276.8,0.49,-0.0289,-0.8,-2.0,-1.051,251.0,250.5,0.263,0.0167,0.5,1.0,0.983,-23.38,-22.1,0.401,-0.0449,-1.28,-3.02,-1.145
2026-05-31,-23.435,38.28,43.39,41.86,14.76,276,251,16,False,False,Inter-Election,726,293,234,16,True,276.0,276.77,0.49,-0.0327,-0.77,-2.0,-0.995,251.0,250.5,0.263,0.0234,0.5,1.0,0.983,-23.43,-22.12,0.401,-0.0582,-1.31,-2.83,-1.151
2026-06-01,-22.847,38.58,43.41,41.84,14.75,276,251,16,False,False,Inter-Election,727,293,234,16,True,276.0,276.77,0.455,-0.0429,-0.77,-1.0,-0.995,251.0,250.5,0.263,0.03,0.5,1.0,0.983,-23.37,-22.12,0.416,-0.0675,-1.25,-1.65,-1.098
2026-06-02,-23.051,38.47,43.4,41.85,14.75,276,251,16,False,False,Inter-Election,728,293,234,16,True,276.0,276.73,0.414,-0.0463,-0.73,-1.0,-0.93,251.0,250.5,0.263,0.0367,0.5,1.0,0.983,-23.33,-22.14,0.418,-0.0776,-1.19,-1.45,-1.038
2026-06-03,-23.203,38.4,43.39,41.85,14.75,276,251,16,False,False,Inter-Election,729,293,234,16,True,276.0,276.73,0.371,-0.0561,-0.73,-1.0,-0.93,251.0,250.5,0.263,0.0434,0.5,1.0,0.983,-23.31,-22.13,0.396,-0.0937,-1.18,-1.04,-1.038
2026-06-04,-24.383,37.81,43.35,41.88,14.76,276,252,15,False,False,Inter-Election,730,293,234,16,True,276.0,276.73,0.371,-0.0659,-0.73,-1.0,-0.93,251.14,250.53,0.32,0.0565,0.61,1.0,1.068,-23.44,-22.17,0.441,-0.114,-1.27,-1.96,-1.058
2026-06-05,-25.685,37.16,43.3,41.92,14.78,275,252,16,False,False,Inter-Election,731,293,234,16,True,275.86,276.67,0.365,-0.0752,-0.81,-1.0,-0.96,251.29,250.6,0.254,0.0623,0.69,1.0,1.11,-23.72,-22.31,0.4,-0.132,-1.41,-2.88,-1.042
2026-06-06,-26.287,36.86,43.28,41.94,14.78,275,253,15,False,False,Inter-Election,732,293,234,16,True,275.71,276.6,0.365,-0.0836,-0.89,-1.0,-0.995,251.57,250.7,0.305,0.0736,0.87,2.0,1.16,-24.13,-22.48,0.407,-0.1514,-1.65,-3.25,-1.083
2026-06-07,-26.295,36.85,43.28,41.94,14.78,275,253,15,False,False,Inter-Election,733,293,234,16,True,275.57,276.53,0.365,-0.0912,-0.96,-1.0,-1.024,251.86,250.8,0.305,0.0836,1.06,2.0,1.252,-24.54,-22.64,0.407,-0.1688,-1.9,-3.23,-1.144
2026-06-08,-26.528,36.74,43.27,41.94,14.79,274,253,16,False,False,Inter-Election,734,293,234,16,True,275.29,276.43,0.403,-0.1043,-1.14,-2.0,-1.096,252.14,250.9,0.305,0.0923,1.24,2.0,1.344,-25.06,-22.81,0.405,-0.1852,-2.25,-3.3,-1.259
2026-06-09,-26.804,36.6,43.26,41.95,14.79,274,253,16,False,False,Inter-Election,735,293,234,16,True,275.0,276.33,0.403,-0.1161,-1.33,-2.0,-1.183,252.43,251.0,0.305,0.0997,1.43,2.0,1.455,-25.6,-22.99,0.405,-0.2015,-2.61,-3.44,-1.367
2026-06-10,-26.966,36.52,43.26,41.95,14.79,274,253,16,False,False,Inter-Election,736,293,234,16,True,274.71,276.23,0.403,-0.1266,-1.52,-2.0,-1.273,252.71,251.1,0.305,0.1057,1.61,2.0,1.565,-26.14,-23.18,0.394,-0.2142,-2.96,-3.6,-1.474
2026-06-11,-26.434,36.78,43.28,41.94,14.78,275,253,15,False,False,Inter-Election,737,293,234,16,True,274.57,276.13,0.403,-0.1224,-1.56,-1.0,-1.337,252.86,251.2,0.305,0.1103,1.66,2.0,1.561,-26.43,-23.37,0.401,-0.2181,-3.06,-3.02,-1.503
2026-06-12,-26.414,36.79,43.28,41.94,14.78,275,253,15,False,False,Inter-Election,738,293,234,16,True,274.57,276.03,0.403,-0.1168,-1.46,-1.0,-1.293,253.0,251.3,0.305,0.1137,1.7,2.0,1.563,-26.53,-23.57,0.399,-0.2186,-2.96,-2.68,-1.451
2026-06-13,-26.754,36.62,43.26,41.95,14.79,274,253,16,False,False,Inter-Election,739,293,234,16,True,274.43,275.9,0.434,-0.1164,-1.47,-2.0,-1.307,253.0,251.4,0.305,0.1157,1.6,2.0,1.452,-26.6,-23.78,0.397,-0.2183,-2.82,-3.3,-1.384
2026-06-14,-26.765,36.62,43.26,41.95,14.79,274,253,16,False,False,Inter-Election,740,293,234,16,True,274.29,275.77,0.434,-0.1141,-1.48,-2.0,-1.34,253.0,251.5,0.305,0.1164,1.5,2.0,1.356,-26.67,-23.99,0.389,-0.2136,-2.68,-3.33,-1.341
2026-06-15,-26.959,36.52,43.26,41.95,14.79,274,253,16,False,False,Inter-Election,741,293,234,16,True,274.29,275.63,0.434,-0.1101,-1.34,-2.0,-1.257,253.0,251.6,0.305,0.1157,1.4,2.0,1.271,-26.73,-24.21,0.389,-0.2082,-2.52,-4.11,-1.291
2026-06-16,-28.169,35.92,43.21,41.99,14.8,274,253,16,False,False,Inter-Election,742,293,234,16,True,274.29,275.5,0.434,-0.1043,-1.21,-2.0,-1.2,253.0,251.7,0.305,0.1137,1.3,2.0,1.195,-26.92,-24.46,0.429,-0.2089,-2.46,-5.12,-1.256
2026-06-17,-28.18,35.91,43.21,41.99,14.8,274,253,16,False,False,Inter-Election,743,293,234,16,True,274.29,275.4,0.403,-0.1037,-1.11,-2.0,-1.106,253.0,251.8,0.305,0.1103,1.2,2.0,1.128,-27.1,-24.69,0.426,-0.2103,-2.41,-4.98,-1.222
2026-06-18,-27.76,36.12,43.23,41.98,14.8,274,253,16,False,False,Inter-Election,744,293,234,16,True,274.14,275.3,0.403,-0.1017,-1.16,-2.0,-1.174,253.0,251.9,0.305,0.1057,1.1,1.0,1.069,-27.29,-24.9,0.441,-0.2088,-2.39,-3.38,-1.219
2026-06-19,-28.065,35.97,43.22,41.98,14.8,274,253,16,False,False,Inter-Election,745,293,234,16,True,274.0,275.2,0.403,-0.0983,-1.2,-1.0,-1.248,253.0,252.0,0.305,0.0997,1.0,1.0,1.018,-27.52,-25.1,0.437,-0.2103,-2.42,-2.38,-1.227
2026-06-20,-28.005,36.0,43.22,41.98,14.8,274,253,16,False,False,Inter-Election,746,293,234,16,True,274.0,275.1,0.403,-0.0937,-1.1,-1.0,-1.192,253.0,252.07,0.254,0.0992,0.93,0.0,0.949,-27.7,-25.28,0.439,-0.2107,-2.42,-1.72,-1.226
2026-06-21,-27.976,36.01,43.22,41.98,14.8,274,253,16,False,False,Inter-Election,747,293,234,16,True,274.0,275.03,0.365,-0.0945,-1.03,-1.0,-1.11,253.0,252.13,0.254,0.0979,0.87,0.0,0.894,-27.87,-25.45,0.439,-0.211,-2.42,-1.68,-1.224
2026-06-22,-28.362,35.82,43.2,41.99,14.8,273,254,16,False,False,Inter-Election,748,293,234,16,True,273.86,274.93,0.403,-0.101,-1.07,-1.0,-1.092,253.14,252.23,0.305,0.1021,0.91,1.0,0.904,-28.07,-25.63,0.44,-0.2131,-2.44,-1.83,-1.226
2026-06-23,-28.099,35.95,43.21,41.98,14.8,274,253,16,False,False,Inter-Election,749,293,234,16,True,273.86,274.87,0.45,-0.0997,-1.01,0.0,-1.038,253.14,252.3,0.365,0.0986,0.84,0.0,0.85,-28.06,-25.8,0.447,-0.2113,-2.26,-1.3,-1.142
2026-06-24,-27.939,36.03,43.22,41.98,14.8,274,253,16,False,False,Inter-Election,750,293,234,16,True,273.86,274.8,0.45,-0.0974,-0.94,0.0,-0.978,253.14,252.37,0.365,0.0941,0.77,0.0,0.799,-28.03,-25.96,0.451,-0.2074,-2.07,-0.97,-1.059
2026-06-25,-28.058,35.97,43.22,41.98,14.8,274,253,16,False,False,Inter-Election,751,293,234,16,True,273.86,274.73,0.45,-0.0943,-0.87,-1.0,-0.921,253.14,252.43,0.365,0.0888,0.71,0.0,0.759,-28.07,-26.11,0.451,-0.203,-1.96,-1.62,-1.017
2026-06-26,-28.065,35.97,43.22,41.98,14.8,274,253,16,False,False,Inter-Election,752,293,234,16,True,273.86,274.67,0.45,-0.0903,-0.81,-1.0,-0.878,253.14,252.5,0.365,0.0825,0.64,0.0,0.711,-28.07,-26.27,0.451,-0.1967,-1.8,-1.65,-0.954
2026-06-27,-28.716,35.64,43.19,42.0,14.81,273,254,16,False,False,Inter-Election,753,293,234,16,True,273.71,274.57,0.481,-0.0919,-0.86,-1.0,-0.92,253.29,252.6,0.403,0.0819,0.69,1.0,0.771,-28.17,-26.45,0.459,-0.1928,-1.72,-1.96,-0.925
2026-06-28,-28.634,35.68,43.19,42.0,14.81,273,254,16,False,False,Inter-Election,754,293,234,16,True,273.57,274.47,0.481,-0.0921,-0.9,-1.0,-0.96,253.43,252.7,0.403,0.0799,0.73,1.0,0.832,-28.27,-26.61,0.461,-0.1882,-1.66,-1.87,-0.908
2026-06-29,-28.704,35.65,43.19,42.0,14.81,273,254,16,False,False,Inter-Election,755,293,234,16,True,273.57,274.37,0.481,-0.091,-0.8,-1.0,-0.862,253.43,252.8,0.403,0.0765,0.63,1.0,0.744,-28.32,-26.78,0.454,-0.1799,-1.54,-1.75,-0.872
2026-06-30,-28.676,35.66,43.19,42.0,14.81,273,254,16,False,False,Inter-Election,756,293,234,16,True,273.43,274.27,0.481,-0.0885,-0.84,-1.0,-0.926,253.57,252.9,0.403,0.0719,0.67,1.0,0.834,-28.4,-26.96,0.454,-0.169,-1.44,-0.51,-0.857
2026-07-01,-28.974,35.51,43.18,42.01,14.81,273,254,16,False,False,Inter-Election,757,293,234,16,True,273.29,274.17,0.481,-0.0848,-0.88,-1.0,-1.007,253.71,253.0,0.403,0.0659,0.71,1.0,0.956,-28.55,-27.16,0.431,-0.1537,-1.39,-0.79,-0.91
2026-07-02,-28.961,35.52,43.18,42.01,14.81,273,254,16,False,False,Inter-Election,758,293,234,16,True,273.14,274.07,0.481,-0.0796,-0.93,-1.0,-1.124,253.86,253.1,0.403,0.0585,0.76,1.0,1.148,-28.68,-27.36,0.432,-0.1369,-1.32,-1.2,-0.978
2026-07-03,-29.0,35.5,43.18,42.01,14.81,273,254,16,False,False,Inter-Election,759,293,234,16,True,273.0,273.97,0.481,-0.0732,-0.97,-1.0,-1.268,254.0,253.2,0.403,0.0498,0.8,1.0,1.452,-28.81,-27.55,0.433,-0.1188,-1.26,-0.93,-1.114
2026-07-04,-29.024,35.49,43.18,42.01,14.81,273,254,16,False,False,Inter-Election,760,293,234,16,True,273.0,273.87,0.481,-0.0654,-0.87,-1.0,-1.277,254.0,253.27,0.365,0.0467,0.73,1.0,1.402,-28.85,-27.71,0.392,-0.1064,-1.14,-1.02,-1.15
2026-07-05,-29.039,35.48,43.18,42.01,14.81,273,254,16,False,False,Inter-Election,761,293,234,16,True,273.0,273.8,0.45,-0.0632,-0.8,-1.0,-1.204,254.0,253.33,0.365,0.0427,0.67,1.0,1.397,-28.91,-27.82,0.327,-0.101,-1.09,-1.06,-1.155
2026-07-06,-29.051,35.47,43.18,42.01,14.81,273,254,16,False,False,Inter-Election,762,293,234,16,True,273.0,273.73,0.45,-0.0601,-0.73,0.0,-1.141,254.0,253.37,0.32,0.0447,0.63,0.0,1.285,-28.96,-27.91,0.314,-0.0984,-1.05,-0.69,-1.137
2026-07-07,-29.097,35.45,43.18,42.01,14.81,273,254,16,False,False,Inter-Election,763,293,234,16,True,273.0,273.67,0.45,-0.0561,-0.67,-1.0,-1.105,254.0,253.4,0.32,0.0463,0.6,1.0,1.204,-29.02,-28.01,0.314,-0.0949,-1.01,-1.0,-1.128
2026-07-08,-29.142,35.43,43.18,42.01,14.81,273,254,16,False,False,Inter-Election,764,293,234,16,True,273.0,273.63,0.414,-0.0581,-0.63,-1.0,-1.024,254.0,253.43,0.32,0.0474,0.57,1.0,1.131,-29.04,-28.09,0.313,-0.092,-0.95,-1.2,-1.088
2026-07-09,-29.156,35.42,43.18,42.01,14.81,273,254,16,False,False,Inter-Election,765,293,234,16,True,273.0,273.6,0.414,-0.0596,-0.6,-1.0,-0.965,254.0,253.47,0.32,0.0481,0.53,1.0,1.045,-29.07,-28.17,0.311,-0.09,-0.9,-1.1,-1.048
2026-07-10,-29.184,35.41,43.17,42.01,14.81,273,254,16,False,False,Inter-Election,766,293,234,16,True,273.0,273.57,0.414,-0.0607,-0.57,-1.0,-0.91,254.0,253.5,0.32,0.0483,0.5,1.0,0.983,-29.1,-28.25,0.311,-0.0882,-0.85,-1.12,-1.003
2026-07-11,-29.182,35.41,43.17,42.01,14.81,273,254,16,False,False,Inter-Election,767,293,234,16,True,273.0,273.5,0.365,-0.0545,-0.5,0.0,-0.874,254.0,253.53,0.32,0.0481,0.47,0.0,0.926,-29.12,-28.34,0.29,-0.0818,-0.78,-0.47,-0.986
2026-07-12,-29.179,35.41,43.17,42.01,14.81,273,254,16,False,False,Inter-Election,768,293,234,16,True,273.0,273.43,0.365,-0.0474,-0.43,0.0,-0.853,254.0,253.57,0.32,0.0474,0.43,0.0,0.853,-29.14,-28.43,0.289,-0.0739,-0.71,-0.54,-0.99
2026-07-13,-28.935,35.53,43.18,42.01,14.81,273,254,16,False,False,Inter-Election,769,293,234,16,True,273.0,273.4,0.32,-0.0463,-0.4,0.0,-0.803,254.0,253.6,0.32,0.0463,0.4,0.0,0.803,-29.12,-28.5,0.292,-0.0656,-0.62,-0.23,-0.956
2026-07-14,-28.874,35.56,43.19,42.01,14.81,273,254,16,False,False,Inter-Election,770,293,234,16,True,273.0,273.37,0.32,-0.0447,-0.37,0.0,-0.755,254.0,253.63,0.32,0.0447,0.37,0.0,0.755,-29.09,-28.57,0.293,-0.0561,-0.52,-0.2,-0.924
2026-07-15,-28.835,35.58,43.19,42.0,14.81,273,254,16,False,False,Inter-Election,771,293,234,16,True,273.0,273.33,0.32,-0.0427,-0.33,0.0,-0.688,254.0,253.67,0.32,0.0427,0.33,0.0,0.688,-29.05,-28.63,0.292,-0.0466,-0.42,0.14,-0.885
2026-07-16,-28.954,35.52,43.18,42.01,14.81,273,254,16,False,False,Inter-Election,772,293,234,16,True,273.0,273.3,0.32,-0.0403,-0.3,0.0,-0.644,254.0,253.7,0.32,0.0403,0.3,0.0,0.644,-29.02,-28.66,0.197,-0.0455,-0.36,0.01,-0.767
2026-07-17,-28.495,35.75,43.2,42.0,14.8,273,254,16,False,False,Inter-Election,773,293,234,16,True,273.0,273.27,0.32,-0.0374,-0.27,0.0,-0.6,254.0,253.73,0.32,0.0374,0.27,0.0,0.6,-28.92,-28.67,0.216,-0.0411,-0.25,0.5,-0.541
2026-07-18,-28.106,35.95,43.21,41.99,14.8,274,253,16,False,False,Inter-Election,774,293,234,16,True,273.14,273.27,0.371,-0.0276,-0.13,1.0,-0.289,253.86,253.73,0.371,0.0276,0.13,-1.0,0.289,-28.77,-28.68,0.214,-0.0312,-0.09,0.92,-0.203
2026-07-19,-28.118,35.94,43.21,41.99,14.8,274,253,16,False,False,Inter-Election,775,293,234,16,True,273.29,273.27,0.371,-0.0178,0.02,1.0,0.044,253.71,253.73,0.371,0.0178,-0.02,-1.0,-0.044,-28.62,-28.68,0.206,-0.0233,0.06,0.92,0.136
2026-07-20,-28.081,35.96,43.22,41.98,14.8,274,253,16,False,False,Inter-Election,776,293,234,16,True,273.43,273.27,0.371,-0.008,0.16,1.0,0.356,253.57,253.73,0.371,0.008,-0.16,-1.0,-0.356,-28.49,-28.69,0.206,-0.0147,0.2,0.97,0.459
2026-07-21,-27.945,36.03,43.22,41.98,14.8,274,253,16,False,False,Inter-Election,777,293,234,16,True,273.57,273.27,0.371,0.0018,0.3,1.0,0.667,253.43,253.73,0.371,-0.0018,-0.3,-1.0,-0.667,-28.36,-28.69,0.208,-0.005,0.33,1.15,0.754
2026-07-22,-27.609,36.2,43.23,41.97,14.8,274,253,16,False,False,Inter-Election,778,293,234,16,True,273.71,273.3,0.32,0.0047,0.41,1.0,0.88,253.29,253.7,0.32,-0.0047,-0.41,-1.0,-0.88,-28.19,-28.66,0.203,0.0042,0.47,1.53,0.986
2026-07-23,-27.816,36.09,43.22,41.98,14.8,274,253,16,False,False,Inter-Election,779,293,234,16,True,273.86,273.3,0.263,0.014,0.56,1.0,1.201,253.14,253.7,0.263,-0.014,-0.56,-1.0,-1.201,-28.02,-28.65,0.202,0.0135,0.63,1.34,1.283
2026-07-24,-27.826,36.09,43.22,41.98,14.8,274,253,16,False,False,Inter-Election,780,293,234,16,True,274.0,273.3,0.263,0.0234,0.7,1.0,1.502,253.0,253.7,0.263,-0.0234,-0.7,-1.0,-1.502,-27.93,-28.65,0.2,0.0238,0.72,1.36,1.449
2026-07-25,-27.882,36.06,43.22,41.98,14.8,274,253,16,False,False,Inter-Election,781,293,234,16,True,274.0,273.3,0.263,0.0327,0.7,1.0,1.502,253.0,253.7,0.263,-0.0327,-0.7,-1.0,-1.502,-27.9,-28.64,0.199,0.0328,0.74,1.3,1.465
2026-07-26,-27.96,36.02,43.22,41.98,14.8,274,253,16,False,False,Inter-Election,782,293,234,16,True,274.0,273.3,0.263,0.042,0.7,1.0,1.502,253.0,253.7,0.263,-0.042,-0.7,-1.0,-1.502,-27.87,-28.64,0.2,0.0412,0.77,1.22,1.511
2026-07-27,-28.007,36.0,43.22,41.98,14.8,274,253,16,False,False,Inter-Election,783,293,234,16,True,274.0,273.33,0.183,0.0445,0.67,1.0,1.397,253.0,253.67,0.183,-0.0445,-0.67,-1.0,-1.397,-27.86,-28.61,0.158,0.0447,0.75,0.93,1.436
2026-07-28,-27.823,36.09,43.22,41.98,14.8,274,253,16,False,False,Inter-Election,784,293,234,16,True,274.0,273.37,0.183,0.0465,0.63,1.0,1.285,253.0,253.63,0.183,-0.0465,-0.63,-1.0,-1.285,-27.85,-28.59,0.16,0.0497,0.74,1.05,1.366
2026-07-29,-27.621,36.19,43.23,41.97,14.8,274,253,16,False,False,Inter-Election,785,293,234,16,True,274.0,273.4,0.183,0.0481,0.6,1.0,1.204,253.0,253.6,0.183,-0.0481,-0.6,-1.0,-1.204,-27.85,-28.55,0.162,0.0551,0.7,1.21,1.23
2026-07-30,-27.619,36.19,43.23,41.97,14.8,274,253,16,False,False,Inter-Election,786,293,234,16,True,274.0,273.43,0.183,0.0492,0.57,1.0,1.131,253.0,253.57,0.183,-0.0492,-0.57,-1.0,-1.131,-27.82,-28.52,0.162,0.0603,0.7,1.34,1.18
2026-07-31,-27.776,36.11,43.23,41.98,14.8,274,253,16,False,False,Inter-Election,787,293,234,16,True,274.0,273.47,0.183,0.0498,0.53,1.0,1.045,253.0,253.53,0.183,-0.0498,-0.53,-1.0,-1.045,-27.81,-28.48,0.154,0.0619,0.67,0.72,1.113
2026-08-01,-27.779,36.11,43.23,41.98,14.8,274,253,16,False,False,Inter-Election,788,293,234,16,True,274.0,273.5,0.183,0.0501,0.5,0.0,0.983,253.0,253.5,0.183,-0.0501,-0.5,0.0,-0.983,-27.8,-28.44,0.154,0.063,0.64,0.33,1.053
2026-08-02,-27.774,36.11,43.23,41.98,14.8,274,253,16,False,False,Inter-Election,789,293,234,16,True,274.0,273.53,0.183,0.0498,0.47,0.0,0.926,253.0,253.47,0.183,-0.0498,-0.47,0.0,-0.926,-27.77,-28.4,0.154,0.0634,0.63,0.34,1.033
2026-08-03,-27.754,36.12,43.23,41.98,14.8,274,253,16,False,False,Inter-Election,790,293,234,16,True,274.0,273.57,0.183,0.0492,0.43,0.0,0.853,253.0,253.43,0.183,-0.0492,-0.43,0.0,-0.853,-27.74,-28.35,0.153,0.0633,0.61,0.33,1.002
2026-08-04,-27.718,36.14,43.23,41.97,14.8,274,253,16,False,False,Inter-Election,791,293,234,16,True,274.0,273.6,0.183,0.0481,0.4,0.0,0.803,253.0,253.4,0.183,-0.0481,-0.4,0.0,-0.803,-27.72,-28.31,0.153,0.0626,0.59,0.23,0.975
2026-08-05,-27.75,36.12,43.23,41.98,14.8,274,253,16,False,False,Inter-Election,792,293,234,16,True,274.0,273.63,0.183,0.0465,0.37,0.0,0.755,253.0,253.37,0.183,-0.0465,-0.37,0.0,-0.755,-27.74,-28.27,0.153,0.0611,0.53,-0.14,0.888
2026-08-06,-27.89,36.05,43.22,41.98,14.8,274,253,16,False,False,Inter-Election,793,293,234,16,True,274.0,273.67,0.183,0.0445,0.33,0.0,0.688,253.0,253.33,0.183,-0.0445,-0.33,0.0,-0.688,-27.78,-28.23,0.156,0.0578,0.45,-0.07,0.777
2026-08-07,-27.883,36.06,43.22,41.98,14.8,274,253,16,False,False,Inter-Election,794,293,234,16,True,274.0,273.7,0.183,0.042,0.3,0.0,0.644,253.0,253.3,0.183,-0.042,-0.3,0.0,-0.644,-27.79,-28.18,0.155,0.0537,0.39,-0.06,0.702
2026-08-08,-27.882,36.06,43.22,41.98,14.8,274,253,16,False,False,Inter-Election,795,293,234,16,True,274.0,273.73,0.183,0.0392,0.27,0.0,0.6,253.0,253.27,0.183,-0.0392,-0.27,0.0,-0.6,-27.81,-28.14,0.155,0.049,0.33,0.0,0.626
2026-08-09,-27.84,36.08,43.22,41.98,14.8,274,253,16,False,False,Inter-Election,796,293,234,16,True,274.0,273.77,0.183,0.0358,0.23,0.0,0.535,253.0,253.23,0.183,-0.0358,-0.23,0.0,-0.535,-27.82,-28.1,0.154,0.0438,0.28,0.12,0.57
2026-08-10,-27.798,36.1,43.23,41.98,14.8,274,253,16,False,False,Inter-Election,797,293,234,16,True,274.0,273.8,0.183,0.032,0.2,0.0,0.492,253.0,253.2,0.183,-0.032,-0.2,0.0,-0.492,-27.82,-28.05,0.154,0.0382,0.23,0.21,0.512
2026-08-11,-27.808,36.1,43.23,41.98,14.8,274,253,16,False,False,Inter-Election,798,293,234,16,True,274.0,273.83,0.183,0.0278,0.17,0.0,0.448,253.0,253.17,0.183,-0.0278,-0.17,0.0,-0.448,-27.84,-28.01,0.154,0.032,0.17,0.02,0.428
2026-08-12,-27.551,36.22,43.23,41.97,14.8,274,253,16,False,False,Inter-Election,799,293,234,16,True,274.0,273.87,0.183,0.0231,0.13,0.0,0.376,253.0,253.13,0.183,-0.0231,-0.13,0.0,-0.376,-27.81,-27.96,0.155,0.0285,0.15,0.07,0.412
2026-08-13,-27.488,36.26,43.24,41.97,14.79,274,253,16,False,False,Inter-Election,800,293,234,16,True,274.0,273.9,0.183,0.018,0.1,0.0,0.328,253.0,253.1,0.183,-0.018,-0.1,0.0,-0.328,-27.75,-27.91,0.155,0.0252,0.16,0.13,0.484
2026-08-14,-27.175,36.41,43.25,41.96,14.79,274,253,16,False,False,Inter-Election,801,293,234,16,True,274.0,273.93,0.183,0.0125,0.07,0.0,0.276,253.0,253.07,0.183,-0.0125,-0.07,0.0,-0.276,-27.65,-27.86,0.162,0.0236,0.21,0.6,0.679
2026-08-15,-27.19,36.41,43.25,41.96,14.79,274,253,16,False,False,Inter-Election,802,293,234,16,True,274.0,273.97,0.183,0.0065,0.03,0.0,0.164,253.0,253.03,0.183,-0.0065,-0.03,0.0,-0.164,-27.55,-27.8,0.16,0.0204,0.25,0.59,0.973
2026-08-16,-27.213,36.39,43.25,41.96,14.79,274,253,16,False,False,Inter-Election,803,293,234,16,True,274.0,274.0,0.183,-0.0,0.0,0.0,,253.0,253.0,0.183,-0.0,0.0,0.0,,-27.46,-27.76,0.141,0.0194,0.3,0.56,1.233
