date,Corruption,Don't Know/Can't Say,Electricity Road Water,Epidemics such as Corona etc.,Familiy Income Poverty,Other Issues,Rising Prices,Terror Attacks,Unemployment
2019-01-01,9.62,8.29,5.52,0.0,8.71,26.17,9.35,3.89,28.45
2019-01-02,9.95,8.36,5.21,0.0,8.73,26.97,8.92,3.36,28.5
2019-01-03,9.86,8.27,5.07,0.0,9.04,27.21,8.65,3.21,28.69
2019-01-04,9.88,8.17,4.88,0.0,9.29,27.11,8.49,2.99,29.19
2019-01-05,10.04,8.01,5.02,0.0,9.4,27.84,8.62,2.73,28.34
2019-01-06,10.11,8.3,4.72,0.0,9.17,27.9,8.33,2.44,29.03
2019-01-07,10.03,8.4,4.53,0.0,9.09,28.18,8.18,2.69,28.9
2019-01-08,10.08,8.05,5.08,0.0,9.4,28.38,7.55,2.51,28.95
2019-01-09,10.4,7.75,5.19,0.0,9.41,28.42,7.72,2.46,28.65
2019-01-10,10.07,7.82,5.35,0.0,9.3,29.13,7.96,2.32,28.05
2019-01-11,10.27,7.43,5.47,0.0,9.4,30.37,7.4,2.15,27.51
2019-01-12,10.23,7.17,5.68,0.0,9.58,30.57,7.13,2.14,27.5
2019-01-13,10.2,7.15,5.75,0.0,9.65,30.54,7.2,2.13,27.38
2019-01-14,10.14,7.2,5.74,0.0,9.73,30.48,7.17,2.12,27.42
2019-01-15,10.3,7.29,5.96,0.0,9.86,30.31,7.21,2.06,27.01
2019-01-16,10.34,7.39,5.72,0.0,9.67,29.82,6.94,2.48,27.64
2019-01-17,10.08,6.99,5.89,0.0,9.47,30.68,6.88,2.65,27.36
2019-01-18,9.67,7.06,6.0,0.0,9.74,29.45,6.95,2.78,28.35
2019-01-19,9.52,7.35,5.72,0.0,9.81,28.78,7.17,2.9,28.75
2019-01-20,9.71,7.23,5.84,0.0,9.01,29.09,7.07,2.98,29.07
2019-01-21,9.71,7.21,5.85,0.0,9.02,29.14,7.02,2.98,29.07
2019-01-22,9.78,7.24,5.56,0.0,9.69,29.35,6.87,2.88,28.63
2019-01-23,9.85,7.55,5.67,0.0,9.5,28.46,6.22,3.41,29.34
2019-01-24,10.11,8.23,5.2,0.0,9.59,28.27,6.56,3.41,28.63
2019-01-25,10.47,8.04,5.18,0.0,9.42,28.53,6.69,3.7,27.97
2019-01-26,10.83,8.09,5.18,0.0,9.62,28.43,6.5,3.91,27.44
2019-01-27,10.85,8.16,5.19,0.0,9.69,28.49,6.51,3.87,27.24
2019-01-28,10.9,8.47,5.5,0.0,9.39,28.89,6.22,3.51,27.12
2019-01-29,10.43,8.8,5.33,0.0,9.65,28.82,6.22,3.46,27.29
2019-01-30,10.4,8.96,5.53,0.0,9.62,28.88,6.37,3.38,26.86
2019-01-31,10.19,9.16,5.51,0.0,9.44,29.72,6.66,3.28,26.04
2019-02-01,10.44,8.95,6.01,0.0,9.89,28.85,6.39,3.0,26.47
2019-02-02,9.89,9.39,5.98,0.0,10.31,28.53,5.88,2.57,27.45
2019-02-03,10.12,9.38,6.15,0.0,10.16,28.05,5.91,2.62,27.61
2019-02-04,10.16,9.27,6.06,0.0,9.98,28.67,5.85,2.59,27.42
2019-02-05,9.91,9.8,5.37,0.0,10.31,28.18,5.95,2.79,27.69
2019-02-06,10.58,9.98,5.33,0.0,9.49,28.39,6.12,2.37,27.74
2019-02-07,10.41,10.17,5.11,0.0,9.12,27.49,6.27,2.53,28.9
2019-02-08,10.4,10.09,5.22,0.0,9.21,27.61,6.17,2.42,28.88
2019-02-09,10.34,10.31,5.28,0.0,9.15,27.76,6.01,2.46,28.69
2019-02-10,10.39,10.41,5.23,0.0,9.08,27.69,5.95,2.46,28.79
2019-02-11,10.29,10.29,5.25,0.0,9.1,27.88,5.97,2.46,28.76
2019-02-12,10.03,10.22,5.5,0.0,9.05,27.71,6.07,2.56,28.86
2019-02-13,9.53,9.35,6.36,0.0,9.43,25.5,6.96,2.55,30.32
2019-02-14,8.57,9.05,5.64,0.0,8.68,26.14,6.46,2.79,32.67
2019-02-15,8.45,8.78,5.45,0.0,8.49,25.43,5.94,6.1,31.36
2019-02-16,8.74,8.38,5.16,0.0,8.62,25.09,5.78,9.43,28.8
2019-02-17,8.74,8.39,5.16,0.0,8.6,25.06,5.86,9.47,28.72
2019-02-18,8.82,8.26,5.14,0.0,8.54,25.13,5.8,9.72,28.59
2019-02-19,8.85,8.39,5.06,0.0,8.59,24.99,5.85,9.79,28.48
2019-02-20,8.75,8.32,5.37,0.0,7.9,23.94,5.49,13.26,26.97
2019-02-21,8.48,7.95,5.09,0.0,7.48,22.66,4.68,19.1,24.56
2019-02-22,8.14,7.14,5.32,0.0,7.13,22.41,4.41,22.89,22.56
2019-02-23,7.99,6.9,4.96,0.0,6.9,21.55,4.15,25.65,21.9
2019-02-24,7.77,6.87,5.07,0.0,6.38,20.66,3.95,27.33,21.97
2019-02-25,7.8,6.75,4.86,0.0,6.12,20.95,4.12,27.54,21.86
2019-02-26,8.64,7.03,4.69,0.0,6.09,21.12,4.23,26.49,21.71
2019-02-27,8.45,7.32,4.3,0.0,6.21,21.11,4.43,26.29,21.89
2019-02-28,8.7,7.14,3.79,0.0,6.36,20.75,4.24,26.85,22.17
2019-03-01,8.59,7.44,4.04,0.0,6.23,20.63,4.27,26.74,22.06
2019-03-02,8.96,7.52,4.22,0.0,6.22,20.74,4.21,26.22,21.91
2019-03-03,8.98,7.85,3.89,0.0,6.42,21.15,4.42,25.65,21.64
2019-03-04,8.93,7.98,3.87,0.0,6.45,21.1,4.43,25.66,21.58
2019-03-05,8.69,8.28,3.92,0.0,6.66,20.99,4.26,25.81,21.39
2019-03-06,8.29,8.49,3.86,0.0,6.81,20.56,4.33,25.76,21.9
2019-03-07,8.5,8.18,3.94,0.0,6.99,20.69,3.84,26.12,21.74
2019-03-08,8.56,7.12,4.17,0.0,6.47,20.5,3.66,27.2,22.32
2019-03-09,9.31,7.23,3.85,0.0,7.85,18.96,3.75,27.79,21.26
2019-03-10,8.99,6.79,3.9,0.0,7.83,19.7,3.34,28.85,20.6
2019-03-11,8.39,7.42,3.75,0.0,7.99,20.51,3.66,27.86,20.42
2019-03-12,8.67,7.8,3.85,0.0,7.77,20.52,3.76,25.9,21.73
2019-03-13,8.45,7.83,4.06,0.0,7.82,20.38,3.92,25.44,22.1
2019-03-14,8.36,7.79,4.18,0.0,7.52,21.34,4.03,24.86,21.92
2019-03-15,8.49,8.46,4.22,0.0,7.62,21.37,4.13,23.24,22.47
2019-03-16,8.63,8.38,4.34,0.0,7.93,22.41,4.35,21.07,22.89
2019-03-17,8.5,8.54,4.63,0.0,7.56,23.35,4.16,20.2,23.06
2019-03-18,8.55,8.38,4.92,0.0,7.76,22.33,4.13,19.72,24.21
2019-03-19,9.01,8.8,5.14,0.0,7.51,22.1,4.0,18.64,24.8
2019-03-20,9.08,8.48,4.98,0.0,7.58,22.58,4.09,17.7,25.51
2019-03-21,8.98,8.73,4.86,0.0,7.78,22.65,4.04,17.03,25.93
2019-03-22,9.25,8.74,4.9,0.0,7.81,22.05,4.04,16.53,26.68
2019-03-23,9.32,8.82,4.85,0.0,7.62,22.3,4.16,16.13,26.8
2019-03-24,9.49,8.82,5.04,0.0,7.54,22.17,4.07,15.6,27.27
2019-03-25,9.46,8.9,4.73,0.0,7.48,22.3,4.1,15.08,27.95
2019-03-26,9.55,8.89,4.46,0.0,7.36,22.78,3.94,15.01,28.01
2019-03-27,9.32,8.68,4.3,0.0,7.65,23.15,3.95,15.14,27.81
2019-03-28,9.5,8.81,4.5,0.0,7.68,22.86,4.1,14.98,27.57
2019-03-29,9.41,8.57,4.57,0.0,7.54,23.39,4.18,15.05,27.29
2019-03-30,9.29,8.59,4.45,0.0,7.27,23.54,4.05,14.96,27.85
2019-03-31,9.48,9.07,4.43,0.0,7.43,23.31,4.09,14.72,27.47
2019-04-01,9.29,8.8,4.22,0.0,7.57,23.5,4.21,14.49,27.92
2019-04-02,9.62,8.69,4.39,0.0,7.94,23.37,4.26,14.41,27.32
2019-04-03,9.34,9.72,4.65,0.0,7.72,23.37,4.43,13.44,27.33
2019-04-04,9.35,9.13,4.74,0.0,7.64,23.44,4.24,13.26,28.2
2019-04-05,9.29,9.07,4.68,0.0,7.69,23.3,4.16,12.94,28.87
2019-04-06,9.54,9.0,4.71,0.0,7.8,23.19,4.61,12.55,28.6
2019-04-07,9.66,8.97,4.74,0.0,8.0,23.2,4.63,12.51,28.29
2019-04-08,9.62,8.63,4.97,0.0,8.15,23.52,4.68,12.49,27.94
2019-04-09,9.66,8.87,4.92,0.0,8.2,23.34,4.6,12.18,28.23
2019-04-10,9.55,8.91,4.97,0.0,8.32,23.69,4.54,11.61,28.41
2019-04-11,9.72,8.67,4.75,0.0,8.61,23.21,4.46,11.51,29.07
2019-04-12,9.76,8.66,4.82,0.0,8.72,23.05,4.95,11.28,28.76
2019-04-13,9.68,8.64,4.83,0.0,8.6,23.21,5.02,11.63,28.39
2019-04-14,10.02,8.66,4.84,0.0,8.73,22.92,4.65,12.05,28.13
2019-04-15,9.82,8.95,5.05,0.0,8.34,23.45,4.69,11.72,27.98
2019-04-16,9.81,8.76,5.04,0.0,8.24,23.58,4.47,11.78,28.32
2019-04-17,9.95,8.69,5.22,0.0,8.11,23.52,4.56,11.97,27.98
2019-04-18,9.94,8.48,5.6,0.0,7.83,23.58,4.53,11.81,28.23
2019-04-19,10.15,8.2,5.62,0.0,7.6,23.92,4.97,11.75,27.79
2019-04-20,10.1,8.45,5.82,0.0,7.6,23.58,4.58,11.62,28.25
2019-04-21,10.07,8.5,5.79,0.0,7.57,23.55,4.63,11.68,28.21
2019-04-22,10.09,8.36,5.8,0.0,7.62,23.63,4.6,11.6,28.3
2019-04-23,10.04,8.46,5.77,0.0,7.59,23.68,4.6,11.63,28.23
2019-04-24,10.07,8.29,5.74,0.0,7.65,23.78,4.56,11.55,28.36
2019-04-25,9.87,8.33,5.79,0.0,8.0,23.4,4.51,11.52,28.58
2019-04-26,10.07,8.16,5.64,0.0,8.05,23.06,4.86,11.74,28.42
2019-04-27,9.88,8.3,5.6,0.0,8.23,22.84,4.58,11.97,28.6
2019-04-28,9.8,8.29,5.58,0.0,8.2,22.93,4.42,12.06,28.72
2019-04-29,9.78,8.66,5.8,0.0,8.21,22.67,4.44,11.74,28.7
2019-04-30,9.86,8.54,5.72,0.0,8.08,22.55,4.57,11.63,29.05
2019-05-01,9.84,8.38,5.82,0.0,8.17,22.44,4.74,11.57,29.04
2019-05-02,9.68,8.59,6.09,0.0,8.22,22.26,4.88,11.5,28.78
2019-05-03,9.68,8.63,6.08,0.0,8.25,22.23,4.9,11.46,28.77
2019-05-04,9.71,8.66,6.06,0.0,8.1,22.0,4.72,11.63,29.12
2019-05-05,9.52,8.76,6.47,0.0,7.91,22.28,4.66,11.28,29.12
2019-05-06,9.17,8.95,6.91,0.0,8.08,22.41,4.94,10.9,28.64
2019-05-07,9.32,8.81,6.79,0.0,7.69,23.04,4.82,10.85,28.68
2019-05-08,9.14,8.81,6.89,0.0,8.03,22.65,4.83,10.46,29.19
2019-05-09,9.45,8.91,6.61,0.0,8.25,22.67,4.93,10.17,29.01
2019-05-10,9.53,8.79,6.26,0.0,8.61,22.6,4.93,10.3,28.98
2019-05-11,9.55,9.25,6.22,0.0,8.37,22.98,5.05,10.09,28.49
2019-05-12,9.67,9.16,6.23,0.0,8.52,23.14,5.22,9.76,28.3
2019-05-13,9.76,9.21,6.09,0.0,8.82,23.12,5.51,9.39,28.1
2019-05-14,9.7,9.5,5.87,0.0,8.95,23.06,5.17,9.7,28.05
2019-05-15,9.75,9.9,5.86,0.0,9.1,22.73,5.45,9.41,27.8
2019-05-16,9.92,9.98,5.88,0.0,9.16,23.12,5.36,9.16,27.42
2019-05-17,10.15,10.18,5.76,0.0,8.92,23.19,5.39,8.94,27.47
2019-05-18,9.93,10.34,5.96,0.0,8.96,23.45,5.48,8.4,27.48
2019-05-19,9.69,10.0,6.38,0.0,8.75,23.56,5.62,8.28,27.72
2019-05-20,9.19,9.82,6.94,0.0,8.68,23.7,5.42,8.12,28.13
2019-05-21,9.09,10.33,6.98,0.0,8.43,23.37,5.44,7.85,28.51
2019-05-22,8.95,9.97,7.1,0.0,8.5,23.66,5.65,7.31,28.86
2019-05-23,8.8,9.98,7.17,0.0,8.5,23.93,5.53,7.1,28.99
2019-05-24,9.16,9.57,7.08,0.0,8.19,24.32,6.01,6.61,29.06
2019-05-25,9.11,9.64,7.68,0.0,8.22,24.24,6.14,6.3,28.67
2019-05-26,9.11,9.64,7.68,0.0,8.22,24.24,6.14,6.3,28.67
2019-05-27,8.95,9.57,7.63,0.0,8.03,24.66,6.4,5.87,28.89
2019-05-28,8.71,9.23,7.88,0.0,8.27,25.31,6.59,6.12,27.89
2019-05-29,7.88,8.35,7.47,0.0,8.54,26.18,6.72,6.26,28.6
2019-05-30,7.61,8.08,7.49,0.0,8.28,26.68,6.86,6.12,28.88
2019-05-31,7.59,8.68,8.31,0.0,8.88,26.19,7.16,5.51,27.68
2019-06-01,7.59,8.68,8.31,0.0,8.88,26.19,7.16,5.51,27.68
2019-06-02,7.59,8.68,8.31,0.0,8.88,26.19,7.16,5.51,27.68
2019-06-03,7.58,8.9,8.36,0.0,8.77,25.91,7.12,5.86,27.5
2019-06-04,8.24,8.59,8.23,0.0,8.74,25.78,6.96,5.71,27.75
2019-06-05,8.24,8.59,8.23,0.0,8.74,25.78,6.96,5.71,27.75
2019-06-06,7.44,8.95,8.34,0.0,8.72,25.95,5.96,6.25,28.39
2019-06-07,7.5,9.13,8.55,0.0,9.26,25.16,5.87,6.37,28.16
2019-06-08,7.51,9.3,8.48,0.0,8.91,24.6,5.79,5.63,29.78
2019-06-09,7.51,9.3,8.48,0.0,8.91,24.6,5.79,5.63,29.78
2019-06-10,7.35,10.3,8.69,0.0,8.79,24.26,5.83,5.55,29.23
2019-06-11,7.61,10.15,9.23,0.0,9.39,23.5,5.64,5.47,29.01
2019-06-12,8.49,10.0,8.79,0.0,8.93,24.16,5.41,5.83,28.39
2019-06-13,8.79,9.54,9.41,0.0,8.86,23.52,5.39,5.77,28.72
2019-06-14,8.83,9.38,9.95,0.0,8.87,23.47,5.26,5.81,28.43
2019-06-15,9.16,9.04,10.08,0.0,9.2,22.67,5.15,6.03,28.67
2019-06-16,9.16,9.04,10.08,0.0,9.2,22.67,5.15,6.03,28.67
2019-06-17,8.88,8.81,10.39,0.0,9.41,22.56,5.26,5.92,28.77
2019-06-18,8.81,8.61,10.2,0.0,9.33,23.06,5.09,6.22,28.68
2019-06-19,8.51,9.18,10.27,0.0,9.71,22.97,4.98,6.23,28.15
2019-06-20,8.04,9.27,10.56,0.0,9.67,23.68,5.77,5.92,27.09
2019-06-21,7.78,9.17,10.58,0.0,9.7,24.45,5.17,6.23,26.92
2019-06-22,8.35,9.03,10.09,0.0,9.38,23.8,5.0,6.59,27.76
2019-06-23,8.35,9.03,10.09,0.0,9.38,23.8,5.0,6.59,27.76
2019-06-24,8.94,9.16,10.16,0.0,8.29,23.67,5.15,6.82,27.81
2019-06-25,8.87,9.32,9.95,0.0,8.46,23.89,5.35,6.85,27.31
2019-06-26,9.06,9.11,10.03,0.0,8.4,24.29,5.29,6.84,26.98
2019-06-27,9.41,10.01,10.24,0.0,8.09,24.59,5.58,5.74,26.34
2019-06-28,9.68,9.72,10.59,0.0,8.13,23.78,4.85,5.48,27.77
2019-06-29,9.1,10.08,11.01,0.0,7.99,23.37,4.23,4.83,29.39
2019-06-30,9.1,10.08,11.01,0.0,7.99,23.37,4.23,4.83,29.39
2019-07-01,8.92,9.36,10.77,0.0,8.03,24.32,3.97,4.76,29.87
2019-07-02,9.69,9.02,11.75,0.0,7.5,24.15,3.74,4.42,29.73
2019-07-03,9.32,8.7,11.21,0.0,8.12,24.66,3.82,4.87,29.3
2019-07-04,8.08,9.56,10.28,0.0,8.31,25.44,4.8,4.86,28.67
2019-07-05,7.94,9.8,10.17,0.0,7.98,25.78,4.94,4.9,28.49
2019-07-06,7.93,9.79,10.2,0.0,7.98,25.79,4.95,4.9,28.46
2019-07-07,7.93,9.79,10.2,0.0,7.98,25.79,4.95,4.9,28.46
2019-07-08,8.13,9.43,10.04,0.0,7.5,26.16,5.15,4.99,28.6
2019-07-09,8.1,8.97,10.02,0.0,7.6,26.16,5.73,4.6,28.82
2019-07-10,7.82,8.42,9.98,0.0,7.79,26.39,5.84,4.59,29.17
2019-07-11,8.15,9.37,9.62,0.0,7.82,25.64,5.76,4.51,29.13
2019-07-12,8.15,9.64,9.75,0.0,8.03,25.0,5.6,4.13,29.7
2019-07-13,8.13,9.64,9.75,0.0,8.03,25.05,5.62,4.14,29.64
2019-07-14,8.13,9.64,9.75,0.0,8.03,25.05,5.62,4.14,29.64
2019-07-15,8.76,9.68,9.65,0.0,8.26,25.57,6.3,4.12,27.66
2019-07-16,9.31,9.82,9.22,0.0,8.24,25.35,6.4,4.38,27.28
2019-07-17,9.31,9.82,9.22,0.0,8.24,25.35,6.4,4.38,27.28
2019-07-18,9.32,10.21,9.53,0.0,8.04,24.7,6.63,4.53,27.04
2019-07-19,8.94,9.25,10.1,0.0,8.1,26.47,6.32,4.74,26.08
2019-07-20,8.89,9.46,9.13,0.0,8.47,27.07,5.88,4.47,26.63
2019-07-21,8.89,9.46,9.13,0.0,8.47,27.07,5.88,4.47,26.63
2019-07-22,8.65,9.41,9.14,0.0,8.17,28.4,5.96,4.02,26.25
2019-07-23,8.42,9.55,9.16,0.0,8.42,28.49,6.08,3.98,25.9
2019-07-24,8.33,9.36,9.02,0.0,9.08,28.73,6.09,3.56,25.83
2019-07-25,7.36,9.12,9.64,0.0,8.9,28.3,6.42,3.73,26.53
2019-07-26,7.36,9.09,10.1,0.0,8.57,28.31,6.26,3.95,26.36
2019-07-27,7.46,9.22,9.65,0.0,8.18,29.63,5.08,4.46,26.32
2019-07-28,7.46,9.22,9.65,0.0,8.18,29.63,5.08,4.46,26.32
2019-07-29,7.26,8.73,9.49,0.0,8.33,30.61,4.95,4.66,25.97
2019-07-30,7.37,8.95,8.89,0.0,8.24,30.16,4.81,4.54,27.04
2019-07-31,7.07,9.08,8.7,0.0,8.42,29.87,4.94,4.68,27.24
2019-08-01,7.32,9.55,9.4,0.0,8.0,28.99,4.95,4.47,27.32
2019-08-02,7.12,10.48,8.65,0.0,8.45,30.0,4.78,3.95,26.57
2019-08-03,7.12,10.48,8.65,0.0,8.45,30.0,4.78,3.95,26.57
2019-08-04,7.12,10.48,8.65,0.0,8.45,30.0,4.78,3.95,26.57
2019-08-05,7.05,10.58,8.14,0.0,8.45,28.75,5.24,4.57,27.22
2019-08-06,7.05,10.88,8.04,0.0,8.42,28.45,5.53,4.55,27.08
2019-08-07,7.14,11.48,7.82,0.0,7.91,28.43,5.44,4.83,26.95
2019-08-08,7.27,11.89,7.92,0.0,7.82,27.77,5.29,4.93,27.11
2019-08-09,7.7,11.67,8.05,0.0,7.4,27.03,5.85,4.69,27.61
2019-08-10,7.76,11.7,7.54,0.0,7.01,27.76,5.69,4.68,27.86
2019-08-11,7.76,11.7,7.54,0.0,7.01,27.76,5.69,4.68,27.86
2019-08-12,7.76,11.7,7.54,0.0,7.01,27.76,5.69,4.68,27.86
2019-08-13,7.56,11.61,7.32,0.0,7.09,28.17,5.65,4.58,28.02
2019-08-14,7.56,11.62,7.32,0.0,7.09,28.2,5.64,4.55,28.02
2019-08-15,7.56,11.62,7.32,0.0,7.09,28.2,5.64,4.55,28.02
2019-08-16,7.74,11.3,7.49,0.0,7.18,28.78,5.21,4.29,28.01
2019-08-17,8.03,11.5,6.97,0.0,7.18,30.23,5.22,4.26,26.61
2019-08-18,8.03,11.5,6.97,0.0,7.18,30.23,5.22,4.26,26.61
2019-08-19,7.82,11.77,6.97,0.0,7.28,29.59,5.02,4.54,27.01
2019-08-20,8.05,11.45,7.07,0.0,7.37,30.18,5.59,4.63,25.66
2019-08-21,7.47,11.02,7.11,0.0,7.58,30.16,5.21,5.03,26.42
2019-08-22,7.48,11.13,6.92,0.0,7.63,30.2,5.23,5.03,26.38
2019-08-23,7.56,11.03,6.82,0.0,7.81,30.16,5.17,5.07,26.38
2019-08-24,7.56,11.03,6.82,0.0,7.81,30.16,5.17,5.07,26.38
2019-08-25,7.56,11.03,6.82,0.0,7.81,30.16,5.17,5.07,26.38
2019-08-26,7.5,10.93,6.83,0.0,7.93,30.2,5.14,5.07,26.4
2019-08-27,7.47,10.83,6.82,0.0,8.09,30.11,5.13,5.07,26.48
2019-08-28,7.35,10.97,6.38,0.0,8.01,30.32,5.16,5.1,26.71
2019-08-29,6.46,10.41,6.49,0.0,8.03,31.07,5.84,4.9,26.8
2019-08-30,6.71,10.21,6.83,0.0,8.03,31.61,5.15,4.92,26.54
2019-08-31,6.7,10.22,6.64,0.0,8.19,31.82,5.03,4.91,26.49
2019-09-01,6.7,10.22,6.64,0.0,8.19,31.82,5.03,4.91,26.49
2019-09-02,6.7,10.22,6.64,0.0,8.19,31.82,5.03,4.91,26.49
2019-09-03,6.62,10.2,6.58,0.0,8.18,31.92,5.08,4.88,26.54
2019-09-04,6.56,10.19,6.64,0.0,8.29,31.86,5.06,4.91,26.49
2019-09-05,6.51,10.11,6.78,0.0,8.15,31.84,5.14,4.96,26.51
2019-09-06,6.56,10.17,6.57,0.0,8.16,31.81,5.16,4.98,26.59
2019-09-07,6.55,10.12,6.7,0.0,8.09,31.86,5.06,4.99,26.63
2019-09-08,6.55,10.12,6.7,0.0,8.09,31.86,5.06,4.99,26.63
2019-09-09,6.48,10.15,6.97,0.0,8.14,31.79,4.97,4.97,26.53
2019-09-10,6.48,10.11,6.94,0.0,8.15,31.81,4.97,4.98,26.56
2019-09-11,6.54,10.17,6.97,0.0,8.08,31.8,4.93,4.98,26.53
2019-09-12,6.56,10.11,6.82,0.0,8.33,31.88,4.87,4.93,26.5
2019-09-13,6.7,10.09,6.95,0.0,8.36,31.96,4.8,4.93,26.21
2019-09-14,6.68,10.15,6.89,0.0,8.46,31.8,4.78,4.9,26.34
2019-09-15,6.68,10.15,6.89,0.0,8.46,31.8,4.78,4.9,26.34
2019-09-16,6.73,10.1,6.91,0.0,8.35,32.0,4.72,4.84,26.35
2019-09-17,6.64,10.07,6.79,0.0,8.46,32.0,4.76,4.85,26.43
2019-09-18,6.57,9.98,6.76,0.0,8.46,32.15,4.82,4.81,26.45
2019-09-19,6.61,9.53,6.81,0.0,8.37,31.59,4.77,4.44,27.88
2019-09-20,6.55,9.9,6.25,0.0,7.92,32.18,5.07,4.43,27.7
2019-09-21,6.57,9.11,5.98,0.0,7.96,32.64,5.22,4.52,28.0
2019-09-22,6.57,9.11,5.98,0.0,7.96,32.64,5.22,4.52,28.0
2019-09-23,6.46,9.09,5.71,0.0,8.1,32.76,5.36,4.55,27.97
2019-09-24,6.47,9.13,5.77,0.0,8.1,32.78,5.37,4.62,27.76
2019-09-25,6.66,9.2,5.73,0.0,7.87,32.84,5.32,4.65,27.73
2019-09-26,6.67,9.11,5.69,0.0,8.06,32.68,5.27,4.75,27.77
2019-09-27,7.5,9.51,5.31,0.0,7.9,31.76,5.96,4.88,27.18
2019-09-28,7.5,9.51,5.31,0.0,7.9,31.76,5.96,4.88,27.18
2019-09-29,7.5,9.51,5.31,0.0,7.9,31.76,5.96,4.88,27.18
2019-09-30,7.66,9.5,5.31,0.0,7.15,31.7,5.95,4.37,28.36
2019-10-01,7.52,9.34,5.32,0.0,7.21,31.93,5.95,4.3,28.43
2019-10-02,7.52,9.34,5.32,0.0,7.21,31.93,5.95,4.3,28.43
2019-10-03,7.43,9.53,5.4,0.0,7.18,31.9,5.94,4.2,28.42
2019-10-04,7.6,9.48,5.38,0.0,7.14,31.9,6.3,4.37,27.83
2019-10-05,7.33,8.46,5.63,0.0,7.45,31.02,6.83,4.17,29.11
2019-10-06,7.33,8.46,5.63,0.0,7.45,31.02,6.83,4.17,29.11
2019-10-07,7.04,8.16,5.57,0.0,7.53,30.9,6.76,4.3,29.74
2019-10-08,7.04,8.16,5.57,0.0,7.53,30.9,6.76,4.3,29.74
2019-10-09,7.1,7.97,5.47,0.0,7.57,31.0,6.82,4.27,29.8
2019-10-10,7.22,7.92,5.54,0.0,7.54,31.12,6.77,4.26,29.63
2019-10-11,7.47,7.7,5.58,0.0,7.21,30.94,6.36,4.37,30.37
2019-10-12,7.34,7.66,5.17,0.0,7.36,31.26,6.23,4.19,30.79
2019-10-13,7.34,7.66,5.17,0.0,7.36,31.26,6.23,4.19,30.79
2019-10-14,7.27,7.73,5.31,0.0,7.42,31.08,6.22,4.26,30.71
2019-10-15,7.43,7.66,5.34,0.0,7.44,30.97,6.12,4.26,30.78
2019-10-16,7.46,7.64,5.56,0.0,7.46,30.76,6.2,4.26,30.66
2019-10-17,7.4,7.77,5.38,0.0,7.62,30.86,6.23,4.21,30.53
2019-10-18,7.26,8.34,5.59,0.0,7.52,31.05,6.29,4.14,29.81
2019-10-19,6.66,8.77,5.3,0.0,7.77,30.98,5.61,4.25,30.66
2019-10-20,6.66,8.77,5.3,0.0,7.77,30.98,5.61,4.25,30.66
2019-10-21,6.61,8.71,5.33,0.0,7.85,30.97,5.53,4.34,30.66
2019-10-22,6.54,8.75,5.42,0.0,7.96,31.41,5.55,4.2,30.17
2019-10-23,6.55,8.8,5.32,0.0,8.12,31.54,5.6,4.19,29.88
2019-10-24,6.52,8.79,5.32,0.0,8.1,31.57,5.62,4.19,29.89
2019-10-25,6.5,8.72,5.24,0.0,8.23,31.57,5.63,4.19,29.92
2019-10-26,6.5,8.72,5.24,0.0,8.23,31.57,5.63,4.19,29.92
2019-10-27,6.5,8.72,5.24,0.0,8.23,31.57,5.63,4.19,29.92
2019-10-28,6.5,8.72,5.24,0.0,8.23,31.57,5.63,4.19,29.92
2019-10-29,6.5,8.72,5.24,0.0,8.23,31.57,5.63,4.19,29.92
2019-10-30,6.55,8.68,5.13,0.0,8.18,31.62,5.58,4.21,30.05
2019-10-31,6.87,8.49,5.1,0.0,8.35,31.92,5.67,4.2,29.4
2019-11-01,6.73,9.33,4.79,0.0,8.19,31.17,5.82,4.47,29.5
2019-11-02,6.8,9.36,4.77,0.0,8.18,31.15,5.76,4.4,29.58
2019-11-03,6.96,9.74,4.68,0.0,7.84,31.32,5.97,4.43,29.06
2019-11-04,7.05,9.33,4.48,0.0,7.72,32.23,6.61,4.31,28.27
2019-11-05,6.88,9.12,4.68,0.0,7.67,32.18,7.11,4.14,28.22
2019-11-06,6.99,9.2,4.73,0.0,7.58,31.93,7.13,4.0,28.44
2019-11-07,7.17,9.28,4.51,0.0,7.98,31.84,7.21,4.08,27.93
2019-11-08,7.17,9.23,4.56,0.0,8.04,31.48,7.33,3.94,28.25
2019-11-09,7.31,8.98,4.54,0.0,7.8,31.65,7.51,3.87,28.34
2019-11-10,7.38,9.47,4.41,0.0,7.77,31.66,7.32,3.88,28.11
2019-11-11,7.57,9.13,4.21,0.0,7.66,32.22,7.63,3.83,27.75
2019-11-12,7.47,8.82,4.21,0.0,7.77,32.5,7.65,3.81,27.77
2019-11-13,7.34,8.58,4.2,0.0,7.92,32.01,8.07,3.81,28.07
2019-11-14,7.32,8.57,4.29,0.0,7.87,31.69,8.28,3.78,28.2
2019-11-15,7.44,8.27,4.55,0.0,7.84,32.13,8.04,3.6,28.13
2019-11-16,7.62,8.63,4.64,0.0,7.72,31.37,8.4,3.56,28.06
2019-11-17,7.78,8.44,4.63,0.0,7.6,31.41,8.31,3.48,28.35
2019-11-18,7.99,8.62,4.56,0.0,7.48,31.48,8.21,3.3,28.36
2019-11-19,7.75,8.59,4.46,0.0,7.51,31.51,8.66,3.28,28.24
2019-11-20,7.78,8.38,4.55,0.0,7.36,31.08,8.86,3.22,28.77
2019-11-21,8.01,8.42,4.5,0.0,7.18,31.1,8.98,2.93,28.88
2019-11-22,8.09,8.55,4.57,0.0,7.05,31.09,8.74,3.02,28.89
2019-11-23,8.04,8.51,4.58,0.0,7.15,30.65,8.78,2.97,29.32
2019-11-24,7.76,8.07,4.46,0.0,7.08,31.08,8.99,3.07,29.49
2019-11-25,7.64,7.97,4.37,0.0,7.02,31.12,8.84,3.06,29.98
2019-11-26,7.75,8.06,4.38,0.0,7.03,31.77,8.34,3.07,29.6
2019-11-27,7.87,8.35,4.29,0.0,6.84,31.59,8.45,3.14,29.47
2019-11-28,7.86,8.42,4.24,0.0,6.75,31.79,8.43,3.05,29.46
2019-11-29,7.35,7.77,4.37,0.0,6.63,32.26,8.71,3.03,29.88
2019-11-30,7.3,7.9,4.23,0.0,6.69,32.26,8.39,3.05,30.18
2019-12-01,7.47,7.75,4.28,0.0,6.73,32.06,8.18,2.98,30.55
2019-12-02,7.71,7.93,4.25,0.0,6.56,32.98,8.06,2.81,29.7
2019-12-03,7.73,8.08,4.08,0.0,6.61,32.69,8.05,2.82,29.94
2019-12-04,7.74,7.93,4.16,0.0,6.63,32.64,7.76,2.73,30.41
2019-12-05,7.76,7.97,4.18,0.0,6.5,32.65,7.65,2.66,30.63
2019-12-06,8.0,7.89,4.28,0.0,6.77,32.92,7.65,2.39,30.1
2019-12-07,8.03,8.0,4.31,0.0,6.85,33.16,7.49,2.32,29.84
2019-12-08,7.96,7.88,4.36,0.0,6.75,32.97,7.82,2.34,29.92
2019-12-09,7.8,7.94,4.36,0.0,6.83,32.76,8.16,2.26,29.89
2019-12-10,7.75,7.98,4.38,0.0,7.05,32.72,8.48,2.18,29.46
2019-12-11,7.61,7.65,4.3,0.0,7.01,32.35,8.29,2.33,30.46
2019-12-12,7.5,7.64,4.3,0.0,7.05,32.32,8.27,2.35,30.57
2019-12-13,7.5,7.41,4.36,0.0,7.08,32.48,7.85,2.4,30.92
2019-12-14,7.33,7.05,4.34,0.0,7.03,32.32,7.96,2.29,31.68
2019-12-15,7.65,6.96,4.41,0.0,6.94,31.76,8.26,2.31,31.71
2019-12-16,7.67,6.97,4.39,0.0,6.96,31.56,8.61,2.31,31.53
2019-12-17,7.75,6.8,4.41,0.0,7.11,31.57,8.63,2.33,31.4
2019-12-18,7.84,7.07,4.42,0.0,7.4,31.22,8.79,2.35,30.91
2019-12-19,7.66,7.17,4.36,0.0,7.08,31.35,8.79,2.27,31.32
2019-12-20,8.02,7.25,4.43,0.0,7.05,31.34,8.77,2.21,30.93
2019-12-21,7.96,7.47,4.47,0.0,7.08,31.41,8.68,2.23,30.7
2019-12-22,8.1,7.65,4.47,0.0,7.25,31.44,8.16,2.29,30.64
2019-12-23,8.49,7.79,4.47,0.0,6.76,31.03,8.36,2.26,30.84
2019-12-24,8.4,7.93,4.41,0.0,6.64,31.3,8.45,2.3,30.57
2019-12-25,8.45,8.03,4.35,0.0,6.64,31.55,8.34,2.41,30.23
2019-12-26,8.5,8.09,4.3,0.0,6.46,31.99,8.14,2.52,30.0
2019-12-27,8.52,7.93,4.32,0.0,6.27,32.31,8.22,2.51,29.92
2019-12-28,8.55,8.13,4.26,0.0,6.11,32.42,8.31,2.46,29.76
2019-12-29,9.05,8.24,4.25,0.0,5.97,32.93,8.36,2.37,28.83
2019-12-30,8.66,8.71,4.02,0.0,6.22,33.5,8.36,2.31,28.22
2019-12-31,9.05,8.76,4.04,0.0,6.21,33.24,8.26,2.29,28.15
2020-01-01,9.08,8.93,4.36,0.0,6.26,32.98,8.45,2.3,27.64
2020-01-02,9.28,8.85,4.27,0.0,6.3,32.85,8.46,2.25,27.74
2020-01-03,9.28,8.94,4.16,0.0,6.39,33.2,7.96,2.21,27.86
2020-01-04,9.08,8.67,4.22,0.0,6.46,33.46,7.93,2.1,28.08
2020-01-05,9.5,8.76,4.31,0.0,6.48,33.32,7.91,2.12,27.6
2020-01-06,9.53,8.89,4.23,0.0,6.43,33.78,7.84,2.17,27.13
2020-01-07,9.31,8.99,4.2,0.0,6.6,33.63,7.86,2.28,27.13
2020-01-08,9.1,9.01,4.15,0.0,6.73,33.15,8.13,2.27,27.46
2020-01-09,8.99,8.98,4.26,0.0,6.42,32.88,8.24,2.3,27.93
2020-01-10,9.03,8.71,4.15,0.0,6.38,33.38,7.89,2.3,28.16
2020-01-11,8.77,8.66,4.26,0.0,6.42,33.3,7.91,2.4,28.28
2020-01-12,9.11,8.46,4.09,0.0,6.49,33.31,8.13,2.35,28.06
2020-01-13,9.31,8.3,4.03,0.0,6.55,33.3,8.08,2.32,28.11
2020-01-14,9.2,8.54,3.81,0.0,6.53,33.23,8.19,2.31,28.19
2020-01-15,9.17,8.75,3.89,0.0,7.16,32.99,8.03,2.26,27.75
2020-01-16,9.32,8.84,3.95,0.0,6.95,32.94,8.15,2.24,27.61
2020-01-17,9.52,8.82,3.99,0.0,7.03,32.75,7.98,2.27,27.64
2020-01-18,9.26,8.81,3.96,0.0,7.21,32.87,8.13,2.32,27.44
2020-01-19,9.12,8.98,4.05,0.0,7.15,32.95,7.9,2.25,27.6
2020-01-20,9.16,8.8,4.08,0.0,7.23,32.75,8.01,2.26,27.71
2020-01-21,9.23,8.84,4.19,0.0,7.06,32.87,7.94,2.16,27.71
2020-01-22,9.26,8.8,4.24,0.0,7.03,32.98,7.93,2.21,27.55
2020-01-23,9.53,8.84,4.3,0.0,7.11,32.46,8.24,2.16,27.36
2020-01-24,9.11,8.9,4.27,0.0,6.94,32.3,8.23,2.14,28.11
2020-01-25,9.26,8.83,4.25,0.0,6.86,32.64,8.29,2.11,27.76
2020-01-26,9.26,8.83,4.25,0.0,6.86,32.64,8.29,2.11,27.76
2020-01-27,9.25,8.82,4.19,0.0,6.85,32.77,8.21,2.1,27.81
2020-01-28,9.07,8.74,4.12,0.0,6.82,32.89,8.04,2.1,28.22
2020-01-29,9.09,8.83,4.34,0.0,6.65,32.7,7.94,2.15,28.3
2020-01-30,9.23,8.63,4.12,0.0,6.72,33.02,7.81,2.2,28.27
2020-01-31,9.19,8.7,3.84,0.0,6.64,32.91,8.02,2.15,28.55
2020-02-01,9.25,8.64,3.78,0.0,6.71,33.01,7.93,2.12,28.56
2020-02-02,9.25,8.64,3.78,0.0,6.71,33.01,7.93,2.12,28.56
2020-02-03,9.25,8.64,3.78,0.0,6.71,33.01,7.93,2.12,28.56
2020-02-04,9.34,8.71,3.69,0.0,6.56,33.08,7.87,2.12,28.63
2020-02-05,9.18,8.59,3.53,0.0,6.3,32.67,7.9,2.31,29.52
2020-02-06,10.1,8.67,3.42,0.0,5.79,31.42,7.93,2.39,30.28
2020-02-07,9.75,8.67,3.7,0.0,5.49,31.8,8.76,2.35,29.48
2020-02-08,9.73,8.74,3.69,0.0,5.52,31.78,8.74,2.33,29.47
2020-02-09,9.73,8.74,3.69,0.0,5.52,31.78,8.74,2.33,29.47
2020-02-10,9.55,8.58,3.59,0.0,5.72,31.84,8.46,2.34,29.92
2020-02-11,9.18,8.24,3.4,0.0,5.91,31.2,7.97,2.29,31.81
2020-02-12,9.66,8.48,3.61,0.0,5.89,30.9,7.0,2.44,32.02
2020-02-13,9.29,8.74,3.3,0.0,5.94,30.45,7.12,2.53,32.63
2020-02-14,9.54,8.58,3.26,0.0,5.99,30.66,7.59,2.51,31.87
2020-02-15,9.46,8.57,3.17,0.0,5.8,31.04,8.38,2.09,31.49
2020-02-16,9.46,8.57,3.17,0.0,5.8,31.04,8.38,2.09,31.49
2020-02-17,9.27,8.91,3.14,0.0,5.86,30.64,8.31,2.12,31.75
2020-02-18,8.74,8.64,3.14,0.0,5.96,30.67,8.42,2.14,32.29
2020-02-19,8.26,9.08,3.1,0.0,6.47,31.39,7.91,2.46,31.33
2020-02-20,8.43,8.78,3.09,0.0,6.56,31.86,7.9,2.48,30.9
2020-02-21,8.43,8.78,3.09,0.0,6.56,31.86,7.9,2.48,30.9
2020-02-22,8.38,8.6,3.04,0.0,6.76,32.71,7.9,2.48,30.13
2020-02-23,8.38,8.6,3.04,0.0,6.76,32.71,7.9,2.48,30.13
2020-02-24,8.08,8.84,2.94,0.0,6.85,32.96,7.8,2.35,30.18
2020-02-25,7.99,9.01,3.32,0.0,6.69,34.38,7.82,2.17,28.62
2020-02-26,8.46,8.83,3.52,0.0,6.73,33.9,7.75,2.13,28.68
2020-02-27,8.58,9.03,3.48,0.0,6.52,33.91,7.8,1.98,28.7
2020-02-28,8.46,8.58,3.53,0.0,6.2,34.2,8.31,2.2,28.52
2020-02-29,8.65,8.27,3.49,0.0,6.0,34.72,8.36,2.03,28.48
2020-03-01,8.65,8.27,3.49,0.0,6.0,34.72,8.36,2.03,28.48
2020-03-02,8.42,8.28,3.34,0.0,5.99,35.19,8.39,2.0,28.39
2020-03-03,8.55,8.39,3.0,0.0,5.87,35.7,8.07,2.06,28.36
2020-03-04,8.53,8.39,2.9,0.0,5.79,35.96,7.98,2.23,28.22
2020-03-05,8.54,8.49,2.85,0.0,5.63,36.37,8.02,2.19,27.91
2020-03-06,8.44,8.43,2.86,0.0,5.63,36.6,8.05,2.15,27.84
2020-03-07,8.46,8.54,2.94,0.0,5.46,36.8,7.97,2.18,27.65
2020-03-08,8.46,8.54,2.94,0.0,5.46,36.8,7.97,2.18,27.65
2020-03-09,8.44,8.47,2.89,0.0,5.46,36.86,8.01,2.19,27.68
2020-03-10,8.44,8.47,2.89,0.0,5.46,36.86,8.01,2.19,27.68
2020-03-11,8.44,8.47,2.89,0.0,5.46,36.86,8.01,2.19,27.68
2020-03-12,8.39,8.51,2.88,0.0,5.71,36.8,7.99,2.18,27.54
2020-03-13,8.46,8.4,2.87,0.0,5.81,36.65,8.04,2.2,27.57
2020-03-14,8.14,8.85,2.84,0.0,5.74,37.3,7.4,2.1,27.63
2020-03-15,8.14,8.85,2.84,0.0,5.74,37.3,7.4,2.1,27.63
2020-03-16,7.97,8.79,2.71,0.0,5.93,37.67,7.37,2.1,27.46
2020-03-17,7.81,8.86,2.63,0.0,5.8,37.91,7.36,2.05,27.58
2020-03-18,7.65,8.62,2.63,0.0,5.87,38.57,7.48,1.83,27.35
2020-03-19,7.39,8.59,2.46,0.54,5.84,38.29,7.55,1.76,27.58
2020-03-20,7.22,8.27,2.44,1.78,5.8,38.0,7.02,1.79,27.68
2020-03-21,7.22,8.07,2.42,3.3,5.95,37.54,6.55,1.61,27.34
2020-03-22,7.22,8.07,2.42,3.3,5.95,37.54,6.55,1.61,27.34
2020-03-23,7.04,7.92,2.09,6.11,5.84,37.66,6.3,1.51,25.53
2020-03-24,6.84,8.01,1.94,8.28,5.94,36.97,6.28,1.48,24.26
2020-03-25,6.84,8.01,1.94,8.28,5.94,36.97,6.28,1.48,24.26
2020-03-26,6.84,8.01,1.94,8.28,5.94,36.97,6.28,1.48,24.26
2020-03-27,6.15,7.57,1.81,11.06,6.57,36.04,6.12,1.33,23.35
2020-03-28,6.19,7.45,1.74,13.06,6.61,34.79,5.98,1.3,22.88
2020-03-29,6.2,7.45,1.74,13.06,6.61,34.78,5.98,1.3,22.88
2020-03-30,5.9,7.6,1.65,16.91,6.36,33.64,5.77,1.1,21.07
2020-03-31,5.28,6.87,1.56,20.42,6.79,32.62,5.38,1.07,20.01
2020-04-01,5.2,6.68,1.63,22.01,6.48,30.58,5.32,1.03,21.07
2020-04-02,4.83,6.18,1.54,24.65,6.53,29.09,5.03,0.96,21.19
2020-04-03,5.05,5.88,1.58,26.6,6.05,28.48,4.75,0.9,20.71
2020-04-04,5.05,5.88,1.58,26.6,6.05,28.48,4.75,0.9,20.71
2020-04-05,5.05,5.88,1.58,26.6,6.05,28.48,4.75,0.9,20.71
2020-04-06,5.05,5.88,1.58,26.6,6.05,28.48,4.75,0.9,20.71
2020-04-07,5.07,6.1,1.52,28.52,6.06,26.86,4.54,0.84,20.49
2020-04-08,5.45,6.28,1.48,28.74,6.11,26.19,5.06,0.83,19.86
2020-04-09,5.46,6.22,1.48,28.78,6.08,26.25,5.04,0.83,19.86
2020-04-10,5.45,6.25,1.48,28.88,6.06,26.27,5.0,0.83,19.78
2020-04-11,6.03,6.68,1.45,29.1,6.04,26.19,4.81,0.76,18.94
2020-04-12,6.03,6.68,1.45,29.1,6.04,26.19,4.81,0.76,18.94
2020-04-13,6.05,6.87,1.53,30.5,5.88,25.05,4.76,0.73,18.63
2020-04-14,5.91,6.76,1.42,30.9,6.13,25.15,4.73,0.72,18.28
2020-04-15,6.4,7.05,1.4,31.84,6.67,24.05,4.14,0.7,17.75
2020-04-16,6.13,8.61,1.45,30.95,7.32,22.62,4.09,0.73,18.1
2020-04-17,5.51,8.14,1.42,33.5,6.74,22.76,3.83,0.73,17.37
2020-04-18,5.51,8.13,1.52,33.74,6.95,22.77,3.46,0.73,17.19
2020-04-19,5.51,8.13,1.52,33.74,6.95,22.77,3.46,0.73,17.19
2020-04-20,5.69,8.41,1.48,33.93,7.4,22.3,3.44,0.71,16.64
2020-04-21,5.86,7.86,1.53,33.52,7.18,22.87,3.27,0.65,17.26
2020-04-22,5.82,7.79,1.54,33.36,7.46,22.21,3.32,0.57,17.93
2020-04-23,5.63,7.63,1.47,33.11,7.41,23.65,3.22,0.57,17.31
2020-04-24,5.27,7.9,1.43,32.74,7.64,24.03,3.29,0.6,17.1
2020-04-25,4.66,7.23,1.37,33.91,8.07,23.66,3.74,1.11,16.25
2020-04-26,4.62,7.19,1.33,34.15,7.7,23.31,3.59,0.96,17.15
2020-04-27,4.47,7.23,1.38,34.4,7.33,23.58,3.68,1.09,16.84
2020-04-28,4.33,7.38,1.9,34.32,7.36,24.12,3.48,1.09,16.02
2020-04-29,4.38,7.18,2.06,34.64,7.44,23.6,3.63,1.28,15.79
2020-04-30,4.59,6.94,1.83,34.16,7.95,23.25,3.37,1.2,16.71
2020-05-01,4.66,7.33,1.65,33.56,8.07,23.31,3.58,1.3,16.54
2020-05-02,4.77,7.52,1.59,32.87,7.94,24.44,3.28,1.36,16.23
2020-05-03,5.05,7.44,1.95,32.83,7.77,24.23,3.8,0.76,16.17
2020-05-04,5.01,7.35,1.98,32.96,7.81,24.2,3.35,0.76,16.58
2020-05-05,4.96,7.4,2.0,33.34,7.82,24.15,3.51,0.76,16.06
2020-05-06,5.08,7.56,1.5,33.57,7.81,23.92,3.31,0.8,16.45
2020-05-07,4.86,7.44,1.47,34.29,7.95,23.35,3.41,0.84,16.39
2020-05-08,5.14,7.77,1.73,33.97,7.7,22.55,3.27,0.96,16.91
2020-05-09,5.15,7.75,1.76,34.12,7.58,22.41,3.18,0.99,17.06
2020-05-10,5.16,7.5,1.76,34.08,7.43,22.6,3.13,1.01,17.33
2020-05-11,5.12,6.88,1.7,34.03,7.51,22.58,3.12,0.99,18.07
2020-05-12,5.15,6.76,1.81,34.38,7.2,22.4,2.99,0.97,18.34
2020-05-13,5.18,6.87,1.53,35.02,7.42,21.8,2.88,0.95,18.35
2020-05-14,5.18,6.81,1.52,34.7,7.51,22.2,2.74,0.93,18.41
2020-05-15,5.32,6.63,1.62,34.64,7.27,21.71,2.86,0.87,19.08
2020-05-16,5.33,6.25,1.61,33.73,7.3,22.09,2.95,0.89,19.85
2020-05-17,5.13,6.54,1.64,34.2,7.53,22.08,2.78,0.89,19.21
2020-05-18,5.09,6.5,1.7,32.9,7.82,22.63,2.75,0.8,19.81
2020-05-19,5.02,5.97,1.84,32.73,7.95,23.22,2.76,0.78,19.73
2020-05-20,4.78,5.8,1.2,32.99,7.88,23.42,2.65,0.76,20.52
2020-05-21,5.1,5.44,1.2,32.65,7.3,22.72,2.64,0.79,22.16
2020-05-22,5.11,5.52,1.2,31.87,6.79,23.1,2.85,0.82,22.74
2020-05-23,5.2,5.49,1.07,32.12,6.79,22.7,2.84,0.85,22.94
2020-05-24,5.32,5.37,1.03,32.26,6.79,23.18,2.58,0.86,22.61
2020-05-25,5.84,5.36,1.05,32.62,6.73,22.28,2.54,0.85,22.73
2020-05-26,5.88,5.25,1.08,32.96,6.92,22.32,2.6,0.84,22.15
2020-05-27,5.78,4.98,1.11,31.74,6.9,22.44,2.7,0.89,23.46
2020-05-28,5.51,5.06,1.09,31.42,7.0,22.36,2.87,0.9,23.79
2020-05-29,5.5,4.95,1.15,31.52,7.2,21.99,2.9,0.87,23.92
2020-05-30,5.55,4.8,1.12,32.15,7.36,21.22,2.88,0.87,24.05
2020-05-31,5.47,4.76,0.98,32.59,7.37,21.09,2.76,0.89,24.09
2020-06-01,5.46,4.63,0.99,32.55,7.45,21.17,2.64,0.87,24.24
2020-06-02,5.52,4.53,1.07,32.12,7.27,22.38,2.74,0.8,23.57
2020-06-03,5.4,4.27,1.2,31.64,7.24,22.34,2.65,0.76,24.5
2020-06-04,4.83,4.23,1.28,31.88,7.4,22.09,2.85,0.79,24.65
2020-06-05,5.03,4.14,1.34,32.12,7.17,22.0,2.79,0.81,24.6
2020-06-06,5.04,4.17,1.28,32.07,7.26,22.09,2.71,0.76,24.62
2020-06-07,4.96,4.16,1.3,31.66,7.27,22.1,2.78,0.82,24.95
2020-06-08,5.19,3.98,1.26,31.58,7.77,21.7,3.35,0.86,24.31
2020-06-09,5.19,4.0,1.37,32.42,7.61,21.76,3.31,0.89,23.45
2020-06-10,5.44,4.11,1.34,32.54,7.34,21.91,3.2,0.92,23.2
2020-06-11,5.42,3.82,1.33,33.09,7.48,22.28,3.11,1.0,22.47
2020-06-12,5.72,3.92,1.37,33.06,7.65,21.76,3.08,0.96,22.48
2020-06-13,5.64,3.89,1.36,32.95,7.96,21.6,3.18,0.95,22.47
2020-06-14,5.6,3.95,1.38,32.73,7.96,21.61,3.3,1.0,22.47
2020-06-15,5.6,3.93,1.33,33.26,7.89,21.23,3.2,1.01,22.55
2020-06-16,5.38,4.21,1.26,33.82,8.31,21.01,3.26,1.07,21.68
2020-06-17,4.84,4.26,1.17,34.49,7.73,21.08,3.33,1.1,22.0
2020-06-18,5.02,4.24,1.19,33.15,7.91,21.92,2.8,1.16,22.61
2020-06-19,4.92,4.15,1.04,33.29,7.89,22.18,2.93,1.21,22.39
2020-06-20,4.98,4.17,0.97,33.09,7.75,21.75,3.06,1.23,23.0
2020-06-21,5.0,4.16,1.06,32.9,8.18,21.81,3.04,1.26,22.59
2020-06-22,5.13,4.1,1.12,32.79,8.19,21.6,3.06,1.24,22.77
2020-06-23,5.12,4.09,1.12,32.74,8.2,21.61,3.06,1.23,22.83
2020-06-24,5.2,3.99,1.18,32.17,8.47,21.57,3.2,1.28,22.94
2020-06-25,5.42,3.9,1.16,31.03,7.79,21.76,3.25,1.88,23.81
2020-06-26,5.59,4.0,1.15,30.24,7.63,21.52,3.06,1.92,24.89
2020-06-27,5.78,3.86,1.17,29.99,7.76,20.95,3.49,1.8,25.2
2020-06-28,5.81,3.85,1.03,29.63,7.94,20.85,3.88,1.8,25.21
2020-06-29,5.88,3.77,1.01,29.69,7.93,20.84,3.97,1.8,25.11
2020-06-30,5.97,3.56,0.95,29.96,7.81,20.65,4.16,1.78,25.16
2020-07-01,5.9,3.59,0.92,30.25,7.59,20.69,4.17,1.83,25.06
2020-07-02,5.87,3.6,0.93,30.17,7.54,20.74,4.16,1.83,25.16
2020-07-03,5.82,3.58,0.92,30.01,7.7,21.03,4.32,1.8,24.82
2020-07-04,5.78,3.62,0.92,29.78,7.67,21.17,4.44,1.81,24.81
2020-07-05,5.94,3.5,0.93,30.62,7.29,20.7,4.37,1.83,24.82
2020-07-06,6.05,3.38,0.9,30.73,7.34,20.69,4.45,1.55,24.91
2020-07-07,6.6,3.41,0.91,30.4,7.23,21.06,4.78,1.45,24.16
2020-07-08,6.72,3.47,0.95,29.77,6.54,21.12,5.03,1.44,24.96
2020-07-09,6.68,3.56,0.96,29.7,6.59,21.27,5.0,1.42,24.82
2020-07-10,6.54,3.76,0.93,29.92,6.35,20.7,5.12,1.51,25.17
2020-07-11,6.46,3.82,0.94,29.76,6.38,20.84,5.1,1.47,25.23
2020-07-12,6.15,3.88,0.96,30.12,6.27,21.02,5.03,1.49,25.08
2020-07-13,6.1,3.76,0.97,30.24,6.31,21.23,4.9,1.43,25.06
2020-07-14,6.17,3.88,0.99,30.54,6.3,21.06,4.84,1.43,24.79
2020-07-15,6.0,4.03,0.95,30.79,6.28,20.87,4.85,1.44,24.79
2020-07-16,5.94,3.86,0.97,31.83,6.28,20.9,4.58,1.35,24.29
2020-07-17,5.91,4.04,1.05,31.65,5.64,21.3,4.26,1.25,24.9
2020-07-18,6.2,4.09,1.08,29.81,5.48,22.44,4.46,1.2,25.24
2020-07-19,6.33,4.13,1.21,30.78,5.47,21.86,3.73,1.21,25.28
2020-07-20,6.26,4.32,1.19,30.58,5.5,21.4,3.71,1.18,25.86
2020-07-21,6.26,4.31,1.2,31.3,5.5,21.17,3.83,1.15,25.28
2020-07-22,6.06,4.41,1.19,32.7,5.69,20.75,3.45,1.05,24.7
2020-07-23,6.12,4.35,1.2,33.05,5.71,19.98,3.33,0.97,25.29
2020-07-24,6.05,4.34,1.19,33.41,5.75,19.78,3.35,0.89,25.24
2020-07-25,5.96,4.33,1.1,34.45,5.61,18.55,3.75,0.91,25.34
2020-07-26,5.96,4.33,1.1,34.45,5.61,18.55,3.75,0.91,25.34
2020-07-27,5.75,4.43,0.99,35.19,5.67,18.13,3.87,0.82,25.15
2020-07-28,6.06,4.27,0.98,34.74,6.3,18.5,3.73,0.75,24.67
2020-07-29,6.07,4.39,0.97,34.7,6.12,18.45,3.91,0.76,24.63
2020-07-30,5.85,4.29,0.92,35.18,6.31,17.61,4.25,0.78,24.81
2020-07-31,5.72,4.04,0.89,34.69,6.49,18.29,4.4,0.86,24.62
2020-08-01,5.83,4.66,0.88,35.11,6.28,18.05,4.24,0.86,24.09
2020-08-02,5.83,4.83,0.85,34.87,6.06,18.95,4.19,0.85,23.57
2020-08-03,5.83,4.83,0.85,34.87,6.06,18.95,4.19,0.85,23.57
2020-08-04,5.98,4.79,0.87,34.87,6.15,18.89,4.2,0.8,23.45
2020-08-05,6.02,4.95,0.81,34.66,6.2,18.96,4.27,0.79,23.34
2020-08-06,6.06,5.01,0.84,34.7,6.2,18.93,4.08,0.78,23.4
2020-08-07,6.27,5.18,0.76,35.0,6.24,18.89,3.9,0.76,23.0
2020-08-08,6.29,5.32,0.74,34.9,6.35,18.65,3.95,0.76,23.04
2020-08-09,6.29,5.32,0.74,34.9,6.35,18.65,3.95,0.76,23.04
2020-08-10,6.34,5.42,0.68,34.79,6.44,18.53,3.92,0.77,23.11
2020-08-11,6.34,5.27,0.67,34.58,6.58,18.73,3.78,0.84,23.21
2020-08-12,6.34,5.34,0.65,34.06,6.72,18.37,4.34,0.84,23.34
2020-08-13,6.61,5.3,1.11,32.68,6.45,18.14,4.13,1.37,24.21
2020-08-14,6.54,5.63,0.98,32.85,6.61,18.01,3.64,1.32,24.42
2020-08-15,6.58,5.73,0.9,32.81,6.58,17.99,3.69,1.29,24.43
2020-08-16,6.58,5.85,1.01,32.74,6.45,17.97,3.74,1.29,24.37
2020-08-17,6.65,5.67,0.87,31.83,6.33,18.48,3.92,1.26,24.99
2020-08-18,6.85,5.51,0.87,31.55,6.24,18.85,3.99,1.36,24.78
2020-08-19,6.8,5.52,0.91,31.1,6.32,18.78,4.22,1.33,25.02
2020-08-20,6.36,5.0,0.54,29.87,6.26,19.24,4.04,1.35,27.34
2020-08-21,6.38,5.35,0.54,29.96,6.6,19.32,3.8,1.02,27.03
2020-08-22,6.43,4.97,0.52,29.97,6.57,18.99,3.93,1.03,27.59
2020-08-23,6.35,5.15,0.53,29.89,6.56,18.97,3.93,1.01,27.61
2020-08-24,6.43,5.04,0.5,29.05,7.01,18.55,4.19,1.1,28.13
2020-08-25,6.34,5.15,0.51,29.02,7.06,18.85,4.12,1.13,27.82
2020-08-26,5.93,5.04,0.61,28.07,7.12,19.43,4.47,1.2,28.13
2020-08-27,5.72,4.96,0.58,27.69,7.18,19.25,4.34,1.23,29.05
2020-08-28,5.75,5.24,0.51,27.64,6.99,19.39,4.35,1.25,28.88
2020-08-29,5.87,5.29,0.51,27.77,6.77,19.3,4.3,1.27,28.92
2020-08-30,5.71,5.27,0.49,27.76,6.81,19.41,4.31,1.29,28.95
2020-08-31,6.33,5.08,0.48,29.6,6.56,19.11,4.47,1.32,27.05
2020-09-01,6.57,5.1,0.46,28.07,6.45,20.18,4.8,1.25,27.12
2020-09-02,6.9,5.27,0.52,27.62,6.18,19.79,4.51,1.3,27.91
2020-09-03,6.83,5.33,0.64,27.34,6.12,20.05,4.06,1.08,28.55
2020-09-04,7.59,5.5,0.77,26.3,6.32,20.01,3.54,1.03,28.94
2020-09-05,7.62,5.8,0.87,26.19,6.13,20.0,3.59,0.97,28.83
2020-09-06,7.62,5.8,0.87,26.18,6.18,19.99,3.6,1.0,28.76
2020-09-07,7.67,5.68,0.91,24.93,6.21,20.73,3.83,0.92,29.12
2020-09-08,7.81,5.51,1.07,24.12,6.06,20.95,3.89,0.88,29.71
2020-09-09,7.74,5.5,1.09,23.78,6.22,21.25,3.85,0.89,29.68
2020-09-10,7.81,5.47,1.13,23.44,6.42,21.52,3.74,0.84,29.63
2020-09-11,7.61,5.84,1.12,23.65,6.23,21.26,3.91,0.72,29.66
2020-09-12,7.66,5.88,1.16,24.07,5.77,21.17,3.95,0.65,29.69
2020-09-13,7.67,5.97,1.17,24.02,5.73,21.12,3.97,0.61,29.74
2020-09-14,7.56,6.02,1.17,24.24,5.69,20.89,3.99,0.68,29.76
2020-09-15,7.63,5.99,1.13,24.0,5.77,21.16,4.09,0.73,29.5
2020-09-16,7.71,5.91,1.16,23.9,5.63,21.16,4.04,0.73,29.76
2020-09-17,7.77,6.1,1.19,23.5,5.53,21.4,4.18,0.73,29.6
2020-09-18,7.9,5.88,1.22,23.27,5.42,21.29,4.34,0.77,29.91
2020-09-19,7.82,5.92,1.17,23.34,5.4,21.37,4.41,0.76,29.81
2020-09-20,7.82,5.92,1.18,23.33,5.34,21.41,4.46,0.77,29.77
2020-09-21,7.59,5.98,1.2,23.71,5.25,21.22,4.54,0.77,29.74
2020-09-22,7.59,6.01,1.15,23.77,5.41,21.17,4.54,0.79,29.57
2020-09-23,7.5,6.0,1.14,23.86,5.41,20.95,4.73,0.81,29.6
2020-09-24,7.6,5.9,1.18,23.7,5.43,21.0,4.7,0.82,29.67
2020-09-25,7.54,5.69,1.2,23.77,5.47,21.36,4.51,0.76,29.7
2020-09-26,7.33,5.77,1.42,23.14,5.78,21.04,4.51,0.82,30.19
2020-09-27,7.32,5.7,1.41,23.29,5.79,21.03,4.5,0.87,30.09
2020-09-28,7.37,5.81,1.41,23.24,5.9,20.91,4.49,0.74,30.13
2020-09-29,7.46,5.65,1.44,22.75,5.83,21.42,4.4,0.78,30.27
2020-09-30,7.61,5.61,1.43,22.72,5.72,21.33,4.49,0.78,30.31
2020-10-01,7.6,5.6,1.39,22.37,5.65,21.33,4.68,0.85,30.53
2020-10-02,7.59,5.71,1.4,22.4,5.65,21.26,4.67,0.85,30.47
2020-10-03,8.0,5.49,1.41,21.86,5.89,21.06,4.84,0.82,30.63
2020-10-04,7.98,5.51,1.42,21.9,5.86,21.14,4.85,0.8,30.54
2020-10-05,8.05,5.52,1.44,21.8,5.84,21.11,4.75,0.77,30.72
2020-10-06,8.11,5.39,1.42,21.04,5.95,21.42,5.04,0.83,30.8
2020-10-07,7.69,5.22,1.68,20.57,5.29,21.38,5.27,0.79,32.11
2020-10-08,7.74,5.36,1.67,20.24,5.32,21.79,5.35,0.79,31.74
2020-10-09,7.55,5.56,1.72,19.68,5.15,22.32,5.36,0.69,31.97
2020-10-10,7.45,5.83,1.73,18.83,5.05,23.35,5.62,0.95,31.19
2020-10-11,7.39,5.77,1.7,18.86,5.07,23.44,5.51,0.91,31.35
2020-10-12,7.19,5.79,1.69,18.66,5.16,23.65,5.4,0.83,31.63
2020-10-13,7.19,5.89,1.71,18.72,5.13,23.74,5.27,0.89,31.46
2020-10-14,7.22,5.76,1.81,18.25,4.91,24.26,5.31,0.91,31.57
2020-10-15,7.14,5.88,1.81,18.12,4.95,23.84,5.4,0.9,31.96
2020-10-16,7.2,5.65,1.69,18.3,5.18,24.16,5.38,0.87,31.57
2020-10-17,7.03,5.82,1.69,18.31,5.12,23.84,5.72,0.86,31.61
2020-10-18,7.09,5.78,1.69,18.4,5.08,23.76,5.71,0.86,31.63
2020-10-19,7.21,5.87,1.57,17.25,5.32,24.7,5.78,1.02,31.28
2020-10-20,6.72,5.97,1.49,17.52,5.46,24.65,5.42,0.98,31.79
2020-10-21,6.52,5.96,1.48,17.42,5.23,25.44,5.38,1.03,31.54
2020-10-22,6.68,6.04,1.36,17.15,5.24,24.7,5.58,1.02,32.23
2020-10-23,6.52,5.71,1.3,17.24,5.48,25.59,5.72,1.12,31.32
2020-10-24,6.5,5.72,1.31,17.16,5.47,25.62,5.72,1.11,31.39
2020-10-25,6.53,5.73,1.3,17.13,5.48,25.53,5.74,1.12,31.44
2020-10-26,6.51,5.74,1.37,17.5,5.8,25.6,5.74,1.08,30.66
2020-10-27,6.33,5.71,1.33,17.49,5.73,25.95,5.73,1.1,30.63
2020-10-28,6.59,5.92,1.35,17.49,5.66,25.95,5.7,1.1,30.24
2020-10-29,6.68,6.15,1.33,17.56,5.64,25.91,5.53,1.1,30.1
2020-10-30,6.61,6.07,1.34,17.49,5.71,26.02,5.54,1.09,30.13
2020-10-31,6.51,5.92,1.32,17.6,6.3,25.23,6.45,1.24,29.43
2020-11-01,6.51,6.0,1.32,17.68,6.28,25.08,6.39,1.24,29.5
2020-11-02,6.92,6.08,1.38,17.34,6.27,24.09,7.18,1.46,29.28
2020-11-03,6.85,6.22,1.29,17.35,6.29,24.14,7.26,1.47,29.13
2020-11-04,7.29,6.0,1.24,17.0,6.19,24.53,7.03,1.54,29.18
2020-11-05,7.62,5.78,1.24,15.78,6.09,23.73,7.78,1.38,30.6
2020-11-06,7.42,6.07,1.09,15.52,6.04,24.16,7.92,1.34,30.44
2020-11-07,7.61,5.94,1.12,15.82,5.72,24.15,8.17,1.23,30.24
2020-11-08,7.66,5.84,1.15,15.84,5.67,24.13,8.15,1.27,30.29
2020-11-09,8.23,5.82,1.17,15.52,5.92,24.39,7.5,0.92,30.53
2020-11-10,8.1,5.75,1.35,15.46,6.25,24.27,7.56,0.94,30.32
2020-11-11,8.19,6.12,1.19,15.67,6.39,23.72,7.51,0.92,30.29
2020-11-12,8.66,6.61,1.18,15.23,6.33,24.45,7.36,0.92,29.26
2020-11-13,8.72,6.46,1.2,15.3,6.27,24.46,7.32,0.95,29.32
2020-11-14,8.67,6.5,1.21,15.37,6.31,24.38,7.31,0.92,29.33
2020-11-15,8.69,6.56,1.2,15.37,6.24,24.5,7.3,0.94,29.2
2020-11-16,8.7,6.62,1.2,15.35,6.27,24.36,7.32,0.93,29.25
2020-11-17,8.21,6.69,1.24,15.4,6.18,24.64,7.07,0.84,29.73
2020-11-18,8.24,6.41,1.24,14.82,6.39,24.9,6.78,0.87,30.35
2020-11-19,7.49,6.03,1.21,15.24,6.51,24.83,6.62,0.99,31.08
2020-11-20,7.59,6.18,1.24,15.12,6.48,24.84,6.56,0.99,31.0
2020-11-21,7.26,6.6,1.35,15.36,6.73,24.09,6.71,1.01,30.89
2020-11-22,7.38,6.35,1.33,15.3,6.7,24.13,6.72,1.02,31.07
2020-11-23,7.0,6.21,1.48,16.2,7.13,23.54,6.8,1.0,30.64
2020-11-24,6.64,6.44,1.41,16.75,7.24,22.84,7.42,1.03,30.23
2020-11-25,7.0,6.9,1.56,16.5,6.86,22.33,7.07,1.06,30.72
2020-11-26,7.31,7.12,1.78,16.69,6.48,21.75,7.17,1.15,30.55
2020-11-27,7.61,6.89,1.63,16.72,6.4,22.49,6.19,1.32,30.75
2020-11-28,7.53,6.88,1.63,16.69,6.39,22.56,6.2,1.31,30.81
2020-11-29,7.57,6.79,1.63,16.73,6.44,22.58,6.19,1.32,30.75
2020-11-30,7.56,6.81,1.61,16.77,6.42,22.64,6.19,1.32,30.68
2020-12-01,7.63,6.74,1.41,16.62,6.5,23.24,6.11,1.41,30.34
2020-12-02,8.06,7.28,1.4,16.83,6.96,23.85,5.81,1.35,28.46
2020-12-03,7.63,6.61,1.38,16.32,6.93,24.5,6.6,1.35,28.68
2020-12-04,7.57,6.79,1.32,16.09,7.24,24.83,6.42,1.41,28.33
2020-12-05,7.07,7.47,1.29,16.12,6.85,25.2,6.31,1.45,28.24
2020-12-06,7.19,7.36,1.31,16.09,6.94,25.13,6.29,1.43,28.26
2020-12-07,7.21,7.07,1.37,15.98,6.67,24.92,7.03,1.17,28.58
2020-12-08,7.47,7.37,1.44,15.71,6.5,24.41,7.06,1.17,28.87
2020-12-09,6.92,7.63,1.44,16.03,6.79,23.96,7.18,1.11,28.94
2020-12-10,6.89,7.21,1.4,16.35,6.64,24.75,7.53,1.13,28.1
2020-12-11,7.44,7.95,1.58,15.22,6.48,25.36,8.11,1.01,26.85
2020-12-12,7.17,8.3,1.57,14.79,6.38,25.67,8.45,0.99,26.68
2020-12-13,7.09,8.3,1.58,14.72,6.43,25.71,8.42,0.99,26.76
2020-12-14,7.5,8.42,1.56,14.1,6.98,25.08,8.59,1.0,26.77
2020-12-15,8.1,9.41,1.59,14.0,6.58,25.15,8.91,1.0,25.26
2020-12-16,7.88,9.46,1.83,14.27,6.53,25.07,8.67,0.94,25.35
2020-12-17,7.99,9.61,1.35,13.93,6.14,24.16,8.63,0.96,27.23
2020-12-18,8.0,9.48,1.25,13.52,6.46,24.58,8.16,0.9,27.65
2020-12-19,7.91,9.51,1.22,12.96,5.94,24.36,8.52,0.77,28.81
2020-12-20,7.9,9.58,1.22,12.94,6.0,24.48,8.34,0.77,28.77
2020-12-21,7.91,9.97,1.15,12.96,6.4,23.23,8.45,0.78,29.15
2020-12-22,7.77,9.41,1.15,12.59,6.75,22.84,8.56,0.9,30.03
2020-12-23,7.2,9.91,1.2,12.11,7.07,23.43,8.4,0.79,29.89
2020-12-24,7.39,9.41,1.38,12.17,7.09,24.41,8.41,0.81,28.93
2020-12-25,7.35,9.57,1.38,12.19,7.15,24.28,8.43,0.76,28.89
2020-12-26,7.38,9.52,1.4,12.19,7.12,24.31,8.47,0.79,28.82
2020-12-27,7.34,9.44,1.39,12.19,7.07,24.48,8.43,0.79,28.87
2020-12-28,7.31,9.45,1.39,12.19,7.09,24.38,8.51,0.81,28.87
2020-12-29,7.35,9.33,1.39,12.19,7.07,24.46,8.45,0.77,28.99
2020-12-30,7.38,9.5,1.36,12.3,6.7,24.51,8.6,0.79,28.86
2020-12-31,7.34,9.57,1.32,12.23,6.9,24.19,8.67,0.77,29.01
2021-01-01,7.24,9.65,1.36,12.94,7.1,24.74,8.52,0.78,27.67
2021-01-02,7.95,9.64,1.54,12.88,7.05,25.26,8.19,0.75,26.74
2021-01-03,7.94,9.68,1.55,12.91,6.83,25.43,8.12,0.7,26.84
2021-01-04,8.37,9.69,1.49,12.79,7.0,25.5,8.06,0.73,26.37
2021-01-05,8.52,9.86,1.49,13.33,7.06,25.79,7.67,0.67,25.61
2021-01-06,8.1,9.2,1.55,14.21,6.76,25.57,7.25,0.71,26.65
2021-01-07,7.96,8.93,1.92,14.22,6.92,24.89,7.57,0.71,26.88
2021-01-08,7.06,9.58,1.54,13.38,8.27,24.85,7.87,0.8,26.65
2021-01-09,7.4,9.85,1.59,13.56,7.29,25.11,7.98,0.77,26.45
2021-01-10,7.43,9.69,1.62,13.5,7.29,25.24,7.95,0.78,26.5
2021-01-11,7.77,9.89,1.54,13.43,7.41,25.0,7.84,0.79,26.33
2021-01-12,8.33,9.98,1.34,13.37,7.27,24.75,7.86,0.73,26.37
2021-01-13,8.76,10.28,1.23,13.37,6.68,23.55,8.16,0.77,27.2
2021-01-14,8.44,10.13,0.91,12.82,6.35,24.89,7.92,0.77,27.77
2021-01-15,8.54,10.2,0.78,12.65,6.4,25.79,7.62,0.79,27.23
2021-01-16,8.37,10.63,0.94,12.04,6.6,26.85,7.93,0.72,25.92
2021-01-17,8.33,10.58,0.93,12.09,6.57,26.95,8.04,0.72,25.79
2021-01-18,8.55,9.66,0.92,12.1,6.31,27.52,7.72,0.77,26.45
2021-01-19,8.37,10.25,1.03,11.77,6.56,27.38,7.83,0.69,26.12
2021-01-20,8.74,10.99,1.35,11.67,6.52,26.7,7.6,0.72,25.71
2021-01-21,8.75,11.77,1.3,11.57,6.52,25.97,8.19,0.7,25.23
2021-01-22,8.38,11.9,1.21,11.38,6.53,26.71,7.96,0.67,25.26
2021-01-23,8.54,12.54,1.5,11.05,6.11,26.57,7.5,0.67,25.52
2021-01-24,8.44,12.52,1.5,11.23,6.13,26.54,7.55,0.67,25.42
2021-01-25,8.36,12.39,1.48,10.56,6.26,27.15,7.65,0.56,25.59
2021-01-26,8.38,12.34,1.48,10.61,6.32,27.25,7.58,0.56,25.48
2021-01-27,8.15,11.6,1.63,10.35,5.79,27.91,8.38,0.56,25.63
2021-01-28,8.42,11.36,1.62,10.09,5.93,27.89,8.41,0.5,25.78
2021-01-29,8.43,11.22,1.56,10.05,6.05,28.28,8.23,0.5,25.68
2021-01-30,8.75,10.89,1.59,9.9,5.9,28.28,8.21,0.49,25.99
2021-01-31,8.75,10.98,1.57,9.83,5.9,28.43,8.18,0.5,25.86
2021-02-01,8.78,10.81,1.55,9.67,5.91,28.71,8.15,0.51,25.91
2021-02-02,8.67,11.21,1.59,9.25,6.01,28.69,8.37,0.5,25.71
2021-02-03,8.67,11.22,1.59,9.28,6.01,28.71,8.35,0.49,25.68
2021-02-04,8.5,11.06,1.48,9.24,5.8,28.31,8.78,0.53,26.3
2021-02-05,8.5,10.94,1.14,8.69,5.61,28.47,9.23,0.53,26.89
2021-02-06,8.55,10.82,1.15,8.72,5.62,28.47,9.31,0.53,26.83
2021-02-07,8.53,10.73,1.15,8.67,5.64,28.59,9.31,0.53,26.85
2021-02-08,8.45,10.59,1.11,8.27,5.61,28.01,9.39,0.53,28.04
2021-02-09,8.37,10.71,1.09,8.22,5.48,28.13,9.57,0.51,27.92
2021-02-10,8.51,10.99,1.01,7.97,5.93,27.77,9.74,0.5,27.58
2021-02-11,7.99,11.43,1.11,7.89,6.03,27.29,9.92,0.58,27.76
2021-02-12,8.19,11.28,1.06,8.21,6.32,26.51,9.93,0.52,27.98
2021-02-13,7.89,11.2,1.15,8.28,6.59,26.88,10.49,0.52,27.0
2021-02-14,7.91,11.27,1.13,8.31,6.64,26.67,10.5,0.53,27.04
2021-02-15,8.23,12.0,1.23,8.26,6.41,26.37,10.76,0.66,26.08
2021-02-16,7.97,11.84,1.27,8.41,6.6,27.06,11.34,0.71,24.8
2021-02-17,7.85,12.06,1.32,8.38,6.26,26.61,11.72,0.77,25.03
2021-02-18,7.92,12.27,1.18,8.0,5.95,26.55,12.75,0.75,24.63
2021-02-19,7.83,11.39,1.1,7.89,6.65,26.25,13.28,0.64,24.97
2021-02-20,8.02,10.86,1.05,7.49,6.44,26.58,13.98,0.61,24.97
2021-02-21,8.1,10.97,1.04,7.42,6.46,26.48,13.93,0.61,24.99
2021-02-22,7.97,10.45,1.02,7.78,6.5,26.52,15.06,0.67,24.03
2021-02-23,8.1,9.92,1.09,7.99,6.48,25.86,15.43,0.63,24.5
2021-02-24,8.01,9.74,1.16,8.26,6.85,25.22,15.43,0.58,24.75
2021-02-25,7.7,9.63,1.06,8.07,6.89,25.47,15.69,0.71,24.78
2021-02-26,7.54,9.6,1.33,8.36,6.78,24.52,15.77,0.75,25.35
2021-02-27,8.11,9.38,1.48,8.59,6.89,23.89,16.42,0.58,24.66
2021-02-28,7.98,9.29,1.49,8.69,6.76,24.05,16.49,0.59,24.66
2021-03-01,7.97,9.19,1.52,8.9,6.45,24.37,16.26,0.58,24.76
2021-03-02,7.9,8.86,1.55,8.49,6.77,24.66,16.38,0.66,24.73
2021-03-03,7.98,9.31,1.54,8.29,7.26,24.34,16.72,0.66,23.9
2021-03-04,7.78,9.72,1.49,8.19,7.08,24.02,16.69,0.69,24.34
2021-03-05,7.87,9.91,1.41,7.82,7.07,22.99,17.09,0.77,25.07
2021-03-06,7.81,9.65,1.37,8.15,6.97,23.36,17.44,0.74,24.51
2021-03-07,7.78,9.58,1.36,8.16,7.08,23.39,17.4,0.74,24.51
2021-03-08,7.8,9.36,1.21,8.0,6.62,23.23,18.52,0.84,24.42
2021-03-09,7.93,9.15,1.5,7.81,6.06,22.95,18.54,0.78,25.28
2021-03-10,7.97,9.04,1.39,7.95,6.29,22.67,18.39,0.58,25.72
2021-03-11,7.88,8.97,1.27,7.94,5.89,22.28,19.28,0.57,25.92
2021-03-12,7.71,8.78,1.28,8.1,6.34,22.66,18.9,0.57,25.66
2021-03-13,7.53,8.97,1.33,8.49,6.56,22.81,18.92,0.59,24.8
2021-03-14,7.52,8.96,1.33,8.47,6.55,22.82,19.03,0.58,24.74
2021-03-15,7.49,9.2,1.22,8.49,6.61,22.73,18.78,0.64,24.84
2021-03-16,7.43,8.7,1.22,9.29,7.0,22.12,19.18,0.55,24.51
2021-03-17,7.5,8.83,1.18,10.34,7.06,21.81,18.75,0.42,24.11
2021-03-18,7.41,8.52,1.17,11.02,6.81,21.34,18.53,0.41,24.79
2021-03-19,7.43,8.2,1.3,11.76,6.72,21.68,18.29,0.44,24.18
2021-03-20,7.19,8.16,1.45,12.59,5.82,20.87,18.63,0.45,24.84
2021-03-21,7.2,8.1,1.45,12.68,5.78,20.87,18.46,0.46,25.0
2021-03-22,7.3,8.4,1.44,12.62,6.0,20.6,18.19,0.41,25.04
2021-03-23,7.59,8.26,1.48,12.46,5.82,20.49,18.29,0.36,25.25
2021-03-24,7.58,7.79,1.43,12.97,5.34,19.99,17.93,0.39,26.58
2021-03-25,7.74,7.97,1.42,13.42,5.17,19.92,17.2,0.37,26.79
2021-03-26,7.56,7.36,1.01,13.67,4.77,21.07,16.59,0.38,27.59
2021-03-27,7.31,7.32,1.02,14.0,4.75,20.99,16.61,0.38,27.62
2021-03-28,7.31,7.31,0.99,13.97,4.79,20.97,16.52,0.39,27.75
2021-03-29,7.32,7.29,0.97,14.01,4.74,21.07,16.46,0.39,27.75
2021-03-30,7.43,7.45,1.15,13.62,4.66,21.08,16.84,0.37,27.4
2021-03-31,7.55,7.53,1.18,13.64,4.55,21.6,16.67,0.35,26.93
2021-04-01,7.21,7.84,1.0,13.98,4.76,21.78,16.09,0.38,26.96
2021-04-02,6.8,8.17,1.04,13.65,4.79,22.76,15.78,0.33,26.68
2021-04-03,6.98,8.25,1.02,13.96,5.13,22.68,15.7,0.37,25.91
2021-04-04,6.98,7.91,1.03,13.91,5.09,22.6,15.74,0.37,26.37
2021-04-05,6.99,8.5,1.04,14.31,5.19,22.65,15.13,0.41,25.78
2021-04-06,7.32,8.41,0.98,14.41,5.39,23.13,14.77,0.42,25.17
2021-04-07,7.28,7.96,1.02,14.89,5.47,22.81,14.72,0.44,25.41
2021-04-08,7.44,7.89,0.87,15.34,5.47,22.31,14.86,0.47,25.35
2021-04-09,6.77,7.46,0.89,16.23,5.54,22.33,15.26,0.47,25.05
2021-04-10,6.59,7.45,0.94,17.16,5.59,22.23,14.87,0.52,24.65
2021-04-11,6.57,7.46,0.89,17.23,5.59,22.23,14.84,0.52,24.67
2021-04-12,6.51,7.6,0.89,17.0,5.74,22.36,14.9,0.56,24.44
2021-04-13,6.71,7.47,0.84,16.97,5.78,22.37,15.01,0.5,24.35
2021-04-14,6.8,7.32,0.78,17.38,5.83,21.77,15.08,0.58,24.46
2021-04-15,7.52,7.19,0.72,18.76,5.28,21.41,15.28,0.59,23.25
2021-04-16,7.88,6.73,0.71,19.69,5.03,20.83,15.39,0.52,23.22
2021-04-17,7.5,6.49,0.64,21.15,5.4,20.42,15.89,0.46,22.05
2021-04-18,7.51,6.43,0.68,21.1,5.42,20.79,15.69,0.45,21.93
2021-04-19,7.57,6.58,0.69,22.41,5.36,20.2,15.26,0.42,21.51
2021-04-20,7.85,6.61,0.72,23.66,5.32,19.73,14.31,0.4,21.4
2021-04-21,7.98,6.38,0.77,24.46,5.46,19.6,13.67,0.37,21.31
2021-04-22,8.03,5.91,0.87,25.41,5.5,19.82,12.75,0.36,21.35
2021-04-23,7.55,6.11,0.84,26.3,5.36,19.6,12.79,0.36,21.09
2021-04-24,7.67,6.15,0.79,27.43,5.26,18.56,12.8,0.32,21.02
2021-04-25,7.54,6.17,0.83,27.49,5.25,18.66,12.82,0.28,20.96
2021-04-26,7.55,6.28,0.73,28.15,5.01,18.58,12.55,0.27,20.88
2021-04-27,7.58,5.89,0.85,28.75,5.18,18.5,12.56,0.26,20.43
2021-04-28,7.62,5.87,0.78,28.74,5.26,18.11,12.62,0.25,20.75
2021-04-29,7.85,5.83,0.8,29.96,5.13,18.42,11.88,0.23,19.9
2021-04-30,7.79,5.59,0.8,30.4,5.18,17.84,11.73,0.3,20.37
2021-05-01,8.0,5.83,0.7,31.19,4.91,17.55,11.1,0.29,20.43
2021-05-02,8.0,5.8,0.7,31.23,4.93,17.44,11.12,0.29,20.49
2021-05-03,7.93,5.84,0.76,30.4,5.6,17.3,11.22,0.28,20.67
2021-05-04,7.32,5.86,0.7,31.07,5.27,17.83,10.68,0.33,20.94
2021-05-05,6.61,6.13,0.74,31.14,5.17,18.18,10.6,0.37,21.06
2021-05-06,6.57,6.31,0.72,31.9,5.06,17.97,10.31,0.35,20.81
2021-05-07,6.66,6.28,0.8,32.11,4.98,17.82,10.42,0.35,20.58
2021-05-08,6.67,6.28,0.77,32.25,4.97,17.84,10.42,0.34,20.46
2021-05-09,6.68,6.32,0.79,32.23,4.92,17.69,10.46,0.35,20.56
2021-05-10,6.78,6.16,0.92,33.79,4.84,16.7,10.74,0.35,19.72
2021-05-11,7.01,5.9,0.97,34.48,4.7,16.81,10.71,0.26,19.16
2021-05-12,7.51,6.36,0.96,34.42,4.57,16.33,10.55,0.32,18.98
2021-05-13,7.82,6.4,0.89,34.94,4.52,16.71,10.27,0.32,18.13
2021-05-14,7.84,6.46,0.9,34.92,4.49,16.72,10.24,0.31,18.12
2021-05-15,8.11,6.18,0.67,35.55,4.58,16.43,9.89,0.3,18.29
2021-05-16,8.16,6.15,0.67,35.48,4.54,16.51,9.9,0.31,18.28
2021-05-17,8.16,6.41,0.66,35.11,4.52,16.86,9.09,0.24,18.95
2021-05-18,7.9,6.26,0.59,35.12,4.63,17.59,9.05,0.23,18.63
2021-05-19,8.1,6.27,0.54,35.13,4.72,17.26,8.9,0.22,18.86
2021-05-20,7.87,6.19,0.56,35.59,4.63,17.23,9.28,0.17,18.48
2021-05-21,7.6,5.77,0.63,35.93,4.64,17.2,9.34,0.19,18.7
2021-05-22,6.92,5.92,0.59,35.86,4.58,17.28,10.51,0.21,18.13
2021-05-23,6.88,6.01,0.58,35.88,4.6,17.32,10.37,0.19,18.17
2021-05-24,6.71,6.16,0.61,35.95,4.65,17.27,10.42,0.19,18.04
2021-05-25,7.26,5.83,0.56,36.11,4.8,16.26,10.02,0.2,18.96
2021-05-26,6.91,6.01,0.58,35.7,4.76,16.96,10.19,0.17,18.72
2021-05-27,6.33,6.23,0.55,36.14,4.74,16.8,10.26,0.17,18.78
2021-05-28,6.57,5.96,0.54,35.88,4.4,17.25,9.98,0.18,19.24
2021-05-29,6.36,5.95,0.63,36.08,4.86,16.73,9.83,0.17,19.39
2021-05-30,6.34,5.94,0.63,36.16,4.83,16.76,9.77,0.17,19.4
2021-05-31,6.4,5.98,0.6,35.98,4.85,16.89,9.81,0.17,19.32
2021-06-01,6.42,5.81,0.61,35.98,4.92,16.97,9.66,0.18,19.45
2021-06-02,5.98,6.02,0.57,34.06,5.2,17.45,9.66,0.18,20.88
2021-06-03,5.48,6.33,0.58,32.96,5.39,18.11,9.88,0.11,21.16
2021-06-04,5.97,6.32,0.57,32.31,5.0,19.13,9.96,0.1,20.64
2021-06-05,5.74,6.02,0.65,32.76,5.05,19.01,9.86,0.1,20.81
2021-06-06,5.78,5.93,0.68,32.81,4.97,19.13,9.91,0.1,20.69
2021-06-07,6.07,6.07,0.58,31.66,4.51,19.31,9.07,0.14,22.59
2021-06-08,5.98,5.76,0.57,31.28,4.76,19.13,9.14,0.14,23.24
2021-06-09,5.9,5.29,0.78,30.91,4.66,19.36,9.32,0.14,23.64
2021-06-10,6.04,5.03,0.77,30.22,4.85,19.94,9.65,0.16,23.34
2021-06-11,5.99,5.02,0.72,30.02,4.79,20.2,9.53,0.16,23.57
2021-06-12,5.74,4.83,0.73,29.5,4.76,20.47,9.7,0.14,24.13
2021-06-13,5.69,4.68,0.72,29.75,4.77,20.35,9.65,0.14,24.25
2021-06-14,5.73,5.0,0.82,28.84,5.03,20.01,11.01,0.1,23.46
2021-06-15,5.69,5.18,0.95,28.13,4.87,20.1,11.95,0.12,23.01
2021-06-16,5.89,5.4,0.88,27.36,5.6,20.85,11.55,0.16,22.31
2021-06-17,6.09,5.66,0.74,27.1,5.64,20.91,11.18,0.17,22.51
2021-06-18,5.98,5.41,0.62,26.31,6.04,20.69,11.74,0.18,23.03
2021-06-19,5.88,5.82,0.63,26.81,6.08,20.23,11.81,0.19,22.55
2021-06-20,5.93,5.8,0.65,26.78,6.02,20.21,11.76,0.19,22.66
2021-06-21,5.84,5.79,0.65,26.77,6.0,20.26,11.87,0.2,22.62
2021-06-22,6.0,5.8,0.77,26.22,6.06,19.83,11.43,0.24,23.65
2021-06-23,6.19,5.5,0.76,26.39,6.27,19.83,11.43,0.19,23.44
2021-06-24,6.13,5.7,0.77,25.2,5.73,19.83,12.57,0.23,23.84
2021-06-25,6.4,5.5,0.79,24.2,5.8,19.37,13.22,0.22,24.5
2021-06-26,6.46,5.35,0.81,23.43,5.65,19.68,13.97,0.21,24.44
2021-06-27,6.39,5.26,0.81,23.69,5.68,19.68,13.92,0.2,24.37
2021-06-28,6.39,5.3,0.73,22.9,5.24,20.14,14.6,0.24,24.46
2021-06-29,6.74,5.14,0.71,22.97,4.97,19.83,14.86,0.34,24.44
2021-06-30,6.87,4.88,0.71,22.86,4.75,20.0,15.32,0.35,24.26
2021-07-01,6.87,5.07,0.74,22.3,4.97,19.54,15.62,0.4,24.49
2021-07-02,7.26,5.35,0.64,21.42,5.09,18.93,16.25,0.43,24.63
2021-07-03,6.76,5.44,0.51,21.87,4.92,19.52,16.16,0.5,24.32
2021-07-04,6.8,5.42,0.53,22.03,5.1,19.43,15.97,0.5,24.22
2021-07-05,6.57,5.46,0.5,22.13,4.78,19.19,16.49,0.5,24.38
2021-07-06,6.53,5.33,0.51,22.21,4.71,19.31,16.51,0.51,24.38
2021-07-07,6.24,5.9,0.65,21.69,4.66,19.37,17.37,0.56,23.56
2021-07-08,6.02,6.2,0.65,22.02,4.39,19.55,17.66,0.51,23.0
2021-07-09,5.65,6.16,0.69,22.04,4.58,19.31,17.75,0.46,23.36
2021-07-10,5.69,6.33,0.77,21.78,4.75,18.99,18.05,0.47,23.17
2021-07-11,5.7,6.28,0.76,21.68,4.86,19.06,18.0,0.47,23.19
2021-07-12,5.73,6.49,0.75,20.72,5.27,18.55,18.81,0.36,23.32
2021-07-13,5.66,6.89,0.69,20.62,5.29,19.38,18.6,0.34,22.53
2021-07-14,5.8,6.38,0.75,20.0,5.42,19.89,18.79,0.34,22.63
2021-07-15,5.99,5.65,0.75,19.86,5.47,19.43,19.15,0.28,23.42
2021-07-16,6.07,5.42,0.81,19.73,5.44,19.44,20.13,0.29,22.67
2021-07-17,6.1,5.34,0.75,19.96,5.54,19.33,19.83,0.27,22.88
2021-07-18,6.01,5.37,0.74,20.01,5.5,19.41,19.87,0.27,22.82
2021-07-19,6.06,5.58,0.81,20.12,5.43,19.05,19.69,0.28,22.98
2021-07-20,6.31,5.69,0.78,20.02,5.18,18.39,20.42,0.34,22.87
2021-07-21,6.29,5.67,0.79,20.08,5.15,18.52,20.37,0.31,22.82
2021-07-22,6.35,6.11,0.91,19.2,5.55,19.51,19.56,0.28,22.53
2021-07-23,6.82,6.18,1.11,18.95,5.09,19.33,19.49,0.25,22.78
2021-07-24,6.41,6.26,1.1,18.93,5.19,19.45,19.51,0.23,22.92
2021-07-25,6.4,6.09,1.12,18.98,5.15,19.53,19.63,0.23,22.87
2021-07-26,6.32,6.01,1.01,18.4,5.43,19.89,19.98,0.26,22.7
2021-07-27,6.41,5.96,1.19,18.74,5.13,19.61,20.07,0.29,22.6
2021-07-28,6.41,6.13,1.18,18.42,5.3,19.84,19.19,0.22,23.31
2021-07-29,6.28,6.54,1.01,18.02,5.6,19.88,19.42,0.31,22.94
2021-07-30,6.04,6.55,0.97,18.18,5.73,19.59,19.77,0.37,22.8
2021-07-31,6.18,6.43,1.02,17.72,5.67,20.2,19.83,0.38,22.57
2021-08-01,6.21,6.41,0.99,17.84,5.66,20.16,19.77,0.38,22.58
2021-08-02,6.18,6.3,0.93,18.02,5.39,19.66,19.8,0.38,23.34
2021-08-03,6.53,6.36,0.89,18.89,5.31,19.25,19.03,0.52,23.22
2021-08-04,6.28,6.4,0.81,19.12,5.16,19.4,19.43,0.51,22.89
2021-08-05,6.27,6.41,0.89,19.04,5.23,19.36,19.73,0.43,22.64
2021-08-06,6.79,6.63,0.89,19.17,5.2,18.84,19.4,0.53,22.55
2021-08-07,6.68,6.58,0.92,19.03,5.25,18.92,19.35,0.48,22.79
2021-08-08,6.77,6.62,0.91,19.05,5.27,18.98,19.29,0.48,22.63
2021-08-09,6.81,6.66,0.86,18.61,5.34,19.31,19.02,0.47,22.92
2021-08-10,6.72,6.51,0.8,18.93,5.2,18.94,19.17,0.48,23.25
2021-08-11,6.74,6.45,0.82,19.05,5.25,18.88,19.36,0.48,22.97
2021-08-12,7.04,6.67,0.74,18.62,5.29,19.54,19.5,0.46,22.14
2021-08-13,6.97,6.5,0.75,18.22,5.45,19.84,19.45,0.45,22.37
2021-08-14,7.07,6.5,0.69,18.13,5.31,20.12,19.34,0.45,22.39
2021-08-15,7.02,6.61,0.69,17.9,5.33,20.07,19.39,0.45,22.54
2021-08-16,7.05,6.64,0.78,17.62,5.31,19.75,19.5,0.39,22.96
2021-08-17,7.2,6.29,0.86,17.14,5.27,19.97,19.71,0.32,23.24
2021-08-18,6.5,6.26,0.83,15.67,5.01,19.79,20.71,0.22,25.01
2021-08-19,6.53,6.35,0.9,15.91,5.1,19.67,20.79,0.22,24.53
2021-08-20,6.61,6.4,0.91,15.89,5.1,19.47,20.96,0.2,24.46
2021-08-21,6.69,6.25,0.91,15.78,5.15,19.55,20.66,0.23,24.78
2021-08-22,6.57,6.25,0.91,15.86,5.14,19.66,20.59,0.24,24.78
2021-08-23,6.72,6.22,0.9,15.71,4.97,19.63,20.68,0.23,24.94
2021-08-24,6.92,6.01,0.89,15.73,5.17,19.51,21.02,0.24,24.51
2021-08-25,6.65,5.97,0.88,15.73,5.0,19.65,21.04,0.23,24.85
2021-08-26,6.75,6.01,0.93,15.74,5.07,19.47,21.04,0.34,24.65
2021-08-27,6.79,6.04,0.84,15.61,5.01,19.58,21.02,0.42,24.69
2021-08-28,6.78,5.87,0.9,15.97,4.85,19.63,21.23,0.43,24.34
2021-08-29,6.75,5.93,0.9,15.92,4.89,19.6,21.33,0.43,24.25
2021-08-30,6.78,5.85,0.9,16.03,4.93,19.65,21.36,0.43,24.07
2021-08-31,6.63,6.1,0.88,16.18,4.75,19.57,21.22,0.42,24.25
2021-09-01,6.73,6.33,1.2,14.96,4.7,20.8,21.32,0.47,23.49
2021-09-02,6.79,6.27,1.25,14.61,4.88,20.49,20.87,0.58,24.26
2021-09-03,6.37,6.25,1.35,14.23,4.74,20.87,21.5,0.61,24.08
2021-09-04,6.31,6.14,1.23,13.7,4.88,21.0,22.68,0.65,23.41
2021-09-05,6.26,6.18,1.23,13.75,4.92,21.07,22.55,0.64,23.4
2021-09-06,5.87,6.57,1.27,13.07,5.14,21.49,22.49,0.63,23.47
2021-09-07,5.85,6.33,1.29,12.68,4.9,22.2,22.84,0.77,23.14
2021-09-08,6.0,6.77,1.4,12.21,4.63,22.39,22.81,0.8,22.99
2021-09-09,5.78,6.68,1.28,11.85,4.66,22.67,22.78,0.82,23.48
2021-09-10,5.84,6.7,1.06,12.5,4.73,22.27,22.14,0.85,23.91
2021-09-11,6.12,7.17,1.05,12.29,4.76,22.51,21.51,0.91,23.68
2021-09-12,6.07,7.1,1.04,12.25,4.74,22.49,21.66,0.9,23.75
2021-09-13,5.25,6.98,1.1,12.3,4.98,22.74,21.64,0.91,24.1
2021-09-14,5.4,7.1,1.18,12.22,5.19,21.97,21.56,0.91,24.47
2021-09-15,5.1,6.8,1.05,12.24,5.28,22.1,21.98,1.02,24.43
2021-09-16,5.44,6.92,0.93,12.97,5.25,21.57,21.74,1.1,24.08
2021-09-17,5.44,6.92,1.06,12.53,5.48,21.81,21.14,1.15,24.47
2021-09-18,5.34,6.95,1.03,12.32,5.06,21.88,21.11,1.3,25.01
2021-09-19,5.25,6.99,0.99,12.31,5.03,21.95,21.11,1.29,25.08
2021-09-20,5.27,7.11,1.11,12.85,4.97,21.51,20.5,1.1,25.58
2021-09-21,5.34,7.6,1.12,13.01,5.0,21.57,20.24,0.98,25.14
2021-09-22,5.48,7.6,1.14,12.96,4.9,21.87,19.61,0.97,25.47
2021-09-23,5.42,8.09,1.16,12.97,4.87,21.44,19.98,1.1,24.97
2021-09-24,5.5,8.03,1.16,12.8,4.95,21.21,19.85,1.06,25.44
2021-09-25,5.57,8.24,1.08,12.68,5.11,21.12,19.79,1.08,25.33
2021-09-26,5.58,8.14,1.09,12.57,5.12,21.13,19.84,1.08,25.45
2021-09-27,5.71,8.07,1.09,12.61,4.92,20.83,19.78,1.07,25.92
2021-09-28,5.83,7.9,1.08,12.19,4.92,20.97,20.14,1.17,25.8
2021-09-29,6.05,7.96,1.09,12.1,4.88,20.91,19.94,1.21,25.86
2021-09-30,6.27,7.75,1.04,11.95,4.89,21.18,19.97,1.18,25.77
2021-10-01,6.23,7.66,1.07,12.16,4.99,21.47,19.82,1.23,25.37
2021-10-02,6.23,7.58,1.08,12.13,4.98,21.45,19.88,1.24,25.43
2021-10-03,6.2,7.68,1.05,12.16,5.02,21.47,19.86,1.23,25.33
2021-10-04,6.44,8.13,1.01,11.89,4.87,21.58,20.63,1.16,24.29
2021-10-05,6.69,8.09,1.0,11.64,4.98,21.41,20.49,1.17,24.53
2021-10-06,6.89,7.92,1.01,11.59,4.98,21.52,20.56,1.12,24.41
2021-10-07,6.8,8.14,1.01,11.81,5.09,21.26,20.93,1.06,23.9
2021-10-08,6.77,8.26,1.07,11.56,5.04,21.17,20.81,1.07,24.25
2021-10-09,6.73,8.01,1.09,11.37,4.99,21.45,21.12,1.06,24.18
2021-10-10,6.67,8.1,1.1,11.42,4.95,21.37,21.23,1.06,24.1
2021-10-11,6.7,7.93,1.13,11.02,4.98,21.49,21.53,1.06,24.16
2021-10-12,6.68,7.67,1.2,10.59,5.0,21.87,21.8,1.12,24.07
2021-10-13,6.83,7.73,1.21,10.48,5.03,21.72,21.95,1.12,23.93
2021-10-14,6.85,7.6,1.23,10.48,5.07,21.83,21.74,1.12,24.08
2021-10-15,6.78,7.61,1.22,10.56,5.03,21.76,21.81,1.13,24.1
2021-10-16,6.79,7.67,1.24,10.55,5.08,21.73,21.85,1.13,23.96
2021-10-17,6.78,7.69,1.22,10.7,5.0,21.59,21.93,1.13,23.96
2021-10-18,6.8,7.6,1.22,10.43,5.11,21.87,21.85,1.13,23.99
2021-10-19,6.79,7.59,1.21,10.37,5.07,21.92,22.26,1.09,23.7
2021-10-20,6.8,7.65,1.24,10.47,5.06,21.71,22.25,1.11,23.71
2021-10-21,6.71,7.7,1.18,10.48,5.06,21.65,22.07,1.15,24.0
2021-10-22,6.73,7.84,1.19,10.51,4.96,21.68,22.41,1.13,23.55
2021-10-23,6.67,7.84,1.25,10.43,5.06,21.92,22.12,1.15,23.56
2021-10-24,6.7,7.89,1.23,10.36,5.02,21.96,22.15,1.15,23.54
2021-10-25,6.67,7.88,1.27,10.24,5.22,21.72,22.36,1.2,23.44
2021-10-26,6.71,7.92,1.31,10.06,5.33,21.49,22.27,1.21,23.7
2021-10-27,6.44,7.88,1.32,10.28,5.24,21.47,22.4,1.25,23.72
2021-10-28,6.46,7.82,1.33,10.25,5.22,21.48,22.64,1.22,23.58
2021-10-29,6.37,7.73,1.32,10.26,5.31,21.51,22.75,1.22,23.53
2021-10-30,6.41,7.33,1.33,9.84,5.5,21.99,23.45,1.23,22.92
2021-10-31,6.37,7.49,1.34,9.81,5.5,22.04,23.48,1.2,22.77
2021-11-01,6.32,7.32,1.33,9.89,5.49,21.88,23.61,1.29,22.87
2021-11-02,6.23,7.34,1.29,10.03,5.45,21.83,23.76,1.18,22.89
2021-11-03,6.15,7.26,1.33,10.11,5.57,21.83,23.89,1.3,22.56
2021-11-04,6.19,7.36,1.33,10.04,5.58,21.67,23.84,1.29,22.7
2021-11-05,6.2,7.32,1.34,10.12,5.58,21.92,23.63,1.26,22.63
2021-11-06,6.1,7.59,1.33,10.15,5.57,21.66,23.66,1.29,22.65
2021-11-07,6.21,7.33,1.34,10.14,5.54,21.84,23.64,1.26,22.7
2021-11-08,6.43,7.45,1.21,10.03,5.66,22.05,23.26,1.09,22.82
2021-11-09,6.42,7.37,1.22,9.98,5.72,22.09,23.39,1.07,22.74
2021-11-10,6.38,7.48,1.11,9.88,5.55,22.25,23.49,1.1,22.76
2021-11-11,6.49,7.47,1.09,9.83,5.72,22.02,23.7,1.05,22.63
2021-11-12,6.64,7.6,1.09,9.84,5.72,21.56,24.01,1.04,22.5
2021-11-13,6.54,7.4,1.08,9.65,5.67,21.34,24.37,1.03,22.92
2021-11-14,6.55,7.42,1.09,9.76,5.68,21.19,24.26,1.04,23.01
2021-11-15,6.54,7.49,1.15,9.58,5.7,21.14,24.48,1.04,22.88
2021-11-16,6.56,7.54,1.12,9.53,5.67,21.46,24.39,0.93,22.8
2021-11-17,6.62,7.45,1.14,9.64,5.75,21.53,24.36,0.91,22.6
2021-11-18,6.54,7.35,1.06,9.58,5.84,21.72,24.48,0.83,22.6
2021-11-19,6.61,7.23,1.08,9.6,5.68,21.83,24.68,0.82,22.47
2021-11-20,6.57,7.17,1.05,9.74,5.69,21.77,25.11,0.77,22.13
2021-11-21,6.53,7.14,1.07,9.86,5.7,21.89,25.14,0.77,21.9
2021-11-22,6.62,7.21,0.96,9.72,5.8,21.6,25.1,0.81,22.18
2021-11-23,6.62,6.94,1.01,9.74,5.61,22.12,25.06,0.88,22.02
2021-11-24,6.84,7.03,1.05,9.43,5.61,21.55,25.27,0.94,22.28
2021-11-25,6.74,6.94,1.04,9.45,5.71,21.96,25.33,0.96,21.87
2021-11-26,6.6,6.96,1.03,9.48,5.89,21.84,25.19,0.91,22.1
2021-11-27,6.82,6.98,1.0,9.51,5.85,22.11,24.88,0.91,21.94
2021-11-28,6.77,6.97,1.0,9.45,5.8,22.22,24.93,0.9,21.96
2021-11-29,7.21,6.69,0.92,9.85,5.81,22.38,23.95,0.86,22.33
2021-11-30,7.09,6.6,0.93,9.97,5.74,22.32,23.92,0.91,22.52
2021-12-01,7.27,6.68,0.93,10.08,5.67,22.02,23.9,0.9,22.55
2021-12-02,7.43,6.38,0.93,10.42,5.62,22.33,23.6,0.92,22.37
2021-12-03,7.4,6.39,0.93,10.37,5.67,22.16,23.55,0.95,22.58
2021-12-04,7.51,6.32,0.89,10.58,5.62,22.23,23.16,0.99,22.7
2021-12-05,7.59,6.38,0.88,10.52,5.62,22.05,23.17,1.03,22.76
2021-12-06,7.51,6.16,0.91,10.72,5.49,22.17,23.36,0.98,22.7
2021-12-07,7.71,6.21,0.86,10.93,5.43,21.98,22.25,1.03,23.6
2021-12-08,7.87,6.16,0.83,10.63,5.31,21.41,21.83,0.94,25.02
2021-12-09,7.97,6.04,0.86,10.66,5.55,21.28,21.69,0.95,25.0
2021-12-10,7.91,6.1,0.89,10.5,5.49,21.47,21.75,0.96,24.93
2021-12-11,7.81,6.09,0.86,10.71,5.47,21.38,21.66,0.95,25.07
2021-12-12,7.88,6.2,0.86,10.62,5.43,21.31,21.68,0.97,25.05
2021-12-13,7.8,6.2,0.84,10.7,5.44,21.48,21.53,0.94,25.07
2021-12-14,7.85,6.08,0.83,10.87,5.47,21.55,21.46,0.96,24.93
2021-12-15,7.74,6.16,0.78,10.5,5.56,21.35,21.7,0.99,25.22
2021-12-16,8.12,5.96,0.72,10.98,5.62,20.88,21.87,0.96,24.89
2021-12-17,8.42,6.03,0.69,10.66,5.55,21.02,21.7,0.94,24.99
2021-12-18,8.27,6.03,0.7,10.74,5.58,20.7,21.83,0.96,25.19
2021-12-19,8.34,5.91,0.69,10.69,5.59,20.73,21.97,0.93,25.15
2021-12-20,8.33,6.01,0.71,10.9,5.58,20.71,21.7,0.92,25.14
2021-12-21,8.38,5.97,0.7,10.8,5.63,20.53,21.78,0.91,25.3
2021-12-22,8.28,5.83,0.61,10.92,5.54,20.53,21.92,0.85,25.52
2021-12-23,8.27,5.87,0.61,10.81,5.54,20.35,22.07,0.85,25.63
2021-12-24,8.18,5.91,0.63,10.88,5.6,19.92,22.47,0.81,25.6
2021-12-25,8.2,6.03,0.62,10.88,5.61,19.81,22.47,0.8,25.58
2021-12-26,8.19,5.91,0.63,10.84,5.59,20.01,22.43,0.86,25.54
2021-12-27,8.28,5.93,0.62,10.88,5.54,19.87,22.37,0.92,25.59
2021-12-28,8.22,5.85,0.63,10.73,5.61,20.2,22.29,0.92,25.55
2021-12-29,8.24,5.93,0.63,10.75,5.65,20.04,22.34,0.9,25.52
2021-12-30,8.42,5.93,0.63,10.71,5.52,20.15,22.15,0.97,25.52
2021-12-31,8.0,5.93,0.7,10.33,5.51,20.71,21.7,0.83,26.29
2022-01-01,8.04,5.93,0.7,10.36,5.46,20.83,21.62,0.83,26.23
2022-01-02,7.99,5.97,0.7,10.36,5.44,20.79,21.62,0.83,26.3
2022-01-03,8.1,5.58,0.69,10.48,5.55,21.09,21.62,0.78,26.11
2022-01-04,7.87,5.84,0.69,10.35,5.44,21.24,21.44,0.82,26.31
2022-01-05,7.35,5.84,0.7,10.28,5.3,21.98,20.88,0.81,26.86
2022-01-06,7.6,5.79,0.7,9.9,5.2,21.81,20.88,0.84,27.28
2022-01-07,7.13,5.88,0.75,10.36,5.13,21.53,21.59,0.86,26.77
2022-01-08,7.12,5.89,0.81,10.61,5.05,22.31,21.19,0.77,26.25
2022-01-09,7.13,5.74,0.79,10.59,5.08,22.2,21.32,0.79,26.36
2022-01-10,7.11,5.52,0.82,10.68,5.23,22.72,21.0,0.75,26.17
2022-01-11,7.19,5.37,0.85,10.99,5.05,22.49,20.71,0.73,26.62
2022-01-12,7.44,5.04,0.8,11.51,5.49,22.26,20.41,0.75,26.3
2022-01-13,7.61,5.06,0.83,11.69,5.58,22.48,20.47,0.73,25.55
2022-01-14,7.65,5.07,0.81,11.59,5.55,22.38,20.62,0.73,25.6
2022-01-15,7.84,5.49,0.85,11.79,5.53,22.49,20.59,0.73,24.69
2022-01-16,7.87,5.42,0.84,11.7,5.62,22.58,20.49,0.73,24.75
2022-01-17,7.83,5.37,0.89,13.21,5.64,21.94,20.88,0.66,23.58
2022-01-18,7.82,5.22,0.78,14.95,5.33,22.18,19.78,0.62,23.32
2022-01-19,8.0,5.1,0.86,16.32,5.44,21.77,19.39,0.66,22.46
2022-01-20,7.94,5.26,0.86,16.68,5.41,21.67,19.2,0.65,22.33
2022-01-21,7.93,5.22,0.83,16.57,5.2,22.16,19.08,0.63,22.38
2022-01-22,7.82,5.55,0.86,16.6,5.22,21.85,18.87,0.66,22.57
2022-01-23,7.77,5.49,0.85,16.65,5.24,22.04,18.74,0.66,22.56
2022-01-24,7.79,5.71,0.89,16.31,5.3,21.99,18.9,0.66,22.45
2022-01-25,7.78,5.63,0.86,16.55,5.28,21.71,18.65,0.63,22.91
2022-01-26,7.79,5.57,0.86,16.62,5.29,21.78,18.69,0.61,22.79
2022-01-27,7.7,5.61,0.85,16.31,5.49,22.04,18.44,0.64,22.92
2022-01-28,7.62,5.52,0.82,16.47,5.33,21.64,18.6,0.63,23.37
2022-01-29,7.78,5.45,0.86,16.53,5.38,21.27,18.52,0.6,23.61
2022-01-30,7.8,5.33,0.89,16.48,5.38,21.31,18.51,0.62,23.68
2022-01-31,8.22,5.24,0.92,16.28,5.08,21.35,17.89,0.75,24.27
2022-02-01,7.75,5.75,0.95,15.47,5.16,23.07,16.85,0.78,24.22
2022-02-02,7.77,5.6,0.82,15.16,5.52,24.17,16.57,0.79,23.6
2022-02-03,7.73,5.42,0.84,13.83,5.98,24.22,16.56,0.79,24.63
2022-02-04,7.67,5.6,0.9,13.89,6.33,23.73,16.58,0.68,24.62
2022-02-05,7.73,5.86,1.0,13.52,6.1,23.77,16.53,0.72,24.77
2022-02-06,7.55,5.85,1.0,13.56,6.07,23.8,16.49,0.75,24.93
2022-02-07,8.33,5.85,1.01,13.83,6.02,23.64,16.14,0.66,24.52
2022-02-08,8.12,6.14,1.22,13.06,6.14,24.21,16.4,0.56,24.15
2022-02-09,7.77,5.84,1.27,12.0,5.89,24.96,16.09,0.5,25.68
2022-02-10,7.32,5.48,1.32,11.94,5.43,25.06,17.22,0.55,25.68
2022-02-11,7.18,5.6,1.29,11.67,5.34,25.13,17.22,0.48,26.09
2022-02-12,7.31,5.3,1.28,11.36,5.49,25.51,16.92,0.66,26.17
2022-02-13,7.28,5.55,1.26,11.55,5.49,25.44,16.88,0.68,25.87
2022-02-14,7.07,5.63,1.3,11.35,5.39,24.83,17.0,0.6,26.83
2022-02-15,6.87,5.96,1.33,10.4,4.85,25.0,17.83,0.62,27.14
2022-02-16,6.77,5.88,1.37,9.57,4.81,25.2,17.64,0.62,28.14
2022-02-17,6.9,6.06,1.51,9.32,5.26,25.45,17.5,0.66,27.34
2022-02-18,6.5,5.86,1.61,9.35,5.02,26.09,18.07,0.61,26.89
2022-02-19,6.2,5.98,1.59,9.73,5.44,26.23,17.5,0.61,26.72
2022-02-20,6.26,5.89,1.59,9.74,5.45,26.22,17.45,0.61,26.79
2022-02-21,6.48,6.25,1.64,10.02,5.43,26.13,17.03,0.55,26.47
2022-02-22,6.89,6.02,1.69,9.89,5.26,26.25,16.98,0.59,26.43
2022-02-23,6.52,6.48,1.8,9.5,5.75,26.4,16.3,0.59,26.66
2022-02-24,6.37,7.04,1.97,9.57,6.04,25.6,15.94,0.76,26.71
2022-02-25,6.34,6.7,1.96,10.82,6.06,24.92,15.3,0.76,27.14
2022-02-26,6.48,6.74,1.84,9.91,5.81,25.12,16.23,0.61,27.26
2022-02-27,6.5,6.73,1.87,9.91,5.81,25.09,16.2,0.62,27.27
2022-02-28,6.57,6.43,1.95,10.38,5.43,24.64,16.87,0.58,27.15
2022-03-01,6.56,6.43,1.94,10.38,5.35,24.72,16.9,0.59,27.13
2022-03-02,6.49,6.22,1.99,10.39,5.26,25.14,16.64,0.62,27.25
2022-03-03,6.4,6.31,1.88,10.41,5.19,24.98,17.1,0.65,27.08
2022-03-04,6.56,6.67,1.86,9.95,4.96,25.63,17.2,0.56,26.61
2022-03-05,6.53,6.62,1.71,9.47,4.87,25.96,17.32,0.6,26.92
2022-03-06,6.57,6.61,1.71,9.48,4.91,25.94,17.35,0.61,26.82
2022-03-07,6.77,6.49,1.76,8.69,4.6,25.56,18.73,0.59,26.81
2022-03-08,7.07,5.9,1.54,8.14,4.4,25.05,19.81,0.68,27.41
2022-03-09,6.76,6.98,1.7,7.35,4.45,24.61,20.72,0.67,26.76
2022-03-10,6.69,6.88,1.57,7.01,4.35,24.49,21.52,0.74,26.75
2022-03-11,6.32,6.98,1.55,6.74,4.3,24.9,21.66,0.73,26.82
2022-03-12,6.3,6.99,1.52,6.79,4.31,24.83,21.53,0.73,27.0
2022-03-13,6.38,6.92,1.54,6.81,4.31,24.95,21.59,0.7,26.8
2022-03-14,6.33,7.03,1.51,6.76,4.3,24.97,21.58,0.7,26.82
2022-03-15,6.59,7.0,1.73,6.6,4.34,24.67,21.23,0.73,27.11
2022-03-16,6.5,7.43,1.95,6.36,4.21,23.65,21.92,0.72,27.26
2022-03-17,6.26,8.13,2.19,6.59,4.36,24.53,20.99,0.75,26.2
2022-03-18,6.29,8.11,2.18,6.58,4.33,24.69,20.91,0.74,26.17
2022-03-19,6.26,8.17,2.17,6.59,4.35,24.52,20.97,0.75,26.22
2022-03-20,6.27,8.19,2.17,6.62,4.29,24.42,20.97,0.75,26.32
2022-03-21,6.28,7.23,1.82,6.39,5.03,22.87,21.93,1.25,27.2
2022-03-22,5.97,7.41,1.8,5.58,4.72,23.8,22.6,1.09,27.03
2022-03-23,6.1,7.14,1.67,5.31,4.93,22.7,22.56,1.14,28.45
2022-03-24,5.91,7.53,1.8,5.44,5.31,21.41,24.89,0.82,26.89
2022-03-25,5.86,8.07,1.85,5.3,5.61,21.48,24.98,0.73,26.12
2022-03-26,6.27,7.89,1.98,5.42,5.25,22.1,24.74,0.77,25.58
2022-03-27,6.25,7.88,1.99,5.46,5.32,22.15,24.63,0.77,25.55
2022-03-28,5.89,8.24,2.18,4.9,5.16,24.57,24.48,0.79,23.79
2022-03-29,5.91,8.7,2.51,4.79,5.16,24.3,25.23,0.8,22.6
2022-03-30,5.77,7.9,2.78,4.98,5.55,23.86,26.03,0.85,22.28
2022-03-31,6.12,7.56,2.67,5.0,5.74,22.65,27.49,0.84,21.93
2022-04-01,6.07,7.49,2.26,4.94,5.74,22.2,28.69,0.91,21.7
2022-04-02,5.97,7.22,2.2,4.79,5.26,21.17,30.48,0.94,21.97
2022-04-03,5.8,7.21,2.34,4.74,5.18,21.26,30.42,0.94,22.11
2022-04-04,5.68,7.07,2.19,4.52,5.19,20.89,30.99,0.84,22.63
2022-04-05,5.51,6.69,2.31,4.47,5.2,21.2,31.44,0.87,22.31
2022-04-06,5.59,7.1,1.98,4.0,5.32,21.03,31.92,0.94,22.12
2022-04-07,5.75,7.2,1.91,4.05,5.34,20.83,31.12,0.86,22.94
2022-04-08,5.52,7.53,1.96,3.91,5.31,21.33,30.7,0.82,22.92
2022-04-09,5.48,7.76,1.93,4.03,5.27,20.81,31.28,0.84,22.6
2022-04-10,5.46,7.71,1.9,4.02,5.21,20.84,31.34,0.84,22.68
2022-04-11,5.69,7.98,1.9,4.01,5.21,20.74,32.11,0.74,21.62
2022-04-12,5.46,8.14,1.97,3.66,5.06,21.2,32.03,0.64,21.84
2022-04-13,5.44,7.7,2.17,3.56,5.33,20.66,32.52,0.58,22.04
2022-04-14,5.28,7.91,2.01,3.74,5.08,20.93,32.76,0.64,21.65
2022-04-15,5.08,7.63,2.05,3.57,5.15,20.83,33.07,0.57,22.05
2022-04-16,5.28,7.5,1.99,3.62,4.96,20.86,33.37,0.44,21.98
2022-04-17,5.26,7.48,2.01,3.66,4.96,20.95,33.25,0.42,22.01
2022-04-18,5.27,7.53,1.97,3.59,5.05,20.92,32.98,0.39,22.3
2022-04-19,5.62,7.77,1.99,3.76,4.8,21.03,32.88,0.38,21.77
2022-04-20,5.46,8.09,1.95,3.66,4.48,21.04,33.04,0.39,21.89
2022-04-21,5.57,7.89,1.76,3.63,4.69,20.98,33.35,0.46,21.67
2022-04-22,5.93,7.74,1.56,3.76,4.8,21.37,33.25,0.45,21.14
2022-04-23,6.04,7.84,1.58,3.21,5.08,21.09,33.19,0.47,21.5
2022-04-24,6.13,7.87,1.53,3.23,5.09,20.76,33.19,0.49,21.71
2022-04-25,6.42,8.16,1.48,3.48,4.93,20.6,33.1,0.61,21.22
2022-04-26,6.29,7.68,1.46,3.62,4.99,20.78,33.42,0.63,21.13
2022-04-27,6.35,7.61,1.4,3.56,5.1,20.93,33.3,0.62,21.13
2022-04-28,5.95,7.78,1.7,3.14,5.11,20.51,33.88,0.59,21.34
2022-04-29,5.85,7.86,1.81,3.23,5.06,20.1,34.01,0.56,21.52
2022-04-30,5.79,7.8,1.86,3.29,5.01,20.16,33.9,0.57,21.62
2022-05-01,5.81,7.76,1.89,3.3,4.97,20.28,33.81,0.58,21.6
2022-05-02,6.01,7.57,1.99,3.42,5.32,20.49,33.12,0.48,21.6
2022-05-03,6.07,7.44,1.95,3.4,5.36,20.5,33.06,0.5,21.72
2022-05-04,6.1,7.44,1.84,3.54,5.41,20.61,32.42,0.54,22.1
2022-05-05,5.91,7.24,1.91,3.56,5.27,21.46,32.25,0.56,21.84
2022-05-06,5.82,6.87,2.15,3.53,5.45,22.36,31.73,0.5,21.59
2022-05-07,5.77,6.84,2.18,3.4,5.57,22.53,30.8,0.49,22.42
2022-05-08,5.76,6.82,2.2,3.37,5.61,22.44,30.85,0.44,22.51
2022-05-09,5.75,6.86,2.46,3.25,5.26,22.75,31.0,0.44,22.23
2022-05-10,5.89,7.04,2.55,2.96,4.94,23.06,31.27,0.5,21.79
2022-05-11,5.68,7.59,2.24,2.83,4.84,22.32,30.92,0.58,23.0
2022-05-12,5.78,7.44,2.45,2.7,4.64,22.94,30.99,0.49,22.57
2022-05-13,5.83,7.66,2.43,2.75,4.9,22.28,32.1,0.45,21.6
2022-05-14,5.49,7.93,2.25,3.09,4.82,21.81,32.27,0.39,21.95
2022-05-15,5.52,7.89,2.26,3.08,4.81,21.92,32.11,0.41,22.0
2022-05-16,5.51,8.54,2.22,2.95,4.96,21.61,31.97,0.41,21.83
2022-05-17,5.67,8.53,2.2,2.94,5.1,21.54,31.66,0.47,21.89
2022-05-18,5.4,8.03,2.46,2.93,4.88,21.67,32.09,0.38,22.16
2022-05-19,5.4,7.69,2.6,2.47,4.92,22.17,32.66,0.41,21.68
2022-05-20,5.85,7.16,2.86,2.74,4.57,21.98,32.39,0.4,22.05
2022-05-21,5.66,7.74,2.72,3.3,4.65,21.7,32.27,0.33,21.63
2022-05-22,5.67,7.66,2.75,3.28,4.76,21.65,32.26,0.33,21.64
2022-05-23,5.31,8.12,2.81,3.29,4.26,21.27,33.62,0.3,21.02
2022-05-24,5.61,6.97,2.71,2.67,4.26,21.57,33.03,0.57,22.61
2022-05-25,5.63,6.88,2.52,2.76,4.36,22.35,31.91,0.5,23.09
2022-05-26,5.13,8.55,2.48,2.59,4.96,22.77,32.24,0.59,20.69
2022-05-27,4.82,8.72,2.63,2.58,4.58,23.18,32.31,0.66,20.52
2022-05-28,5.26,8.22,2.43,2.47,4.65,23.16,32.12,0.51,21.18
2022-05-29,5.24,8.29,2.4,2.47,4.63,23.14,32.11,0.48,21.24
2022-05-30,5.36,8.45,2.41,2.12,4.65,22.97,32.46,0.48,21.1
2022-05-31,5.68,8.59,2.27,1.98,5.41,22.87,31.25,0.5,21.45
2022-06-01,6.06,8.0,2.31,2.19,6.1,22.28,29.63,0.58,22.85
2022-06-02,5.94,7.26,2.41,2.03,6.25,23.1,29.46,0.67,22.88
2022-06-03,5.83,7.29,2.46,2.4,6.5,22.77,28.89,0.67,23.19
2022-06-04,6.23,7.04,2.56,2.39,6.33,21.36,29.37,0.63,24.09
2022-06-05,6.19,7.02,2.56,2.38,6.36,21.4,29.31,0.64,24.14
2022-06-06,6.08,7.37,2.6,2.61,5.8,21.56,29.73,0.68,23.57
2022-06-07,6.02,6.99,2.73,2.07,5.41,22.05,30.45,0.69,23.59
2022-06-08,5.97,7.63,2.9,1.94,4.99,22.06,30.62,0.56,23.33
2022-06-09,6.13,8.01,2.72,2.21,5.23,22.58,29.45,0.67,23.0
2022-06-10,6.37,7.93,3.08,1.99,5.36,22.52,29.36,0.8,22.59
2022-06-11,6.22,8.11,3.13,2.04,5.63,22.83,28.83,0.88,22.33
2022-06-12,6.28,8.29,3.2,2.02,5.56,22.79,28.95,0.89,22.02
2022-06-13,6.18,8.23,3.18,2.01,5.51,22.8,28.76,0.89,22.44
2022-06-14,6.31,7.95,3.29,2.05,5.49,23.16,28.61,0.87,22.27
2022-06-15,6.32,7.98,3.26,2.02,5.43,23.19,28.61,0.86,22.33
2022-06-16,6.33,7.85,3.29,2.02,5.42,23.51,28.32,0.83,22.43
2022-06-17,6.47,8.0,3.21,2.11,5.38,23.65,28.16,0.84,22.18
2022-06-18,6.32,8.11,2.94,2.14,5.4,23.86,27.77,0.84,22.62
2022-06-19,6.3,7.5,3.02,2.11,5.4,23.83,27.99,0.84,23.01
2022-06-20,6.21,7.53,2.95,2.21,5.43,24.46,27.48,0.91,22.82
2022-06-21,6.36,7.49,2.85,2.1,5.3,24.96,27.19,0.86,22.89
2022-06-22,6.16,7.59,2.49,2.0,5.6,26.29,25.92,0.81,23.14
2022-06-23,6.11,7.8,2.24,2.18,5.65,26.81,25.11,0.87,23.23
2022-06-24,5.84,6.89,2.41,2.03,6.1,26.19,25.52,0.72,24.3
2022-06-25,5.75,6.93,2.38,1.77,6.34,26.29,25.76,0.72,24.06
2022-06-26,5.78,6.92,2.36,1.8,6.28,26.25,25.64,0.72,24.25
2022-06-27,5.85,6.95,2.41,1.78,6.62,26.22,25.67,0.69,23.81
2022-06-28,5.81,7.27,2.5,1.79,6.63,26.23,25.38,0.73,23.66
2022-06-29,5.88,7.26,2.9,1.82,6.67,26.85,24.31,0.81,23.5
2022-06-30,6.13,7.29,2.78,1.78,6.05,27.73,23.44,0.91,23.89
2022-07-01,6.28,7.42,2.77,1.75,5.55,28.21,23.4,0.9,23.72
2022-07-02,6.24,6.96,2.68,2.04,5.47,27.83,23.52,0.95,24.31
2022-07-03,6.08,6.9,2.71,2.06,5.5,28.12,23.47,0.94,24.22
2022-07-04,6.27,7.16,2.52,2.09,5.56,28.19,23.2,0.94,24.07
2022-07-05,6.16,7.19,2.56,2.07,5.61,27.51,22.99,0.99,24.92
2022-07-06,6.0,6.88,2.49,2.31,5.48,28.36,22.61,0.99,24.88
2022-07-07,5.65,6.71,2.48,2.15,5.77,28.06,22.98,1.05,25.15
2022-07-08,5.69,6.41,2.47,2.28,5.78,27.83,22.64,0.99,25.91
2022-07-09,5.81,6.34,2.55,2.29,5.72,27.74,22.59,0.95,26.01
2022-07-10,5.75,6.23,2.53,2.3,5.7,27.82,22.63,0.93,26.11
2022-07-11,6.36,6.17,2.87,2.06,5.19,27.69,22.88,0.85,25.93
2022-07-12,7.27,6.74,2.81,2.17,5.82,25.28,22.62,0.91,26.38
2022-07-13,6.95,7.21,2.65,1.91,5.85,25.05,23.45,0.91,26.02
2022-07-14,6.69,7.09,2.61,1.79,5.41,26.71,23.56,0.8,25.34
2022-07-15,5.87,7.72,2.01,1.53,5.36,26.68,24.02,0.92,25.89
2022-07-16,6.16,7.33,1.96,1.78,5.23,25.9,24.69,0.99,25.96
2022-07-17,6.11,7.44,1.98,1.76,5.22,25.91,24.75,0.99,25.84
2022-07-18,6.11,7.48,2.07,2.05,5.44,25.48,24.72,0.93,25.72
2022-07-19,5.76,7.84,2.44,2.07,5.67,24.34,25.0,0.99,25.89
2022-07-20,5.41,7.73,2.24,2.18,5.67,24.16,26.35,0.89,25.37
2022-07-21,5.01,7.78,2.01,2.25,6.13,24.13,26.34,0.78,25.57
2022-07-22,4.86,7.17,2.14,2.46,6.23,24.69,25.94,0.83,25.68
2022-07-23,4.92,6.71,2.4,2.46,5.93,24.02,27.65,0.95,24.96
2022-07-24,4.9,6.69,2.38,2.42,6.28,23.87,27.39,0.94,25.13
2022-07-25,4.88,7.2,2.76,1.81,5.49,24.69,27.36,0.76,25.05
2022-07-26,5.15,7.68,2.85,1.7,5.37,24.2,25.7,0.69,26.66
2022-07-27,5.78,8.01,2.85,2.06,5.6,23.65,25.99,0.76,25.3
2022-07-28,5.7,7.88,2.3,1.94,5.24,23.63,26.89,0.87,25.55
2022-07-29,5.74,7.48,2.09,1.98,4.79,24.44,28.06,0.81,24.61
2022-07-30,6.05,7.16,2.6,2.03,5.28,24.44,27.33,0.88,24.23
2022-07-31,6.17,7.13,2.57,2.02,5.24,24.47,27.26,0.87,24.27
2022-08-01,5.54,7.6,2.65,1.61,4.93,25.26,26.88,0.82,24.71
2022-08-02,5.78,8.0,2.18,1.72,5.37,23.94,26.89,0.85,25.27
2022-08-03,5.98,7.77,2.21,1.73,5.69,23.27,27.02,0.82,25.51
2022-08-04,6.28,7.74,2.4,1.76,5.75,22.95,27.16,0.64,25.32
2022-08-05,5.83,8.13,2.76,1.72,6.37,22.75,27.22,0.83,24.39
2022-08-06,6.26,7.83,2.99,1.82,5.71,23.13,28.35,1.18,22.73
2022-08-07,6.28,7.92,2.96,1.81,5.59,23.01,28.18,1.19,23.06
2022-08-08,5.76,8.16,2.46,1.53,4.93,23.02,29.34,1.09,23.71
2022-08-09,5.76,8.19,2.55,1.54,4.82,23.26,29.3,1.08,23.5
2022-08-10,6.02,8.25,2.56,1.41,4.62,23.69,29.48,0.74,23.23
2022-08-11,6.08,8.21,2.54,1.41,4.69,23.7,29.31,0.73,23.33
2022-08-12,5.65,8.28,2.61,1.54,5.16,24.18,28.35,0.67,23.56
2022-08-13,5.6,8.22,2.63,1.48,5.2,24.14,28.52,0.67,23.54
2022-08-14,5.59,8.33,2.66,1.51,5.15,24.13,28.44,0.66,23.53
2022-08-15,5.56,8.31,2.64,1.49,5.15,24.12,28.53,0.66,23.54
2022-08-16,5.57,8.62,2.23,1.61,5.43,24.31,27.54,0.79,23.9
2022-08-17,5.92,7.32,2.82,1.52,5.75,23.23,27.92,0.8,24.72
2022-08-18,5.94,7.31,2.57,1.14,5.43,24.3,27.09,0.92,25.3
2022-08-19,6.01,7.25,2.61,1.12,5.42,24.11,27.11,0.92,25.45
2022-08-20,6.59,7.24,2.5,1.41,5.76,24.17,28.41,0.9,23.02
2022-08-21,6.57,7.21,2.51,1.45,5.97,24.22,28.33,0.92,22.82
2022-08-22,6.73,7.9,2.27,1.51,6.05,24.68,26.23,0.75,23.88
2022-08-23,6.47,8.17,2.09,1.22,5.6,24.46,26.85,0.57,24.57
2022-08-24,5.82,8.05,2.51,1.41,5.66,22.38,27.31,0.51,26.35
2022-08-25,5.76,8.15,2.39,1.56,5.79,22.37,26.28,0.49,27.21
2022-08-26,6.28,8.6,2.56,1.48,5.66,20.81,27.21,0.54,26.86
2022-08-27,6.77,8.78,2.31,1.37,5.46,21.13,27.36,0.54,26.28
2022-08-28,6.83,8.69,2.31,1.38,5.41,21.03,27.49,0.55,26.31
2022-08-29,7.21,9.04,2.03,1.45,6.38,21.23,26.46,0.52,25.68
2022-08-30,7.12,7.97,1.87,1.34,6.31,23.01,26.24,0.75,25.39
2022-08-31,6.73,8.53,2.09,1.57,6.83,23.21,25.95,0.68,24.41
2022-09-01,6.16,8.67,2.78,1.43,6.91,22.55,25.99,0.82,24.69
2022-09-02,6.39,8.72,2.66,1.67,6.89,21.77,25.4,0.65,25.85
2022-09-03,6.99,7.7,2.32,1.66,7.06,21.67,26.09,0.57,25.94
2022-09-04,6.99,7.61,2.33,1.66,7.04,21.67,26.07,0.57,26.06
2022-09-05,6.53,8.04,2.35,1.28,6.64,21.58,27.76,0.46,25.36
2022-09-06,6.19,7.84,2.28,1.21,6.43,22.04,28.37,0.44,25.2
2022-09-07,6.31,8.28,1.96,1.36,5.8,23.4,27.76,0.52,24.61
2022-09-08,6.11,7.27,2.2,1.42,5.23,23.84,26.18,0.88,26.87
2022-09-09,6.07,7.92,2.24,1.39,5.43,21.86,27.1,0.69,27.3
2022-09-10,6.18,8.79,2.0,1.37,5.56,21.98,26.77,0.71,26.64
2022-09-11,6.17,8.53,2.03,1.39,5.75,22.08,26.87,0.7,26.48
2022-09-12,6.27,8.0,2.22,1.34,6.03,21.56,28.62,0.69,25.27
2022-09-13,5.73,7.48,2.58,1.38,6.17,21.83,30.32,1.0,23.51
2022-09-14,6.28,6.89,2.5,1.19,5.91,22.56,29.02,0.74,24.91
2022-09-15,6.52,7.73,1.94,0.81,6.03,22.44,28.32,0.6,25.61
2022-09-16,6.04,8.32,2.08,0.77,6.02,23.58,27.79,0.74,24.66
2022-09-17,5.78,8.84,2.0,0.71,5.91,23.96,28.16,0.8,23.84
2022-09-18,5.85,8.77,2.03,0.72,5.97,23.95,28.19,0.79,23.73
2022-09-19,6.08,8.44,2.37,0.65,5.95,23.97,27.63,0.89,24.02
2022-09-20,5.76,8.47,2.31,0.61,5.9,24.16,27.43,0.81,24.55
2022-09-21,5.9,8.05,2.34,0.66,5.79,24.32,27.21,0.89,24.84
2022-09-22,5.54,8.11,2.39,0.61,6.04,23.93,27.33,0.72,25.33
2022-09-23,5.47,7.65,2.73,0.96,6.15,24.69,25.84,0.71,25.8
2022-09-24,5.6,7.21,3.04,0.89,5.87,25.18,26.13,1.13,24.95
2022-09-25,5.54,7.26,2.99,0.89,5.9,25.13,26.07,1.12,25.1
2022-09-26,5.64,7.31,2.89,1.01,6.09,24.94,25.95,1.14,25.03
2022-09-27,5.4,7.75,2.98,0.98,6.4,25.56,25.27,1.1,24.56
2022-09-28,5.78,7.84,2.9,1.09,6.15,25.11,25.21,1.04,24.88
2022-09-29,6.31,6.94,2.84,1.1,6.02,24.39,25.74,1.2,25.46
2022-09-30,6.81,6.57,2.77,1.22,5.22,24.22,25.7,0.9,26.59
2022-10-01,6.34,6.7,2.61,1.18,4.59,25.34,26.46,1.12,25.66
2022-10-02,6.4,6.68,2.66,1.18,4.57,25.3,26.54,1.13,25.54
2022-10-03,6.1,6.7,2.29,1.2,4.75,25.28,26.77,1.11,25.8
2022-10-04,6.13,7.35,2.34,1.05,4.7,25.85,25.65,1.25,25.68
2022-10-05,6.21,7.44,2.34,1.04,4.65,25.66,25.61,1.26,25.79
2022-10-06,5.53,7.82,2.49,0.97,4.8,25.8,25.05,1.32,26.22
2022-10-07,5.61,8.05,2.46,0.92,5.14,25.3,25.35,1.17,26.0
2022-10-08,5.22,7.52,2.8,1.1,5.56,25.2,26.18,0.97,25.45
2022-10-09,5.21,7.36,2.81,1.08,5.63,25.27,26.13,0.97,25.54
2022-10-10,5.16,6.9,3.07,1.1,5.88,23.92,26.43,0.92,26.62
2022-10-11,4.71,7.5,2.51,0.79,6.06,23.59,26.52,0.85,27.47
2022-10-12,4.82,6.98,2.35,0.67,6.62,23.98,25.38,0.84,28.36
2022-10-13,5.17,6.63,2.58,0.66,6.19,24.89,25.61,0.7,27.57
2022-10-14,4.99,6.13,2.85,0.7,6.4,25.22,25.58,0.75,27.38
2022-10-15,4.72,5.82,3.22,0.7,6.72,25.92,25.96,0.79,26.15
2022-10-16,4.74,5.85,3.25,0.7,6.7,25.72,26.04,0.79,26.21
2022-10-17,4.53,5.58,3.23,0.77,6.21,26.87,26.09,0.89,25.83
2022-10-18,4.72,5.45,2.97,0.79,5.94,27.01,25.54,1.05,26.53
2022-10-19,4.65,5.45,2.9,0.82,6.01,26.35,27.15,1.11,25.56
2022-10-20,4.8,5.59,2.84,0.6,5.91,25.82,26.85,1.16,26.43
2022-10-21,4.8,5.6,2.78,0.61,5.7,25.81,27.07,1.15,26.48
2022-10-22,4.56,5.66,3.17,0.7,5.8,26.36,26.19,1.26,26.3
2022-10-23,4.56,5.71,3.18,0.7,5.78,26.39,26.28,1.24,26.16
2022-10-24,4.56,5.65,3.16,0.69,5.87,26.0,26.21,1.23,26.63
2022-10-25,4.56,5.73,3.21,0.69,5.78,26.05,26.13,1.25,26.6
2022-10-26,4.95,5.99,2.97,0.62,5.65,25.96,25.23,1.21,27.42
2022-10-27,5.0,5.9,3.0,0.61,5.68,25.85,25.2,1.23,27.53
2022-10-28,5.26,6.01,2.69,0.67,5.83,26.34,25.17,1.12,26.91
2022-10-29,5.31,5.99,2.6,0.72,5.86,26.56,24.6,1.13,27.23
2022-10-30,5.25,5.97,2.76,0.74,5.89,26.47,24.48,1.15,27.29
2022-10-31,5.79,6.68,2.84,0.65,5.79,25.62,24.86,1.01,26.76
2022-11-01,5.34,6.72,2.67,0.6,6.14,24.97,25.17,0.94,27.45
2022-11-02,5.69,6.73,2.65,0.63,6.12,25.01,24.75,0.95,27.47
2022-11-03,5.58,6.68,2.46,0.56,6.19,25.7,24.67,0.89,27.27
2022-11-04,5.71,6.58,2.5,0.55,6.21,25.61,24.67,0.92,27.25
2022-11-05,6.14,6.79,2.38,0.56,6.03,25.73,24.27,0.9,27.2
2022-11-06,6.15,6.78,2.39,0.54,6.01,25.74,24.37,0.9,27.12
2022-11-07,6.21,6.6,2.39,0.6,6.34,25.65,24.3,0.92,26.99
2022-11-08,6.42,6.7,2.29,0.55,6.28,25.94,24.15,0.91,26.76
2022-11-09,6.43,7.0,2.6,0.57,6.34,25.55,23.67,1.0,26.84
2022-11-10,6.0,7.63,2.52,0.91,6.11,25.82,23.23,1.02,26.76
2022-11-11,5.74,7.79,2.57,0.94,6.33,25.66,22.97,0.97,27.03
2022-11-12,5.64,7.0,2.5,0.88,6.43,25.89,23.57,0.93,27.16
2022-11-13,5.63,7.04,2.56,0.9,6.51,25.83,23.64,0.91,26.98
2022-11-14,5.67,7.22,2.47,0.9,6.56,25.88,23.06,0.84,27.4
2022-11-15,5.61,7.23,2.43,0.84,6.71,25.56,23.68,0.81,27.13
2022-11-16,5.38,7.09,2.39,0.75,6.88,25.14,23.88,0.79,27.7
2022-11-17,5.77,6.93,2.37,0.7,6.6,25.8,23.52,0.67,27.64
2022-11-18,5.87,6.78,2.55,0.63,6.47,25.82,23.92,0.62,27.34
2022-11-19,5.83,6.91,2.47,0.39,5.83,27.22,23.46,0.59,27.3
2022-11-20,5.82,6.85,2.46,0.38,6.01,27.09,23.43,0.63,27.33
2022-11-21,6.01,6.43,2.57,0.31,5.88,26.69,23.69,0.76,27.66
2022-11-22,6.05,6.35,2.59,0.32,5.34,26.47,24.17,0.81,27.9
2022-11-23,5.92,6.49,2.6,0.33,5.38,26.3,24.33,0.77,27.88
2022-11-24,5.73,6.54,2.53,0.32,5.73,26.49,24.7,0.76,27.2
2022-11-25,5.73,6.4,2.47,0.29,5.99,26.88,24.39,0.79,27.06
2022-11-26,5.97,6.51,2.39,0.29,5.79,26.91,24.43,0.8,26.91
2022-11-27,5.94,6.53,2.38,0.29,5.8,26.92,24.28,0.81,27.05
2022-11-28,5.85,6.57,2.59,0.29,5.74,27.19,24.71,0.74,26.32
2022-11-29,5.73,6.66,2.67,0.3,5.93,27.2,24.42,0.79,26.3
2022-11-30,5.46,6.64,2.68,0.54,5.75,27.4,24.1,0.74,26.69
2022-12-01,5.47,6.56,2.63,0.53,5.84,27.33,24.22,0.76,26.66
2022-12-02,5.49,6.53,3.13,0.53,5.69,26.94,24.33,0.72,26.64
2022-12-03,5.44,6.29,2.88,0.53,5.93,27.46,24.24,0.75,26.48
2022-12-04,5.55,6.27,2.88,0.57,5.95,27.35,24.08,0.74,26.61
2022-12-05,5.34,6.41,3.04,0.54,5.8,27.57,24.24,0.8,26.26
2022-12-06,5.41,6.46,3.28,0.6,5.93,27.56,23.51,0.81,26.44
2022-12-07,5.59,6.56,3.21,0.6,5.74,27.55,23.16,0.92,26.67
2022-12-08,5.48,6.49,3.38,0.57,6.02,27.78,22.97,0.99,26.32
2022-12-09,5.37,6.61,3.19,0.61,5.86,27.51,23.07,0.88,26.9
2022-12-10,5.73,6.7,3.06,0.65,5.83,26.95,23.1,0.93,27.05
2022-12-11,5.78,6.65,3.08,0.66,5.91,26.85,23.1,0.94,27.03
2022-12-12,5.78,6.6,3.11,0.65,5.88,26.88,23.12,0.94,27.04
2022-12-13,5.45,7.07,3.07,0.66,5.78,27.14,23.09,0.9,26.84
2022-12-14,5.34,6.97,3.12,0.62,5.69,27.46,23.03,0.89,26.88
2022-12-15,5.65,6.85,3.06,0.65,5.67,27.67,22.52,0.91,27.02
2022-12-16,5.89,7.4,2.85,0.67,5.94,27.76,22.05,0.88,26.56
2022-12-17,6.18,7.8,2.78,0.67,5.97,27.45,21.97,0.87,26.31
2022-12-18,6.17,7.87,2.76,0.66,5.92,27.56,21.89,0.87,26.3
2022-12-19,6.14,7.29,2.96,0.65,5.77,27.61,21.63,0.99,26.96
2022-12-20,5.9,7.27,2.92,0.61,6.01,27.31,21.82,1.01,27.15
2022-12-21,5.86,7.22,2.96,0.58,6.08,27.14,22.02,0.99,27.15
2022-12-22,5.7,7.74,3.09,0.73,6.25,26.83,21.54,1.04,27.08
2022-12-23,5.65,7.9,3.07,0.97,6.16,26.04,21.64,0.93,27.64
2022-12-24,5.72,7.55,3.1,1.59,6.09,26.34,21.66,0.85,27.1
2022-12-25,5.63,7.51,3.12,1.59,6.08,26.42,21.75,0.82,27.08
2022-12-26,5.51,7.44,2.83,2.28,6.12,26.9,21.68,0.75,26.49
2022-12-27,5.29,7.2,2.68,2.78,6.37,26.48,21.54,0.82,26.84
2022-12-28,5.42,7.3,2.63,3.28,6.06,26.18,21.62,0.77,26.74
2022-12-29,5.49,7.51,2.93,3.87,5.96,25.8,21.5,0.76,26.18
2022-12-30,5.41,7.75,2.84,4.31,6.33,25.38,21.51,0.63,25.84
2022-12-31,5.45,7.77,2.87,4.26,6.49,25.15,21.44,0.65,25.92
2023-01-01,5.46,7.71,2.86,4.26,6.59,24.91,21.59,0.67,25.95
2023-01-02,5.98,7.75,2.83,4.72,6.66,24.63,21.24,0.63,25.56
2023-01-03,6.13,7.45,2.87,4.88,6.9,25.13,20.96,0.65,25.03
2023-01-04,6.04,7.67,3.12,4.21,6.9,24.95,21.47,0.65,24.99
2023-01-05,6.1,7.31,3.1,4.16,6.74,25.19,21.63,0.68,25.09
2023-01-06,6.03,7.12,3.04,4.06,6.37,25.74,21.56,0.71,25.37
2023-01-07,6.13,7.27,3.06,4.11,6.5,25.99,20.94,0.72,25.28
2023-01-08,6.21,7.12,3.12,4.18,6.49,25.67,21.1,0.7,25.41
2023-01-09,5.95,7.19,2.99,4.16,6.23,25.75,21.68,0.67,25.38
2023-01-10,5.89,7.17,2.93,4.07,6.26,25.77,21.92,0.71,25.28
2023-01-11,5.85,7.41,2.8,4.06,6.24,25.53,21.93,0.7,25.48
2023-01-12,5.88,7.38,2.89,3.92,6.28,25.38,21.95,0.73,25.59
2023-01-13,5.88,7.15,2.84,4.08,6.55,25.28,22.52,0.63,25.07
2023-01-14,5.76,7.31,2.83,4.05,6.41,25.59,22.48,0.63,24.94
2023-01-15,5.77,7.33,2.83,4.04,6.26,25.56,22.79,0.65,24.77
2023-01-16,5.75,7.45,2.96,3.76,6.35,24.94,22.88,0.8,25.11
2023-01-17,5.59,7.57,3.44,2.89,6.51,24.47,22.3,0.8,26.43
2023-01-18,5.56,7.32,3.29,2.92,6.24,24.43,22.38,0.75,27.11
2023-01-19,5.32,7.43,2.87,2.76,5.77,25.18,22.55,0.7,27.42
2023-01-20,5.04,7.11,2.63,2.44,5.94,26.0,22.56,0.72,27.56
2023-01-21,5.01,6.98,2.72,2.4,5.93,26.21,22.76,0.68,27.31
2023-01-22,5.1,7.06,2.78,2.38,6.01,25.7,22.85,0.69,27.43
2023-01-23,5.33,7.19,2.63,2.17,6.05,25.86,22.63,0.67,27.47
2023-01-24,5.06,7.3,2.64,2.33,6.11,25.81,22.68,0.68,27.39
2023-01-25,4.92,7.39,2.58,2.03,6.0,26.17,22.23,0.68,28.0
2023-01-26,5.06,7.49,2.48,2.07,5.87,26.36,22.11,0.69,27.87
2023-01-27,5.51,7.49,2.66,1.8,5.9,27.12,21.21,0.65,27.66
2023-01-28,5.34,7.38,2.79,1.76,6.0,26.56,22.44,0.65,27.08
2023-01-29,5.28,7.15,2.82,1.83,5.96,26.77,22.58,0.64,26.97
2023-01-30,5.46,7.35,2.73,1.5,5.97,26.42,22.36,0.72,27.49
2023-01-31,5.24,7.72,2.9,1.05,5.96,26.52,22.9,0.66,27.05
2023-02-01,5.35,7.63,2.94,0.95,5.87,26.6,22.85,0.7,27.11
2023-02-02,5.84,7.6,2.89,0.88,5.96,26.75,22.26,0.65,27.17
2023-02-03,5.94,7.53,2.94,0.83,6.32,26.48,22.09,0.65,27.22
2023-02-04,5.99,7.96,2.7,0.7,6.39,26.04,22.08,0.65,27.49
2023-02-05,5.99,7.96,2.7,0.72,6.47,25.89,22.02,0.64,27.61
2023-02-06,5.88,7.74,2.76,0.74,6.3,26.34,21.85,0.65,27.74
2023-02-07,5.81,7.7,2.74,0.77,6.25,25.45,22.46,0.6,28.22
2023-02-08,5.85,7.76,2.68,0.74,6.24,25.61,22.44,0.63,28.05
2023-02-09,5.7,7.66,2.81,0.75,6.33,25.28,22.82,0.62,28.03
2023-02-10,5.72,7.78,2.81,0.79,6.3,24.96,22.76,0.64,28.24
2023-02-11,5.78,7.69,2.83,0.77,6.34,24.9,22.94,0.66,28.09
2023-02-12,5.77,7.76,2.8,0.81,6.33,24.97,22.76,0.65,28.15
2023-02-13,5.71,7.69,2.75,0.78,6.35,25.06,22.75,0.66,28.25
2023-02-14,5.62,7.59,2.78,0.76,6.46,25.24,22.82,0.63,28.1
2023-02-15,5.52,7.75,2.69,0.78,6.53,24.68,23.31,0.68,28.06
2023-02-16,5.52,7.67,2.76,0.79,6.54,24.73,23.41,0.66,27.92
2023-02-17,5.31,7.58,2.73,0.78,6.36,25.07,23.36,0.67,28.14
2023-02-18,5.41,7.48,2.77,0.79,6.23,24.96,23.51,0.62,28.23
2023-02-19,5.41,7.56,2.71,0.78,6.51,24.78,23.33,0.61,28.31
2023-02-20,5.25,7.87,2.86,0.77,6.56,24.63,23.31,0.63,28.12
2023-02-21,5.19,7.88,2.81,0.77,6.63,24.74,23.19,0.61,28.18
2023-02-22,5.04,7.76,2.84,0.77,6.47,24.9,23.45,0.65,28.12
2023-02-23,5.0,7.84,2.82,0.75,6.6,24.32,23.6,0.65,28.42
2023-02-24,4.85,7.99,3.01,0.83,7.15,24.14,22.53,0.58,28.92
2023-02-25,4.98,8.08,3.03,0.86,7.15,23.8,23.02,0.55,28.53
2023-02-26,5.0,8.11,3.02,0.86,7.07,24.17,22.9,0.52,28.35
2023-02-27,5.04,7.9,3.06,0.92,6.92,24.53,22.73,0.54,28.36
2023-02-28,5.07,7.85,2.93,0.94,6.96,24.47,22.61,0.56,28.61
2023-03-01,5.05,8.09,2.8,0.99,6.95,24.56,22.21,0.55,28.8
2023-03-02,4.92,8.18,3.14,1.1,6.63,24.38,22.22,0.6,28.83
2023-03-03,5.2,8.0,3.11,1.01,7.03,24.81,22.18,0.49,28.17
2023-03-04,4.99,7.67,3.05,1.29,6.5,25.16,22.01,0.5,28.83
2023-03-05,5.04,7.63,2.95,1.34,6.4,25.23,22.04,0.52,28.85
2023-03-06,4.87,7.42,3.09,1.23,6.56,25.16,22.68,0.5,28.49
2023-03-07,4.96,7.11,2.91,1.2,6.32,25.77,22.42,0.54,28.77
2023-03-08,4.91,6.93,2.86,1.21,6.46,25.51,22.48,0.52,29.12
2023-03-09,4.91,7.25,2.95,1.2,6.46,25.42,22.67,0.51,28.63
2023-03-10,4.83,7.39,2.98,1.14,6.31,24.48,22.99,0.57,29.31
2023-03-11,4.82,7.8,2.98,1.14,6.01,23.93,23.47,0.61,29.24
2023-03-12,4.96,7.93,2.96,1.14,5.91,23.83,23.43,0.62,29.22
2023-03-13,4.85,7.24,3.09,0.98,5.7,24.44,23.53,0.53,29.64
2023-03-14,5.26,7.04,3.08,0.8,6.39,24.95,22.45,0.46,29.57
2023-03-15,5.43,6.8,3.1,0.94,5.95,24.25,23.11,0.42,30.0
2023-03-16,5.98,7.33,3.13,1.0,5.87,24.0,22.37,0.59,29.73
2023-03-17,6.06,7.12,3.24,0.91,5.87,24.4,22.46,0.58,29.36
2023-03-18,6.38,6.7,3.04,0.89,6.05,24.99,23.03,0.6,28.32
2023-03-19,6.51,6.85,3.09,0.88,5.8,25.06,23.04,0.69,28.08
2023-03-20,6.3,6.35,3.18,0.83,5.98,24.03,23.42,0.64,29.27
2023-03-21,6.19,6.23,3.35,0.92,5.82,24.43,23.33,0.68,29.05
2023-03-22,6.06,7.02,3.07,0.91,5.61,24.16,22.32,0.71,30.14
2023-03-23,6.05,6.81,2.69,0.86,5.41,24.69,22.75,0.63,30.11
2023-03-24,6.25,6.31,2.78,0.68,6.01,25.03,23.34,0.67,28.93
2023-03-25,5.97,6.56,2.72,0.72,6.27,25.09,23.39,0.68,28.6
2023-03-26,6.0,6.52,2.65,0.72,6.16,25.31,23.33,0.69,28.62
2023-03-27,5.71,6.96,2.63,0.6,6.27,25.05,23.03,0.69,29.06
2023-03-28,6.02,6.58,2.44,0.57,6.19,24.76,23.8,0.77,28.87
2023-03-29,5.6,6.51,2.55,0.66,5.92,24.92,23.61,0.75,29.48
2023-03-30,5.62,6.5,2.59,0.68,5.86,24.99,23.58,0.7,29.48
2023-03-31,5.59,7.14,2.54,0.77,5.82,24.7,23.49,0.55,29.4
2023-04-01,5.5,7.4,2.61,0.74,5.82,24.94,23.15,0.53,29.31
2023-04-02,5.59,7.4,2.59,0.73,5.83,24.93,23.18,0.53,29.22
2023-04-03,5.82,7.23,2.58,0.75,5.7,25.41,23.59,0.52,28.4
2023-04-04,5.72,7.26,2.74,0.81,5.94,25.34,23.42,0.51,28.26
2023-04-05,5.65,6.98,2.68,0.83,5.88,25.81,23.1,0.48,28.59
2023-04-06,5.63,6.93,2.61,0.79,5.61,26.08,23.04,0.5,28.81
2023-04-07,5.51,7.12,3.03,0.81,5.63,25.54,22.98,0.6,28.78
2023-04-08,5.5,7.36,3.06,0.87,5.21,25.56,22.49,0.62,29.33
2023-04-09,5.46,7.29,3.07,0.87,5.2,25.49,22.44,0.61,29.57
2023-04-10,5.36,7.51,2.81,0.86,4.78,26.25,22.75,0.57,29.11
2023-04-11,5.26,7.81,2.81,0.87,4.64,25.43,24.18,0.59,28.41
2023-04-12,5.34,7.79,2.88,0.76,4.75,25.27,24.6,0.49,28.12
2023-04-13,5.55,7.5,2.82,0.85,4.96,24.9,24.12,0.53,28.77
2023-04-14,5.67,7.31,2.7,1.24,5.11,23.75,25.3,0.41,28.51
2023-04-15,5.58,6.9,2.82,1.34,5.31,23.78,26.02,0.41,27.84
2023-04-16,5.63,6.87,2.82,1.36,5.34,23.74,25.94,0.44,27.86
2023-04-17,5.67,7.02,2.82,1.37,5.7,23.71,25.9,0.4,27.41
2023-04-18,5.46,7.16,2.89,1.51,5.71,23.77,26.0,0.45,27.05
2023-04-19,5.19,6.98,3.4,1.26,5.59,24.05,25.71,0.54,27.28
2023-04-20,4.78,7.44,3.68,1.19,5.9,23.71,26.77,0.52,26.01
2023-04-21,4.98,7.57,3.66,1.05,6.03,23.35,26.36,0.52,26.48
2023-04-22,4.97,7.53,3.68,1.06,6.09,23.41,26.29,0.52,26.45
2023-04-23,4.97,7.55,3.64,1.05,6.07,23.36,26.13,0.52,26.71
2023-04-24,4.98,7.45,3.17,1.01,6.26,23.44,25.53,0.65,27.51
2023-04-25,4.66,7.63,2.95,1.0,7.28,22.23,24.94,0.57,28.74
2023-04-26,4.61,7.25,3.07,0.84,7.02,22.5,24.86,0.51,29.34
2023-04-27,4.44,7.9,2.9,0.83,6.94,23.17,25.05,0.55,28.22
2023-04-28,4.64,7.75,2.78,0.76,7.33,22.67,25.64,0.55,27.88
2023-04-29,4.98,7.86,2.93,0.76,6.94,23.42,25.16,0.53,27.42
2023-04-30,4.97,7.83,2.93,0.77,6.96,23.46,25.2,0.53,27.35
2023-05-01,4.97,7.84,2.94,0.76,6.94,23.46,25.17,0.53,27.39
2023-05-02,5.06,7.96,2.96,0.74,6.86,24.13,25.38,0.57,26.34
2023-05-03,4.98,7.92,2.9,0.8,7.16,24.68,25.82,0.66,25.08
2023-05-04,5.02,7.77,2.75,1.25,6.84,24.9,25.64,0.61,25.22
2023-05-05,5.03,7.72,2.76,1.25,6.89,24.86,25.59,0.61,25.29
2023-05-06,5.25,7.87,2.9,1.15,6.52,25.15,24.98,0.67,25.51
2023-05-07,5.23,7.7,2.9,1.17,6.57,25.18,24.97,0.68,25.6
2023-05-08,5.55,8.0,3.1,1.09,5.95,24.47,24.06,0.65,27.13
2023-05-09,5.51,7.61,3.61,0.92,5.98,25.44,23.33,0.69,26.91
2023-05-10,5.56,7.77,3.51,0.69,6.31,25.66,22.97,0.7,26.83
2023-05-11,5.76,8.18,3.6,0.69,6.28,25.27,23.09,0.64,26.49
2023-05-12,5.81,7.47,3.55,0.65,6.45,25.69,23.09,0.68,26.61
2023-05-13,5.7,7.5,3.37,0.65,6.88,26.06,22.78,0.77,26.29
2023-05-14,5.71,7.42,3.37,0.68,6.85,26.1,22.8,0.77,26.3
2023-05-15,5.72,7.43,3.48,0.65,6.44,26.23,22.46,0.76,26.83
2023-05-16,5.9,6.97,3.38,0.57,5.89,27.39,22.03,0.69,27.18
2023-05-17,6.09,7.33,3.54,0.49,5.57,26.86,22.39,0.7,27.03
2023-05-18,6.31,7.23,3.35,0.54,5.18,26.03,23.07,0.79,27.5
2023-05-19,6.67,6.66,3.14,0.56,5.82,24.63,23.36,0.83,28.33
2023-05-20,6.08,6.78,3.21,0.47,6.14,23.97,24.0,0.89,28.46
2023-05-21,6.19,6.85,3.22,0.47,6.15,23.89,23.81,0.85,28.57
2023-05-22,6.63,7.03,3.16,0.47,6.44,24.19,22.93,0.77,28.38
2023-05-23,6.42,7.3,2.96,0.47,6.79,24.02,22.63,0.74,28.67
2023-05-24,6.24,7.04,3.14,0.46,7.07,24.45,22.29,0.78,28.53
2023-05-25,5.92,6.94,3.12,0.48,7.15,24.96,22.23,0.77,28.43
2023-05-26,5.8,7.07,2.88,0.5,7.5,25.79,21.48,0.75,28.23
2023-05-27,5.62,6.81,2.91,0.44,7.38,25.93,22.18,0.71,28.02
2023-05-28,5.71,6.8,2.87,0.43,7.39,25.84,22.33,0.71,27.92
2023-05-29,5.52,6.54,3.02,0.45,7.4,26.25,22.46,0.7,27.66
2023-05-30,5.45,6.24,3.02,0.42,7.59,26.33,22.58,0.55,27.82
2023-05-31,5.66,6.51,3.15,0.53,7.8,25.22,22.72,0.51,27.9
2023-06-01,5.74,6.38,3.65,0.46,7.42,25.26,22.17,0.39,28.53
2023-06-02,5.93,6.46,3.75,0.44,7.84,26.55,21.43,0.4,27.2
2023-06-03,5.99,6.38,3.72,0.4,8.1,26.46,21.45,0.42,27.08
2023-06-04,6.01,6.42,3.73,0.4,8.08,26.48,21.32,0.42,27.14
2023-06-05,5.98,6.41,3.73,0.41,8.1,26.44,21.4,0.41,27.12
2023-06-06,6.24,6.28,3.77,0.43,7.81,26.22,21.34,0.39,27.52
2023-06-07,6.89,6.76,3.32,0.35,7.57,27.66,20.72,0.47,26.26
2023-06-08,6.49,7.04,3.3,0.17,7.72,27.44,21.18,0.49,26.17
2023-06-09,6.73,7.47,3.32,0.15,7.41,27.02,21.15,0.55,26.2
2023-06-10,6.79,7.4,3.34,0.15,7.27,27.09,21.25,0.53,26.18
2023-06-11,6.76,7.4,3.33,0.16,7.27,27.08,21.25,0.55,26.2
2023-06-12,6.48,7.53,2.82,0.16,7.49,27.47,21.59,0.54,25.92
2023-06-13,6.44,7.56,2.86,0.15,7.6,27.5,21.61,0.5,25.78
2023-06-14,6.32,7.93,2.95,0.15,7.44,27.12,21.78,0.56,25.75
2023-06-15,6.13,7.43,3.11,0.13,7.1,28.49,21.25,0.59,25.77
2023-06-16,5.9,7.54,3.06,0.15,7.13,27.89,21.39,0.56,26.38
2023-06-17,5.74,7.43,2.99,0.18,7.29,28.08,21.48,0.56,26.25
2023-06-18,5.77,7.43,2.97,0.18,7.3,28.2,21.48,0.56,26.11
2023-06-19,5.83,7.61,2.97,0.18,7.36,28.45,21.55,0.6,25.45
2023-06-20,5.21,8.06,2.93,0.18,7.44,28.68,21.36,0.6,25.54
2023-06-21,5.31,7.81,2.85,0.16,7.52,28.3,21.6,0.54,25.91
2023-06-22,5.34,7.96,2.89,0.15,7.75,28.14,21.57,0.52,25.68
2023-06-23,5.46,7.86,2.87,0.15,7.81,27.99,21.62,0.5,25.74
2023-06-24,5.55,7.63,2.88,0.15,7.83,28.17,21.87,0.51,25.41
2023-06-25,5.5,7.76,2.87,0.15,7.82,28.17,21.89,0.51,25.33
2023-06-26,5.46,7.39,2.86,0.16,7.88,28.24,22.06,0.53,25.42
2023-06-27,5.72,7.31,2.98,0.17,7.45,28.22,22.38,0.53,25.24
2023-06-28,6.03,7.7,3.06,0.17,7.3,28.07,22.25,0.49,24.93
2023-06-29,6.0,7.65,3.04,0.17,7.32,28.31,22.07,0.49,24.95
2023-06-30,5.73,7.69,3.01,0.15,6.96,28.03,22.33,0.49,25.61
2023-07-01,5.7,7.88,2.9,0.18,6.87,27.38,22.99,0.52,25.58
2023-07-02,5.68,7.87,2.91,0.18,6.83,27.44,23.0,0.52,25.57
2023-07-03,5.52,7.81,3.37,0.21,6.78,27.34,23.18,0.55,25.24
2023-07-04,5.51,7.91,3.49,0.23,6.66,26.43,23.38,0.5,25.89
2023-07-05,5.33,7.79,3.63,0.26,6.93,26.07,23.07,0.52,26.4
2023-07-06,5.12,7.26,3.64,0.28,7.21,26.8,23.23,0.42,26.04
2023-07-07,5.14,6.93,3.48,0.31,7.11,26.01,24.18,0.37,26.47
2023-07-08,5.09,6.78,3.82,0.32,7.14,25.55,23.83,0.38,27.09
2023-07-09,5.15,6.78,3.82,0.32,7.11,25.53,23.9,0.38,27.01
2023-07-10,4.99,7.04,3.7,0.27,7.19,25.21,23.59,0.4,27.61
2023-07-11,5.04,7.03,3.67,0.3,7.26,25.27,23.42,0.4,27.61
2023-07-12,5.08,7.13,3.66,0.27,7.49,25.14,23.31,0.4,27.52
2023-07-13,5.25,7.4,3.74,0.22,7.37,24.49,23.4,0.38,27.75
2023-07-14,5.24,7.42,3.94,0.24,7.43,24.42,23.93,0.32,27.06
2023-07-15,5.49,7.1,4.07,0.22,7.44,23.78,24.43,0.34,27.13
2023-07-16,5.48,7.18,4.06,0.22,7.46,23.91,24.26,0.34,27.09
2023-07-17,5.3,7.14,3.97,0.22,7.21,23.83,24.88,0.34,27.11
2023-07-18,5.4,7.38,3.95,0.2,7.23,24.1,24.94,0.3,26.5
2023-07-19,5.51,7.59,3.83,0.22,7.07,23.46,25.54,0.41,26.37
2023-07-20,5.68,7.7,3.91,0.2,6.89,23.26,25.17,0.48,26.71
2023-07-21,5.7,7.78,3.87,0.16,7.0,23.61,25.23,0.49,26.16
2023-07-22,5.14,8.24,3.43,0.13,7.67,24.53,24.62,0.51,25.73
2023-07-23,5.19,8.27,3.5,0.13,7.65,24.46,24.63,0.51,25.66
2023-07-24,5.2,8.44,3.51,0.15,7.87,24.78,24.22,0.49,25.34
2023-07-25,5.1,8.45,3.68,0.14,7.89,25.43,24.09,0.48,24.74
2023-07-26,4.82,7.98,3.56,0.14,8.19,26.09,22.95,0.5,25.77
2023-07-27,4.83,8.09,3.29,0.15,8.19,26.46,22.81,0.5,25.68
2023-07-28,4.97,8.9,3.38,0.13,7.93,26.89,22.3,0.48,25.02
2023-07-29,4.95,8.85,3.39,0.13,7.92,26.91,22.37,0.48,25.0
2023-07-30,4.98,8.94,3.39,0.13,7.93,26.9,22.26,0.48,24.99
2023-07-31,4.92,9.06,3.36,0.12,7.64,27.15,22.4,0.47,24.88
2023-08-01,5.12,8.97,3.36,0.12,7.8,26.8,22.8,0.49,24.54
2023-08-02,5.06,8.89,3.22,0.14,7.79,26.66,23.65,0.51,24.08
2023-08-03,5.79,8.95,3.07,0.13,7.55,27.44,23.0,0.48,23.59
2023-08-04,5.7,9.06,2.78,0.1,7.78,28.05,21.99,0.57,23.97
2023-08-05,5.56,8.89,2.81,0.09,7.89,28.04,22.68,0.62,23.42
2023-08-06,5.55,8.96,2.82,0.09,7.91,28.07,22.64,0.62,23.34
2023-08-07,5.6,8.74,2.69,0.11,7.87,27.91,23.04,0.63,23.41
2023-08-08,5.34,8.65,2.4,0.09,7.74,27.82,23.57,0.68,23.71
2023-08-09,5.22,8.71,2.35,0.08,7.64,27.79,23.82,0.6,23.79
2023-08-10,5.2,8.54,2.44,0.1,7.64,27.94,23.46,0.63,24.05
2023-08-11,5.44,8.59,2.27,0.11,7.52,28.08,23.66,0.59,23.74
2023-08-12,5.21,8.92,2.31,0.11,7.39,28.07,23.42,0.58,23.99
2023-08-13,5.25,8.89,2.32,0.11,7.43,28.12,23.3,0.58,24.0
2023-08-14,5.33,9.27,2.82,0.16,7.22,28.27,21.87,0.58,24.48
2023-08-15,5.31,9.21,2.8,0.16,7.46,28.23,21.87,0.58,24.38
2023-08-16,5.4,9.68,2.78,0.13,7.2,27.94,21.66,0.65,24.56
2023-08-17,5.37,9.56,2.81,0.18,7.76,28.1,22.06,0.6,23.56
2023-08-18,4.82,9.43,2.81,0.19,7.37,28.6,22.38,0.53,23.87
2023-08-19,5.28,9.45,2.65,0.14,7.35,28.61,21.8,0.47,24.25
2023-08-20,5.3,9.67,2.6,0.14,7.36,28.62,21.72,0.48,24.11
2023-08-21,5.25,9.71,2.53,0.17,7.33,28.54,21.82,0.44,24.21
2023-08-22,5.29,9.92,2.69,0.18,7.44,28.05,21.81,0.49,24.13
2023-08-23,5.39,9.91,2.56,0.09,7.53,27.64,21.97,0.51,24.4
2023-08-24,5.59,9.46,2.6,0.14,7.34,27.42,22.89,0.49,24.07
2023-08-25,5.73,9.45,2.71,0.14,7.11,27.33,22.9,0.47,24.16
2023-08-26,5.98,9.2,2.42,0.13,7.14,26.73,22.8,0.51,25.09
2023-08-27,5.96,9.18,2.42,0.12,7.1,26.81,22.85,0.5,25.06
2023-08-28,5.84,8.97,2.47,0.15,6.92,26.91,23.78,0.6,24.36
2023-08-29,5.66,8.97,2.71,0.17,6.76,27.22,23.93,0.67,23.91
2023-08-30,5.59,8.8,2.71,0.17,6.79,27.15,24.68,0.66,23.45
2023-08-31,5.59,8.73,2.7,0.17,6.74,27.22,24.79,0.65,23.41
2023-09-01,5.83,8.81,2.87,0.21,6.5,26.6,24.83,0.66,23.69
2023-09-02,5.79,9.07,2.67,0.24,6.36,25.94,25.08,0.71,24.14
2023-09-03,5.78,9.03,2.67,0.29,6.47,25.94,25.01,0.7,24.11
2023-09-04,5.5,9.38,2.43,0.25,7.01,26.28,24.99,0.62,23.54
2023-09-05,5.93,9.12,2.42,0.25,7.41,24.9,24.62,0.53,24.82
2023-09-06,5.6,9.08,2.48,0.23,7.19,25.49,24.61,0.49,24.83
2023-09-07,5.61,8.97,2.47,0.24,7.2,25.49,24.67,0.49,24.86
2023-09-08,5.78,9.27,2.38,0.21,7.25,25.43,24.63,0.46,24.59
2023-09-09,5.8,9.26,2.39,0.21,7.24,25.38,24.57,0.46,24.69
2023-09-10,5.82,9.22,2.39,0.21,7.23,25.44,24.54,0.47,24.68
2023-09-11,5.62,9.29,2.8,0.17,7.05,24.99,24.42,0.55,25.11
2023-09-12,5.78,9.45,3.01,0.19,7.07,25.08,23.85,0.51,25.06
2023-09-13,5.95,9.69,3.05,0.21,7.2,24.8,23.39,0.48,25.23
2023-09-14,5.94,9.62,3.06,0.21,7.21,24.83,23.37,0.48,25.28
2023-09-15,5.93,9.65,3.05,0.21,7.21,24.87,23.34,0.48,25.26
2023-09-16,5.82,9.53,2.98,0.23,7.29,24.92,23.59,0.52,25.12
2023-09-17,5.88,9.5,2.98,0.23,7.28,24.87,23.57,0.52,25.17
2023-09-18,5.64,9.8,3.18,0.19,6.33,24.63,22.92,0.6,26.71
2023-09-19,5.31,10.77,3.54,0.19,6.13,25.01,22.23,1.05,25.77
2023-09-20,5.29,10.81,3.53,0.17,6.05,25.08,22.21,1.01,25.85
2023-09-21,4.78,10.11,3.08,0.17,6.69,26.39,21.0,0.66,27.12
2023-09-22,4.79,9.92,3.02,0.17,6.65,26.54,20.98,0.68,27.25
2023-09-23,4.86,10.02,2.97,0.17,6.73,26.51,20.94,0.7,27.1
2023-09-24,4.84,9.84,2.98,0.17,6.74,26.55,21.03,0.69,27.16
2023-09-25,4.9,9.85,2.97,0.16,6.63,26.67,21.09,0.66,27.07
2023-09-26,4.79,9.88,2.98,0.17,6.36,26.79,21.3,0.65,27.08
2023-09-27,4.98,9.89,2.98,0.17,6.17,26.33,21.71,0.66,27.11
2023-09-28,5.04,9.88,2.99,0.18,6.02,26.55,21.67,0.67,27.0
2023-09-29,4.85,9.94,3.25,0.19,6.19,26.09,21.93,0.6,26.96
2023-09-30,4.78,9.89,3.28,0.19,6.22,26.14,21.91,0.63,26.96
2023-10-01,4.81,9.89,3.27,0.19,6.23,26.11,21.85,0.6,27.05
2023-10-02,4.84,9.82,3.27,0.19,6.31,26.15,21.8,0.66,26.96
2023-10-03,4.85,9.92,3.36,0.21,6.14,26.23,21.67,0.65,26.97
2023-10-04,4.82,9.92,3.32,0.21,6.29,26.38,21.45,0.65,26.96
2023-10-05,4.77,9.93,3.36,0.2,6.22,26.24,21.65,0.62,27.01
2023-10-06,4.66,9.84,3.41,0.18,6.65,26.1,21.51,0.54,27.11
2023-10-07,4.83,9.9,3.37,0.19,6.58,26.04,21.04,0.58,27.47
2023-10-08,4.93,9.95,3.38,0.19,6.61,25.89,21.15,0.6,27.3
2023-10-09,4.85,9.92,3.33,0.2,6.62,26.31,20.57,0.58,27.62
2023-10-10,5.07,9.6,3.46,0.33,6.51,26.14,20.27,0.59,28.03
2023-10-11,5.08,9.73,3.5,0.33,6.58,25.88,20.24,0.59,28.07
2023-10-12,5.11,9.63,3.47,0.33,6.52,26.0,20.28,0.59,28.07
2023-10-13,5.14,9.63,3.47,0.33,6.55,25.98,20.24,0.59,28.07
2023-10-14,5.12,9.62,3.44,0.33,6.56,26.04,20.26,0.59,28.04
2023-10-15,5.11,9.69,3.45,0.33,6.56,26.01,20.29,0.58,27.98
2023-10-16,5.08,9.7,3.49,0.33,6.59,25.9,20.26,0.58,28.07
2023-10-17,5.07,9.62,3.47,0.33,6.52,26.05,20.33,0.6,28.01
2023-10-18,5.11,9.62,3.46,0.33,6.58,26.01,20.21,0.58,28.1
2023-10-19,5.13,9.7,3.46,0.33,6.56,25.98,20.25,0.59,28.0
2023-10-20,5.13,9.63,3.49,0.33,6.56,26.06,20.31,0.59,27.9
2023-10-21,5.16,9.07,3.5,0.29,6.68,25.49,19.92,0.61,29.28
2023-10-22,5.24,9.02,3.49,0.29,6.6,25.54,19.95,0.61,29.26
2023-10-23,5.18,8.96,3.51,0.29,6.58,25.8,19.9,0.61,29.17
2023-10-24,5.24,8.92,3.51,0.29,6.58,25.8,19.84,0.58,29.24
2023-10-25,5.19,9.0,3.53,0.29,6.61,25.53,19.98,0.58,29.29
2023-10-26,5.23,9.05,3.5,0.29,6.61,25.74,19.87,0.61,29.1
2023-10-27,5.23,9.07,3.51,0.29,6.64,25.51,19.9,0.61,29.24
2023-10-28,5.06,9.48,3.81,0.24,6.54,25.63,19.31,0.52,29.41
2023-10-29,5.09,9.48,3.8,0.24,6.48,25.55,19.28,0.52,29.56
2023-10-30,5.08,9.49,3.73,0.24,6.52,25.42,19.4,0.52,29.6
2023-10-31,4.95,8.85,3.65,0.19,6.23,27.5,18.95,0.66,29.02
2023-11-01,5.45,7.96,3.49,0.27,6.17,27.64,17.87,0.84,30.31
2023-11-02,5.35,7.98,3.54,0.2,5.7,26.47,18.72,0.73,31.31
2023-11-03,5.34,8.0,3.55,0.2,5.75,26.41,18.64,0.73,31.38
2023-11-04,5.34,8.08,3.52,0.2,5.71,26.41,18.71,0.73,31.3
2023-11-05,5.34,8.01,3.52,0.2,5.62,26.56,18.74,0.73,31.28
2023-11-06,5.41,7.94,3.52,0.19,5.73,26.6,18.72,0.73,31.16
2023-11-07,5.47,8.17,3.64,0.2,5.73,26.72,17.92,0.78,31.37
2023-11-08,5.32,8.27,3.49,0.17,5.73,26.33,18.73,0.74,31.22
2023-11-09,5.4,8.24,3.38,0.2,5.89,26.33,18.94,0.76,30.86
2023-11-10,5.61,8.25,3.37,0.21,5.98,26.61,18.9,0.75,30.32
2023-11-11,5.55,8.3,3.3,0.21,5.94,27.07,18.77,0.74,30.12
2023-11-12,5.44,8.4,3.4,0.21,5.88,27.12,18.58,0.78,30.19
2023-11-13,5.68,8.16,3.31,0.19,5.88,27.1,18.28,0.82,30.58
2023-11-14,5.02,8.26,3.37,0.21,6.53,27.36,18.12,0.76,30.37
2023-11-15,4.97,8.33,3.25,0.19,6.52,27.1,18.04,0.77,30.83
2023-11-16,5.12,8.06,3.32,0.17,6.5,27.02,18.16,0.84,30.81
2023-11-17,5.02,8.11,3.24,0.25,6.41,27.18,17.93,0.82,31.04
2023-11-18,5.02,8.34,3.22,0.21,6.36,27.06,17.97,0.77,31.05
2023-11-19,5.04,8.19,3.07,0.21,6.37,27.4,18.08,0.72,30.92
2023-11-20,5.07,8.34,3.13,0.21,6.46,27.07,18.01,0.73,30.98
2023-11-21,5.06,8.27,3.12,0.21,6.44,27.09,18.12,0.73,30.96
2023-11-22,5.07,8.24,3.13,0.21,6.46,27.07,18.08,0.72,31.02
2023-11-23,5.08,8.26,3.12,0.21,6.44,27.15,18.09,0.72,30.93
2023-11-24,5.05,8.25,3.14,0.21,6.41,27.22,18.04,0.73,30.95
2023-11-25,5.07,8.28,3.12,0.21,6.44,27.1,18.14,0.72,30.92
2023-11-26,5.08,8.24,3.12,0.21,6.46,27.06,18.15,0.73,30.95
2023-11-27,5.07,8.25,3.12,0.21,6.44,27.2,18.05,0.72,30.94
2023-11-28,5.07,8.31,3.13,0.21,6.41,27.18,18.05,0.72,30.92
2023-11-29,5.07,8.29,3.12,0.21,6.47,27.09,18.07,0.73,30.95
2023-11-30,5.06,8.25,3.12,0.21,6.44,27.13,18.08,0.72,30.99
2023-12-01,5.08,8.28,2.81,0.21,6.53,27.39,18.05,0.72,30.93
2023-12-02,5.02,8.23,2.82,0.21,6.53,27.25,18.46,0.72,30.76
2023-12-03,5.03,8.25,2.81,0.22,6.5,27.18,18.49,0.73,30.79
2023-12-04,4.97,8.4,2.79,0.22,6.54,26.75,18.56,0.7,31.07
2023-12-05,4.94,8.46,2.76,0.22,6.57,26.79,18.3,0.74,31.22
2023-12-06,4.91,8.49,2.76,0.23,6.7,26.88,18.2,0.73,31.1
2023-12-07,4.93,8.7,2.78,0.24,6.69,26.75,18.39,0.7,30.82
2023-12-08,4.92,8.75,2.79,0.25,6.61,26.58,18.7,0.7,30.7
2023-12-09,4.97,8.7,2.81,0.26,6.64,26.9,18.57,0.71,30.44
2023-12-10,5.04,8.88,3.1,0.25,6.61,26.49,18.79,0.67,30.17
2023-12-11,5.37,8.73,2.73,0.25,6.58,26.92,18.0,0.68,30.74
2023-12-12,4.84,8.53,2.93,0.26,5.98,27.7,17.1,0.71,31.95
2023-12-13,4.84,8.59,2.94,0.26,6.01,27.71,17.07,0.71,31.87
2023-12-14,4.85,8.49,2.98,0.26,6.0,27.75,17.0,0.71,31.96
2023-12-15,4.87,8.4,2.95,0.26,5.99,27.72,17.04,0.71,32.06
2023-12-16,4.83,8.41,2.92,0.24,6.04,27.89,17.09,0.71,31.87
2023-12-17,4.84,8.46,2.98,0.23,6.03,27.9,17.01,0.71,31.84
2023-12-18,4.78,8.54,3.42,0.13,6.39,26.55,17.76,0.77,31.66
2023-12-19,5.1,7.93,3.08,0.15,5.77,25.74,18.2,0.91,33.12
2023-12-20,5.19,7.92,3.02,0.17,5.78,25.95,18.16,0.91,32.9
2023-12-21,5.15,7.83,2.95,0.17,5.74,26.29,18.19,0.91,32.77
2023-12-22,5.08,7.28,2.94,0.17,5.84,26.48,18.39,0.91,32.91
2023-12-23,5.0,7.62,2.94,0.22,5.75,26.47,18.18,0.95,32.87
2023-12-24,5.01,7.1,2.93,0.22,5.8,26.53,18.36,0.95,33.1
2023-12-25,5.02,7.61,2.9,0.22,5.76,26.43,18.16,0.95,32.95
2023-12-26,4.99,7.08,2.92,0.31,5.7,26.39,18.68,0.95,32.98
2023-12-27,4.9,7.19,3.02,0.34,5.66,26.22,18.55,0.93,33.19
2023-12-28,4.81,7.15,2.85,0.4,5.86,26.07,18.11,0.9,33.85
2023-12-29,4.88,7.74,2.61,0.47,6.4,26.31,17.11,0.92,33.56
2023-12-30,4.85,7.65,2.66,0.46,6.38,26.27,17.17,0.92,33.64
2023-12-31,4.84,7.74,2.63,0.46,6.4,26.26,17.23,0.93,33.51
2024-01-01,4.84,7.69,2.63,0.47,6.4,26.24,17.25,0.93,33.55
2024-01-02,5.16,8.59,3.13,0.39,6.48,26.73,17.06,0.88,31.58
2024-01-03,4.99,8.99,3.23,0.35,6.06,28.2,16.01,0.73,31.44
2024-01-04,4.69,8.71,3.21,0.3,6.01,28.81,16.29,0.7,31.28
2024-01-05,4.77,8.95,3.19,0.3,5.97,28.49,16.16,0.72,31.45
2024-01-06,4.75,9.0,3.21,0.3,5.95,28.53,16.04,0.71,31.51
2024-01-07,4.74,8.93,3.24,0.3,5.97,28.47,16.06,0.7,31.59
2024-01-08,4.75,8.97,3.19,0.3,5.99,28.63,16.1,0.71,31.36
2024-01-09,5.0,8.85,3.38,0.34,6.43,28.31,16.27,0.67,30.75
2024-01-10,4.46,7.86,3.28,0.37,6.26,29.28,16.36,0.6,31.53
2024-01-11,5.05,8.3,3.15,0.35,6.28,28.72,16.82,0.7,30.63
2024-01-12,5.17,8.69,3.28,0.36,5.33,30.68,15.79,0.62,30.08
2024-01-13,5.44,8.42,3.26,0.26,5.22,30.56,15.18,0.62,31.04
2024-01-14,5.45,8.51,3.19,0.26,5.24,30.51,15.17,0.62,31.05
2024-01-15,5.44,8.44,3.18,0.26,5.2,30.57,15.24,0.65,31.02
2024-01-16,5.41,8.46,3.14,0.25,5.2,30.46,15.4,0.63,31.05
2024-01-17,5.28,8.95,3.21,0.19,5.56,30.75,13.88,0.64,31.54
2024-01-18,5.56,9.31,3.11,0.21,5.83,31.5,13.34,0.64,30.5
2024-01-19,5.22,10.03,3.32,0.08,6.08,29.26,13.65,0.59,31.77
2024-01-20,5.45,9.98,3.42,0.12,7.16,30.14,12.99,0.62,30.12
2024-01-21,5.48,9.89,3.46,0.12,7.16,30.02,12.97,0.62,30.28
2024-01-22,4.96,10.13,3.72,0.1,7.22,30.97,12.7,0.55,29.65
2024-01-23,4.92,10.13,3.73,0.1,7.25,31.03,12.66,0.56,29.62
2024-01-24,5.17,10.51,3.61,0.13,7.01,30.88,13.26,0.57,28.86
2024-01-25,5.24,11.11,3.76,0.14,6.27,31.09,13.51,0.5,28.38
2024-01-26,5.25,11.07,3.8,0.14,6.28,31.16,13.59,0.49,28.22
2024-01-27,5.18,11.05,4.01,0.09,6.38,30.32,13.97,0.48,28.52
2024-01-28,5.21,11.58,3.94,0.05,6.03,30.03,13.57,0.47,29.12
2024-01-29,5.25,11.52,3.96,0.05,6.03,30.07,13.59,0.47,29.06
2024-01-30,4.71,11.33,3.94,0.07,6.25,29.44,14.38,0.36,29.52
2024-01-31,4.37,11.79,3.46,0.09,6.24,29.16,14.8,0.38,29.71
2024-02-01,4.0,11.7,3.71,0.12,6.0,28.27,15.0,0.47,30.73
2024-02-02,3.98,11.62,3.84,0.13,6.3,27.15,15.82,0.51,30.65
2024-02-03,3.92,11.24,3.91,0.09,6.35,26.62,15.64,0.57,31.66
2024-02-04,3.94,11.19,3.92,0.09,6.29,26.55,15.76,0.57,31.69
2024-02-05,3.9,11.24,3.87,0.09,6.35,26.53,15.79,0.59,31.64
2024-02-06,3.65,11.63,4.14,0.07,6.3,26.61,15.19,0.46,31.95
2024-02-07,4.2,11.32,3.95,0.04,6.37,26.29,15.54,0.54,31.75
2024-02-08,4.17,11.27,4.01,0.06,5.9,26.13,15.21,0.55,32.7
2024-02-09,4.02,11.37,4.06,0.04,5.9,26.19,14.58,0.55,33.29
2024-02-10,4.03,11.42,4.03,0.04,5.85,26.69,14.69,0.53,32.72
2024-02-11,4.0,11.34,3.99,0.04,5.85,26.73,14.63,0.53,32.89
2024-02-12,4.03,11.44,4.02,0.04,5.83,26.7,14.67,0.52,32.75
2024-02-13,4.02,11.38,4.03,0.04,5.84,26.75,14.69,0.53,32.72
2024-02-14,4.03,11.33,4.05,0.04,5.86,26.73,14.74,0.53,32.69
2024-02-15,4.0,11.66,4.0,0.04,5.86,26.95,15.15,0.52,31.82
2024-02-16,4.21,12.68,3.61,0.09,7.24,27.25,14.63,0.53,29.76
2024-02-17,3.62,11.9,3.66,0.12,6.84,27.91,15.38,0.56,30.01
2024-02-18,3.6,11.93,3.6,0.12,6.8,27.92,15.38,0.57,30.08
2024-02-19,3.42,12.19,3.73,0.1,6.69,28.5,14.93,0.52,29.92
2024-02-20,3.38,12.46,3.14,0.09,6.91,28.3,15.41,0.73,29.58
2024-02-21,3.46,11.7,3.38,0.08,7.7,28.45,15.47,0.67,29.09
2024-02-22,3.73,10.93,3.34,0.17,7.36,27.38,16.57,0.67,29.85
2024-02-23,3.92,10.38,3.76,0.15,7.4,27.45,16.2,0.4,30.34
2024-02-24,3.77,10.61,3.96,0.14,6.68,27.43,15.69,0.39,31.33
2024-02-25,3.72,10.48,3.94,0.14,6.66,27.42,15.91,0.39,31.34
2024-02-26,3.86,11.04,3.85,0.14,6.43,27.32,15.88,0.18,31.3
2024-02-27,4.44,10.78,3.65,0.1,7.13,26.48,15.26,0.23,31.93
2024-02-28,4.51,9.58,3.63,0.15,6.93,28.06,14.7,0.31,32.13
2024-02-29,4.61,9.06,3.55,0.12,7.22,29.41,14.06,0.27,31.7
2024-03-01,4.54,9.47,3.79,0.13,6.4,29.53,14.17,0.35,31.62
2024-03-02,4.55,9.78,3.7,0.09,6.36,29.36,14.18,0.34,31.64
2024-03-03,4.58,9.72,3.71,0.09,6.32,29.44,14.15,0.34,31.65
2024-03-04,4.63,10.55,3.9,0.09,6.95,28.51,14.17,0.37,30.83
2024-03-05,4.85,10.58,3.92,0.07,7.02,27.88,14.92,0.41,30.35
2024-03-06,4.76,10.5,3.78,0.16,7.29,27.69,15.1,0.36,30.36
2024-03-07,4.59,10.52,3.75,0.17,7.4,28.04,16.13,0.36,29.04
2024-03-08,4.69,10.58,3.84,0.18,7.19,27.81,16.07,0.38,29.26
2024-03-09,4.72,10.6,3.76,0.17,7.21,27.86,16.11,0.38,29.19
2024-03-10,4.72,10.53,3.79,0.18,7.13,27.96,16.11,0.38,29.2
2024-03-11,4.67,10.75,3.82,0.18,7.26,27.85,16.02,0.38,29.07
2024-03-12,4.81,10.27,3.89,0.18,6.97,27.61,15.99,0.38,29.9
2024-03-13,5.05,10.18,3.27,0.19,6.48,28.36,15.91,0.38,30.18
2024-03-14,5.21,10.29,3.31,0.17,6.43,27.65,16.24,0.32,30.38
2024-03-15,4.76,10.19,3.48,0.17,6.83,28.83,15.23,0.28,30.23
2024-03-16,4.57,10.87,3.6,0.17,7.3,29.49,14.27,0.26,29.47
2024-03-17,4.59,10.86,3.61,0.17,7.23,29.51,14.27,0.26,29.5
2024-03-18,4.73,11.54,3.75,0.06,7.37,29.12,13.51,0.32,29.6
2024-03-19,5.1,11.3,3.95,0.06,7.44,28.24,14.34,0.3,29.27
2024-03-20,5.08,11.36,3.9,0.06,7.39,28.33,14.28,0.29,29.31
2024-03-21,4.85,11.4,4.24,0.05,7.35,26.84,15.07,0.34,29.86
2024-03-22,4.96,11.78,4.54,0.05,6.67,26.37,14.59,0.24,30.8
2024-03-23,5.1,11.01,4.27,0.11,6.24,26.51,15.65,0.27,30.84
2024-03-24,5.08,11.07,4.25,0.11,6.25,26.53,15.67,0.27,30.77
2024-03-25,5.09,11.11,4.28,0.11,6.23,26.43,15.63,0.26,30.86
2024-03-26,5.09,11.05,4.26,0.11,6.24,26.54,15.68,0.26,30.77
2024-03-27,4.5,12.0,4.53,0.09,6.09,26.84,15.59,0.23,30.13
2024-03-28,4.45,10.81,4.86,0.06,5.58,27.99,15.67,0.26,30.32
2024-03-29,4.48,10.14,5.22,0.08,5.9,27.89,15.71,0.29,30.29
2024-03-30,4.28,10.34,5.31,0.08,5.69,27.05,15.14,0.28,31.83
2024-03-31,4.26,10.4,5.35,0.08,5.74,27.05,15.11,0.28,31.73
2024-04-01,4.24,10.26,5.12,0.08,5.99,27.68,13.66,0.23,32.74
2024-04-02,4.69,8.99,4.66,0.07,5.81,26.62,14.05,0.6,34.51
2024-04-03,4.89,8.86,4.36,0.05,5.88,26.16,14.54,0.61,34.65
2024-04-04,5.62,8.94,4.26,0.16,6.16,26.77,14.86,0.32,32.91
2024-04-05,5.61,8.63,4.76,0.15,5.71,26.98,14.54,0.3,33.32
2024-04-06,4.87,9.28,4.92,0.14,5.61,27.27,14.67,0.17,33.07
2024-04-07,4.87,9.23,4.94,0.14,5.65,27.27,14.66,0.17,33.07
2024-04-08,4.94,9.78,5.18,0.04,5.61,26.86,15.44,0.18,31.97
2024-04-09,4.6,10.44,5.12,0.04,5.44,26.27,16.35,0.18,31.56
2024-04-10,4.7,10.92,4.87,0.03,5.24,27.44,16.7,0.15,29.95
2024-04-11,4.68,11.0,4.92,0.03,5.23,27.34,16.7,0.15,29.95
2024-04-12,4.62,11.02,4.76,0.05,5.38,27.36,16.72,0.15,29.94
2024-04-13,4.6,10.98,5.05,0.04,5.45,26.65,16.66,0.21,30.36
2024-04-14,4.6,10.99,4.99,0.04,5.44,26.84,16.59,0.21,30.3
2024-04-15,4.96,10.83,5.12,0.02,5.23,26.49,16.98,0.25,30.12
2024-04-16,5.09,11.2,4.64,0.03,5.18,26.38,17.13,0.25,30.1
2024-04-17,5.3,10.5,4.94,0.03,5.01,25.62,16.73,0.25,31.62
2024-04-18,5.25,10.7,4.55,0.01,5.34,24.74,17.43,0.24,31.74
2024-04-19,5.08,10.99,4.21,0.02,5.2,25.03,17.17,0.26,32.04
2024-04-20,4.95,10.68,4.19,0.07,4.97,25.95,16.51,0.22,32.46
2024-04-21,4.93,10.72,4.19,0.07,4.99,25.85,16.54,0.22,32.49
2024-04-22,4.68,10.1,4.23,0.08,5.16,26.32,16.63,0.23,32.57
2024-04-23,4.51,9.75,4.07,0.09,5.15,25.76,17.49,0.23,32.95
2024-04-24,4.47,10.03,4.08,0.11,4.89,24.85,17.23,0.25,34.09
2024-04-25,4.39,9.87,4.56,0.09,5.21,25.39,17.26,0.24,32.99
2024-04-26,4.06,9.67,4.93,0.09,5.33,25.84,16.38,0.25,33.45
2024-04-27,3.86,9.87,5.21,0.14,5.45,26.2,16.02,0.27,32.98
2024-04-28,3.9,9.9,5.2,0.14,5.44,26.28,15.91,0.27,32.96
2024-04-29,3.86,10.24,4.84,0.12,5.34,26.03,16.46,0.28,32.83
2024-04-30,3.86,10.3,4.55,0.12,5.27,25.42,17.37,0.26,32.85
2024-05-01,3.94,10.59,4.6,0.13,5.4,24.54,17.8,0.29,32.71
2024-05-02,3.87,10.34,4.9,0.08,5.76,24.24,17.68,0.34,32.79
2024-05-03,3.95,10.08,4.79,0.09,5.96,24.29,17.72,0.36,32.76
2024-05-04,4.12,10.15,4.87,0.09,6.04,23.99,17.67,0.45,32.62
2024-05-05,4.11,10.29,4.87,0.09,6.0,23.94,17.78,0.45,32.47
2024-05-06,4.15,10.45,4.71,0.07,5.72,24.74,17.69,0.43,32.04
2024-05-07,4.22,10.72,4.9,0.08,5.94,24.76,17.23,0.52,31.63
2024-05-08,4.14,10.8,4.78,0.07,5.74,24.65,16.74,0.43,32.65
2024-05-09,4.08,10.79,4.78,0.07,5.72,24.75,16.78,0.43,32.6
2024-05-10,4.08,10.73,4.77,0.07,5.67,24.75,16.81,0.43,32.69
2024-05-11,4.12,10.73,4.79,0.07,5.65,24.64,16.86,0.43,32.71
2024-05-12,4.1,10.76,4.79,0.07,5.68,24.65,16.85,0.43,32.67
2024-05-13,4.12,10.75,4.81,0.07,5.66,24.69,16.86,0.43,32.61
2024-05-14,4.1,10.79,4.78,0.07,5.71,24.61,16.83,0.43,32.68
2024-05-15,4.12,10.79,4.79,0.07,5.64,24.64,16.89,0.43,32.63
2024-05-16,4.11,10.68,4.79,0.07,5.67,24.72,16.85,0.43,32.68
2024-05-17,4.1,10.8,4.8,0.07,5.69,24.63,16.88,0.43,32.6
2024-05-18,4.1,10.79,4.79,0.07,5.7,24.66,16.87,0.43,32.59
2024-05-19,4.12,10.73,4.8,0.07,5.68,24.64,16.88,0.43,32.65
2024-05-20,4.12,10.94,4.65,0.07,5.59,24.66,16.71,0.44,32.82
2024-05-21,4.47,10.64,4.58,0.05,5.25,24.95,16.61,0.44,33.01
2024-05-22,4.57,10.82,4.82,0.06,5.31,24.8,16.59,0.36,32.67
2024-05-23,4.48,11.13,4.84,0.07,5.42,24.32,16.86,0.31,32.57
2024-05-24,4.08,11.21,4.67,0.12,5.69,24.52,16.79,0.31,32.61
2024-05-25,3.92,11.19,4.64,0.14,5.56,24.74,16.84,0.34,32.63
2024-05-26,3.9,11.2,4.67,0.14,5.57,24.41,16.95,0.34,32.82
2024-05-27,3.91,11.26,4.67,0.14,5.55,24.89,17.08,0.36,32.14
2024-05-28,3.97,11.45,4.62,0.14,5.45,24.81,16.69,0.3,32.57
2024-05-29,3.99,11.1,4.89,0.15,5.62,24.09,17.01,0.25,32.9
2024-05-30,4.16,11.01,4.99,0.08,5.36,23.81,18.02,0.22,32.35
2024-05-31,4.54,10.29,5.24,0.11,5.66,24.58,17.29,0.25,32.04
2024-06-01,4.33,10.24,5.21,0.11,5.53,24.8,17.02,0.27,32.49
2024-06-02,4.3,10.3,5.21,0.11,5.51,25.1,16.85,0.27,32.35
2024-06-03,4.48,9.34,5.14,0.16,5.36,25.29,16.84,0.4,32.99
2024-06-04,4.64,9.66,4.67,0.09,5.52,25.76,15.81,0.32,33.53
2024-06-05,3.98,10.52,4.68,0.1,5.52,25.03,16.71,0.3,33.16
2024-06-06,3.7,11.69,4.47,0.07,5.47,25.66,16.48,0.26,32.2
2024-06-07,3.69,11.69,4.45,0.07,5.5,25.61,16.48,0.26,32.25
2024-06-08,3.72,11.68,4.39,0.07,5.48,25.67,16.48,0.26,32.25
2024-06-09,3.72,11.62,4.45,0.07,5.46,25.68,16.48,0.27,32.25
2024-06-10,2.94,11.52,4.31,0.1,5.44,24.76,15.81,0.55,34.57
2024-06-11,3.57,11.53,3.98,0.12,5.5,24.31,17.02,0.34,33.63
2024-06-12,3.43,11.5,4.29,0.07,6.03,23.56,18.36,0.43,32.33
2024-06-13,3.48,11.8,4.42,0.07,5.95,23.64,18.55,0.68,31.41
2024-06-14,3.51,11.96,4.68,0.07,6.13,23.14,18.43,0.74,31.34
2024-06-15,2.99,12.26,5.23,0.11,6.45,23.33,17.41,0.83,31.39
2024-06-16,2.99,12.22,5.21,0.11,6.46,23.39,17.33,0.82,31.47
2024-06-17,2.97,12.28,5.17,0.11,6.44,23.41,17.34,0.83,31.45
2024-06-18,3.7,11.88,4.37,0.11,6.14,23.54,18.34,0.84,31.08
2024-06-19,3.54,11.36,4.37,0.14,6.01,23.59,19.14,0.86,30.99
2024-06-20,3.45,11.32,4.51,0.08,5.94,23.23,19.88,0.82,30.77
2024-06-21,2.93,11.39,5.19,0.05,6.1,23.36,19.76,0.71,30.51
2024-06-22,3.36,12.91,4.92,0.1,6.01,24.17,17.53,0.69,30.31
2024-06-23,3.36,12.9,4.93,0.1,6.0,24.09,17.65,0.71,30.26
2024-06-24,3.17,12.86,5.07,0.12,6.07,23.89,17.94,0.65,30.23
2024-06-25,3.28,11.64,4.94,0.1,5.96,24.14,17.99,2.21,29.74
2024-06-26,3.72,11.23,4.81,0.09,5.99,24.61,18.58,1.23,29.74
2024-06-27,3.59,11.05,5.02,0.09,6.05,24.29,18.67,1.04,30.2
2024-06-28,3.44,10.97,4.91,0.09,5.99,24.03,18.65,1.02,30.9
2024-06-29,3.48,10.72,5.19,0.13,5.85,24.75,17.77,0.74,31.37
2024-06-30,3.5,10.72,5.19,0.13,5.84,24.62,17.94,0.74,31.32
2024-07-01,3.64,10.82,5.23,0.1,5.76,25.09,18.05,0.76,30.55
2024-07-02,3.23,11.28,5.81,0.11,5.46,24.78,18.53,0.72,30.08
2024-07-03,3.28,11.32,5.84,0.1,5.57,24.5,19.14,0.51,29.74
2024-07-04,3.37,11.1,5.48,0.15,5.8,23.99,18.92,0.5,30.69
2024-07-05,3.54,11.06,5.08,0.15,5.83,24.05,18.52,0.5,31.27
2024-07-06,3.68,11.71,5.16,0.08,5.32,23.97,18.76,0.52,30.8
2024-07-07,3.7,11.67,5.17,0.08,5.32,23.93,18.78,0.53,30.82
2024-07-08,3.52,11.93,4.9,0.09,5.31,24.04,18.82,0.58,30.81
2024-07-09,3.74,12.08,4.93,0.07,5.15,23.77,19.19,0.54,30.53
2024-07-10,3.84,11.84,4.83,0.07,5.2,24.17,18.69,0.48,30.88
2024-07-11,3.99,11.54,4.98,0.07,5.27,23.34,19.21,0.59,31.01
2024-07-12,4.2,11.58,4.85,0.07,5.18,23.58,19.16,0.6,30.78
2024-07-13,4.08,11.53,5.04,0.11,5.15,23.31,19.95,0.67,30.16
2024-07-14,4.05,11.44,5.03,0.11,5.15,23.41,19.98,0.67,30.16
2024-07-15,4.15,11.07,4.99,0.11,5.19,23.89,20.0,0.69,29.91
2024-07-16,4.07,11.7,5.12,0.11,5.41,23.31,19.14,0.61,30.53
2024-07-17,4.09,11.69,5.07,0.11,5.41,23.3,19.17,0.63,30.53
2024-07-18,3.75,11.32,5.38,0.1,5.51,23.31,19.14,0.79,30.7
2024-07-19,4.0,11.17,5.07,0.07,6.07,23.23,19.35,0.86,30.18
2024-07-20,3.56,10.19,5.01,0.05,6.02,23.33,21.01,0.94,29.89
2024-07-21,3.57,10.24,5.02,0.05,5.99,23.3,20.75,0.94,30.14
2024-07-22,3.73,9.97,5.85,0.06,5.97,24.02,20.71,0.83,28.86
2024-07-23,4.07,9.66,6.91,0.08,5.54,23.91,20.28,0.76,28.79
2024-07-24,4.0,9.67,5.7,0.11,5.31,24.22,20.18,0.83,29.98
2024-07-25,3.59,9.33,4.64,0.08,4.77,24.47,21.19,0.9,31.03
2024-07-26,3.68,9.48,4.16,0.08,4.84,24.15,20.61,0.97,32.03
2024-07-27,3.72,9.46,4.37,0.1,4.4,24.3,20.65,0.95,32.05
2024-07-28,3.7,9.51,4.37,0.1,4.39,24.32,20.65,0.94,32.02
2024-07-29,3.54,9.15,4.6,0.09,4.96,24.47,20.85,0.92,31.42
2024-07-30,3.82,9.07,4.64,0.13,5.09,25.56,19.57,0.82,31.3
2024-07-31,3.75,9.08,4.62,0.13,5.11,25.64,19.54,0.81,31.32
2024-08-01,3.79,9.04,4.67,0.15,5.22,25.51,19.57,0.82,31.23
2024-08-02,3.78,9.07,4.67,0.15,5.22,25.51,19.45,0.81,31.34
2024-08-03,3.86,9.2,4.8,0.13,5.26,25.35,19.2,0.81,31.39
2024-08-04,3.88,9.15,4.77,0.13,5.23,25.29,19.26,0.81,31.48
2024-08-05,3.92,9.08,4.85,0.09,5.27,25.38,18.87,0.78,31.76
2024-08-06,3.93,8.45,5.17,0.09,4.92,26.4,17.7,0.8,32.54
2024-08-07,4.18,8.39,4.78,0.08,5.25,26.26,17.81,0.75,32.5
2024-08-08,4.16,8.58,4.87,0.07,5.04,26.87,17.51,0.63,32.27
2024-08-09,3.97,8.97,4.67,0.1,5.13,27.64,17.16,0.62,31.74
2024-08-10,3.93,9.53,4.95,0.1,5.07,27.25,17.06,0.61,31.5
2024-08-11,3.96,9.45,4.91,0.1,5.1,27.28,17.1,0.61,31.49
2024-08-12,4.18,9.43,5.25,0.04,5.75,27.45,17.63,0.6,29.67
2024-08-13,4.18,9.64,5.19,0.02,5.52,27.64,17.26,0.67,29.88
2024-08-14,4.19,9.18,4.81,0.04,6.02,27.71,17.53,0.68,29.84
2024-08-15,4.22,9.16,4.86,0.04,6.09,27.76,17.44,0.69,29.74
2024-08-16,4.04,8.27,4.35,0.06,7.22,28.0,18.25,0.74,29.07
2024-08-17,3.78,9.36,4.48,0.07,7.0,28.87,17.74,0.62,28.08
2024-08-18,3.73,9.38,4.5,0.07,7.06,28.71,17.72,0.62,28.21
2024-08-19,3.75,9.3,4.45,0.07,7.08,28.86,17.72,0.61,28.16
2024-08-20,4.21,8.89,4.15,0.07,7.13,29.51,18.02,0.47,27.55
2024-08-21,4.01,9.84,4.1,0.05,6.19,31.58,16.77,0.44,27.02
2024-08-22,3.83,10.27,3.84,0.03,5.66,32.45,15.74,0.3,27.88
2024-08-23,4.07,10.58,3.95,0.03,5.3,32.42,15.44,0.52,27.69
2024-08-24,4.27,10.48,3.98,0.02,5.48,32.67,16.02,0.54,26.54
2024-08-25,4.29,10.47,4.01,0.02,5.51,32.65,16.0,0.54,26.51
2024-08-26,4.3,10.45,3.97,0.02,5.47,32.66,16.0,0.56,26.57
2024-08-27,4.29,10.08,3.89,0.03,5.63,33.1,16.24,0.57,26.17
2024-08-28,4.35,9.4,3.7,0.05,5.51,33.94,15.78,0.55,26.72
2024-08-29,4.41,8.96,3.41,0.05,5.82,34.2,15.6,0.61,26.94
2024-08-30,4.8,9.23,3.58,0.06,5.62,34.2,15.41,0.33,26.77
2024-08-31,4.71,9.12,3.8,0.06,5.92,33.7,15.63,0.35,26.71
2024-09-01,4.72,9.13,3.81,0.06,5.91,33.64,15.65,0.35,26.73
2024-09-02,4.21,9.09,3.86,0.04,5.75,33.45,16.31,0.42,26.87
2024-09-03,4.2,9.13,4.01,0.02,5.96,32.31,16.24,0.44,27.69
2024-09-04,4.27,9.02,3.85,0.02,6.31,32.05,16.52,0.47,27.49
2024-09-05,4.29,8.56,3.77,0.01,5.92,32.45,16.47,0.44,28.09
2024-09-06,4.33,8.55,3.65,0.0,6.08,32.6,16.5,0.4,27.89
2024-09-07,4.49,8.43,3.45,0.0,6.3,33.13,16.34,0.37,27.49
2024-09-08,4.45,8.43,3.45,0.0,6.27,33.15,16.36,0.39,27.5
2024-09-09,3.94,8.63,3.75,0.0,6.54,33.46,16.48,0.44,26.76
2024-09-10,3.88,8.91,3.62,0.0,6.59,32.97,16.59,0.44,27.0
2024-09-11,3.73,8.65,4.04,0.0,6.91,33.36,15.86,0.44,27.01
2024-09-12,3.77,8.6,4.19,0.0,6.43,33.25,16.41,0.42,26.93
2024-09-13,3.62,8.62,4.11,0.0,6.59,32.68,16.39,0.5,27.49
2024-09-14,3.72,8.65,3.98,0.01,6.75,32.27,16.75,0.55,27.32
2024-09-15,3.71,8.68,3.97,0.01,6.74,32.27,16.79,0.54,27.29
2024-09-16,3.69,8.61,4.0,0.01,6.74,32.3,16.76,0.54,27.35
2024-09-17,3.82,8.72,3.89,0.01,6.65,32.86,15.41,0.54,28.1
2024-09-18,3.95,9.27,3.9,0.01,6.63,32.97,15.53,0.57,27.17
2024-09-19,3.97,9.12,3.97,0.04,6.56,33.0,15.35,0.72,27.27
2024-09-20,3.99,8.96,3.98,0.04,6.52,33.2,15.51,0.73,27.07
2024-09-21,3.76,8.99,3.85,0.04,6.48,33.25,15.67,0.73,27.23
2024-09-22,3.87,8.96,3.88,0.04,6.45,33.29,15.58,0.72,27.21
2024-09-23,3.57,9.21,4.06,0.05,6.49,32.25,16.32,0.7,27.35
2024-09-24,3.83,9.6,3.95,0.03,6.16,31.8,16.22,0.64,27.77
2024-09-25,3.89,9.55,4.1,0.02,6.44,31.79,16.08,0.62,27.51
2024-09-26,4.17,9.68,3.98,0.04,6.57,32.29,15.22,0.52,27.53
2024-09-27,4.58,9.4,4.11,0.07,6.36,32.17,15.54,0.46,27.31
2024-09-28,5.03,9.29,4.23,0.07,6.96,31.51,15.86,0.41,26.64
2024-09-29,5.01,9.25,4.24,0.07,6.96,31.5,15.82,0.41,26.74
2024-09-30,5.01,9.9,4.23,0.06,7.03,31.41,16.32,0.42,25.62
2024-10-01,4.93,9.75,4.44,0.07,7.11,30.93,16.67,0.42,25.68
2024-10-02,4.98,9.72,4.45,0.07,7.08,30.6,16.79,0.42,25.89
2024-10-03,4.8,10.2,4.22,0.04,6.88,30.94,16.12,0.45,26.35
2024-10-04,4.56,10.51,4.03,0.02,6.62,31.59,15.87,0.55,26.25
2024-10-05,4.74,10.46,4.05,0.0,6.43,31.24,15.66,0.49,26.93
2024-10-06,4.77,10.47,4.01,0.0,6.47,31.23,15.61,0.49,26.95
2024-10-07,4.95,10.13,4.0,0.0,6.38,30.86,16.36,0.44,26.88
2024-10-08,5.02,9.61,4.2,0.0,6.21,30.4,16.97,0.39,27.2
2024-10-09,5.42,9.61,4.22,0.0,6.41,30.28,16.67,0.38,27.01
2024-10-10,5.37,9.75,3.9,0.0,6.33,30.7,15.98,0.42,27.55
2024-10-11,5.33,9.11,3.86,0.04,6.59,30.47,15.71,0.43,28.46
2024-10-12,5.32,9.11,3.85,0.04,6.58,30.44,15.71,0.43,28.52
2024-10-13,5.3,9.16,3.86,0.04,6.6,30.42,15.78,0.43,28.41
2024-10-14,5.44,9.24,3.93,0.07,5.4,30.2,15.77,0.51,29.44
2024-10-15,5.47,9.27,3.94,0.07,5.41,30.06,15.85,0.52,29.41
2024-10-16,5.46,9.19,3.94,0.07,5.41,30.17,15.78,0.51,29.47
2024-10-17,5.49,9.23,3.92,0.07,5.41,30.08,15.8,0.51,29.49
2024-10-18,5.48,9.21,3.92,0.07,5.41,30.14,15.8,0.51,29.46
2024-10-19,5.41,9.36,3.82,0.07,5.22,31.08,16.05,0.5,28.49
2024-10-20,5.39,9.25,3.83,0.07,5.23,31.12,16.09,0.5,28.52
2024-10-21,5.5,9.51,3.9,0.1,5.05,31.1,16.39,0.44,28.01
2024-10-22,5.51,9.59,3.87,0.1,4.92,31.2,16.32,0.44,28.05
2024-10-23,5.53,9.47,3.89,0.1,4.87,31.3,16.72,0.41,27.71
2024-10-24,5.36,9.16,3.81,0.11,5.0,31.75,17.11,0.48,27.22
2024-10-25,5.02,9.07,4.0,0.08,5.22,31.31,16.62,0.58,28.1
2024-10-26,5.01,9.28,3.72,0.09,5.13,31.24,16.75,0.62,28.16
2024-10-27,5.04,9.25,3.71,0.09,5.12,31.21,16.75,0.62,28.21
2024-10-28,5.0,8.99,3.74,0.09,5.23,31.32,16.66,0.64,28.33
2024-10-29,4.82,9.35,3.71,0.12,5.83,31.05,16.78,0.66,27.68
2024-10-30,4.76,9.57,3.76,0.11,5.77,31.25,16.34,0.65,27.79
2024-10-31,4.75,9.52,3.77,0.11,5.75,31.33,16.26,0.65,27.86
2024-11-01,4.56,9.51,3.77,0.11,5.79,31.26,16.4,0.65,27.95
2024-11-02,4.76,9.5,3.74,0.11,5.74,31.34,16.3,0.65,27.86
2024-11-03,4.76,9.41,3.81,0.11,5.79,31.3,16.3,0.65,27.87
2024-11-04,4.66,9.68,3.78,0.12,6.59,30.25,17.5,0.77,26.65
2024-11-05,4.25,9.1,3.88,0.08,5.93,30.57,19.56,0.77,25.86
2024-11-06,4.07,9.36,4.46,0.09,5.93,30.92,19.65,0.66,24.86
2024-11-07,4.4,9.48,4.44,0.09,6.28,30.0,18.5,0.56,26.25
2024-11-08,4.57,9.79,4.39,0.1,6.24,29.38,17.31,0.7,27.52
2024-11-09,4.28,10.19,4.24,0.03,6.04,29.01,17.8,0.62,27.79
2024-11-10,4.28,10.13,4.2,0.03,6.02,29.01,17.85,0.62,27.86
2024-11-11,4.27,10.38,4.04,0.02,5.99,28.76,17.57,0.54,28.43
2024-11-12,4.14,10.11,3.97,0.04,6.07,28.73,16.55,0.46,29.93
2024-11-13,3.89,10.23,4.04,0.08,6.11,28.96,17.03,0.54,29.12
2024-11-14,3.86,10.37,3.98,0.09,6.11,29.02,16.96,0.57,29.04
2024-11-15,3.87,10.29,3.98,0.09,6.1,29.07,17.01,0.57,29.02
2024-11-16,3.93,10.14,4.17,0.12,6.12,28.64,17.07,0.59,29.22
2024-11-17,3.85,10.17,4.19,0.12,6.15,28.71,16.96,0.59,29.26
2024-11-18,3.74,10.07,4.34,0.12,6.01,28.85,17.0,0.57,29.3
2024-11-19,3.99,9.91,4.45,0.1,6.07,28.86,16.79,0.55,29.28
2024-11-20,4.17,10.77,4.06,0.07,6.46,28.23,16.64,0.49,29.11
2024-11-21,4.25,10.63,4.25,0.05,6.4,28.59,16.53,0.43,28.87
2024-11-22,4.29,9.89,4.42,0.04,6.4,28.67,16.14,0.46,29.69
2024-11-23,4.34,9.54,4.25,0.04,6.6,28.79,17.55,0.43,28.46
2024-11-24,4.36,9.63,4.2,0.04,6.63,28.63,17.62,0.44,28.45
2024-11-25,4.5,9.88,3.99,0.06,6.75,28.8,17.65,0.44,27.93
2024-11-26,4.27,10.0,4.25,0.06,6.57,28.89,18.21,0.38,27.37
2024-11-27,4.03,10.43,3.77,0.04,6.45,28.31,18.92,0.38,27.67
2024-11-28,4.25,10.32,4.02,0.04,6.39,28.81,18.48,0.37,27.32
2024-11-29,3.94,9.63,4.28,0.04,6.49,29.54,18.32,0.33,27.43
2024-11-30,3.79,9.33,4.21,0.05,6.13,29.16,19.03,0.33,27.97
2024-12-01,3.8,9.21,4.15,0.05,6.12,29.22,19.04,0.33,28.08
2024-12-02,3.96,9.07,4.12,0.05,6.0,29.6,18.97,0.29,27.94
2024-12-03,4.08,8.9,4.29,0.03,5.65,30.24,18.72,0.28,27.81
2024-12-04,3.81,8.96,4.37,0.25,5.47,30.75,19.34,0.32,26.73
2024-12-05,3.45,9.08,4.41,0.25,5.5,31.21,19.3,0.38,26.42
2024-12-06,3.61,9.02,4.44,0.25,5.55,31.73,18.85,0.36,26.19
2024-12-07,3.67,8.88,4.17,0.27,5.73,31.47,18.97,0.33,26.51
2024-12-08,3.71,9.0,4.22,0.26,5.73,31.41,18.93,0.33,26.41
2024-12-09,3.64,8.77,4.01,0.3,6.19,30.83,18.61,0.34,27.31
2024-12-10,3.48,9.53,4.18,0.28,6.21,30.75,18.35,0.37,26.85
2024-12-11,3.39,9.44,3.78,0.28,6.02,30.92,18.72,0.36,27.09
2024-12-12,3.22,9.55,3.91,0.27,6.28,30.73,18.49,0.37,27.18
2024-12-13,3.28,9.49,3.81,0.35,6.35,31.46,17.94,0.38,26.94
2024-12-14,3.36,9.71,3.83,0.31,6.46,31.2,17.93,0.38,26.82
2024-12-15,3.33,9.58,3.82,0.31,6.31,31.37,17.89,0.38,27.01
2024-12-16,3.2,9.57,3.88,0.1,6.54,31.62,17.62,0.35,27.12
2024-12-17,3.4,9.31,3.92,0.11,6.6,31.6,17.55,0.35,27.16
2024-12-18,3.65,9.49,3.73,0.03,6.13,31.75,17.35,0.37,27.5
2024-12-19,3.89,8.88,3.75,0.04,6.56,32.45,16.88,0.37,27.18
2024-12-20,4.12,9.52,3.91,0.04,6.55,31.78,16.82,0.33,26.93
2024-12-21,4.18,9.75,3.72,0.06,6.17,31.73,16.63,0.3,27.46
2024-12-22,4.29,9.44,3.67,0.06,6.21,31.46,16.79,0.27,27.81
2024-12-23,4.31,9.56,3.52,0.06,6.09,31.49,17.0,0.34,27.63
2024-12-24,4.23,9.5,3.35,0.25,6.22,31.35,17.21,0.31,27.58
2024-12-25,4.2,9.68,3.23,0.26,6.14,31.12,17.42,0.33,27.62
2024-12-26,4.16,9.19,3.41,0.28,6.05,31.54,17.28,0.34,27.75
2024-12-27,3.93,9.04,3.29,0.3,5.98,32.0,17.5,0.36,27.6
2024-12-28,3.8,8.92,3.41,0.3,6.17,31.77,17.64,0.39,27.6
2024-12-29,3.73,9.09,3.77,0.31,6.08,31.56,17.54,0.36,27.56
2024-12-30,3.64,9.09,3.82,0.29,6.06,32.09,17.06,0.37,27.58
2024-12-31,3.66,9.17,3.8,0.29,6.09,32.02,17.05,0.35,27.57
2025-01-01,3.67,9.22,3.86,0.29,6.01,31.99,16.94,0.35,27.67
2025-01-02,3.82,8.9,4.0,0.29,5.82,32.16,16.83,0.38,27.8
2025-01-03,4.01,8.83,3.85,0.28,6.07,32.06,16.6,0.37,27.93
2025-01-04,4.16,8.85,3.34,0.24,6.28,32.74,16.99,0.47,26.93
2025-01-05,4.14,8.93,3.44,0.28,6.04,32.28,17.06,0.47,27.36
2025-01-06,4.38,8.9,3.37,0.31,5.8,32.24,16.84,0.48,27.68
2025-01-07,4.3,8.76,3.3,0.33,5.64,32.37,16.84,0.44,28.02
2025-01-08,4.23,9.0,3.35,0.3,5.86,32.24,16.7,0.42,27.9
2025-01-09,4.16,9.17,3.51,0.35,6.17,33.11,16.41,0.35,26.77
2025-01-10,4.05,8.97,3.44,0.34,6.3,33.3,16.43,0.36,26.81
2025-01-11,4.15,8.88,3.36,0.34,6.42,33.38,16.42,0.37,26.68
2025-01-12,4.18,8.83,3.34,0.34,6.45,33.34,16.41,0.36,26.75
2025-01-13,4.19,8.87,3.35,0.34,6.51,33.29,16.32,0.4,26.73
2025-01-14,4.15,8.89,3.36,0.34,6.5,33.22,16.36,0.39,26.79
2025-01-15,4.13,8.88,3.38,0.34,6.47,33.24,16.34,0.39,26.83
2025-01-16,4.1,8.71,3.31,0.33,6.55,33.37,16.43,0.34,26.86
2025-01-17,4.02,8.89,3.38,0.32,6.63,33.2,16.46,0.42,26.68
2025-01-18,4.23,8.99,3.48,0.32,6.52,32.85,16.45,0.43,26.73
2025-01-19,4.23,8.86,3.47,0.32,6.54,33.11,16.45,0.43,26.59
2025-01-20,4.43,8.98,3.49,0.37,6.5,33.08,16.35,0.48,26.32
2025-01-21,4.41,8.99,3.51,0.37,6.48,33.07,16.42,0.43,26.32
2025-01-22,4.38,8.99,3.5,0.35,6.44,32.86,16.51,0.48,26.49
2025-01-23,4.43,8.98,3.52,0.37,6.46,33.13,16.3,0.42,26.39
2025-01-24,4.45,8.99,3.5,0.37,6.49,33.14,16.33,0.46,26.27
2025-01-25,4.36,9.09,3.44,0.35,6.46,32.83,16.42,0.47,26.58
2025-01-26,4.43,9.11,3.48,0.08,6.55,33.19,16.39,0.47,26.3
2025-01-27,4.32,9.17,3.45,0.35,6.45,32.81,16.42,0.47,26.56
2025-01-28,4.33,9.19,3.52,0.35,6.33,32.85,16.21,0.44,26.78
2025-01-29,4.31,9.13,3.53,0.35,6.33,32.8,16.23,0.37,26.95
2025-01-30,4.34,9.08,3.66,0.08,6.47,32.8,16.51,0.37,26.69
2025-01-31,4.34,9.43,3.57,0.12,6.38,32.75,16.24,0.38,26.79
2025-02-01,4.29,9.38,3.45,0.12,6.39,32.69,16.37,0.43,26.88
2025-02-02,4.38,9.44,3.42,0.12,6.41,32.54,16.39,0.43,26.87
2025-02-03,4.69,9.25,3.54,0.08,6.44,32.15,16.45,0.4,27.0
2025-02-04,4.62,9.47,3.58,0.1,6.37,32.1,16.33,0.41,27.02
2025-02-05,4.76,9.48,3.7,0.06,6.4,31.69,16.76,0.41,26.74
2025-02-06,4.88,10.09,3.68,0.06,6.14,31.26,16.61,0.42,26.86
2025-02-07,4.74,10.27,3.54,0.05,6.33,31.63,16.49,0.39,26.56
2025-02-08,4.69,9.95,3.63,0.05,6.57,31.05,16.54,0.33,27.19
2025-02-09,4.74,9.87,3.64,0.05,6.6,31.03,16.62,0.34,27.11
2025-02-10,4.78,9.81,3.72,0.03,6.48,30.7,17.22,0.24,27.02
2025-02-11,4.83,10.1,4.08,0.03,6.56,30.95,16.74,0.31,26.4
2025-02-12,4.98,10.1,3.87,0.02,6.55,30.52,16.7,0.28,26.98
2025-02-13,5.2,10.18,3.4,0.02,6.45,30.1,16.87,0.33,27.45
2025-02-14,5.42,10.06,3.31,0.03,6.26,30.41,16.97,0.25,27.29
2025-02-15,5.4,10.25,3.28,0.03,6.4,28.73,17.88,0.19,27.84
2025-02-16,5.38,10.19,3.25,0.03,6.42,28.85,17.85,0.19,27.84
2025-02-17,5.48,10.1,3.22,0.03,6.5,28.32,18.02,0.2,28.13
2025-02-18,5.58,9.77,3.31,0.03,6.3,28.72,17.86,0.23,28.2
2025-02-19,5.74,10.01,3.35,0.03,6.67,28.9,17.61,0.26,27.43
2025-02-20,5.78,10.05,3.28,0.02,6.68,28.87,17.7,0.27,27.35
2025-02-21,5.99,9.66,3.33,0.03,6.36,28.58,17.81,0.24,28.0
2025-02-22,5.98,10.25,3.34,0.02,6.31,28.24,17.54,0.21,28.11
2025-02-23,5.98,10.09,3.36,0.03,6.29,28.26,17.61,0.22,28.16
2025-02-24,5.79,10.01,3.69,0.03,6.23,27.97,17.38,0.2,28.7
2025-02-25,4.73,11.81,3.75,0.07,6.15,28.25,16.04,0.22,28.98
2025-02-26,4.73,11.7,3.78,0.07,6.2,28.25,16.07,0.22,28.98
2025-02-27,3.96,12.0,3.89,0.1,6.65,28.57,17.62,0.22,26.99
2025-02-28,3.78,11.72,4.0,0.1,6.88,28.55,17.3,0.25,27.42
2025-03-01,3.85,11.71,4.79,0.1,6.03,28.88,17.48,0.32,26.84
2025-03-02,3.8,11.75,4.79,0.1,6.03,28.93,17.35,0.32,26.93
2025-03-03,3.95,11.47,4.43,0.08,6.36,28.36,17.57,0.31,27.47
2025-03-04,4.03,11.41,4.31,0.09,6.19,28.79,17.49,0.28,27.41
2025-03-05,4.32,11.15,4.23,0.09,6.16,28.74,17.55,0.37,27.39
2025-03-06,4.39,11.67,3.69,0.09,6.51,27.75,17.41,0.36,28.13
2025-03-07,4.38,11.05,3.86,0.09,6.76,27.58,17.92,0.25,28.11
2025-03-08,4.0,11.07,4.06,0.07,6.66,28.8,16.97,0.29,28.08
2025-03-09,3.98,11.1,4.05,0.07,6.65,28.71,16.94,0.29,28.21
2025-03-10,3.83,11.78,4.37,0.03,6.52,28.45,16.98,0.34,27.7
2025-03-11,4.1,11.4,4.51,0.03,6.14,29.53,15.97,0.28,28.04
2025-03-12,4.05,11.26,4.07,0.02,6.17,30.55,15.68,0.24,27.96
2025-03-13,4.09,11.59,3.99,0.02,6.17,30.27,15.12,0.22,28.53
2025-03-14,4.1,11.58,3.99,0.02,6.2,30.26,15.08,0.22,28.55
2025-03-15,4.1,11.62,3.97,0.02,6.16,30.23,15.08,0.22,28.6
2025-03-16,4.08,11.61,4.0,0.02,6.24,30.3,15.0,0.22,28.53
2025-03-17,3.75,11.73,4.19,0.02,6.02,28.74,15.84,0.21,29.5
2025-03-18,3.9,10.48,5.28,0.02,6.21,28.81,15.87,0.23,29.2
2025-03-19,4.2,10.53,5.51,0.02,6.31,28.63,15.72,0.27,28.81
2025-03-20,4.73,10.58,5.45,0.02,6.67,29.23,14.95,0.32,28.05
2025-03-21,4.86,10.31,5.05,0.02,6.79,30.35,15.1,0.36,27.16
2025-03-22,5.21,10.95,4.47,0.02,6.9,30.96,14.97,0.29,26.23
2025-03-23,5.21,11.05,4.45,0.02,6.9,30.88,14.96,0.29,26.24
2025-03-24,5.17,11.05,4.44,0.02,6.91,30.87,14.96,0.29,26.29
2025-03-25,5.16,11.09,4.49,0.02,6.9,30.84,14.94,0.29,26.27
2025-03-26,5.21,11.1,4.46,0.02,6.87,30.9,14.92,0.29,26.23
2025-03-27,5.17,10.99,4.47,0.02,6.9,30.92,14.93,0.29,26.31
2025-03-28,5.19,11.06,4.45,0.02,6.91,30.85,14.94,0.29,26.29
2025-03-29,5.19,11.05,4.44,0.02,6.9,30.96,14.97,0.29,26.18
2025-03-30,5.23,10.96,4.48,0.02,6.9,30.87,14.97,0.29,26.28
2025-03-31,5.19,10.95,4.48,0.02,6.92,30.95,14.94,0.29,26.26
2025-04-01,5.29,10.98,4.5,0.02,7.25,31.93,14.39,0.27,25.37
2025-04-02,5.07,11.1,4.52,0.02,7.09,32.45,14.84,0.31,24.6
2025-04-03,4.97,11.87,4.54,0.02,6.51,31.85,14.97,0.4,24.87
2025-04-04,5.2,11.75,4.63,0.01,6.34,30.59,15.29,0.39,25.8
2025-04-05,5.24,11.75,4.45,0.01,5.99,30.57,15.18,0.38,26.43
2025-04-06,5.24,11.76,4.46,0.01,6.0,30.58,15.14,0.38,26.43
2025-04-07,4.99,11.85,4.36,0.01,5.9,30.92,14.79,0.36,26.82
2025-04-08,5.26,11.19,4.23,0.01,5.81,30.82,14.53,0.36,27.79
2025-04-09,5.11,10.85,4.13,0.01,5.76,31.86,15.1,0.4,26.78
2025-04-10,5.21,10.93,4.23,0.01,5.64,31.89,14.72,0.34,27.03
2025-04-11,5.25,11.0,4.12,0.01,5.65,31.73,15.53,0.35,26.36
2025-04-12,4.98,11.17,4.08,0.01,5.65,31.74,15.64,0.37,26.36
2025-04-13,4.98,11.18,4.07,0.01,5.61,31.68,15.73,0.38,26.36
2025-04-14,4.48,10.96,4.4,0.01,5.5,32.63,15.5,0.41,26.11
2025-04-15,4.29,10.44,4.45,0.01,5.86,32.16,16.5,0.43,25.86
2025-04-16,4.36,10.17,4.38,0.01,5.98,31.92,16.2,0.46,26.52
2025-04-17,4.45,9.87,4.48,0.01,5.88,31.92,16.13,0.41,26.85
2025-04-18,4.43,9.71,4.74,0.01,6.15,31.71,16.36,0.35,26.54
2025-04-19,4.33,9.67,4.5,0.01,6.19,31.65,16.57,0.4,26.68
2025-04-20,4.4,9.72,4.62,0.01,6.14,31.62,16.42,0.4,26.67
2025-04-21,4.63,9.26,4.51,0.01,6.17,32.49,15.82,0.46,26.65
2025-04-22,4.34,9.16,5.8,0.01,6.36,33.32,15.58,0.38,25.05
2025-04-23,4.46,8.72,5.72,0.01,6.22,34.01,15.3,0.62,24.94
2025-04-24,4.71,9.94,4.32,0.01,6.6,33.2,15.3,1.23,24.69
2025-04-25,4.83,10.67,4.28,0.02,6.16,32.73,14.81,1.36,25.14
2025-04-26,4.54,9.07,4.64,0.02,6.27,33.94,14.9,2.35,24.27
2025-04-27,4.54,9.06,4.67,0.02,6.26,33.96,14.76,2.37,24.36
2025-04-28,4.55,9.36,4.69,0.02,6.42,32.64,14.86,4.12,23.34
2025-04-29,4.75,9.74,4.78,0.05,6.4,31.02,15.41,4.78,23.07
2025-04-30,4.4,9.7,4.86,0.08,6.37,30.84,15.26,5.31,23.18
2025-05-01,4.41,9.6,4.78,0.08,6.46,30.75,15.3,5.45,23.17
2025-05-02,4.34,9.44,4.78,0.08,6.55,30.39,15.25,5.48,23.69
2025-05-03,4.34,9.45,4.78,0.08,6.54,30.42,15.24,5.44,23.71
2025-05-04,4.3,9.38,4.78,0.08,6.56,30.45,15.28,5.45,23.72
2025-05-05,4.3,9.71,4.34,0.07,6.7,29.55,15.23,6.14,23.96
2025-05-06,4.21,9.42,4.5,0.05,6.82,29.27,14.75,6.32,24.66
2025-05-07,4.26,9.45,4.39,0.06,6.77,29.7,14.74,6.25,24.38
2025-05-08,4.25,9.48,4.36,0.06,6.78,29.86,14.63,6.38,24.2
2025-05-09,4.29,9.43,4.25,0.06,6.83,30.0,14.73,6.4,24.01
2025-05-10,4.21,9.42,4.21,0.06,6.78,29.99,14.62,6.53,24.18
2025-05-11,4.19,9.46,4.19,0.06,6.75,30.05,14.58,6.5,24.22
2025-05-12,4.17,9.33,4.18,0.06,6.84,29.86,14.8,6.67,24.09
2025-05-13,4.06,9.84,4.23,0.06,6.72,29.77,14.62,6.65,24.05
2025-05-14,4.34,9.75,4.08,0.04,6.58,29.82,14.42,6.54,24.43
2025-05-15,4.41,9.93,4.22,0.04,5.99,29.37,14.28,6.89,24.87
2025-05-16,4.65,10.09,4.12,0.04,5.81,28.85,14.23,6.94,25.27
2025-05-17,4.62,9.88,4.26,0.04,5.88,28.3,13.89,6.41,26.72
2025-05-18,4.62,9.86,4.28,0.04,5.85,28.3,13.9,6.41,26.74
2025-05-19,4.56,10.09,4.41,0.04,5.82,28.58,13.59,6.45,26.46
2025-05-20,4.45,10.12,4.55,0.04,5.66,28.52,13.65,6.39,26.62
2025-05-21,3.98,10.48,4.51,0.04,5.73,28.77,13.69,6.19,26.61
2025-05-22,3.89,10.59,4.66,0.04,5.89,28.21,13.17,6.46,27.09
2025-05-23,3.82,10.9,4.24,0.05,5.72,28.81,13.48,6.29,26.69
2025-05-24,3.75,10.88,4.15,0.05,5.67,29.72,13.55,6.26,25.97
2025-05-25,3.75,10.84,4.13,0.05,5.69,29.68,13.57,6.29,26.0
2025-05-26,4.21,10.35,4.13,0.04,5.35,29.48,13.67,6.66,26.11
2025-05-27,4.24,10.43,4.39,0.04,5.25,29.96,13.81,6.5,25.38
2025-05-28,4.41,9.35,4.56,0.05,5.29,30.3,14.53,6.14,25.37
2025-05-29,4.3,9.18,4.64,0.06,5.22,30.71,14.3,6.26,25.33
2025-05-30,4.14,10.25,4.39,0.06,5.17,30.91,13.83,5.91,25.34
2025-05-31,4.3,11.07,4.21,0.12,4.99,29.69,13.76,5.84,26.02
2025-06-01,4.28,11.02,4.18,0.12,4.96,29.9,13.74,5.8,26.0
2025-06-02,4.49,10.93,4.18,0.14,5.07,29.48,14.56,5.55,25.6
2025-06-03,4.6,11.12,4.28,0.15,5.02,27.87,15.06,5.65,26.25
2025-06-04,5.46,10.31,3.76,0.14,5.29,28.31,15.03,5.72,25.98
2025-06-05,5.91,10.3,3.61,0.13,5.47,28.34,14.58,5.38,26.28
2025-06-06,6.28,9.98,3.74,0.12,5.62,28.41,14.03,5.44,26.38
2025-06-07,6.32,9.95,3.75,0.12,5.61,28.46,14.01,5.43,26.35
2025-06-08,6.33,9.91,3.74,0.12,5.61,28.49,14.04,5.4,26.36
2025-06-09,6.08,9.96,4.08,0.17,5.52,28.08,14.08,5.22,26.81
2025-06-10,5.8,10.25,4.53,0.14,5.4,28.66,13.59,4.77,26.86
2025-06-11,5.89,9.88,4.48,0.15,5.41,28.44,13.97,4.86,26.92
2025-06-12,6.02,10.02,4.62,0.09,5.3,29.12,13.88,4.52,26.43
2025-06-13,5.86,10.07,4.4,0.1,5.21,29.79,13.62,4.55,26.4
2025-06-14,6.13,9.92,4.45,0.07,5.7,29.93,13.2,4.55,26.05
2025-06-15,6.11,9.92,4.45,0.07,5.71,29.95,13.21,4.48,26.1
2025-06-16,6.28,10.22,4.7,0.05,5.61,29.43,12.73,4.39,26.59
2025-06-17,6.27,10.09,4.65,0.05,6.21,29.45,12.88,3.98,26.42
2025-06-18,6.24,10.32,4.92,0.06,6.6,28.86,12.65,3.92,26.43
2025-06-19,6.68,10.63,5.01,0.07,6.72,29.08,12.6,4.01,25.2
2025-06-20,6.66,10.48,4.89,0.07,7.24,28.56,12.97,3.89,25.24
2025-06-21,5.82,10.85,5.11,0.08,7.33,28.2,13.01,3.3,26.3
2025-06-22,5.78,10.97,5.13,0.08,7.36,28.22,13.12,2.94,26.4
2025-06-23,5.9,10.99,5.08,0.08,7.41,28.61,13.47,2.84,25.62
2025-06-24,5.9,10.87,5.07,0.08,7.35,28.49,13.43,2.91,25.9
2025-06-25,5.13,10.66,5.09,0.08,7.43,27.87,13.35,2.77,27.62
2025-06-26,5.49,10.71,4.98,0.07,7.06,27.57,12.95,2.98,28.19
2025-06-27,7.17,10.65,4.99,0.07,6.81,28.25,12.51,3.02,26.53
2025-06-28,7.04,10.88,4.92,0.08,6.77,28.17,13.14,2.88,26.12
2025-06-29,7.04,10.87,4.95,0.08,6.79,28.19,13.07,2.89,26.12
2025-06-30,6.87,10.87,4.67,0.08,6.99,28.6,12.92,2.86,26.14
2025-07-01,5.81,11.02,4.63,0.08,6.94,30.02,12.67,2.77,26.06
2025-07-02,5.78,10.79,4.58,0.08,6.88,30.22,12.58,3.41,25.68
2025-07-03,5.27,10.34,4.51,0.08,7.68,30.64,12.55,3.26,25.67
2025-07-04,4.52,11.11,5.19,0.08,7.49,30.37,12.57,3.61,25.06
2025-07-05,4.6,9.67,4.88,0.07,7.3,31.6,12.89,3.27,25.72
2025-07-06,4.57,9.66,4.87,0.07,7.28,31.63,12.88,3.27,25.77
2025-07-07,4.33,10.49,5.06,0.06,7.3,31.81,12.61,3.16,25.18
2025-07-08,4.53,10.51,5.2,0.06,7.09,31.05,13.36,3.05,25.15
2025-07-09,4.55,10.62,5.2,0.06,7.07,30.97,13.28,3.02,25.23
2025-07-10,4.42,10.94,4.89,0.06,6.86,30.63,13.51,2.94,25.75
2025-07-11,4.4,10.71,5.17,0.08,6.76,31.29,13.32,2.92,25.35
2025-07-12,4.21,10.67,5.25,0.08,7.24,30.84,13.69,2.76,25.26
2025-07-13,4.21,10.7,5.25,0.08,7.2,30.83,13.76,2.75,25.22
2025-07-14,4.8,10.2,5.07,0.08,6.8,30.63,13.37,3.04,26.01
2025-07-15,4.96,10.56,5.16,0.16,6.91,30.72,13.41,2.45,25.67
2025-07-16,4.81,11.5,5.18,0.17,7.1,30.0,13.55,2.02,25.67
2025-07-17,4.75,10.94,5.39,0.14,6.41,31.1,13.7,2.02,25.55
2025-07-18,4.42,11.17,5.47,0.11,6.33,31.08,13.56,2.12,25.74
2025-07-19,4.4,11.14,5.48,0.11,6.36,31.16,13.61,2.12,25.62
2025-07-20,4.4,11.2,5.5,0.11,6.34,31.09,13.55,2.12,25.69
2025-07-21,4.4,10.1,5.07,0.11,6.41,30.6,14.48,1.98,26.85
2025-07-22,4.38,10.13,5.01,0.11,6.42,30.74,14.52,2.04,26.65
2025-07-23,4.4,10.16,5.01,0.11,6.32,31.33,13.88,2.06,26.73
2025-07-24,4.17,9.79,4.97,0.16,6.53,31.44,14.84,2.1,26.0
2025-07-25,4.11,9.83,5.12,0.41,6.46,31.75,14.64,2.12,25.56
2025-07-26,4.2,9.75,5.1,0.41,6.57,31.41,14.66,2.06,25.84
2025-07-27,4.19,9.65,5.09,0.41,6.56,31.45,14.72,2.11,25.82
2025-07-28,4.12,9.79,5.13,0.4,6.49,31.44,14.45,2.04,26.14
2025-07-29,4.36,9.66,5.08,0.38,6.2,31.62,14.08,2.33,26.29
2025-07-30,4.4,9.53,4.81,0.25,6.29,31.99,14.32,2.09,26.32
2025-07-31,4.61,9.71,4.72,0.25,6.09,33.13,14.1,2.02,25.37
2025-08-01,4.09,8.85,4.33,0.29,6.07,33.79,14.56,1.91,26.11
2025-08-02,4.23,8.51,4.07,0.35,6.25,33.94,14.67,1.88,26.1
2025-08-03,4.23,8.64,4.12,0.35,6.24,33.83,14.7,1.88,26.01
2025-08-04,4.23,8.37,4.04,0.35,6.55,32.9,14.31,1.73,27.52
2025-08-05,4.31,10.1,4.17,0.09,7.1,32.66,14.49,1.79,25.29
2025-08-06,4.42,9.94,4.3,0.11,7.12,32.68,13.97,2.0,25.46
2025-08-07,4.43,10.01,4.26,0.08,7.1,32.66,14.05,2.0,25.41
2025-08-08,4.38,10.08,4.22,0.08,7.07,32.62,14.34,1.98,25.23
2025-08-09,4.41,10.03,4.22,0.08,7.05,32.72,14.28,1.97,25.24
2025-08-10,4.4,10.09,4.26,0.08,7.01,32.62,14.28,1.99,25.27
2025-08-11,4.75,10.18,4.23,0.08,7.05,32.55,14.24,1.9,25.02
2025-08-12,4.66,10.56,4.44,0.11,6.86,31.6,14.41,2.32,25.04
2025-08-13,4.89,9.36,4.71,0.09,6.28,32.5,14.48,2.34,25.35
2025-08-14,5.25,10.2,4.61,0.09,6.36,31.33,14.5,1.9,25.76
2025-08-15,5.22,10.24,4.64,0.09,6.31,31.25,14.3,1.88,26.07
2025-08-16,5.25,10.13,4.62,0.09,6.31,31.25,14.35,1.88,26.12
2025-08-17,5.22,10.23,4.63,0.09,6.32,31.37,14.47,1.89,25.78
2025-08-18,5.22,10.22,4.62,0.09,6.31,31.44,14.26,1.89,25.95
2025-08-19,5.2,10.24,4.61,0.09,6.33,31.37,14.26,1.89,26.01
2025-08-20,5.21,10.25,4.63,0.09,6.34,31.17,14.27,1.9,26.14
2025-08-21,5.49,10.39,4.39,0.09,6.55,30.23,14.61,1.98,26.27
2025-08-22,5.66,9.61,4.74,0.09,6.05,31.3,14.69,1.9,25.96
2025-08-23,5.4,9.59,4.96,0.07,6.07,32.87,12.8,1.24,27.0
2025-08-24,5.41,9.66,4.98,0.07,5.99,32.9,12.78,1.24,26.97
2025-08-25,5.17,9.53,4.84,0.05,5.92,33.01,13.05,1.24,27.19
2025-08-26,4.89,9.62,4.95,0.05,5.97,32.72,12.88,1.18,27.74
2025-08-27,4.66,9.64,4.67,0.06,6.09,32.78,12.76,1.23,28.11
2025-08-28,4.71,9.52,4.8,0.06,6.95,33.55,11.88,1.25,27.28
2025-08-29,4.93,9.72,4.7,0.06,5.67,33.6,12.67,1.62,27.03
2025-08-30,4.89,10.07,4.7,0.07,5.23,33.04,12.75,1.64,27.61
2025-08-31,4.9,10.07,4.71,0.07,5.21,33.05,12.78,1.64,27.57
2025-09-01,4.98,10.07,4.93,0.08,5.24,32.95,12.75,1.54,27.46
2025-09-02,4.4,9.95,4.89,0.08,5.9,32.97,12.89,1.5,27.42
2025-09-03,4.48,10.16,4.85,0.06,5.98,32.39,12.73,1.38,27.97
2025-09-04,4.49,10.58,4.81,0.04,6.0,32.74,12.63,1.48,27.23
2025-09-05,5.15,10.88,4.91,0.05,5.75,32.68,12.46,1.37,26.75
2025-09-06,4.8,10.81,4.89,0.04,5.98,32.82,12.77,1.23,26.66
2025-09-07,4.82,10.81,4.89,0.04,6.03,32.83,12.77,1.22,26.59
2025-09-08,4.41,10.0,5.24,0.04,6.28,33.45,12.52,1.38,26.68
2025-09-09,4.59,10.03,5.12,0.05,6.11,32.83,12.83,1.28,27.16
2025-09-10,4.46,10.55,4.85,0.04,6.18,32.65,13.23,1.15,26.89
2025-09-11,4.28,12.09,4.93,0.09,5.53,31.24,13.79,1.25,26.8
2025-09-12,3.89,12.72,4.83,0.09,5.39,32.58,13.27,1.48,25.75
2025-09-13,3.96,11.82,5.08,0.12,5.43,32.58,13.51,1.36,26.14
2025-09-14,4.02,11.81,5.04,0.11,5.44,32.46,13.47,1.35,26.3
2025-09-15,4.28,12.19,5.26,0.12,5.47,31.76,13.71,1.25,25.96
2025-09-16,4.57,11.71,5.29,0.07,5.62,31.34,13.42,1.44,26.54
2025-09-17,4.62,11.35,5.26,0.07,5.93,31.93,13.77,1.34,25.73
2025-09-18,4.9,11.09,5.27,0.07,6.01,31.66,13.44,1.37,26.19
2025-09-19,5.58,11.87,5.39,0.03,5.97,31.43,13.7,1.18,24.85
2025-09-20,5.76,11.96,5.14,0.03,6.11,30.97,13.47,1.17,25.39
2025-09-21,5.78,12.0,5.16,0.03,6.19,31.02,13.48,1.16,25.18
2025-09-22,6.28,11.68,5.15,0.03,5.73,30.49,13.38,1.14,26.12
2025-09-23,6.05,11.44,5.1,0.03,5.9,31.58,13.5,1.12,25.28
2025-09-24,5.98,11.38,5.51,0.03,5.92,31.58,13.21,1.19,25.2
2025-09-25,6.18,11.81,5.25,0.02,5.89,31.23,12.99,1.18,25.45
2025-09-26,6.39,11.61,5.05,0.0,6.04,31.17,12.76,1.26,25.72
2025-09-27,6.54,11.55,4.88,0.0,6.11,31.29,12.75,1.26,25.62
2025-09-28,6.54,11.55,4.91,0.0,6.11,31.33,12.72,1.27,25.57
2025-09-29,6.19,11.49,4.86,0.0,6.1,31.74,12.34,1.18,26.1
2025-09-30,6.03,11.49,4.7,0.05,6.06,31.93,12.34,1.08,26.32
2025-10-01,6.19,11.55,4.57,0.04,5.82,31.99,12.44,1.07,26.33
2025-10-02,6.19,11.51,4.63,0.04,5.86,31.85,12.43,1.07,26.42
2025-10-03,6.05,11.6,4.93,0.04,5.88,31.96,12.2,1.04,26.3
2025-10-04,5.85,11.63,5.06,0.0,5.82,32.29,12.5,1.04,25.81
2025-10-05,5.84,11.55,5.05,0.0,5.85,32.5,12.46,1.04,25.71
2025-10-06,5.73,11.43,5.07,0.0,5.85,32.28,12.52,1.05,26.07
2025-10-07,5.79,11.5,5.23,0.0,5.92,32.06,12.45,1.02,26.03
2025-10-08,5.86,11.49,4.99,0.01,6.24,31.77,12.72,1.12,25.8
2025-10-09,5.58,11.5,4.88,0.01,5.75,33.74,12.05,1.19,25.3
2025-10-10,5.4,10.77,4.95,0.01,5.55,34.01,12.49,1.27,25.55
2025-10-11,5.13,10.09,5.11,0.01,6.09,34.44,12.4,1.22,25.51
2025-10-12,5.08,10.08,4.93,0.01,6.09,34.56,12.33,1.21,25.71
2025-10-13,5.14,10.19,4.87,0.02,6.27,34.19,12.91,1.3,25.11
2025-10-14,5.56,9.82,4.72,0.06,6.47,33.76,11.97,1.26,26.38
2025-10-15,5.83,9.9,4.82,0.08,6.28,33.47,12.6,1.27,25.75
2025-10-16,5.75,10.3,4.81,0.08,6.28,33.47,12.15,1.21,25.95
2025-10-17,6.15,10.05,4.95,0.08,6.2,33.89,11.68,1.21,25.79
2025-10-18,6.13,10.28,5.05,0.07,6.39,32.42,11.99,1.14,26.53
2025-10-19,6.15,10.27,5.03,0.07,6.4,32.49,11.92,1.13,26.54
2025-10-20,6.17,10.24,5.02,0.07,6.42,32.49,11.87,1.13,26.59
2025-10-21,6.19,10.31,5.02,0.07,6.35,32.48,11.93,1.14,26.51
2025-10-22,6.13,10.24,5.04,0.07,6.42,32.48,11.93,1.13,26.56
2025-10-23,6.18,10.25,5.02,0.07,6.39,32.44,11.98,1.14,26.53
2025-10-24,6.07,10.11,4.89,0.0,6.0,33.54,12.49,1.21,25.69
2025-10-25,5.86,9.74,5.11,0.0,5.98,34.19,12.33,1.26,25.53
2025-10-26,5.83,9.81,5.12,0.0,5.96,34.26,12.49,1.22,25.31
2025-10-27,5.65,9.47,5.32,0.0,5.95,34.72,12.82,1.28,24.79
2025-10-28,5.63,9.57,5.33,0.0,6.02,34.26,12.84,1.17,25.18
2025-10-29,5.66,9.62,5.52,0.0,5.62,34.29,12.6,1.11,25.58
2025-10-30,5.62,9.6,5.21,0.0,5.31,33.05,12.88,1.44,26.89
2025-10-31,5.47,9.76,4.76,0.0,5.46,31.89,13.5,1.53,27.63
2025-11-01,5.4,9.79,4.47,0.0,5.06,32.13,13.52,1.56,28.07
2025-11-02,5.44,9.81,4.48,0.0,5.03,32.11,13.51,1.58,28.04
2025-11-03,5.16,10.26,4.66,0.0,4.98,31.71,13.37,1.56,28.3
2025-11-04,5.21,9.87,4.65,0.0,4.93,31.26,13.81,1.44,28.83
2025-11-05,5.17,9.87,4.63,0.0,4.84,31.37,13.86,1.44,28.82
2025-11-06,5.25,9.87,4.29,0.0,4.87,31.17,13.87,1.48,29.2
2025-11-07,5.36,9.05,4.34,0.07,4.56,33.2,12.98,1.18,29.26
2025-11-08,5.37,9.74,4.19,0.07,4.68,34.09,12.22,1.17,28.47
2025-11-09,5.39,9.76,4.21,0.07,4.67,34.09,12.15,1.19,28.47
2025-11-10,5.26,9.65,4.2,0.07,4.72,34.18,12.31,1.14,28.47
2025-11-11,5.2,9.66,4.2,0.08,4.78,33.94,12.32,1.19,28.63
2025-11-12,5.16,9.78,4.16,0.04,4.55,34.02,12.35,1.14,28.8
2025-11-13,5.32,9.68,4.24,0.04,4.38,33.88,12.16,1.24,29.06
2025-11-14,5.53,9.41,4.12,0.06,4.25,33.28,12.4,1.51,29.44
2025-11-15,5.43,9.51,4.0,0.07,4.02,32.64,11.42,1.72,31.19
2025-11-16,5.37,9.38,4.01,0.07,4.0,32.74,11.5,1.77,31.16
2025-11-17,5.1,9.22,4.18,0.03,4.21,31.26,11.97,2.34,31.69
2025-11-18,5.44,8.77,4.31,0.03,4.49,30.44,12.48,2.67,31.37
2025-11-19,5.54,9.55,4.11,0.05,4.92,30.39,12.55,2.95,29.94
2025-11-20,5.81,10.18,3.75,0.05,6.47,30.29,12.15,2.98,28.32
2025-11-21,4.94,9.98,3.6,0.05,6.1,31.0,11.5,3.41,29.42
2025-11-22,4.4,10.71,3.78,0.01,6.07,31.19,12.18,3.57,28.09
2025-11-23,4.42,10.74,3.75,0.01,6.05,31.13,12.18,3.6,28.12
2025-11-24,4.87,11.3,3.74,0.01,5.94,32.7,11.76,3.5,26.18
2025-11-25,5.05,10.81,4.12,0.01,5.97,32.65,11.43,3.41,26.55
2025-11-26,4.79,10.7,4.02,0.05,5.18,32.52,12.28,3.25,27.21
2025-11-27,5.39,11.05,4.22,0.05,6.02,29.91,12.2,2.65,28.51
2025-11-28,5.64,11.0,4.42,0.05,6.17,30.45,12.08,2.51,27.68
2025-11-29,5.14,10.27,4.25,0.04,5.99,31.37,12.3,2.94,27.7
2025-11-30,5.21,10.25,4.26,0.04,6.02,31.18,12.28,2.94,27.82
2025-12-01,5.41,10.24,4.31,0.04,5.7,31.76,12.46,2.77,27.31
2025-12-02,5.37,10.2,4.5,0.04,5.19,30.31,13.13,2.35,28.91
2025-12-03,4.75,11.16,4.78,0.01,4.92,30.54,12.94,2.26,28.64
2025-12-04,4.82,10.53,4.82,0.01,5.58,30.8,13.85,2.1,27.49
2025-12-05,4.88,10.52,4.54,0.01,5.72,31.39,13.83,2.1,27.01
2025-12-06,4.91,10.6,4.48,0.01,5.88,31.99,13.18,2.14,26.81
2025-12-07,4.91,10.67,4.54,0.01,5.85,31.87,13.2,2.16,26.79
2025-12-08,4.89,10.57,4.11,0.02,6.18,32.76,13.09,2.11,26.27
2025-12-09,5.02,9.85,4.47,0.02,6.07,33.25,13.34,2.0,25.98
2025-12-10,5.23,10.12,4.19,0.02,6.04,33.19,13.54,1.95,25.72
2025-12-11,5.02,10.25,4.19,0.02,6.06,32.95,13.61,1.96,25.94
2025-12-12,4.95,10.15,4.19,0.02,6.2,32.78,13.99,1.88,25.84
2025-12-13,4.79,10.33,4.3,0.02,6.24,32.8,13.67,1.92,25.93
2025-12-14,4.86,10.38,4.27,0.02,6.19,32.74,13.69,1.89,25.96
2025-12-15,4.79,10.46,4.2,0.02,6.24,32.61,13.86,2.01,25.81
2025-12-16,4.75,10.54,4.14,0.02,6.19,32.72,13.97,1.92,25.75
2025-12-17,4.67,10.43,4.17,0.02,6.23,32.62,14.12,1.91,25.83
2025-12-18,4.65,10.39,4.22,0.02,6.21,32.55,14.16,1.93,25.87
2025-12-19,4.7,10.4,4.2,0.02,6.19,32.66,14.08,1.95,25.8
2025-12-20,4.68,10.27,4.21,0.02,6.22,32.63,14.07,1.97,25.93
2025-12-21,4.67,10.23,4.21,0.02,6.25,32.76,14.02,1.96,25.88
2025-12-22,4.66,10.24,4.18,0.02,6.22,32.69,14.01,1.91,26.07
2025-12-23,4.68,10.38,4.15,0.02,6.2,32.74,14.03,1.97,25.83
2025-12-24,4.68,10.36,4.17,0.02,6.23,32.56,14.13,1.97,25.88
2025-12-25,4.68,10.32,4.19,0.02,6.21,32.69,14.08,1.94,25.87
2025-12-26,4.67,10.29,4.19,0.02,6.23,32.67,14.06,2.02,25.85
2025-12-27,4.67,10.26,4.16,0.02,6.21,32.79,14.07,1.95,25.87
2025-12-28,4.63,10.34,4.16,0.02,6.18,32.74,14.02,1.95,25.96
2025-12-29,4.72,10.34,4.08,0.01,6.26,32.79,13.98,1.97,25.85
2025-12-30,4.72,10.43,4.07,0.01,6.19,32.72,13.98,1.94,25.94
2025-12-31,4.67,10.36,4.0,0.01,6.15,32.85,14.09,1.97,25.9
2026-01-01,4.66,10.42,3.96,0.01,6.16,32.89,14.08,1.99,25.83
2026-01-02,4.82,10.42,3.99,0.01,6.07,32.72,13.99,1.93,26.05
2026-01-03,4.8,10.56,4.0,0.01,6.05,32.6,14.04,1.95,25.99
2026-01-04,4.79,10.48,4.03,0.01,6.05,32.61,14.02,1.95,26.06
2026-01-05,4.78,10.44,4.02,0.01,6.09,32.54,14.02,1.96,26.14
2026-01-06,4.8,10.46,4.02,0.01,6.05,32.61,14.01,2.01,26.03
2026-01-07,4.85,10.5,4.01,0.01,6.08,32.54,13.99,1.92,26.1
2026-01-08,4.77,10.49,4.05,0.01,6.03,32.48,14.11,1.98,26.08
2026-01-09,4.82,10.55,4.08,0.01,5.96,32.58,14.07,1.91,26.02
2026-01-10,4.86,10.42,4.09,0.01,6.02,32.5,14.13,1.86,26.11
2026-01-11,4.79,10.45,4.11,0.01,6.07,32.74,14.01,1.93,25.89
2026-01-12,4.76,10.57,4.2,0.01,6.03,32.6,13.97,1.91,25.95
2026-01-13,4.64,10.49,4.22,0.01,6.13,32.72,14.06,1.88,25.85
2026-01-14,4.63,10.75,4.12,0.01,6.19,32.53,14.03,1.88,25.86
2026-01-15,4.6,10.79,4.09,0.01,6.21,32.66,13.96,1.9,25.78
2026-01-16,4.65,10.7,4.12,0.02,6.2,32.61,13.93,1.9,25.87
2026-01-17,4.71,10.7,4.15,0.02,6.18,32.75,13.87,1.89,25.73
2026-01-18,4.71,10.8,4.15,0.02,6.14,32.64,13.96,1.96,25.62
2026-01-19,4.56,10.66,4.18,0.02,6.15,32.69,14.04,1.96,25.74
2026-01-20,4.56,10.6,4.23,0.02,6.14,32.78,13.93,1.98,25.76
2026-01-21,4.57,10.7,4.25,0.02,6.02,32.86,13.97,1.9,25.71
2026-01-22,4.56,10.6,4.19,0.02,6.01,32.83,13.87,1.96,25.96
2026-01-23,4.52,10.63,4.17,0.02,6.14,32.95,14.02,1.78,25.77
2026-01-24,4.63,10.76,4.12,0.04,5.99,32.62,14.2,1.76,25.88
2026-01-25,4.61,10.72,4.1,0.04,6.0,32.7,14.19,1.75,25.89
2026-01-26,4.59,10.69,4.1,0.04,6.01,32.78,14.2,1.76,25.83
2026-01-27,4.59,10.78,4.38,0.04,6.18,32.01,14.01,1.78,26.23
2026-01-28,4.46,10.72,4.44,0.04,6.46,31.68,13.62,1.82,26.76
2026-01-29,4.58,10.36,4.29,0.03,6.32,31.05,13.71,1.69,27.97
2026-01-30,4.56,9.82,4.15,0.03,6.52,31.23,14.54,1.56,27.59
2026-01-31,4.71,9.85,4.07,0.03,5.74,33.26,14.58,1.43,26.33
2026-02-01,4.7,9.81,4.12,0.03,5.72,33.34,14.57,1.41,26.3
2026-02-02,4.76,9.54,4.0,0.01,5.8,32.74,16.06,1.43,25.66
2026-02-03,4.87,9.96,3.68,0.01,5.59,32.81,16.2,1.35,25.53
2026-02-04,4.98,9.77,3.97,0.01,5.55,32.8,15.99,1.35,25.58
2026-02-05,5.13,9.65,3.97,0.02,5.51,31.85,16.81,1.32,25.74
2026-02-06,4.89,10.17,3.81,0.02,5.18,31.5,16.66,1.29,26.48
2026-02-07,5.29,10.37,4.0,0.02,5.61,31.53,16.3,1.11,25.77
2026-02-08,5.3,10.39,4.0,0.02,5.62,31.49,16.36,1.11,25.71
2026-02-09,5.33,9.93,3.82,0.02,5.86,30.72,16.09,1.13,27.1
2026-02-10,5.43,9.81,4.12,0.19,5.94,30.07,17.1,0.97,26.37
2026-02-11,5.22,9.59,4.09,0.19,6.22,29.52,16.25,0.88,28.04
2026-02-12,5.1,8.92,3.91,0.2,6.13,31.9,16.21,0.87,26.76
2026-02-13,4.88,9.95,4.19,0.19,6.06,33.19,14.8,0.94,25.8
2026-02-14,5.28,9.68,3.8,0.21,6.41,32.47,14.62,0.94,26.59
2026-02-15,5.25,9.67,3.87,0.21,6.45,32.54,14.59,0.94,26.48
2026-02-16,5.23,9.87,3.82,0.19,6.25,32.68,15.78,0.83,25.35
2026-02-17,4.84,9.88,4.07,0.18,6.32,32.28,16.17,0.78,25.48
2026-02-18,4.97,9.94,3.93,0.12,5.77,32.6,15.74,0.74,26.19
2026-02-19,4.79,9.97,3.96,0.07,5.58,33.26,15.05,0.95,26.37
2026-02-20,4.87,9.5,3.93,0.07,5.35,33.01,15.27,0.91,27.09
2026-02-21,4.61,9.86,3.68,0.02,5.32,32.82,15.37,0.94,27.38
2026-02-22,4.57,9.9,3.69,0.02,5.32,32.77,15.35,0.95,27.43
2026-02-23,4.87,9.9,3.61,0.03,5.36,33.19,15.61,0.91,26.52
2026-02-24,5.52,9.81,3.46,0.03,5.33,34.15,15.46,0.73,25.51
2026-02-25,5.07,9.74,3.52,0.01,5.54,33.73,14.84,0.83,26.72
2026-02-26,4.93,9.71,3.19,0.0,5.9,32.75,15.92,0.87,26.73
2026-02-27,4.63,9.74,3.52,0.0,6.21,32.13,15.65,0.82,27.3
2026-02-28,4.39,9.57,3.78,0.0,5.9,31.66,16.05,0.66,27.99
2026-03-01,4.36,9.56,3.77,0.0,5.89,31.62,16.07,0.66,28.07
2026-03-02,4.92,9.6,3.44,0.0,6.02,31.73,15.06,0.57,28.66
2026-03-03,4.74,9.55,3.51,0.0,5.72,32.02,15.4,0.53,28.53
2026-03-04,4.75,9.54,3.54,0.0,5.75,31.99,15.27,0.52,28.64
2026-03-05,4.76,9.62,3.52,0.0,5.74,32.02,15.32,0.52,28.5
2026-03-06,5.03,10.53,3.44,0.0,5.26,31.71,15.91,0.74,27.38
2026-03-07,4.65,10.22,3.7,0.0,4.66,32.02,16.99,0.92,26.84
2026-03-08,4.66,10.2,3.66,0.0,4.65,32.07,16.95,0.92,26.89
2026-03-09,4.6,10.79,3.79,0.0,4.9,31.25,17.6,1.19,25.88
2026-03-10,4.68,11.57,3.59,0.02,5.06,29.97,17.92,1.51,25.68
2026-03-11,4.91,11.18,4.0,0.02,5.18,30.13,18.34,1.29,24.95
2026-03-12,4.52,12.4,3.98,0.02,5.03,29.23,18.79,1.54,24.49
2026-03-13,4.58,11.22,3.83,0.02,5.56,29.16,19.74,1.68,24.21
2026-03-14,4.95,10.69,3.5,0.02,5.68,30.89,19.75,0.88,23.64
2026-03-15,4.97,10.67,3.52,0.02,5.62,30.93,19.81,0.87,23.59
2026-03-16,5.5,10.34,3.52,0.02,5.7,30.85,19.76,0.85,23.46
2026-03-17,5.25,10.93,3.63,0.02,5.43,29.53,20.76,0.75,23.7
2026-03-18,5.71,11.35,3.54,0.02,5.48,28.86,20.45,0.76,23.83
2026-03-19,5.83,11.33,3.57,0.02,5.57,28.92,20.23,0.74,23.79
2026-03-20,5.63,11.41,3.5,0.03,5.42,29.28,20.1,0.95,23.68
2026-03-21,5.63,11.52,3.53,0.02,5.42,29.22,20.04,0.93,23.69
2026-03-22,5.64,11.43,3.54,0.02,5.44,29.29,20.09,0.94,23.61
2026-03-23,5.55,11.32,3.74,0.0,5.6,29.54,20.16,1.02,23.07
2026-03-24,5.42,11.45,3.89,0.0,5.43,30.45,19.81,1.04,22.51
2026-03-25,5.2,10.74,3.76,0.0,5.47,31.11,19.56,0.98,23.18
2026-03-26,5.15,10.74,3.75,0.0,5.46,31.28,19.5,0.97,23.15
2026-03-27,5.18,11.13,3.81,0.0,5.17,31.35,19.11,0.88,23.37
2026-03-28,5.06,11.06,4.09,0.0,4.78,31.48,19.15,0.77,23.61
2026-03-29,5.1,11.02,4.07,0.0,4.78,31.55,19.12,0.77,23.59
2026-03-30,4.94,10.58,4.01,0.0,4.59,31.07,19.59,0.83,24.39
2026-03-31,4.6,10.33,3.83,0.0,4.85,32.67,19.09,0.84,23.79
2026-04-01,4.79,9.45,3.75,0.0,4.63,33.8,19.51,0.86,23.21
2026-04-02,4.56,9.53,3.58,0.01,4.81,35.76,19.27,0.9,21.58
2026-04-03,4.88,9.59,4.14,0.04,5.18,35.21,19.8,0.8,20.36
2026-04-04,4.86,10.82,4.45,0.04,5.11,33.04,20.08,1.03,20.57
2026-04-05,4.89,10.78,4.45,0.04,5.08,32.99,20.18,1.03,20.56
2026-04-06,4.97,10.48,4.4,0.04,4.7,33.45,20.05,0.94,20.97
2026-04-07,5.14,10.49,4.53,0.04,4.59,33.81,19.23,0.97,21.2
2026-04-08,4.69,10.25,4.17,0.03,4.81,34.01,18.84,0.95,22.25
2026-04-09,4.18,9.95,4.57,0.03,4.75,34.44,18.22,0.85,23.01
2026-04-10,4.06,8.49,4.04,0.03,4.7,35.8,19.14,0.71,23.03
2026-04-11,4.6,8.74,3.93,0.02,4.87,36.15,18.06,0.67,22.96
2026-04-12,4.59,8.71,3.92,0.02,4.89,36.01,18.09,0.69,23.08
2026-04-13,4.45,8.95,3.73,0.02,4.79,35.35,18.46,0.73,23.52
2026-04-14,4.35,8.81,3.25,0.02,4.71,34.78,20.04,0.7,23.34
2026-04-15,4.47,8.87,3.24,0.02,4.87,34.86,19.58,0.73,23.36
2026-04-16,4.44,8.79,3.37,0.02,4.68,34.87,19.34,0.72,23.77
2026-04-17,4.41,8.61,3.37,0.02,4.68,35.18,19.36,0.73,23.64
2026-04-18,4.44,8.7,3.5,0.02,4.67,34.66,19.52,0.73,23.76
2026-04-19,4.42,8.69,3.5,0.02,4.69,34.68,19.6,0.72,23.68
2026-04-20,4.45,8.47,3.56,0.02,4.53,35.13,19.04,0.68,24.12
2026-04-21,5.46,8.28,3.83,0.02,4.98,33.36,19.48,0.79,23.8
2026-04-22,5.05,8.79,3.69,0.02,4.9,33.53,19.87,0.81,23.34
2026-04-23,5.0,8.85,3.8,0.02,5.46,32.86,19.63,0.91,23.47
2026-04-24,4.26,8.6,3.43,0.0,5.33,33.02,19.42,0.88,25.06
2026-04-25,3.5,8.98,3.69,0.0,4.66,33.57,18.76,0.87,25.97
2026-04-26,3.52,8.92,3.68,0.0,4.61,33.62,18.95,0.87,25.83
2026-04-27,3.89,9.51,3.81,0.0,4.61,33.41,18.35,0.97,25.45
2026-04-28,3.81,9.56,3.66,0.01,4.79,32.42,18.4,0.97,26.38
2026-04-29,3.82,10.22,3.6,0.02,4.82,32.73,18.71,1.0,25.08
2026-04-30,4.67,10.14,3.73,0.02,4.7,32.3,17.96,0.97,25.51
2026-05-01,3.79,11.89,3.45,0.02,4.84,32.7,18.0,0.99,24.32
2026-05-02,3.65,10.85,3.64,0.02,4.64,34.05,18.21,0.89,24.05
2026-05-03,3.64,10.82,3.62,0.02,4.64,34.08,18.13,0.89,24.16
2026-05-04,3.75,10.36,3.68,0.02,4.71,34.51,18.13,1.2,23.64
2026-05-05,3.6,9.89,4.19,0.02,4.85,34.67,17.63,1.18,23.97
2026-05-06,3.36,9.43,4.25,0.02,4.77,36.0,17.9,1.09,23.18
2026-05-07,3.49,9.61,4.39,0.02,4.89,35.11,18.85,1.05,22.59
2026-05-08,3.77,9.77,4.41,0.01,4.82,34.8,19.0,0.98,22.44
2026-05-09,4.18,9.83,4.72,0.02,4.55,35.01,18.75,0.69,22.25
2026-05-10,4.21,9.81,4.7,0.02,4.56,35.1,18.73,0.68,22.19
2026-05-11,4.32,9.95,4.72,0.02,4.7,34.49,18.98,0.63,22.19
2026-05-12,4.46,10.01,4.7,0.02,4.68,34.29,18.85,0.65,22.34
2026-05-13,4.57,9.96,5.08,0.02,4.67,34.52,18.84,0.67,21.67
2026-05-14,4.25,10.26,4.9,0.02,5.39,34.32,18.92,0.63,21.31
2026-05-15,4.24,10.34,4.9,0.02,5.2,34.53,19.2,0.62,20.95
2026-05-16,4.31,10.22,4.96,0.02,5.12,34.98,19.31,0.56,20.52
2026-05-17,4.31,10.26,4.95,0.02,5.12,34.84,19.28,0.56,20.66
2026-05-18,4.26,10.28,4.91,0.02,5.05,35.29,19.44,0.56,20.19
2026-05-19,4.29,10.02,4.78,0.02,4.83,35.67,19.87,0.59,19.93
2026-05-20,4.27,10.19,4.8,0.02,4.85,35.57,19.39,0.56,20.35
2026-05-21,4.2,9.77,4.74,0.02,4.91,35.19,19.22,0.56,21.39
2026-05-22,4.02,9.6,4.87,0.01,4.92,35.16,18.89,0.56,21.97
2026-05-23,3.95,9.44,4.72,0.01,5.2,35.08,18.6,0.54,22.46
2026-05-24,3.92,9.55,4.73,0.01,5.17,34.92,18.66,0.54,22.5
2026-05-25,4.03,9.38,4.81,0.01,5.18,34.72,18.75,0.53,22.59
2026-05-26,4.05,9.3,4.67,0.01,5.09,34.81,18.81,0.54,22.72
2026-05-27,3.98,9.47,4.5,0.02,4.99,34.89,18.99,0.57,22.59
2026-05-28,3.99,9.46,4.51,0.02,5.01,34.81,19.03,0.57,22.6
2026-05-29,4.01,9.39,4.72,0.02,5.15,34.75,18.93,0.61,22.42
2026-05-30,4.09,9.38,4.48,0.02,4.95,34.92,19.23,0.61,22.32
2026-05-31,4.15,9.32,4.45,0.02,4.97,34.98,19.06,0.61,22.44
2026-06-01,4.02,9.08,4.13,0.02,4.78,35.15,19.35,0.76,22.71
2026-06-02,4.12,8.62,4.13,0.02,5.1,34.5,19.36,0.81,23.34
2026-06-03,4.36,8.31,4.23,0.02,5.13,34.23,20.37,0.82,22.53
2026-06-04,4.35,8.46,4.31,0.02,5.19,33.27,20.41,0.83,23.16
2026-06-05,4.27,8.52,4.43,0.01,5.12,32.57,20.89,0.85,23.34
2026-06-06,4.42,8.46,4.34,0.04,4.73,31.38,21.59,0.89,24.15
2026-06-07,4.42,8.48,4.34,0.04,4.8,31.33,21.61,0.88,24.1
2026-06-08,4.33,8.56,4.52,0.04,4.43,31.25,21.32,0.83,24.72
2026-06-09,4.24,8.96,4.01,0.04,3.93,29.15,22.44,0.85,26.38
2026-06-10,4.14,8.75,4.13,0.04,3.94,29.26,22.33,0.82,26.59
2026-06-11,4.3,9.0,3.97,0.04,4.03,29.29,22.11,0.8,26.46
2026-06-12,4.16,8.82,4.18,0.04,4.2,30.13,21.8,0.81,25.86
2026-06-13,4.25,9.05,4.05,0.04,4.19,29.72,22.14,0.73,25.83
2026-06-14,4.29,9.0,4.11,0.04,4.17,29.76,22.12,0.73,25.78
2026-06-15,4.51,8.67,3.98,0.04,4.13,29.8,22.23,0.65,25.99
2026-06-16,4.61,8.85,4.0,0.04,4.58,29.73,22.73,0.66,24.8
2026-06-17,4.86,8.41,3.96,0.06,4.67,29.44,23.28,0.63,24.69
2026-06-18,4.84,8.25,3.79,0.06,4.75,29.97,23.49,0.67,24.18
2026-06-19,4.75,8.16,3.91,0.06,5.02,30.12,23.39,0.65,23.94
2026-06-20,4.61,7.91,3.83,0.06,4.9,30.6,23.19,0.68,24.22
2026-06-21,4.64,7.9,3.87,0.06,4.9,30.57,23.21,0.68,24.17
2026-06-22,4.52,7.94,3.93,0.06,4.88,30.84,23.19,0.67,23.97
2026-06-23,4.16,8.12,3.92,0.04,5.08,31.37,22.87,0.68,23.76
2026-06-24,4.13,8.07,3.96,0.04,5.1,31.96,22.46,0.64,23.64
2026-06-25,4.14,7.92,4.28,0.04,5.05,31.47,23.16,0.7,23.24
2026-06-26,4.14,7.99,4.22,0.04,5.01,31.58,23.13,0.66,23.23
2026-06-27,4.22,7.78,4.25,0.04,5.16,31.16,23.01,0.69,23.69
2026-06-28,4.23,7.78,4.24,0.04,5.15,31.22,22.89,0.67,23.78
2026-06-29,4.11,7.85,4.37,0.04,5.39,31.07,22.4,0.67,24.1
2026-06-30,4.27,7.79,4.45,0.04,5.35,30.86,22.73,0.64,23.87
2026-07-01,4.43,7.59,4.43,0.03,5.38,30.94,22.74,0.65,23.81
2026-07-02,4.63,7.57,4.27,0.03,5.57,30.52,23.01,0.66,23.74
2026-07-03,4.65,7.6,4.32,0.03,5.49,30.52,23.07,0.67,23.65
2026-07-04,4.68,7.66,4.28,0.03,5.5,30.42,23.16,0.62,23.65
2026-07-05,4.66,7.65,4.26,0.03,5.47,30.53,23.06,0.67,23.67
2026-07-06,4.63,7.74,4.25,0.03,5.49,30.5,23.09,0.63,23.64
2026-07-07,4.68,7.72,4.24,0.03,5.5,30.39,23.17,0.63,23.64
2026-07-08,4.7,7.65,4.35,0.03,5.52,30.36,23.17,0.61,23.61
2026-07-09,4.69,7.72,4.28,0.03,5.5,30.58,23.06,0.59,23.55
2026-07-10,4.66,7.66,4.33,0.03,5.46,30.57,23.05,0.58,23.66
2026-07-11,4.75,7.66,4.29,0.03,5.49,30.47,23.03,0.61,23.67
2026-07-12,4.76,7.59,4.26,0.03,5.5,30.46,23.13,0.62,23.65
2026-07-13,4.72,7.53,4.28,0.03,5.45,30.77,23.01,0.58,23.63
2026-07-14,4.72,7.55,4.29,0.03,5.46,31.05,22.92,0.6,23.38
2026-07-15,4.82,7.58,4.25,0.03,5.45,31.38,22.82,0.56,23.11
2026-07-16,4.79,7.57,4.13,0.03,5.3,31.34,22.88,0.58,23.38
2026-07-17,4.7,7.48,4.0,0.03,5.43,31.38,23.39,0.65,22.94
2026-07-18,5.0,7.52,3.98,0.05,5.32,30.87,23.54,0.67,23.05
2026-07-19,5.02,7.45,3.97,0.05,5.33,30.87,23.49,0.66,23.16
2026-07-20,5.01,7.53,3.96,0.05,5.32,30.85,23.36,0.67,23.25
2026-07-21,5.08,7.71,4.11,0.05,5.3,30.65,23.48,0.63,22.99
2026-07-22,5.29,7.71,3.92,0.05,5.11,31.4,22.84,0.63,23.05
2026-07-23,5.25,7.81,4.17,0.05,5.13,31.47,22.74,0.7,22.68
2026-07-24,5.45,7.83,4.06,0.03,5.16,31.64,22.2,0.69,22.94
2026-07-25,5.5,7.77,4.05,0.03,5.15,31.68,22.33,0.68,22.81
2026-07-26,5.51,7.81,4.03,0.03,5.15,31.71,22.31,0.68,22.77
2026-07-27,5.55,7.73,4.06,0.03,5.16,31.79,22.29,0.68,22.71
2026-07-28,5.56,7.82,4.04,0.03,5.2,31.77,22.26,0.68,22.64
2026-07-29,5.53,7.78,4.04,0.03,5.19,32.03,22.19,0.68,22.53
2026-07-30,5.52,7.75,4.02,0.03,5.14,32.2,22.33,0.68,22.33
2026-07-31,5.61,7.76,4.16,0.03,5.16,31.75,22.2,0.68,22.65
2026-08-01,5.7,7.78,4.14,0.03,5.16,31.69,22.15,0.68,22.67
2026-08-02,5.67,7.78,4.16,0.03,5.16,31.74,22.12,0.68,22.66
