date,Don't Know/Can't Say,My life & the country both are in a poor state,My life is improving but the country is in poor state,The country is moving forward and my life too,The country is moving forward but not my life
2019-01-01,5.42,22.7,4.93,54.71,12.24
2019-01-02,5.3,22.49,4.84,54.95,12.42
2019-01-03,5.08,22.0,4.64,55.56,12.72
2019-01-04,4.88,21.42,4.39,56.63,12.68
2019-01-05,4.64,20.21,4.93,57.44,12.78
2019-01-06,4.6,19.32,4.77,57.84,13.47
2019-01-07,4.66,18.97,4.68,58.7,12.99
2019-01-08,4.52,20.41,4.65,57.41,13.01
2019-01-09,4.36,20.48,4.8,57.71,12.65
2019-01-10,4.36,21.35,4.7,57.56,12.03
2019-01-11,4.35,22.27,4.48,57.53,11.37
2019-01-12,4.38,22.06,4.52,57.86,11.18
2019-01-13,4.31,22.07,4.54,57.84,11.24
2019-01-14,4.39,22.02,4.5,57.85,11.24
2019-01-15,4.39,22.72,4.57,57.06,11.26
2019-01-16,4.48,22.24,4.42,57.84,11.02
2019-01-17,4.35,22.86,4.29,57.48,11.02
2019-01-18,4.44,21.88,4.17,57.94,11.57
2019-01-19,4.32,22.01,4.07,58.05,11.55
2019-01-20,4.26,22.07,3.75,58.43,11.49
2019-01-21,4.28,22.07,3.75,58.41,11.49
2019-01-22,4.36,21.7,3.71,58.31,11.92
2019-01-23,4.68,20.73,3.88,58.32,12.39
2019-01-24,4.67,20.68,3.69,58.06,12.9
2019-01-25,4.74,20.94,3.58,58.54,12.2
2019-01-26,4.86,20.72,3.82,58.51,12.09
2019-01-27,4.87,20.82,3.81,58.46,12.04
2019-01-28,4.8,20.4,4.07,58.65,12.08
2019-01-29,4.47,20.45,3.94,58.62,12.52
2019-01-30,4.49,20.18,4.06,58.7,12.57
2019-01-31,4.15,20.31,4.13,59.09,12.32
2019-02-01,4.35,19.57,4.39,59.44,12.25
2019-02-02,3.98,18.97,4.65,58.87,13.53
2019-02-03,3.89,18.64,4.75,59.06,13.66
2019-02-04,4.06,19.49,4.67,58.5,13.28
2019-02-05,4.34,19.49,3.87,59.2,13.1
2019-02-06,4.9,18.61,4.65,59.07,12.77
2019-02-07,4.55,18.38,5.03,59.75,12.29
2019-02-08,4.21,18.68,5.11,59.66,12.34
2019-02-09,4.11,18.62,5.16,59.37,12.74
2019-02-10,4.13,18.64,5.21,59.23,12.79
2019-02-11,4.1,18.9,5.11,59.18,12.71
2019-02-12,4.08,18.45,4.97,59.12,13.38
2019-02-13,4.12,17.14,5.36,60.57,12.81
2019-02-14,3.79,18.49,4.89,60.36,12.47
2019-02-15,3.94,18.35,4.66,60.16,12.89
2019-02-16,4.41,18.1,4.15,60.12,13.22
2019-02-17,4.41,18.18,4.11,60.17,13.13
2019-02-18,4.47,18.28,4.07,60.04,13.14
2019-02-19,4.63,17.92,4.11,60.23,13.11
2019-02-20,4.38,18.41,3.97,60.42,12.82
2019-02-21,4.43,17.76,4.03,61.47,12.31
2019-02-22,4.09,17.18,3.93,62.97,11.83
2019-02-23,3.91,17.3,3.97,63.5,11.32
2019-02-24,3.39,16.78,4.23,64.7,10.9
2019-02-25,3.45,17.1,4.4,64.03,11.02
2019-02-26,3.23,17.17,4.75,63.93,10.92
2019-02-27,3.3,16.41,4.44,65.14,10.71
2019-02-28,3.31,15.4,4.46,66.1,10.73
2019-03-01,3.05,15.33,4.3,66.18,11.14
2019-03-02,2.94,14.58,4.37,66.85,11.26
2019-03-03,3.1,13.85,4.34,67.02,11.69
2019-03-04,3.17,13.77,4.33,67.01,11.72
2019-03-05,3.12,13.55,3.72,68.13,11.48
2019-03-06,3.2,11.97,3.58,69.01,12.24
2019-03-07,3.12,11.84,3.84,68.71,12.49
2019-03-08,3.14,13.07,4.22,67.88,11.69
2019-03-09,3.44,12.67,4.57,68.64,10.68
2019-03-10,3.48,13.85,4.74,66.95,10.98
2019-03-11,3.29,13.5,4.21,67.58,11.42
2019-03-12,3.31,14.3,3.52,67.26,11.61
2019-03-13,3.27,14.58,3.41,67.13,11.61
2019-03-14,3.22,13.99,3.35,67.83,11.61
2019-03-15,3.59,13.53,3.59,67.54,11.75
2019-03-16,3.75,13.53,3.73,67.29,11.7
2019-03-17,3.71,14.0,3.42,67.28,11.59
2019-03-18,3.45,14.29,3.47,66.65,12.14
2019-03-19,3.27,14.75,3.37,66.34,12.27
2019-03-20,3.04,14.94,3.54,65.92,12.56
2019-03-21,3.01,14.27,3.61,66.22,12.89
2019-03-22,3.09,14.57,3.71,65.54,13.09
2019-03-23,3.02,15.44,3.39,65.21,12.94
2019-03-24,2.52,16.07,3.17,65.44,12.8
2019-03-25,2.42,15.89,3.14,65.44,13.11
2019-03-26,2.58,16.07,3.0,65.19,13.16
2019-03-27,2.77,15.98,3.21,64.91,13.13
2019-03-28,2.84,16.3,3.37,64.15,13.34
2019-03-29,2.68,16.76,3.36,63.89,13.31
2019-03-30,2.83,17.1,3.32,63.52,13.23
2019-03-31,2.86,16.95,3.4,63.77,13.02
2019-04-01,2.85,16.71,3.56,63.59,13.29
2019-04-02,3.0,17.14,3.51,62.97,13.38
2019-04-03,3.36,16.78,3.91,62.69,13.26
2019-04-04,2.8,16.86,3.73,63.44,13.17
2019-04-05,2.79,16.98,3.67,63.51,13.05
2019-04-06,2.81,17.06,3.36,63.99,12.78
2019-04-07,2.65,17.05,3.37,64.21,12.72
2019-04-08,2.65,16.97,3.44,64.1,12.84
2019-04-09,2.88,18.0,3.58,63.24,12.3
2019-04-10,2.29,18.37,3.92,63.41,12.01
2019-04-11,2.5,18.33,3.78,63.27,12.12
2019-04-12,2.59,18.33,3.78,63.23,12.07
2019-04-13,2.32,18.39,3.69,63.76,11.84
2019-04-14,2.41,18.68,3.65,62.83,12.43
2019-04-15,2.39,18.34,3.98,62.69,12.6
2019-04-16,2.43,18.0,3.83,63.34,12.4
2019-04-17,2.27,17.19,3.79,64.11,12.64
2019-04-18,2.61,17.31,3.49,63.86,12.73
2019-04-19,2.45,17.3,3.32,64.44,12.49
2019-04-20,2.58,17.63,3.43,63.95,12.41
2019-04-21,2.56,17.63,3.46,63.92,12.43
2019-04-22,2.54,17.62,3.47,63.88,12.49
2019-04-23,2.62,17.52,3.45,63.89,12.52
2019-04-24,2.6,17.45,3.46,63.97,12.52
2019-04-25,2.63,17.6,3.41,63.99,12.37
2019-04-26,2.57,17.2,3.51,64.61,12.11
2019-04-27,2.64,16.84,3.58,64.65,12.29
2019-04-28,2.6,16.61,3.71,64.88,12.2
2019-04-29,2.76,16.46,3.78,65.35,11.65
2019-04-30,2.69,16.61,3.76,65.86,11.08
2019-05-01,3.1,17.11,3.45,65.67,10.67
2019-05-02,3.32,17.34,3.4,65.21,10.73
2019-05-03,3.32,17.34,3.38,65.3,10.66
2019-05-04,3.28,17.53,3.38,64.89,10.92
2019-05-05,3.52,17.97,3.39,64.23,10.89
2019-05-06,3.7,17.62,3.22,64.3,11.16
2019-05-07,3.76,17.91,3.03,63.98,11.32
2019-05-08,3.86,17.97,3.25,63.38,11.54
2019-05-09,3.68,18.62,3.25,62.72,11.73
2019-05-10,3.58,18.1,3.43,63.19,11.7
2019-05-11,3.66,18.38,3.4,62.8,11.76
2019-05-12,3.73,18.2,3.44,63.12,11.51
2019-05-13,3.63,18.07,3.24,63.59,11.47
2019-05-14,3.49,17.85,3.41,63.85,11.4
2019-05-15,3.56,17.83,3.63,63.85,11.13
2019-05-16,3.4,17.77,3.54,64.23,11.06
2019-05-17,3.44,17.66,3.64,64.12,11.14
2019-05-18,3.52,18.0,3.66,63.82,11.0
2019-05-19,3.58,17.62,4.14,63.66,11.0
2019-05-20,3.46,17.76,4.46,62.87,11.45
2019-05-21,3.56,17.7,4.62,62.43,11.69
2019-05-22,3.52,17.95,4.64,62.08,11.81
2019-05-23,3.77,17.56,4.67,62.12,11.88
2019-05-24,4.14,16.7,4.6,63.38,11.18
2019-05-25,4.2,16.44,4.68,63.33,11.35
2019-05-26,4.2,16.44,4.68,63.33,11.35
2019-05-27,4.21,17.13,4.64,62.78,11.24
2019-05-28,4.42,16.04,4.59,63.5,11.45
2019-05-29,4.58,16.17,3.49,63.59,12.17
2019-05-30,4.57,16.14,4.38,63.3,11.61
2019-05-31,4.76,16.62,4.59,61.96,12.07
2019-06-01,4.76,16.62,4.59,61.96,12.07
2019-06-02,4.76,16.62,4.59,61.96,12.07
2019-06-03,4.75,16.89,4.92,60.69,12.75
2019-06-04,4.53,17.56,4.99,60.35,12.57
2019-06-05,4.53,17.56,4.99,60.35,12.57
2019-06-06,5.07,17.36,4.15,60.34,13.08
2019-06-07,4.9,16.36,4.51,61.25,12.98
2019-06-08,4.46,15.23,4.36,62.83,13.12
2019-06-09,4.46,15.23,4.36,62.83,13.12
2019-06-10,4.31,14.18,4.1,64.73,12.68
2019-06-11,3.98,14.37,4.15,65.23,12.27
2019-06-12,4.38,14.89,4.24,64.83,11.66
2019-06-13,4.06,14.57,4.19,65.17,12.01
2019-06-14,4.11,14.31,4.42,65.37,11.79
2019-06-15,4.14,14.22,4.36,65.57,11.71
2019-06-16,4.14,14.22,4.36,65.57,11.71
2019-06-17,3.89,13.91,4.15,66.66,11.39
2019-06-18,3.95,14.21,4.03,65.48,12.33
2019-06-19,3.99,13.66,4.11,65.55,12.69
2019-06-20,4.13,13.01,4.44,65.47,12.95
2019-06-21,4.06,13.4,3.88,65.86,12.8
2019-06-22,4.55,13.4,3.99,64.63,13.43
2019-06-23,4.55,13.4,3.99,64.63,13.43
2019-06-24,4.4,14.56,4.0,63.54,13.5
2019-06-25,4.51,14.27,4.03,63.66,13.53
2019-06-26,4.54,13.62,4.37,62.94,14.53
2019-06-27,4.5,13.48,3.8,63.93,14.29
2019-06-28,4.88,13.79,3.5,63.63,14.2
2019-06-29,4.97,14.07,4.17,61.85,14.94
2019-06-30,4.97,14.07,4.17,61.85,14.94
2019-07-01,5.05,13.81,3.81,62.01,15.32
2019-07-02,5.01,13.73,3.96,62.43,14.87
2019-07-03,5.47,14.54,3.89,61.57,14.53
2019-07-04,5.32,15.43,3.59,60.99,14.67
2019-07-05,5.6,15.48,3.89,60.6,14.43
2019-07-06,5.6,15.48,3.89,60.6,14.43
2019-07-07,5.6,15.48,3.89,60.6,14.43
2019-07-08,5.11,15.5,3.95,61.81,13.63
2019-07-09,5.13,15.65,3.81,61.61,13.8
2019-07-10,5.2,16.87,3.4,60.63,13.9
2019-07-11,5.17,16.39,3.42,60.49,14.53
2019-07-12,5.07,16.24,3.8,60.36,14.53
2019-07-13,5.07,16.21,3.79,60.36,14.57
2019-07-14,5.07,16.21,3.79,60.36,14.57
2019-07-15,5.07,15.72,3.9,60.9,14.41
2019-07-16,5.04,16.19,3.72,60.49,14.56
2019-07-17,5.04,16.19,3.72,60.49,14.56
2019-07-18,5.17,15.55,3.6,60.58,15.1
2019-07-19,5.72,15.7,2.79,61.35,14.44
2019-07-20,5.19,16.47,2.8,61.49,14.05
2019-07-21,5.19,16.47,2.8,61.49,14.05
2019-07-22,5.2,16.85,2.74,62.17,13.04
2019-07-23,5.19,16.32,2.44,63.21,12.84
2019-07-24,4.98,15.78,2.7,62.87,13.67
2019-07-25,5.26,15.97,2.54,62.02,14.21
2019-07-26,4.97,16.06,2.95,61.96,14.06
2019-07-27,5.1,17.0,2.71,61.54,13.65
2019-07-28,5.1,17.0,2.71,61.54,13.65
2019-07-29,4.9,17.63,3.21,62.14,12.12
2019-07-30,4.88,17.49,3.99,61.54,12.1
2019-07-31,4.93,17.46,3.87,61.38,12.36
2019-08-01,4.58,17.69,4.84,60.94,11.95
2019-08-02,4.83,17.51,3.79,61.23,12.64
2019-08-03,4.83,17.51,3.79,61.23,12.64
2019-08-04,4.83,17.51,3.79,61.23,12.64
2019-08-05,4.97,17.59,4.14,60.31,12.99
2019-08-06,4.9,17.46,4.19,60.58,12.87
2019-08-07,5.01,17.58,3.37,61.36,12.68
2019-08-08,5.12,17.25,3.42,61.54,12.67
2019-08-09,4.83,16.77,3.22,62.08,13.1
2019-08-10,4.65,16.43,3.28,61.42,14.22
2019-08-11,4.65,16.43,3.28,61.42,14.22
2019-08-12,4.65,16.43,3.28,61.42,14.22
2019-08-13,3.76,15.41,3.32,61.98,15.53
2019-08-14,3.75,15.41,3.3,62.0,15.54
2019-08-15,3.75,15.41,3.3,62.0,15.54
2019-08-16,4.18,15.28,2.92,62.48,15.14
2019-08-17,4.15,15.65,2.95,61.26,15.99
2019-08-18,4.15,15.65,2.95,61.26,15.99
2019-08-19,4.52,14.57,2.73,62.15,16.03
2019-08-20,4.21,15.08,2.64,62.38,15.69
2019-08-21,3.97,15.76,3.07,62.26,14.94
2019-08-22,3.89,15.65,3.01,62.34,15.11
2019-08-23,3.83,15.56,3.19,62.4,15.02
2019-08-24,3.83,15.56,3.19,62.4,15.02
2019-08-25,3.83,15.56,3.19,62.4,15.02
2019-08-26,3.9,15.52,3.2,62.4,14.98
2019-08-27,3.98,15.54,3.1,62.59,14.79
2019-08-28,4.28,15.68,3.21,62.17,14.66
2019-08-29,4.35,15.47,3.44,61.47,15.27
2019-08-30,4.46,15.34,3.82,61.27,15.11
2019-08-31,4.66,15.53,3.68,60.92,15.21
2019-09-01,4.66,15.53,3.68,60.92,15.21
2019-09-02,4.66,15.53,3.68,60.92,15.21
2019-09-03,4.92,15.69,3.72,60.59,15.08
2019-09-04,4.82,15.77,3.66,60.69,15.06
2019-09-05,4.91,15.67,3.69,60.72,15.01
2019-09-06,4.72,15.81,3.6,60.81,15.06
2019-09-07,4.81,15.66,3.59,60.95,14.99
2019-09-08,4.81,15.66,3.59,60.95,14.99
2019-09-09,4.61,15.79,3.58,60.97,15.05
2019-09-10,4.62,15.78,3.57,60.98,15.05
2019-09-11,4.52,15.63,3.65,61.1,15.1
2019-09-12,4.51,15.85,3.65,61.07,14.92
2019-09-13,4.59,16.0,3.52,61.06,14.83
2019-09-14,4.73,15.95,3.58,60.9,14.84
2019-09-15,4.73,15.95,3.58,60.9,14.84
2019-09-16,4.78,15.92,3.47,60.99,14.84
2019-09-17,4.73,16.15,3.43,60.68,15.01
2019-09-18,4.89,15.86,3.51,60.6,15.14
2019-09-19,5.2,15.89,3.65,60.46,14.8
2019-09-20,5.31,17.51,3.45,58.56,15.17
2019-09-21,5.11,18.58,3.43,57.97,14.91
2019-09-22,5.11,18.58,3.43,57.97,14.91
2019-09-23,4.95,18.62,3.39,58.06,14.98
2019-09-24,4.78,18.56,3.38,58.28,15.0
2019-09-25,4.61,18.65,3.32,58.39,15.03
2019-09-26,4.71,18.55,3.3,58.28,15.16
2019-09-27,4.89,18.74,3.35,58.89,14.13
2019-09-28,4.89,18.74,3.35,58.89,14.13
2019-09-29,4.89,18.74,3.35,58.89,14.13
2019-09-30,4.67,19.7,3.33,58.05,14.25
2019-10-01,4.66,19.9,3.34,57.9,14.2
2019-10-02,4.66,19.9,3.34,57.9,14.2
2019-10-03,4.65,20.04,3.3,57.76,14.25
2019-10-04,4.59,20.4,3.39,57.34,14.28
2019-10-05,4.45,21.33,3.35,56.25,14.62
2019-10-06,4.45,21.33,3.35,56.25,14.62
2019-10-07,4.51,21.64,3.45,55.62,14.78
2019-10-08,4.51,21.64,3.45,55.62,14.78
2019-10-09,4.46,21.73,3.48,55.48,14.85
2019-10-10,4.47,21.77,3.49,55.53,14.74
2019-10-11,4.87,22.64,4.03,53.35,15.11
2019-10-12,4.78,23.44,4.0,51.78,16.0
2019-10-13,4.78,23.44,4.0,51.78,16.0
2019-10-14,4.77,23.39,4.08,51.63,16.13
2019-10-15,4.8,23.29,4.09,51.66,16.16
2019-10-16,4.77,23.34,4.12,51.69,16.08
2019-10-17,4.75,23.31,4.02,51.79,16.13
2019-10-18,4.58,24.58,4.0,50.8,16.04
2019-10-19,5.46,23.51,3.88,51.74,15.41
2019-10-20,5.46,23.51,3.88,51.74,15.41
2019-10-21,5.48,23.51,3.87,51.72,15.42
2019-10-22,5.55,23.7,3.79,51.55,15.41
2019-10-23,5.43,23.92,3.81,51.56,15.28
2019-10-24,5.42,23.99,3.82,51.53,15.24
2019-10-25,5.52,24.03,3.78,51.44,15.23
2019-10-26,5.52,24.03,3.78,51.44,15.23
2019-10-27,5.52,24.03,3.78,51.44,15.23
2019-10-28,5.52,24.03,3.78,51.44,15.23
2019-10-29,5.52,24.03,3.78,51.44,15.23
2019-10-30,5.66,23.88,3.74,51.62,15.1
2019-10-31,5.89,22.51,4.25,52.28,15.07
2019-11-01,5.6,22.59,4.69,52.52,14.6
2019-11-02,5.6,22.5,4.73,52.56,14.61
2019-11-03,5.29,22.48,4.74,53.03,14.46
2019-11-04,5.28,23.77,4.48,52.27,14.2
2019-11-05,5.14,23.88,4.24,52.32,14.42
2019-11-06,5.71,23.3,4.18,52.03,14.78
2019-11-07,5.84,23.37,3.94,51.5,15.35
2019-11-08,6.01,23.53,3.77,51.46,15.23
2019-11-09,5.89,23.63,3.78,51.4,15.3
2019-11-10,5.92,23.77,3.57,51.52,15.22
2019-11-11,5.88,24.13,3.44,51.52,15.03
2019-11-12,5.95,24.66,3.34,51.1,14.95
2019-11-13,6.18,24.82,3.34,50.75,14.91
2019-11-14,6.15,25.16,3.42,50.72,14.55
2019-11-15,6.07,25.85,3.56,50.27,14.25
2019-11-16,5.99,25.06,4.27,50.5,14.18
2019-11-17,6.16,24.67,4.27,50.53,14.37
2019-11-18,6.12,24.48,4.25,50.48,14.67
2019-11-19,6.12,24.34,4.32,50.59,14.63
2019-11-20,5.75,24.37,4.45,50.97,14.46
2019-11-21,6.01,24.5,4.43,50.98,14.08
2019-11-22,5.99,24.65,4.43,50.7,14.23
2019-11-23,5.64,24.97,4.43,50.79,14.17
2019-11-24,5.6,25.13,4.38,50.53,14.36
2019-11-25,5.84,25.1,4.47,50.28,14.31
2019-11-26,5.6,25.36,4.76,49.97,14.31
2019-11-27,5.32,25.6,4.73,49.97,14.38
2019-11-28,5.14,25.18,4.74,50.31,14.63
2019-11-29,4.83,25.53,4.34,50.62,14.68
2019-11-30,4.84,25.42,4.58,50.16,15.0
2019-12-01,4.98,25.71,4.66,49.59,15.06
2019-12-02,5.14,25.6,4.72,49.28,15.26
2019-12-03,5.03,25.49,4.72,49.55,15.21
2019-12-04,5.01,25.71,4.55,49.58,15.15
2019-12-05,5.01,25.38,4.62,49.7,15.29
2019-12-06,4.84,25.65,4.44,49.51,15.56
2019-12-07,4.8,25.5,4.16,49.86,15.68
2019-12-08,4.84,25.08,4.15,50.42,15.51
2019-12-09,4.76,24.98,4.19,50.41,15.66
2019-12-10,4.68,25.02,4.16,50.52,15.62
2019-12-11,4.6,25.12,4.38,50.16,15.74
2019-12-12,4.55,25.05,4.23,49.9,16.27
2019-12-13,4.6,24.68,4.29,49.94,16.49
2019-12-14,4.55,25.47,4.31,49.2,16.47
2019-12-15,4.59,25.18,4.19,49.53,16.51
2019-12-16,4.52,25.19,4.29,49.48,16.52
2019-12-17,4.48,25.34,4.37,49.17,16.64
2019-12-18,4.33,25.51,4.34,49.31,16.51
2019-12-19,4.4,25.32,4.33,49.41,16.54
2019-12-20,4.2,25.07,4.63,49.47,16.63
2019-12-21,4.26,24.64,4.74,49.68,16.68
2019-12-22,4.08,24.77,4.83,49.95,16.37
2019-12-23,4.34,24.84,5.02,49.69,16.11
2019-12-24,4.31,24.39,5.1,50.09,16.11
2019-12-25,4.32,24.39,5.17,50.39,15.73
2019-12-26,4.24,24.45,5.01,50.33,15.97
2019-12-27,4.74,24.3,5.28,49.81,15.87
2019-12-28,4.84,24.52,5.28,49.3,16.06
2019-12-29,4.87,24.38,5.24,49.4,16.11
2019-12-30,5.34,24.57,5.49,48.97,15.63
2019-12-31,5.79,23.87,5.74,49.06,15.54
2020-01-01,5.7,24.41,5.53,48.92,15.44
2020-01-02,5.74,24.55,5.51,48.47,15.73
2020-01-03,5.81,24.89,5.42,48.51,15.37
2020-01-04,5.46,25.16,5.21,48.79,15.38
2020-01-05,5.48,25.41,5.25,48.46,15.4
2020-01-06,5.65,24.54,5.29,49.08,15.44
2020-01-07,5.63,24.31,5.16,49.64,15.26
2020-01-08,5.53,24.22,5.09,49.76,15.4
2020-01-09,5.32,24.86,5.07,49.65,15.1
2020-01-10,5.33,25.49,4.7,49.48,15.0
2020-01-11,5.17,25.58,4.66,49.61,14.98
2020-01-12,5.43,25.85,4.71,49.35,14.66
2020-01-13,5.54,25.9,4.78,49.29,14.49
2020-01-14,5.78,25.62,4.7,49.8,14.1
2020-01-15,5.82,25.67,4.64,49.71,14.16
2020-01-16,5.85,25.65,4.82,49.3,14.38
2020-01-17,6.05,25.47,4.8,49.33,14.35
2020-01-18,6.11,25.47,5.07,49.02,14.33
2020-01-19,5.99,25.22,5.14,49.25,14.4
2020-01-20,5.97,25.96,5.04,48.79,14.24
2020-01-21,5.98,26.37,5.13,48.26,14.26
2020-01-22,5.96,26.03,5.25,48.4,14.36
2020-01-23,5.9,26.05,5.23,48.27,14.55
2020-01-24,5.74,25.88,5.21,48.23,14.94
2020-01-25,5.48,25.52,5.26,48.3,15.44
2020-01-26,5.27,25.56,5.26,48.35,15.56
2020-01-27,5.48,25.19,5.32,48.13,15.88
2020-01-28,5.73,25.12,5.33,47.6,16.22
2020-01-29,5.85,24.58,5.39,47.85,16.33
2020-01-30,5.86,24.72,5.33,47.55,16.54
2020-01-31,6.03,25.07,5.31,47.48,16.11
2020-02-01,6.06,25.05,5.39,47.51,15.99
2020-02-02,6.06,25.05,5.39,47.51,15.99
2020-02-03,6.06,25.05,5.39,47.51,15.99
2020-02-04,6.07,24.77,5.43,47.79,15.94
2020-02-05,6.17,24.82,4.85,47.89,16.27
2020-02-06,5.98,25.5,4.62,48.19,15.71
2020-02-07,6.02,25.97,4.52,48.73,14.76
2020-02-08,6.03,26.06,4.52,48.63,14.76
2020-02-09,6.03,26.06,4.52,48.63,14.76
2020-02-10,6.35,25.54,4.53,48.9,14.68
2020-02-11,6.61,24.91,4.47,49.2,14.81
2020-02-12,6.6,24.7,4.41,49.5,14.79
2020-02-13,6.24,25.24,4.86,49.36,14.3
2020-02-14,6.06,25.06,4.9,49.92,14.06
2020-02-15,6.11,25.83,4.92,49.16,13.98
2020-02-16,6.11,25.83,4.92,49.16,13.98
2020-02-17,5.91,25.52,4.88,49.81,13.88
2020-02-18,5.81,25.6,4.97,49.68,13.94
2020-02-19,5.52,25.09,4.81,49.61,14.97
2020-02-20,5.48,25.35,5.02,48.82,15.33
2020-02-21,5.48,25.35,5.02,48.82,15.33
2020-02-22,5.51,25.93,4.89,48.22,15.45
2020-02-23,5.51,25.93,4.89,48.22,15.45
2020-02-24,5.73,25.31,4.91,48.35,15.7
2020-02-25,5.59,24.91,4.58,49.04,15.88
2020-02-26,5.73,24.5,4.71,49.25,15.81
2020-02-27,5.92,23.96,4.95,49.12,16.05
2020-02-28,5.89,23.47,4.98,49.89,15.77
2020-02-29,5.94,23.53,4.9,50.0,15.63
2020-03-01,5.94,23.53,4.9,50.0,15.63
2020-03-02,5.74,24.03,4.75,49.99,15.49
2020-03-03,5.65,23.59,4.75,50.08,15.93
2020-03-04,5.56,23.63,4.71,50.1,16.0
2020-03-05,5.79,23.48,4.89,49.86,15.98
2020-03-06,5.75,23.51,4.87,49.83,16.04
2020-03-07,5.77,23.5,4.75,50.08,15.9
2020-03-08,5.77,23.5,4.75,50.08,15.9
2020-03-09,5.67,23.51,4.74,50.21,15.87
2020-03-10,5.67,23.51,4.74,50.21,15.87
2020-03-11,5.67,23.51,4.74,50.21,15.87
2020-03-12,5.61,23.69,4.73,50.14,15.83
2020-03-13,5.51,23.79,4.74,50.21,15.75
2020-03-14,5.5,23.06,4.91,50.58,15.95
2020-03-15,5.5,23.06,4.91,50.58,15.95
2020-03-16,5.66,23.04,4.89,50.59,15.82
2020-03-17,5.54,22.96,4.86,50.8,15.84
2020-03-18,5.37,23.0,4.72,50.86,16.05
2020-03-19,5.43,22.29,5.17,51.09,16.02
2020-03-20,5.56,22.51,4.87,50.77,16.29
2020-03-21,5.44,22.55,5.01,50.49,16.51
2020-03-22,5.44,22.55,5.01,50.49,16.51
2020-03-23,5.47,21.55,5.05,51.11,16.82
2020-03-24,5.51,20.96,5.15,51.4,16.98
2020-03-25,5.51,20.96,5.15,51.4,16.98
2020-03-26,5.51,20.96,5.15,51.4,16.98
2020-03-27,6.29,21.0,4.97,51.43,16.31
2020-03-28,6.59,21.5,4.43,51.73,15.75
2020-03-29,6.59,21.51,4.43,51.74,15.73
2020-03-30,6.74,23.11,4.33,50.12,15.7
2020-03-31,6.43,23.97,4.4,50.97,14.23
2020-04-01,5.86,23.1,6.0,51.16,13.88
2020-04-02,6.32,21.82,6.28,51.55,14.03
2020-04-03,6.58,22.98,6.04,50.85,13.55
2020-04-04,6.58,22.98,6.04,50.85,13.55
2020-04-05,6.58,22.98,6.04,50.85,13.55
2020-04-06,6.58,22.98,6.04,50.85,13.55
2020-04-07,6.5,23.55,4.79,51.21,13.95
2020-04-08,7.11,23.01,5.05,50.32,14.51
2020-04-09,7.14,23.08,5.06,50.22,14.5
2020-04-10,7.16,23.09,5.11,50.23,14.41
2020-04-11,7.16,23.09,5.11,50.23,14.41
2020-04-12,7.28,23.5,5.41,49.45,14.36
2020-04-13,7.06,23.81,5.17,49.48,14.48
2020-04-14,6.77,25.35,5.67,48.62,13.59
2020-04-15,6.39,25.77,5.8,48.66,13.38
2020-04-16,6.7,24.21,5.73,51.23,12.13
2020-04-17,6.74,24.06,5.45,51.5,12.25
2020-04-18,6.96,24.15,5.0,51.7,12.19
2020-04-19,6.96,24.15,5.0,51.7,12.19
2020-04-20,6.81,24.84,5.12,51.06,12.17
2020-04-21,6.91,26.62,5.4,49.65,11.42
2020-04-22,7.08,25.43,5.64,49.75,12.1
2020-04-23,7.25,25.69,5.76,49.48,11.82
2020-04-24,6.46,25.16,6.46,50.51,11.41
2020-04-25,6.4,25.52,6.08,50.9,11.1
2020-04-26,6.87,25.96,5.89,50.29,10.99
2020-04-27,7.25,25.94,5.82,49.96,11.03
2020-04-28,7.34,25.38,5.35,50.94,10.99
2020-04-29,7.14,26.04,5.36,50.35,11.11
2020-04-30,7.02,26.14,4.93,51.12,10.79
2020-05-01,7.01,26.18,5.34,50.63,10.84
2020-05-02,7.11,25.94,5.34,50.77,10.84
2020-05-03,7.12,27.09,5.26,50.07,10.46
2020-05-04,7.41,26.68,5.24,50.04,10.63
2020-05-05,7.11,27.42,4.93,49.45,11.09
2020-05-06,6.92,28.24,4.75,48.92,11.17
2020-05-07,6.94,28.06,5.03,47.59,12.38
2020-05-08,6.92,28.7,5.19,46.81,12.38
2020-05-09,6.76,29.01,5.28,46.78,12.17
2020-05-10,6.75,29.48,5.35,46.03,12.39
2020-05-11,6.71,29.38,5.54,46.14,12.23
2020-05-12,6.71,29.2,5.36,46.38,12.35
2020-05-13,6.34,29.41,5.81,46.25,12.19
2020-05-14,6.4,29.32,5.69,46.3,12.29
2020-05-15,6.57,29.51,5.72,46.09,12.11
2020-05-16,6.59,29.71,5.83,45.72,12.15
2020-05-17,6.45,29.47,6.11,45.77,12.2
2020-05-18,6.38,30.75,6.0,45.44,11.43
2020-05-19,6.59,31.48,6.22,45.69,10.02
2020-05-20,6.3,31.13,6.42,45.27,10.88
2020-05-21,6.27,31.25,6.66,44.7,11.12
2020-05-22,6.31,31.51,5.93,45.02,11.23
2020-05-23,6.24,31.36,6.13,45.16,11.11
2020-05-24,6.57,30.55,6.28,45.18,11.42
2020-05-25,6.44,30.15,6.28,45.21,11.92
2020-05-26,6.62,29.75,6.48,45.0,12.15
2020-05-27,6.42,29.71,6.43,45.79,11.65
2020-05-28,6.41,29.76,6.17,46.0,11.66
2020-05-29,6.62,29.6,6.26,45.57,11.95
2020-05-30,6.43,29.57,6.17,45.68,12.15
2020-05-31,6.36,29.91,6.08,45.54,12.11
2020-06-01,6.34,30.12,6.02,45.41,12.11
2020-06-02,6.3,30.08,6.35,45.28,11.99
2020-06-03,5.89,30.91,6.19,45.34,11.67
2020-06-04,5.83,29.97,6.5,45.65,12.05
2020-06-05,5.95,29.74,7.13,45.27,11.91
2020-06-06,5.9,29.3,7.72,45.33,11.75
2020-06-07,5.85,29.14,7.42,45.29,12.3
2020-06-08,5.94,29.76,7.28,44.8,12.22
2020-06-09,6.02,30.21,7.35,44.27,12.15
2020-06-10,5.9,29.34,7.78,44.72,12.26
2020-06-11,5.81,30.09,8.02,44.03,12.05
2020-06-12,5.64,29.89,7.42,44.94,12.11
2020-06-13,5.75,29.45,7.42,45.26,12.12
2020-06-14,5.7,29.4,7.35,45.37,12.18
2020-06-15,5.6,29.41,7.16,45.55,12.28
2020-06-16,5.61,30.85,6.4,44.8,12.34
2020-06-17,5.51,30.72,6.42,44.66,12.69
2020-06-18,5.54,31.33,6.23,44.27,12.63
2020-06-19,5.44,32.44,5.25,43.65,13.22
2020-06-20,5.53,32.86,4.96,43.35,13.3
2020-06-21,5.43,33.41,4.62,43.38,13.16
2020-06-22,5.35,33.64,4.52,43.51,12.98
2020-06-23,5.35,33.7,4.51,43.38,13.06
2020-06-24,5.37,33.68,4.42,43.5,13.03
2020-06-25,5.92,33.74,4.33,42.84,13.17
2020-06-26,5.63,33.61,4.2,43.17,13.39
2020-06-27,5.91,33.19,4.31,43.22,13.37
2020-06-28,5.87,33.19,4.62,43.32,13.0
2020-06-29,6.17,32.79,4.66,43.53,12.85
2020-06-30,6.21,32.72,4.74,43.74,12.59
2020-07-01,6.11,32.55,4.88,44.01,12.45
2020-07-02,6.13,32.47,4.96,43.99,12.45
2020-07-03,6.1,33.02,4.85,43.86,12.17
2020-07-04,6.05,32.79,4.84,44.23,12.09
2020-07-05,5.9,31.52,4.67,45.45,12.46
2020-07-06,5.95,31.5,4.87,45.79,11.89
2020-07-07,6.0,31.65,5.04,45.25,12.06
2020-07-08,5.98,30.82,5.38,45.85,11.97
2020-07-09,6.01,31.07,5.32,45.52,12.08
2020-07-10,5.81,31.64,5.51,45.06,11.98
2020-07-11,5.98,30.97,5.36,45.66,12.03
2020-07-12,5.89,30.71,5.29,45.89,12.22
2020-07-13,5.83,30.53,5.44,46.08,12.12
2020-07-14,5.97,30.38,5.49,45.78,12.38
2020-07-15,5.98,30.41,5.56,45.67,12.38
2020-07-16,6.1,29.95,5.54,45.45,12.96
2020-07-17,6.07,29.91,5.2,45.79,13.03
2020-07-18,5.96,31.8,5.41,44.97,11.86
2020-07-19,5.95,31.45,4.96,46.07,11.57
2020-07-20,5.96,31.14,4.85,46.29,11.76
2020-07-21,6.08,31.14,4.77,46.49,11.52
2020-07-22,6.41,30.97,5.04,46.24,11.34
2020-07-23,6.66,31.24,5.01,45.64,11.45
2020-07-24,6.63,31.39,4.99,45.36,11.63
2020-07-25,6.56,30.88,5.35,44.76,12.45
2020-07-26,6.56,30.88,5.35,44.76,12.45
2020-07-27,6.85,30.71,6.16,43.63,12.65
2020-07-28,6.76,31.11,6.41,43.22,12.5
2020-07-29,6.84,31.44,6.34,43.1,12.28
2020-07-30,7.06,31.49,6.54,43.13,11.78
2020-07-31,6.87,30.47,7.35,43.1,12.21
2020-08-01,6.78,30.55,7.13,43.14,12.4
2020-08-02,6.61,30.61,7.02,43.26,12.5
2020-08-03,6.61,30.61,7.02,43.26,12.5
2020-08-04,6.57,30.52,7.18,43.09,12.64
2020-08-05,6.69,30.26,7.14,42.97,12.94
2020-08-06,6.92,30.11,7.13,42.85,12.99
2020-08-07,7.1,30.03,7.13,42.65,13.09
2020-08-08,7.38,29.9,7.1,42.51,13.11
2020-08-09,7.38,29.9,7.1,42.51,13.11
2020-08-10,7.53,29.9,6.97,42.45,13.15
2020-08-11,7.62,29.74,7.26,42.46,12.92
2020-08-12,7.59,29.15,7.24,42.77,13.25
2020-08-13,7.49,30.11,5.75,42.55,14.1
2020-08-14,7.3,29.77,6.19,42.58,14.16
2020-08-15,7.08,30.2,6.15,42.48,14.09
2020-08-16,7.08,30.25,6.07,42.46,14.14
2020-08-17,6.98,30.09,6.05,42.37,14.51
2020-08-18,6.71,30.4,6.03,42.55,14.31
2020-08-19,6.65,30.66,6.14,42.16,14.39
2020-08-20,6.92,31.01,6.31,41.89,13.87
2020-08-21,7.15,30.5,6.36,42.41,13.58
2020-08-22,7.16,30.75,6.13,42.24,13.72
2020-08-23,7.22,30.74,6.11,42.21,13.72
2020-08-24,7.36,31.45,5.83,41.98,13.38
2020-08-25,7.42,31.66,6.0,41.96,12.96
2020-08-26,7.04,31.93,5.87,42.17,12.99
2020-08-27,7.05,31.63,5.9,42.24,13.18
2020-08-28,6.92,32.02,5.46,42.8,12.8
2020-08-29,6.85,31.63,5.45,43.28,12.79
2020-08-30,6.88,31.55,5.53,43.23,12.81
2020-08-31,6.78,31.2,6.75,43.46,11.81
2020-09-01,6.62,30.8,6.99,43.37,12.22
2020-09-02,6.4,29.96,6.77,44.2,12.67
2020-09-03,6.31,30.57,5.58,44.56,12.98
2020-09-04,6.11,31.95,5.66,43.23,13.05
2020-09-05,6.05,31.88,5.65,43.6,12.82
2020-09-06,6.11,31.83,5.62,43.63,12.81
2020-09-07,5.91,32.42,5.97,43.11,12.59
2020-09-08,5.99,32.58,6.15,42.56,12.72
2020-09-09,6.08,32.64,6.14,42.38,12.76
2020-09-10,6.15,32.82,6.1,42.04,12.89
2020-09-11,6.2,32.83,5.71,42.48,12.78
2020-09-12,6.38,32.68,5.9,42.21,12.83
2020-09-13,6.46,32.85,5.75,42.06,12.88
2020-09-14,6.4,32.79,6.06,41.74,13.01
2020-09-15,6.45,32.78,6.0,42.02,12.75
2020-09-16,6.38,32.82,6.19,41.68,12.93
2020-09-17,6.6,32.33,6.37,41.71,12.99
2020-09-18,6.65,32.19,6.54,41.77,12.85
2020-09-19,6.7,31.75,7.03,41.79,12.73
2020-09-20,6.62,31.91,6.97,41.69,12.81
2020-09-21,6.66,31.11,7.41,42.15,12.67
2020-09-22,6.59,31.05,7.58,42.01,12.77
2020-09-23,6.6,31.19,7.82,41.72,12.67
2020-09-24,6.61,31.39,7.79,41.59,12.62
2020-09-25,6.58,31.26,7.74,41.58,12.84
2020-09-26,6.55,31.19,7.67,41.8,12.79
2020-09-27,6.53,31.02,7.85,41.92,12.68
2020-09-28,6.68,31.46,7.62,41.53,12.71
2020-09-29,6.44,31.89,7.54,41.29,12.84
2020-09-30,6.35,32.4,7.54,41.13,12.58
2020-10-01,6.11,32.66,7.38,41.01,12.84
2020-10-02,6.11,32.66,7.39,41.0,12.84
2020-10-03,6.06,32.94,7.4,40.74,12.86
2020-10-04,6.08,32.96,7.4,40.71,12.85
2020-10-05,6.1,32.95,7.39,40.56,13.0
2020-10-06,5.93,32.96,7.77,40.15,13.19
2020-10-07,6.0,33.11,8.31,38.83,13.75
2020-10-08,5.97,33.68,8.45,38.77,13.13
2020-10-09,6.08,33.91,8.22,38.83,12.96
2020-10-10,6.25,35.56,6.52,37.65,14.02
2020-10-11,6.2,35.41,6.54,37.77,14.08
2020-10-12,6.45,35.32,6.21,37.58,14.44
2020-10-13,6.48,35.07,6.31,37.56,14.58
2020-10-14,6.45,35.83,6.52,36.91,14.29
2020-10-15,6.28,35.3,6.47,37.47,14.48
2020-10-16,6.13,35.47,6.5,37.59,14.31
2020-10-17,5.99,35.34,6.49,37.75,14.43
2020-10-18,6.05,35.29,6.59,37.73,14.34
2020-10-19,6.06,35.92,6.23,37.41,14.38
2020-10-20,6.28,35.78,5.84,37.66,14.44
2020-10-21,6.46,36.28,5.53,37.45,14.28
2020-10-22,6.33,36.42,5.38,37.68,14.19
2020-10-23,6.08,36.22,5.52,37.95,14.23
2020-10-24,6.15,36.32,5.46,37.89,14.18
2020-10-25,6.14,36.18,5.51,37.94,14.23
2020-10-26,6.34,35.77,5.57,37.96,14.36
2020-10-27,6.29,35.84,5.51,38.11,14.25
2020-10-28,6.46,36.0,5.39,38.19,13.96
2020-10-29,6.53,35.66,5.44,38.41,13.96
2020-10-30,6.53,35.66,5.4,38.43,13.98
2020-10-31,7.11,34.62,5.81,38.34,14.12
2020-11-01,7.1,34.65,5.74,38.37,14.14
2020-11-02,7.47,34.07,6.07,38.71,13.68
2020-11-03,7.96,33.65,6.12,38.85,13.42
2020-11-04,8.02,33.23,6.38,39.82,12.55
2020-11-05,7.65,33.48,5.99,40.45,12.43
2020-11-06,7.55,33.16,5.81,41.08,12.4
2020-11-07,7.71,32.92,5.18,41.79,12.4
2020-11-08,7.7,32.75,5.16,41.98,12.41
2020-11-09,7.14,32.14,5.86,41.99,12.87
2020-11-10,7.05,32.48,6.16,41.41,12.9
2020-11-11,7.19,32.28,6.14,41.35,13.04
2020-11-12,6.89,31.33,5.79,43.03,12.96
2020-11-13,6.85,31.38,5.8,42.92,13.05
2020-11-14,6.81,31.22,5.84,43.03,13.1
2020-11-15,6.85,31.35,5.82,42.88,13.1
2020-11-16,6.88,31.15,5.82,43.03,13.12
2020-11-17,6.72,31.5,5.92,42.94,12.92
2020-11-18,6.6,31.58,5.44,43.68,12.7
2020-11-19,6.63,31.23,5.16,44.64,12.34
2020-11-20,6.65,31.15,5.14,44.81,12.25
2020-11-21,6.68,30.5,5.29,45.21,12.32
2020-11-22,6.72,30.38,5.25,45.33,12.32
2020-11-23,6.92,29.56,5.54,45.49,12.49
2020-11-24,7.06,30.28,5.49,44.13,13.04
2020-11-25,7.33,30.62,5.47,43.53,13.05
2020-11-26,7.18,31.69,5.36,43.02,12.75
2020-11-27,6.89,31.86,5.92,43.27,12.06
2020-11-28,6.84,31.91,5.88,43.32,12.05
2020-11-29,6.82,31.99,5.91,43.23,12.05
2020-11-30,6.87,31.94,5.89,43.28,12.02
2020-12-01,7.13,31.15,6.46,42.86,12.4
2020-12-02,7.21,30.18,6.28,42.85,13.48
2020-12-03,6.91,30.42,6.23,42.55,13.89
2020-12-04,7.11,30.6,6.23,42.05,14.01
2020-12-05,7.28,30.12,6.22,42.33,14.05
2020-12-06,7.32,30.1,6.22,42.28,14.08
2020-12-07,7.12,30.47,6.14,42.43,13.84
2020-12-08,6.83,30.86,5.89,42.2,14.22
2020-12-09,7.15,31.87,5.29,41.72,13.97
2020-12-10,6.95,32.31,4.87,41.68,14.19
2020-12-11,6.93,32.28,4.9,41.57,14.32
2020-12-12,6.74,32.64,4.91,41.97,13.74
2020-12-13,6.71,32.6,4.93,41.96,13.8
2020-12-14,6.97,32.17,5.12,42.15,13.59
2020-12-15,7.29,31.69,5.34,42.58,13.1
2020-12-16,7.23,31.91,5.36,42.54,12.96
2020-12-17,7.75,31.98,5.76,42.71,11.8
2020-12-18,8.26,32.02,5.86,42.31,11.55
2020-12-19,8.53,31.02,5.89,43.1,11.46
2020-12-20,8.66,30.87,5.88,43.23,11.36
2020-12-21,9.33,30.29,5.43,43.05,11.9
2020-12-22,9.39,30.47,5.53,41.33,13.28
2020-12-23,9.32,30.65,5.41,41.17,13.45
2020-12-24,9.7,30.32,5.32,40.9,13.76
2020-12-25,9.8,30.26,5.39,40.95,13.6
2020-12-26,9.79,30.35,5.35,40.8,13.71
2020-12-27,9.73,30.31,5.42,40.77,13.77
2020-12-28,9.72,30.3,5.48,40.92,13.58
2020-12-29,9.65,30.37,5.45,40.85,13.68
2020-12-30,9.69,29.97,5.25,41.34,13.75
2020-12-31,9.83,30.21,5.27,41.22,13.47
2021-01-01,9.91,30.54,4.82,41.09,13.64
2021-01-02,9.5,30.4,5.0,41.45,13.65
2021-01-03,9.52,30.16,5.08,41.66,13.58
2021-01-04,9.21,29.45,5.25,42.51,13.58
2021-01-05,8.97,29.82,5.15,42.63,13.43
2021-01-06,7.58,30.71,5.8,42.03,13.88
2021-01-07,7.2,30.67,5.96,42.51,13.66
2021-01-08,7.35,30.56,5.45,42.78,13.86
2021-01-09,7.72,31.03,5.44,42.81,13.0
2021-01-10,7.74,30.98,5.43,42.86,12.99
2021-01-11,7.07,31.45,5.36,43.3,12.82
2021-01-12,7.38,30.68,5.15,43.99,12.8
2021-01-13,7.21,30.55,5.5,44.73,12.01
2021-01-14,7.27,31.17,5.26,44.07,12.23
2021-01-15,7.31,30.42,5.02,44.45,12.8
2021-01-16,7.53,30.1,4.79,44.63,12.95
2021-01-17,7.5,30.14,4.83,44.53,13.0
2021-01-18,7.63,29.34,4.14,45.08,13.81
2021-01-19,7.83,30.26,4.13,44.49,13.29
2021-01-20,7.63,30.14,4.3,44.55,13.38
2021-01-21,8.01,30.09,4.08,44.78,13.04
2021-01-22,8.03,30.01,4.06,44.69,13.21
2021-01-23,7.95,30.16,4.16,43.99,13.74
2021-01-24,7.96,30.08,4.14,44.14,13.68
2021-01-25,8.05,29.73,4.31,43.32,14.59
2021-01-26,8.04,29.81,4.33,43.24,14.58
2021-01-27,7.6,29.2,4.4,43.84,14.96
2021-01-28,7.11,29.48,4.36,43.64,15.41
2021-01-29,7.11,29.56,4.58,43.25,15.5
2021-01-30,7.03,29.58,4.64,42.99,15.76
2021-01-31,7.03,29.53,4.61,43.05,15.78
2021-02-01,7.17,29.68,4.56,43.0,15.59
2021-02-02,7.24,29.72,4.52,42.81,15.71
2021-02-03,7.16,29.77,4.48,42.86,15.73
2021-02-04,7.4,29.65,4.57,42.7,15.68
2021-02-05,7.34,29.76,3.96,42.84,16.1
2021-02-06,7.13,29.87,4.03,42.76,16.21
2021-02-07,7.17,29.9,3.96,42.79,16.18
2021-02-08,7.25,29.36,4.64,43.19,15.56
2021-02-09,7.33,29.39,4.46,43.37,15.45
2021-02-10,7.62,30.28,4.24,42.44,15.42
2021-02-11,7.93,28.89,4.17,43.33,15.68
2021-02-12,7.76,28.95,4.21,43.4,15.68
2021-02-13,7.97,28.68,4.45,43.16,15.74
2021-02-14,7.92,28.6,4.38,43.21,15.89
2021-02-15,7.59,28.56,4.31,43.2,16.34
2021-02-16,7.79,28.76,4.28,43.23,15.94
2021-02-17,8.12,29.48,4.11,41.85,16.44
2021-02-18,8.13,29.62,4.39,41.78,16.08
2021-02-19,7.86,30.33,4.36,41.03,16.42
2021-02-20,8.42,30.87,3.89,40.73,16.09
2021-02-21,8.54,30.76,3.83,40.68,16.19
2021-02-22,8.4,30.84,4.16,40.26,16.34
2021-02-23,7.9,31.68,4.36,40.48,15.58
2021-02-24,7.75,32.05,4.1,40.08,16.02
2021-02-25,7.36,32.51,4.1,40.23,15.8
2021-02-26,7.11,31.72,4.39,40.98,15.8
2021-02-27,7.3,32.63,4.64,40.16,15.27
2021-02-28,7.29,32.67,4.64,40.05,15.35
2021-03-01,7.35,32.76,4.58,39.95,15.36
2021-03-02,7.1,33.62,4.57,40.01,14.7
2021-03-03,7.01,33.63,4.5,39.76,15.1
2021-03-04,6.83,33.36,4.84,40.02,14.95
2021-03-05,6.55,32.09,5.06,41.14,15.16
2021-03-06,6.92,32.44,5.12,41.18,14.34
2021-03-07,6.93,32.4,5.09,41.22,14.36
2021-03-08,7.37,33.0,5.4,40.25,13.98
2021-03-09,7.32,31.91,6.02,40.18,14.57
2021-03-10,7.34,31.59,6.14,39.95,14.98
2021-03-11,7.28,31.56,6.24,40.1,14.82
2021-03-12,7.6,32.13,6.51,38.44,15.32
2021-03-13,7.33,32.93,6.23,37.64,15.87
2021-03-14,7.27,33.05,6.23,37.62,15.83
2021-03-15,7.01,33.22,6.27,37.56,15.94
2021-03-16,6.86,32.94,6.06,38.06,16.08
2021-03-17,6.97,32.32,5.95,38.32,16.44
2021-03-18,6.9,32.59,6.33,37.8,16.38
2021-03-19,6.59,33.22,6.33,38.08,15.78
2021-03-20,6.73,33.15,5.94,38.98,15.2
2021-03-21,6.75,33.12,5.9,39.07,15.16
2021-03-22,6.69,32.74,5.89,39.76,14.92
2021-03-23,7.06,32.72,5.99,39.22,15.01
2021-03-24,7.33,33.22,6.02,39.5,13.93
2021-03-25,7.73,33.35,6.14,38.83,13.95
2021-03-26,7.6,34.35,5.73,38.55,13.77
2021-03-27,7.78,34.58,5.55,38.16,13.93
2021-03-28,7.64,34.61,5.54,38.25,13.96
2021-03-29,7.69,34.62,5.51,38.2,13.98
2021-03-30,7.45,35.4,4.87,38.64,13.64
2021-03-31,7.22,35.57,4.78,38.8,13.63
2021-04-01,7.22,35.62,4.52,39.04,13.6
2021-04-02,7.61,35.96,4.44,38.24,13.75
2021-04-03,7.74,35.48,4.52,38.1,14.16
2021-04-04,7.47,35.57,4.56,38.26,14.14
2021-04-05,7.75,35.21,4.41,37.95,14.68
2021-04-06,7.7,35.93,4.73,37.42,14.22
2021-04-07,7.68,36.6,5.09,36.79,13.84
2021-04-08,7.95,36.51,5.23,36.59,13.72
2021-04-09,9.24,36.97,4.89,35.0,13.9
2021-04-10,9.36,36.56,5.11,34.72,14.25
2021-04-11,9.3,36.56,5.14,34.77,14.23
2021-04-12,9.23,36.47,5.47,34.69,14.14
2021-04-13,8.99,37.2,5.61,34.09,14.11
2021-04-14,9.16,36.82,5.64,34.05,14.33
2021-04-15,8.99,38.15,6.19,33.01,13.66
2021-04-16,9.12,38.53,6.27,32.64,13.44
2021-04-17,7.99,40.11,6.0,32.55,13.35
2021-04-18,8.03,40.1,5.92,32.59,13.36
2021-04-19,7.68,40.95,5.78,31.99,13.6
2021-04-20,7.36,41.44,5.83,31.84,13.53
2021-04-21,7.23,42.46,5.46,31.41,13.44
2021-04-22,7.96,42.83,5.64,30.48,13.09
2021-04-23,8.04,43.34,5.66,29.92,13.04
2021-04-24,8.08,44.53,5.3,29.39,12.7
2021-04-25,8.07,44.31,5.29,29.47,12.86
2021-04-26,7.51,45.85,5.06,28.79,12.79
2021-04-27,7.22,46.41,4.98,28.52,12.87
2021-04-28,7.34,46.45,5.1,28.41,12.7
2021-04-29,7.25,46.86,5.18,28.08,12.63
2021-04-30,7.11,47.55,5.68,27.71,11.95
2021-05-01,7.3,47.51,5.68,27.51,12.0
2021-05-02,7.21,47.74,5.71,27.37,11.97
2021-05-03,7.11,48.03,5.54,27.22,12.1
2021-05-04,7.2,48.2,5.69,26.31,12.6
2021-05-05,7.41,49.36,5.65,25.74,11.84
2021-05-06,7.53,49.98,5.65,25.15,11.69
2021-05-07,7.55,49.91,5.78,25.04,11.72
2021-05-08,7.56,49.94,5.72,24.96,11.82
2021-05-09,7.61,49.85,5.72,25.02,11.8
2021-05-10,7.59,50.49,6.01,24.59,11.32
2021-05-11,7.44,51.5,6.05,23.76,11.25
2021-05-12,8.14,51.16,5.71,23.89,11.1
2021-05-13,8.39,51.81,5.84,23.47,10.49
2021-05-14,8.32,51.82,5.91,23.45,10.5
2021-05-15,8.07,52.03,5.77,23.69,10.44
2021-05-16,8.02,51.95,5.88,23.68,10.47
2021-05-17,8.23,51.71,6.21,23.82,10.03
2021-05-18,7.77,52.12,6.04,24.18,9.89
2021-05-19,7.37,52.96,6.09,23.96,9.62
2021-05-20,7.1,53.33,6.02,24.14,9.41
2021-05-21,6.99,53.43,6.2,24.16,9.22
2021-05-22,7.25,53.07,6.58,23.81,9.29
2021-05-23,7.31,53.15,6.63,23.79,9.12
2021-05-24,7.32,54.14,6.45,23.02,9.07
2021-05-25,6.88,54.15,6.37,22.98,9.62
2021-05-26,7.0,53.77,6.4,23.03,9.8
2021-05-27,6.96,52.99,6.82,23.08,10.15
2021-05-28,6.69,53.08,6.86,23.47,9.9
2021-05-29,6.4,53.44,6.88,23.48,9.8
2021-05-30,6.47,53.27,6.88,23.69,9.69
2021-05-31,6.49,53.47,6.77,23.55,9.72
2021-06-01,6.41,53.13,6.74,23.95,9.77
2021-06-02,6.41,52.37,6.5,24.77,9.95
2021-06-03,6.46,52.2,6.66,24.93,9.75
2021-06-04,6.65,51.2,7.26,24.73,10.16
2021-06-05,6.54,50.61,7.61,24.92,10.32
2021-06-06,6.5,50.53,7.63,24.98,10.36
2021-06-07,6.91,49.36,7.05,26.51,10.17
2021-06-08,6.8,50.56,6.41,26.26,9.97
2021-06-09,6.56,49.56,6.74,26.57,10.57
2021-06-10,6.38,49.65,6.98,26.78,10.21
2021-06-11,6.23,49.7,6.86,27.07,10.14
2021-06-12,6.43,48.93,6.81,27.01,10.82
2021-06-13,6.34,49.12,6.75,27.01,10.78
2021-06-14,6.02,49.71,7.33,26.47,10.47
2021-06-15,6.11,49.32,7.3,26.83,10.44
2021-06-16,6.09,48.72,7.34,27.23,10.62
2021-06-17,5.73,48.83,6.93,27.36,11.15
2021-06-18,5.97,48.58,6.89,27.09,11.47
2021-06-19,6.29,48.39,7.16,27.22,10.94
2021-06-20,6.28,48.43,7.12,27.3,10.87
2021-06-21,6.32,48.23,7.16,27.37,10.92
2021-06-22,6.55,47.37,6.8,27.8,11.48
2021-06-23,6.36,46.78,7.11,27.98,11.77
2021-06-24,6.47,46.54,6.9,28.74,11.35
2021-06-25,6.46,46.75,6.77,28.56,11.46
2021-06-26,6.37,46.58,6.62,28.75,11.68
2021-06-27,6.27,46.47,6.59,28.79,11.88
2021-06-28,6.34,46.23,6.54,28.45,12.44
2021-06-29,6.31,45.55,6.54,28.7,12.9
2021-06-30,6.09,46.52,6.22,28.02,13.15
2021-07-01,6.31,45.83,6.25,28.03,13.58
2021-07-02,6.51,45.72,6.72,26.99,14.06
2021-07-03,6.9,45.31,6.48,27.03,14.28
2021-07-04,6.99,45.09,6.57,27.02,14.33
2021-07-05,7.1,44.86,6.76,27.29,13.99
2021-07-06,7.12,44.97,6.77,27.22,13.92
2021-07-07,7.51,45.8,6.7,26.64,13.35
2021-07-08,7.93,44.93,7.08,26.46,13.6
2021-07-09,8.1,44.99,6.86,26.72,13.33
2021-07-10,8.17,45.33,6.75,26.66,13.09
2021-07-11,8.22,45.37,6.73,26.64,13.04
2021-07-12,7.57,46.78,6.67,26.2,12.78
2021-07-13,7.54,46.32,6.9,26.55,12.69
2021-07-14,6.99,47.22,7.06,25.92,12.81
2021-07-15,6.99,47.41,7.24,25.85,12.51
2021-07-16,6.88,47.78,7.09,26.13,12.12
2021-07-17,7.28,47.55,7.16,25.88,12.13
2021-07-18,7.3,47.38,7.2,25.82,12.3
2021-07-19,7.39,47.67,6.93,25.87,12.14
2021-07-20,7.2,47.32,7.16,26.0,12.32
2021-07-21,7.27,47.41,7.1,26.01,12.21
2021-07-22,7.32,46.86,6.98,26.19,12.65
2021-07-23,7.19,46.97,7.23,26.35,12.26
2021-07-24,7.3,46.96,7.43,26.18,12.13
2021-07-25,7.27,46.83,7.54,26.19,12.17
2021-07-26,7.59,46.96,7.51,25.88,12.06
2021-07-27,7.81,47.48,7.32,25.8,11.59
2021-07-28,7.56,46.95,6.94,26.65,11.9
2021-07-29,7.04,47.4,7.27,26.77,11.52
2021-07-30,7.22,46.96,7.32,27.72,10.78
2021-07-31,6.95,46.53,7.27,28.24,11.01
2021-08-01,6.93,46.58,7.24,28.2,11.05
2021-08-02,6.76,46.3,6.96,28.61,11.37
2021-08-03,7.47,45.87,6.56,27.46,12.64
2021-08-04,7.41,45.86,6.51,27.53,12.69
2021-08-05,7.98,45.24,6.21,27.93,12.64
2021-08-06,7.92,44.35,6.05,28.19,13.49
2021-08-07,7.85,44.99,5.64,28.06,13.46
2021-08-08,7.93,44.95,5.57,28.01,13.54
2021-08-09,7.94,45.19,5.59,27.69,13.59
2021-08-10,8.04,44.66,5.52,27.82,13.96
2021-08-11,8.21,44.46,5.37,27.81,14.15
2021-08-12,8.64,44.18,5.25,27.88,14.05
2021-08-13,8.66,43.9,5.28,28.18,13.98
2021-08-14,8.63,43.89,5.22,28.15,14.11
2021-08-15,8.65,43.87,5.2,28.21,14.07
2021-08-16,8.78,43.8,5.09,28.43,13.9
2021-08-17,8.9,44.12,5.04,28.2,13.74
2021-08-18,8.54,44.53,4.79,29.26,12.88
2021-08-19,8.53,44.54,4.71,29.46,12.76
2021-08-20,8.57,44.52,4.66,29.32,12.93
2021-08-21,8.47,44.61,4.85,29.16,12.91
2021-08-22,8.59,44.67,4.82,29.12,12.8
2021-08-23,8.57,43.96,4.89,29.64,12.94
2021-08-24,8.64,43.96,4.93,29.53,12.94
2021-08-25,8.68,44.19,4.69,29.49,12.95
2021-08-26,8.69,44.19,4.75,29.35,13.02
2021-08-27,8.67,43.96,4.94,29.31,13.12
2021-08-28,8.56,43.86,5.02,29.22,13.34
2021-08-29,8.57,43.79,5.03,29.27,13.34
2021-08-30,8.71,43.66,4.98,29.39,13.26
2021-08-31,8.6,43.62,5.09,29.25,13.44
2021-09-01,8.52,42.52,5.19,30.5,13.27
2021-09-02,8.02,41.81,5.18,30.93,14.06
2021-09-03,7.71,40.95,5.05,31.22,15.07
2021-09-04,7.54,39.58,4.79,32.62,15.47
2021-09-05,7.5,39.61,4.78,32.64,15.47
2021-09-06,7.4,39.02,4.82,32.72,16.04
2021-09-07,7.17,38.53,4.9,33.14,16.26
2021-09-08,7.27,37.3,5.11,33.88,16.44
2021-09-09,7.25,37.5,4.8,33.83,16.62
2021-09-10,7.29,37.31,4.69,34.14,16.57
2021-09-11,7.24,36.42,5.0,34.65,16.69
2021-09-12,7.23,36.34,4.98,34.83,16.62
2021-09-13,7.03,36.74,5.06,34.55,16.62
2021-09-14,7.22,36.8,5.56,33.91,16.51
2021-09-15,7.18,37.02,5.24,33.69,16.87
2021-09-16,7.13,37.67,5.02,33.7,16.48
2021-09-17,7.02,38.44,4.89,34.3,15.35
2021-09-18,7.13,38.47,4.87,34.44,15.09
2021-09-19,7.16,38.55,4.82,34.21,15.26
2021-09-20,7.63,38.34,4.62,34.42,14.99
2021-09-21,7.84,37.45,4.79,34.64,15.28
2021-09-22,7.83,37.54,4.88,34.06,15.69
2021-09-23,7.73,37.18,4.82,34.63,15.64
2021-09-24,7.75,37.42,4.96,34.45,15.42
2021-09-25,7.76,36.95,4.89,34.74,15.66
2021-09-26,7.87,37.05,4.82,34.61,15.65
2021-09-27,7.7,37.1,4.78,34.54,15.88
2021-09-28,7.35,36.93,4.42,34.78,16.52
2021-09-29,7.31,37.19,4.42,34.43,16.65
2021-09-30,6.95,36.66,4.72,34.98,16.69
2021-10-01,6.87,36.29,4.8,34.92,17.12
2021-10-02,6.91,36.29,4.8,34.97,17.03
2021-10-03,6.96,36.32,4.78,34.92,17.02
2021-10-04,6.8,36.61,5.11,34.11,17.37
2021-10-05,6.74,36.51,5.17,34.11,17.47
2021-10-06,6.74,36.65,5.19,33.92,17.5
2021-10-07,6.88,36.41,5.19,33.82,17.7
2021-10-08,6.74,36.55,5.04,33.92,17.75
2021-10-09,6.77,36.46,5.02,34.2,17.55
2021-10-10,6.76,36.41,5.05,34.13,17.65
2021-10-11,6.83,36.42,5.14,34.07,17.54
2021-10-12,6.66,36.05,5.08,34.46,17.75
2021-10-13,6.76,35.93,5.1,34.47,17.74
2021-10-14,6.74,36.19,5.05,34.28,17.74
2021-10-15,6.64,36.2,5.07,34.32,17.77
2021-10-16,6.6,36.23,5.09,34.46,17.62
2021-10-17,6.51,36.28,5.08,34.45,17.68
2021-10-18,6.63,36.13,5.08,34.55,17.61
2021-10-19,6.6,36.14,5.08,34.47,17.71
2021-10-20,6.69,36.04,5.12,34.44,17.71
2021-10-21,6.83,36.24,5.05,34.28,17.6
2021-10-22,7.01,35.64,5.17,34.37,17.81
2021-10-23,6.86,35.91,5.2,34.34,17.69
2021-10-24,6.84,35.97,5.22,34.26,17.71
2021-10-25,6.86,36.33,5.12,34.1,17.59
2021-10-26,6.96,36.52,5.06,33.96,17.5
2021-10-27,6.99,36.53,4.98,33.94,17.56
2021-10-28,7.01,36.41,5.17,33.91,17.5
2021-10-29,7.04,36.42,5.01,33.98,17.55
2021-10-30,7.15,36.02,5.21,33.92,17.7
2021-10-31,7.09,36.09,5.17,34.02,17.63
2021-11-01,7.18,36.23,5.09,33.65,17.85
2021-11-02,7.25,36.21,4.92,33.74,17.88
2021-11-03,7.15,36.47,4.86,33.73,17.79
2021-11-04,7.24,36.41,4.85,33.72,17.78
2021-11-05,7.2,36.19,4.91,33.88,17.82
2021-11-06,7.25,36.33,4.82,33.91,17.69
2021-11-07,7.24,36.23,4.88,33.88,17.77
2021-11-08,7.06,36.23,4.77,33.6,18.34
2021-11-09,7.01,36.2,4.84,33.72,18.23
2021-11-10,7.27,36.41,4.94,33.41,17.97
2021-11-11,7.13,36.16,4.95,33.81,17.95
2021-11-12,7.11,36.01,4.89,33.84,18.15
2021-11-13,7.14,35.5,5.02,34.0,18.34
2021-11-14,7.13,35.49,5.03,34.1,18.25
2021-11-15,7.14,35.29,5.12,33.85,18.6
2021-11-16,7.14,35.34,5.15,33.88,18.49
2021-11-17,6.95,35.31,5.08,34.2,18.46
2021-11-18,6.92,35.12,5.16,34.47,18.33
2021-11-19,7.17,35.2,5.09,34.33,18.21
2021-11-20,7.0,34.81,4.71,35.3,18.18
2021-11-21,7.05,34.93,4.63,35.31,18.08
2021-11-22,6.65,34.83,4.72,35.46,18.34
2021-11-23,6.58,34.94,4.85,35.37,18.26
2021-11-24,6.7,35.15,4.83,35.26,18.06
2021-11-25,6.95,34.74,4.88,35.34,18.09
2021-11-26,6.91,34.87,4.8,35.36,18.06
2021-11-27,6.69,35.34,4.74,35.12,18.11
2021-11-28,6.78,35.25,4.79,35.2,17.98
2021-11-29,6.56,35.43,4.79,34.91,18.31
2021-11-30,6.5,35.5,4.89,34.69,18.42
2021-12-01,6.53,35.33,4.89,34.58,18.67
2021-12-02,6.45,35.54,5.03,34.31,18.67
2021-12-03,6.51,35.69,5.11,34.35,18.34
2021-12-04,6.7,35.57,5.14,34.19,18.4
2021-12-05,6.78,35.4,5.08,34.28,18.46
2021-12-06,6.74,35.58,4.83,34.39,18.46
2021-12-07,6.81,35.49,4.79,34.38,18.53
2021-12-08,6.9,35.08,4.78,34.73,18.51
2021-12-09,6.87,34.97,4.74,34.8,18.62
2021-12-10,7.0,34.63,4.71,34.83,18.83
2021-12-11,6.97,34.51,4.69,34.97,18.86
2021-12-12,7.02,34.32,4.68,34.98,19.0
2021-12-13,7.03,34.44,4.74,35.11,18.68
2021-12-14,7.09,34.34,4.67,35.05,18.85
2021-12-15,7.07,34.57,4.74,34.72,18.9
2021-12-16,7.17,34.1,4.64,35.36,18.73
2021-12-17,7.07,34.35,4.71,35.2,18.67
2021-12-18,7.06,34.28,4.67,35.41,18.58
2021-12-19,7.09,34.21,4.67,35.41,18.62
2021-12-20,7.02,34.09,4.8,35.58,18.51
2021-12-21,7.01,34.21,4.8,35.66,18.32
2021-12-22,6.99,34.09,4.84,35.51,18.57
2021-12-23,7.12,34.14,4.87,35.56,18.31
2021-12-24,7.21,34.1,4.72,35.57,18.4
2021-12-25,7.25,34.05,4.75,35.56,18.39
2021-12-26,7.16,34.08,4.76,35.59,18.41
2021-12-27,7.27,33.72,4.63,35.71,18.67
2021-12-28,7.32,33.61,4.75,35.75,18.57
2021-12-29,7.43,33.65,4.68,35.68,18.56
2021-12-30,7.37,33.53,4.71,35.85,18.54
2021-12-31,7.35,34.1,4.83,35.97,17.75
2022-01-01,7.37,34.14,4.86,35.93,17.7
2022-01-02,7.41,34.06,4.87,36.06,17.6
2022-01-03,7.37,34.85,4.82,35.66,17.3
2022-01-04,7.2,35.25,4.55,35.83,17.17
2022-01-05,7.03,34.97,4.66,36.07,17.27
2022-01-06,6.87,34.45,4.66,36.25,17.77
2022-01-07,6.52,35.0,4.83,35.43,18.22
2022-01-08,6.44,34.89,4.86,35.33,18.48
2022-01-09,6.37,35.2,4.85,35.22,18.36
2022-01-10,6.37,34.96,4.95,35.29,18.43
2022-01-11,6.3,35.15,4.9,35.4,18.25
2022-01-12,6.45,35.43,4.86,34.87,18.39
2022-01-13,6.54,35.09,5.15,34.95,18.27
2022-01-14,6.46,35.08,5.24,34.75,18.47
2022-01-15,7.05,34.77,5.06,34.51,18.61
2022-01-16,7.0,34.81,5.0,34.47,18.72
2022-01-17,7.17,34.08,5.14,35.11,18.5
2022-01-18,7.16,33.34,5.4,35.51,18.59
2022-01-19,7.08,32.33,5.62,35.94,19.03
2022-01-20,7.13,32.31,5.74,35.98,18.84
2022-01-21,6.99,32.29,5.77,36.05,18.9
2022-01-22,7.25,32.42,5.53,35.59,19.21
2022-01-23,7.23,32.36,5.8,35.39,19.22
2022-01-24,7.42,32.16,5.6,35.46,19.36
2022-01-25,7.21,32.13,5.62,35.66,19.38
2022-01-26,7.29,32.2,5.6,35.54,19.37
2022-01-27,7.32,32.37,5.48,35.47,19.36
2022-01-28,7.21,32.2,5.57,35.61,19.41
2022-01-29,6.97,32.45,5.46,35.71,19.41
2022-01-30,7.01,32.48,5.45,35.66,19.4
2022-01-31,7.49,32.52,5.4,34.71,19.88
2022-02-01,8.05,32.63,5.6,33.77,19.95
2022-02-02,7.54,33.65,5.43,34.04,19.34
2022-02-03,7.25,34.91,5.08,34.2,18.56
2022-02-04,7.31,35.09,4.25,34.48,18.87
2022-02-05,7.5,35.75,3.76,34.48,18.51
2022-02-06,7.39,35.61,4.02,34.38,18.6
2022-02-07,7.57,35.72,3.84,34.52,18.35
2022-02-08,7.64,36.01,4.05,33.92,18.38
2022-02-09,7.55,36.93,4.07,33.36,18.09
2022-02-10,7.21,37.12,4.32,33.04,18.31
2022-02-11,6.93,36.94,4.36,33.2,18.57
2022-02-12,6.34,36.86,4.6,34.03,18.17
2022-02-13,6.46,36.66,4.57,33.88,18.43
2022-02-14,6.27,36.4,4.85,34.59,17.89
2022-02-15,6.14,36.45,5.19,34.33,17.89
2022-02-16,5.9,36.29,4.69,35.34,17.78
2022-02-17,5.97,36.69,4.24,35.12,17.98
2022-02-18,5.61,36.63,4.27,35.41,18.08
2022-02-19,5.63,36.69,4.57,36.06,17.05
2022-02-20,5.72,36.69,4.51,35.99,17.09
2022-02-21,5.65,37.23,4.39,35.64,17.09
2022-02-22,5.51,36.68,4.82,36.1,16.89
2022-02-23,5.43,36.54,5.01,36.52,16.5
2022-02-24,5.43,37.03,5.38,35.55,16.61
2022-02-25,5.67,36.2,5.58,35.37,17.18
2022-02-26,5.72,36.73,5.14,34.67,17.74
2022-02-27,5.69,36.84,5.14,34.59,17.74
2022-02-28,5.63,36.59,4.91,35.37,17.5
2022-03-01,5.56,36.57,4.85,35.44,17.58
2022-03-02,5.82,35.97,4.92,35.72,17.57
2022-03-03,6.1,35.73,5.08,35.39,17.7
2022-03-04,6.19,35.42,4.91,35.3,18.18
2022-03-05,6.08,36.1,4.77,34.96,18.09
2022-03-06,6.04,36.0,4.82,34.97,18.17
2022-03-07,5.96,35.14,5.06,36.37,17.47
2022-03-08,5.92,34.23,5.52,36.79,17.54
2022-03-09,5.85,31.74,4.63,39.62,18.16
2022-03-10,5.5,30.54,4.68,40.42,18.86
2022-03-11,5.38,29.59,4.39,41.01,19.63
2022-03-12,5.38,29.49,4.42,41.0,19.71
2022-03-13,5.4,29.38,4.43,41.09,19.7
2022-03-14,5.38,29.59,4.43,40.96,19.64
2022-03-15,5.33,29.19,4.58,41.29,19.61
2022-03-16,5.94,28.23,4.34,42.08,19.41
2022-03-17,7.65,27.49,4.01,42.02,18.83
2022-03-18,7.65,27.62,3.84,42.0,18.89
2022-03-19,7.63,27.46,4.05,42.01,18.85
2022-03-20,7.79,27.33,4.08,41.96,18.84
2022-03-21,7.24,27.86,4.01,42.16,18.73
2022-03-22,6.6,27.16,3.9,43.17,19.17
2022-03-23,6.75,26.28,4.18,43.47,19.32
2022-03-24,6.63,26.09,3.33,43.79,20.16
2022-03-25,6.38,26.35,3.2,43.67,20.4
2022-03-26,6.14,25.17,3.46,44.83,20.4
2022-03-27,6.22,25.08,3.46,44.71,20.53
2022-03-28,5.96,25.56,3.44,45.54,19.5
2022-03-29,5.41,26.07,3.19,46.09,19.24
2022-03-30,5.47,25.68,3.62,45.75,19.48
2022-03-31,5.78,25.8,4.32,44.71,19.39
2022-04-01,5.57,25.61,4.71,44.96,19.15
2022-04-02,6.1,26.29,4.63,42.95,20.03
2022-04-03,6.04,26.28,4.5,43.1,20.08
2022-04-04,6.02,26.6,4.34,42.49,20.55
2022-04-05,6.36,27.12,4.34,41.78,20.4
2022-04-06,6.55,27.28,4.01,41.71,20.45
2022-04-07,6.06,27.83,3.93,41.86,20.32
2022-04-08,6.05,28.9,4.0,41.81,19.24
2022-04-09,5.84,29.07,3.98,41.55,19.56
2022-04-10,5.79,29.2,4.01,41.68,19.32
2022-04-11,5.81,29.8,3.71,41.76,18.92
2022-04-12,5.82,29.94,3.37,41.85,19.02
2022-04-13,6.32,28.98,3.85,41.48,19.37
2022-04-14,6.12,28.37,4.24,41.72,19.55
2022-04-15,6.13,27.71,4.36,41.75,20.05
2022-04-16,5.76,27.45,4.73,42.05,20.01
2022-04-17,5.78,27.59,4.71,42.01,19.91
2022-04-18,5.76,27.43,4.82,41.88,20.11
2022-04-19,5.98,27.23,4.92,42.02,19.85
2022-04-20,6.32,28.33,5.68,39.71,19.96
2022-04-21,6.02,28.98,5.96,39.66,19.38
2022-04-22,5.74,29.08,5.94,39.17,20.07
2022-04-23,5.53,29.91,5.55,38.68,20.33
2022-04-24,5.51,29.83,5.62,38.7,20.34
2022-04-25,5.63,29.72,4.77,39.27,20.61
2022-04-26,5.73,29.21,5.04,39.63,20.39
2022-04-27,5.57,29.39,4.92,39.68,20.44
2022-04-28,5.38,30.15,4.67,40.07,19.73
2022-04-29,5.54,30.1,4.64,39.92,19.8
2022-04-30,5.49,29.57,4.7,40.38,19.86
2022-05-01,5.47,29.62,4.7,40.39,19.82
2022-05-02,5.34,29.41,4.76,40.38,20.11
2022-05-03,5.32,29.46,4.74,40.27,20.21
2022-05-04,5.33,29.24,4.57,39.9,20.96
2022-05-05,5.52,28.98,4.65,40.2,20.65
2022-05-06,5.54,28.8,4.85,40.56,20.25
2022-05-07,5.47,29.0,4.93,40.25,20.35
2022-05-08,5.41,29.16,4.9,40.23,20.3
2022-05-09,5.53,28.14,5.05,40.09,21.19
2022-05-10,5.96,29.8,4.8,40.04,19.4
2022-05-11,6.12,29.94,5.04,40.64,18.26
2022-05-12,6.21,29.45,4.96,41.01,18.37
2022-05-13,5.82,29.88,4.78,41.23,18.29
2022-05-14,6.09,29.75,4.56,40.56,19.04
2022-05-15,5.96,29.8,4.7,40.53,19.01
2022-05-16,5.94,29.06,4.55,40.8,19.65
2022-05-17,5.88,29.03,4.53,40.73,19.83
2022-05-18,5.65,29.0,4.36,40.52,20.47
2022-05-19,5.79,29.27,5.09,39.92,19.93
2022-05-20,5.82,30.52,4.55,39.92,19.19
2022-05-21,5.86,30.36,4.11,40.56,19.11
2022-05-22,5.82,30.46,4.13,40.43,19.16
2022-05-23,5.86,30.5,4.18,40.69,18.77
2022-05-24,5.43,29.43,4.69,40.45,20.0
2022-05-25,5.64,29.06,4.63,41.32,19.35
2022-05-26,5.74,28.57,4.56,41.44,19.69
2022-05-27,5.39,27.71,4.91,42.12,19.87
2022-05-28,5.07,28.48,4.65,42.23,19.57
2022-05-29,5.08,28.46,4.65,42.22,19.59
2022-05-30,5.01,28.06,4.34,42.78,19.81
2022-05-31,5.05,28.21,4.35,42.34,20.05
2022-06-01,5.08,28.02,4.59,41.78,20.53
2022-06-02,4.91,28.51,4.5,41.71,20.37
2022-06-03,4.81,28.48,4.44,41.46,20.81
2022-06-04,4.91,28.11,4.72,41.29,20.97
2022-06-05,4.88,28.13,4.72,41.21,21.06
2022-06-06,5.04,27.55,5.18,40.68,21.55
2022-06-07,5.42,27.26,4.94,41.44,20.94
2022-06-08,5.45,27.52,4.75,42.28,20.0
2022-06-09,5.76,26.7,4.64,41.76,21.14
2022-06-10,5.71,26.16,4.56,42.21,21.36
2022-06-11,5.44,26.39,4.42,42.33,21.42
2022-06-12,5.56,26.28,4.44,42.45,21.27
2022-06-13,5.47,26.22,4.37,42.76,21.18
2022-06-14,4.96,25.75,4.43,43.36,21.5
2022-06-15,5.01,25.62,4.59,43.33,21.45
2022-06-16,4.96,26.09,4.62,43.35,20.98
2022-06-17,5.24,26.05,4.5,43.35,20.86
2022-06-18,5.23,25.75,4.54,43.41,21.07
2022-06-19,5.27,25.96,4.61,42.87,21.29
2022-06-20,5.47,26.67,4.52,42.19,21.15
2022-06-21,5.34,26.69,4.57,42.21,21.19
2022-06-22,5.6,28.18,4.68,41.41,20.13
2022-06-23,5.64,28.36,5.42,41.19,19.39
2022-06-24,4.99,28.92,5.23,41.14,19.72
2022-06-25,4.78,29.24,5.15,41.54,19.29
2022-06-26,4.69,29.26,5.09,41.53,19.43
2022-06-27,4.48,28.88,5.09,42.45,19.1
2022-06-28,4.46,28.64,5.25,42.5,19.15
2022-06-29,4.48,28.64,5.69,42.35,18.84
2022-06-30,4.7,28.31,6.1,42.18,18.71
2022-07-01,4.68,27.76,6.52,41.82,19.22
2022-07-02,4.74,27.8,6.49,41.61,19.36
2022-07-03,4.76,27.7,6.53,41.76,19.25
2022-07-04,4.72,27.87,6.51,40.81,20.09
2022-07-05,4.59,28.04,6.31,40.19,20.87
2022-07-06,4.34,28.35,5.78,39.74,21.79
2022-07-07,4.41,28.06,5.74,39.74,22.05
2022-07-08,4.59,28.0,5.09,39.39,22.93
2022-07-09,4.52,27.88,5.36,38.95,23.29
2022-07-10,4.5,27.92,5.35,38.95,23.28
2022-07-11,4.52,29.0,5.18,39.04,22.26
2022-07-12,4.32,29.59,5.81,39.8,20.48
2022-07-13,4.16,29.28,5.6,41.06,19.9
2022-07-14,4.29,30.15,5.8,40.1,19.66
2022-07-15,4.46,28.69,5.98,41.09,19.78
2022-07-16,4.34,27.26,5.19,42.46,20.75
2022-07-17,4.32,27.13,5.23,42.5,20.82
2022-07-18,4.44,27.71,5.02,41.94,20.89
2022-07-19,4.22,28.41,4.92,42.26,20.19
2022-07-20,4.41,29.13,5.67,41.74,19.05
2022-07-21,4.87,29.49,5.6,41.48,18.56
2022-07-22,4.82,28.66,6.36,41.56,18.6
2022-07-23,4.86,28.99,5.6,40.78,19.77
2022-07-24,4.78,29.3,5.6,40.62,19.7
2022-07-25,4.43,27.75,5.42,42.81,19.59
2022-07-26,3.76,28.73,5.35,42.96,19.2
2022-07-27,3.77,28.51,5.64,43.0,19.08
2022-07-28,3.68,27.77,5.48,43.46,19.61
2022-07-29,3.99,27.89,5.62,42.43,20.07
2022-07-30,3.88,28.08,5.56,42.69,19.79
2022-07-31,3.87,28.06,5.59,42.67,19.81
2022-08-01,4.06,28.55,5.38,41.5,20.51
2022-08-02,4.3,28.26,5.88,42.25,19.31
2022-08-03,4.2,27.53,5.74,43.37,19.16
2022-08-04,4.17,27.66,5.66,42.75,19.76
2022-08-05,4.26,27.44,5.93,42.28,20.09
2022-08-06,4.74,28.04,5.47,41.29,20.46
2022-08-07,4.72,28.11,5.51,41.14,20.52
2022-08-08,5.31,28.29,5.82,39.93,20.65
2022-08-09,5.36,28.14,5.77,40.12,20.61
2022-08-10,5.33,26.42,5.98,42.06,20.21
2022-08-11,5.42,26.31,5.96,42.06,20.25
2022-08-12,5.28,25.34,5.84,43.15,20.39
2022-08-13,5.25,25.29,5.72,43.24,20.5
2022-08-14,5.29,25.35,5.82,43.07,20.47
2022-08-15,5.24,25.32,5.76,43.22,20.46
2022-08-16,5.21,24.02,5.46,45.01,20.3
2022-08-17,5.46,24.6,5.06,42.52,22.36
2022-08-18,4.77,25.44,5.71,41.64,22.44
2022-08-19,4.81,25.36,5.75,41.84,22.24
2022-08-20,4.77,25.73,4.82,41.46,23.22
2022-08-21,4.7,26.02,4.69,41.36,23.23
2022-08-22,4.18,26.21,4.32,42.46,22.83
2022-08-23,3.91,26.99,4.89,41.5,22.71
2022-08-24,4.72,28.02,4.84,40.32,22.1
2022-08-25,4.18,26.42,4.65,40.74,24.01
2022-08-26,4.53,25.99,4.07,41.6,23.81
2022-08-27,4.69,26.8,4.17,41.16,23.18
2022-08-28,4.65,26.91,4.12,41.17,23.15
2022-08-29,4.71,26.93,4.01,41.63,22.72
2022-08-30,4.03,27.78,3.93,42.69,21.57
2022-08-31,4.19,26.75,4.28,43.42,21.36
2022-09-01,3.71,26.83,4.11,43.12,22.23
2022-09-02,3.94,26.05,4.32,42.91,22.78
2022-09-03,4.43,25.04,5.89,42.67,21.97
2022-09-04,4.46,24.97,5.89,42.62,22.06
2022-09-05,4.9,25.43,5.81,42.14,21.72
2022-09-06,5.07,26.19,5.61,41.71,21.42
2022-09-07,4.91,26.03,5.5,41.17,22.39
2022-09-08,4.02,27.38,5.4,40.9,22.3
2022-09-09,3.38,26.49,5.12,41.72,23.29
2022-09-10,3.77,27.29,4.7,40.28,23.96
2022-09-11,3.68,27.29,4.68,40.26,24.09
2022-09-12,3.59,28.04,4.34,39.74,24.29
2022-09-13,4.02,27.18,4.69,39.95,24.16
2022-09-14,4.31,26.02,5.14,40.36,24.17
2022-09-15,3.93,27.54,5.34,40.61,22.58
2022-09-16,3.85,27.96,4.95,41.63,21.61
2022-09-17,4.17,27.88,5.04,41.72,21.19
2022-09-18,4.11,28.12,5.1,41.62,21.05
2022-09-19,4.1,27.98,5.13,41.76,21.03
2022-09-20,4.09,27.68,5.07,41.06,22.1
2022-09-21,3.85,28.4,4.88,39.76,23.11
2022-09-22,3.83,27.62,4.72,40.02,23.81
2022-09-23,4.34,27.14,4.91,40.99,22.62
2022-09-24,4.35,28.79,4.19,39.76,22.91
2022-09-25,4.33,28.8,4.2,39.84,22.83
2022-09-26,4.05,28.83,4.31,40.02,22.79
2022-09-27,4.0,28.78,4.4,40.2,22.62
2022-09-28,4.16,27.89,4.48,40.44,23.03
2022-09-29,4.23,27.85,4.41,40.93,22.58
2022-09-30,4.71,27.92,5.05,41.23,21.09
2022-10-01,4.63,26.55,5.05,40.54,23.23
2022-10-02,4.67,26.55,4.97,40.58,23.23
2022-10-03,4.4,26.57,4.98,41.04,23.01
2022-10-04,4.72,26.29,4.98,40.82,23.19
2022-10-05,4.7,26.25,5.01,40.76,23.28
2022-10-06,4.17,25.8,5.18,41.79,23.06
2022-10-07,4.12,25.78,5.28,41.58,23.24
2022-10-08,4.55,26.63,4.75,41.72,22.35
2022-10-09,4.6,26.72,4.74,41.55,22.39
2022-10-10,4.14,27.61,4.52,41.91,21.82
2022-10-11,3.8,27.98,4.09,41.13,23.0
2022-10-12,3.88,27.37,4.7,41.31,22.74
2022-10-13,3.97,27.22,4.14,41.31,23.36
2022-10-14,3.76,27.45,4.13,41.33,23.33
2022-10-15,3.76,26.02,4.28,42.11,23.83
2022-10-16,3.77,25.92,4.36,42.1,23.85
2022-10-17,4.06,26.69,4.74,41.18,23.33
2022-10-18,3.56,26.68,4.72,41.34,23.7
2022-10-19,3.47,26.58,4.98,42.17,22.8
2022-10-20,3.49,26.97,5.18,41.97,22.39
2022-10-21,3.59,26.97,5.14,41.92,22.38
2022-10-22,3.75,26.73,5.01,42.33,22.18
2022-10-23,3.75,26.63,5.08,42.29,22.25
2022-10-24,3.68,26.32,5.05,42.53,22.42
2022-10-25,3.69,26.24,5.09,42.73,22.25
2022-10-26,3.74,26.09,4.63,42.47,23.07
2022-10-27,3.8,26.05,4.62,42.47,23.06
2022-10-28,3.98,25.34,4.84,42.95,22.89
2022-10-29,3.44,26.04,4.52,42.87,23.13
2022-10-30,3.52,26.0,4.51,42.87,23.1
2022-10-31,3.24,26.46,4.0,43.19,23.11
2022-11-01,3.29,26.32,4.37,43.4,22.62
2022-11-02,3.38,26.55,4.53,43.03,22.51
2022-11-03,3.16,26.35,4.37,43.36,22.76
2022-11-04,3.16,26.23,4.57,43.59,22.45
2022-11-05,3.17,25.98,4.74,44.18,21.93
2022-11-06,3.24,25.86,4.81,44.13,21.96
2022-11-07,3.17,26.02,4.84,43.87,22.1
2022-11-08,3.28,25.57,4.76,44.76,21.63
2022-11-09,2.97,26.24,5.07,44.02,21.7
2022-11-10,3.2,26.21,4.96,43.77,21.86
2022-11-11,3.31,25.42,4.63,44.82,21.82
2022-11-12,3.77,25.82,4.62,44.41,21.38
2022-11-13,3.7,25.69,4.67,44.53,21.41
2022-11-14,3.86,25.14,5.04,45.07,20.89
2022-11-15,3.7,25.57,4.97,44.91,20.85
2022-11-16,3.44,25.76,4.97,44.79,21.04
2022-11-17,2.95,24.58,5.17,45.37,21.93
2022-11-18,2.82,24.43,4.46,46.55,21.74
2022-11-19,2.69,23.66,4.34,46.36,22.95
2022-11-20,2.71,23.63,4.28,46.29,23.09
2022-11-21,2.66,24.23,4.56,46.48,22.07
2022-11-22,3.05,24.9,4.76,45.41,21.88
2022-11-23,3.03,24.66,4.92,45.45,21.94
2022-11-24,3.3,24.53,5.04,45.51,21.62
2022-11-25,3.11,24.46,5.41,45.45,21.57
2022-11-26,3.5,24.87,5.22,45.17,21.24
2022-11-27,3.46,24.72,5.41,45.11,21.3
2022-11-28,3.43,25.17,5.11,45.3,20.99
2022-11-29,3.17,25.05,5.31,45.2,21.27
2022-11-30,3.12,25.19,4.69,45.69,21.31
2022-12-01,3.19,25.24,4.54,45.68,21.35
2022-12-02,3.35,24.71,4.69,45.78,21.47
2022-12-03,3.51,25.1,4.58,45.3,21.51
2022-12-04,3.53,24.72,4.5,45.73,21.52
2022-12-05,3.56,25.15,4.34,45.7,21.25
2022-12-06,3.16,25.64,4.48,45.41,21.31
2022-12-07,3.5,25.68,4.43,45.63,20.76
2022-12-08,3.59,25.83,4.33,45.05,21.2
2022-12-09,3.08,25.59,4.36,45.21,21.76
2022-12-10,3.33,24.67,4.53,45.21,22.26
2022-12-11,3.31,24.83,4.51,45.11,22.24
2022-12-12,3.31,24.87,4.51,45.14,22.17
2022-12-13,3.45,24.18,4.48,45.87,22.02
2022-12-14,3.77,23.52,4.76,46.11,21.84
2022-12-15,3.57,23.92,4.86,46.11,21.54
2022-12-16,3.41,23.93,4.61,45.88,22.17
2022-12-17,3.75,23.47,4.29,46.14,22.35
2022-12-18,3.82,23.46,4.31,46.19,22.22
2022-12-19,3.88,22.97,4.5,46.83,21.82
2022-12-20,3.71,23.44,4.28,46.86,21.71
2022-12-21,3.77,23.51,4.34,46.98,21.4
2022-12-22,3.79,23.28,4.47,46.91,21.55
2022-12-23,4.21,23.38,4.36,46.19,21.86
2022-12-24,4.45,22.94,4.19,46.3,22.12
2022-12-25,4.47,22.97,4.08,46.34,22.14
2022-12-26,4.43,22.96,4.15,46.01,22.45
2022-12-27,4.58,22.9,4.41,45.8,22.31
2022-12-28,4.81,22.85,4.3,45.07,22.97
2022-12-29,4.75,22.27,4.3,45.49,23.19
2022-12-30,4.65,22.99,4.38,45.1,22.88
2022-12-31,4.53,22.85,4.46,45.21,22.95
2023-01-01,4.46,22.96,4.41,45.46,22.71
2023-01-02,4.35,22.6,4.64,45.39,23.02
2023-01-03,4.34,22.69,4.72,44.71,23.54
2023-01-04,4.43,22.66,4.69,45.22,23.0
2023-01-05,4.02,22.29,4.71,45.81,23.17
2023-01-06,3.94,22.51,4.76,45.88,22.91
2023-01-07,4.04,22.65,4.84,45.88,22.59
2023-01-08,3.77,22.79,4.87,45.84,22.73
2023-01-09,3.5,23.26,4.92,45.65,22.67
2023-01-10,3.66,22.8,5.09,45.69,22.76
2023-01-11,3.7,22.99,4.91,45.99,22.41
2023-01-12,3.6,22.5,4.95,45.71,23.24
2023-01-13,3.5,21.79,4.73,46.12,23.86
2023-01-14,3.46,21.76,4.94,46.08,23.76
2023-01-15,3.5,21.83,4.86,46.14,23.67
2023-01-16,4.1,21.35,5.01,46.76,22.78
2023-01-17,3.92,20.21,4.79,47.81,23.27
2023-01-18,3.97,20.94,4.52,47.28,23.29
2023-01-19,3.72,22.31,4.5,46.54,22.93
2023-01-20,3.5,21.98,4.33,46.74,23.45
2023-01-21,3.6,22.1,4.4,45.27,24.63
2023-01-22,3.62,22.05,4.26,45.64,24.43
2023-01-23,3.46,22.4,4.02,45.54,24.58
2023-01-24,3.67,22.72,3.78,45.89,23.94
2023-01-25,3.55,22.98,3.42,46.2,23.85
2023-01-26,3.6,23.01,3.49,46.22,23.68
2023-01-27,3.65,22.22,3.69,47.29,23.15
2023-01-28,3.75,21.37,4.06,47.68,23.14
2023-01-29,3.67,21.13,4.23,47.45,23.52
2023-01-30,3.75,21.33,4.05,47.35,23.52
2023-01-31,3.87,21.48,3.68,47.75,23.22
2023-02-01,3.61,21.16,3.82,48.3,23.11
2023-02-02,3.53,21.19,3.89,48.46,22.93
2023-02-03,3.72,21.54,3.91,48.43,22.4
2023-02-04,3.97,21.58,4.08,48.46,21.91
2023-02-05,3.95,21.6,4.06,48.42,21.97
2023-02-06,3.83,21.8,4.19,48.71,21.47
2023-02-07,3.77,22.35,4.07,48.37,21.44
2023-02-08,3.85,22.04,3.98,48.75,21.38
2023-02-09,3.72,22.21,3.83,48.62,21.62
2023-02-10,3.73,22.15,3.89,48.64,21.59
2023-02-11,3.69,22.14,3.92,48.47,21.78
2023-02-12,3.72,22.26,3.84,48.59,21.59
2023-02-13,3.73,22.22,3.81,48.69,21.55
2023-02-14,3.58,22.13,3.94,48.91,21.44
2023-02-15,3.68,22.0,3.92,48.82,21.58
2023-02-16,3.66,22.47,3.91,48.62,21.34
2023-02-17,3.67,22.36,3.83,48.74,21.4
2023-02-18,3.56,22.63,3.9,48.49,21.42
2023-02-19,3.42,22.8,4.14,48.28,21.36
2023-02-20,3.47,22.52,4.19,48.35,21.47
2023-02-21,3.41,22.51,4.16,48.47,21.45
2023-02-22,3.24,22.42,4.11,48.48,21.75
2023-02-23,3.45,22.2,4.16,48.38,21.81
2023-02-24,3.54,22.01,3.85,48.55,22.05
2023-02-25,3.32,21.78,3.86,48.2,22.84
2023-02-26,3.27,21.7,3.79,48.26,22.98
2023-02-27,3.26,21.62,3.77,47.99,23.36
2023-02-28,3.35,21.5,3.81,47.96,23.38
2023-03-01,3.13,21.09,3.8,48.28,23.7
2023-03-02,3.11,21.83,3.76,47.89,23.41
2023-03-03,3.17,22.37,3.77,47.81,22.88
2023-03-04,2.87,22.52,3.83,47.41,23.37
2023-03-05,2.94,22.38,3.92,47.3,23.46
2023-03-06,2.8,22.32,4.15,47.58,23.15
2023-03-07,2.86,22.4,4.09,47.67,22.98
2023-03-08,2.9,22.5,4.2,47.82,22.58
2023-03-09,2.72,22.01,4.45,47.62,23.2
2023-03-10,2.77,21.85,4.76,48.55,22.07
2023-03-11,2.82,21.44,4.56,48.74,22.44
2023-03-12,2.84,21.48,4.47,48.66,22.55
2023-03-13,2.64,21.65,4.23,48.52,22.96
2023-03-14,2.5,21.48,4.21,48.15,23.66
2023-03-15,2.75,21.68,4.16,47.62,23.79
2023-03-16,2.82,22.75,3.93,48.0,22.5
2023-03-17,2.88,22.48,4.21,48.07,22.36
2023-03-18,2.93,22.76,4.28,48.36,21.67
2023-03-19,2.96,22.86,4.23,48.33,21.62
2023-03-20,3.11,23.6,4.01,48.05,21.23
2023-03-21,3.22,22.64,4.13,48.69,21.32
2023-03-22,3.25,22.99,4.39,47.66,21.71
2023-03-23,3.29,22.31,4.52,47.46,22.42
2023-03-24,3.02,21.67,5.03,47.73,22.55
2023-03-25,2.88,21.65,5.14,47.64,22.69
2023-03-26,2.93,21.68,4.97,47.62,22.8
2023-03-27,2.91,21.96,4.83,47.37,22.93
2023-03-28,3.16,23.06,4.89,46.89,22.0
2023-03-29,3.23,23.36,5.03,45.88,22.5
2023-03-30,3.1,23.31,5.04,46.05,22.5
2023-03-31,3.02,23.69,4.98,46.23,22.08
2023-04-01,3.05,23.49,4.9,45.99,22.57
2023-04-02,3.1,23.53,4.87,46.04,22.46
2023-04-03,3.17,23.45,4.84,46.29,22.25
2023-04-04,3.29,23.12,4.83,46.54,22.22
2023-04-05,3.48,23.4,4.92,46.51,21.69
2023-04-06,3.5,23.56,5.28,46.29,21.37
2023-04-07,3.84,23.2,5.28,46.64,21.04
2023-04-08,3.56,22.7,5.16,47.29,21.29
2023-04-09,3.53,22.76,5.15,47.1,21.46
2023-04-10,3.6,22.8,5.07,47.75,20.78
2023-04-11,3.49,22.77,4.95,48.18,20.61
2023-04-12,3.49,22.65,4.93,48.58,20.35
2023-04-13,3.85,22.37,5.09,48.09,20.6
2023-04-14,3.97,23.2,4.82,47.33,20.68
2023-04-15,3.94,22.71,4.77,47.03,21.55
2023-04-16,3.9,22.86,4.79,46.92,21.53
2023-04-17,3.92,22.83,4.81,46.58,21.86
2023-04-18,3.89,23.42,4.32,46.73,21.64
2023-04-19,3.6,22.68,4.74,47.17,21.81
2023-04-20,3.66,22.18,4.6,48.34,21.22
2023-04-21,4.0,22.62,4.49,48.5,20.39
2023-04-22,3.99,22.49,4.54,48.55,20.43
2023-04-23,3.94,22.32,4.5,48.27,20.97
2023-04-24,4.01,21.21,5.42,49.37,19.99
2023-04-25,3.91,21.72,4.62,49.94,19.81
2023-04-26,3.68,22.72,4.69,48.72,20.19
2023-04-27,3.82,22.99,4.64,48.73,19.82
2023-04-28,3.88,23.0,4.6,48.51,20.01
2023-04-29,3.8,23.4,4.58,48.18,20.04
2023-04-30,3.86,23.45,4.56,48.1,20.03
2023-05-01,3.78,23.48,4.58,48.13,20.03
2023-05-02,3.82,23.07,4.26,48.6,20.25
2023-05-03,3.52,23.6,3.8,49.05,20.03
2023-05-04,3.59,23.37,4.43,48.35,20.26
2023-05-05,3.5,23.42,4.41,48.47,20.2
2023-05-06,3.53,23.9,4.22,48.09,20.26
2023-05-07,3.53,23.91,4.23,48.09,20.24
2023-05-08,3.35,23.76,4.23,48.16,20.5
2023-05-09,3.22,24.25,4.38,47.26,20.89
2023-05-10,3.45,24.35,4.1,47.25,20.85
2023-05-11,3.26,23.98,4.74,47.41,20.61
2023-05-12,3.0,23.22,4.87,47.53,21.38
2023-05-13,3.06,22.08,5.13,48.0,21.73
2023-05-14,3.09,22.04,5.08,48.04,21.75
2023-05-15,3.23,22.26,5.15,48.85,20.51
2023-05-16,3.36,22.04,4.84,48.8,20.96
2023-05-17,3.48,21.84,4.96,49.09,20.63
2023-05-18,4.24,21.43,4.97,49.29,20.07
2023-05-19,4.46,21.1,5.39,48.93,20.12
2023-05-20,4.46,21.18,5.22,49.0,20.14
2023-05-21,4.49,21.18,5.21,48.89,20.23
2023-05-22,4.24,21.94,5.04,48.63,20.15
2023-05-23,4.38,21.61,4.83,48.59,20.59
2023-05-24,4.01,22.43,4.75,48.24,20.57
2023-05-25,3.83,21.85,4.92,48.67,20.73
2023-05-26,3.93,21.47,4.7,49.21,20.69
2023-05-27,3.96,21.3,4.71,49.56,20.47
2023-05-28,3.9,21.16,4.75,49.66,20.53
2023-05-29,3.97,21.66,4.57,49.06,20.74
2023-05-30,4.02,21.52,4.25,49.67,20.54
2023-05-31,3.81,21.59,4.1,49.03,21.47
2023-06-01,3.88,21.13,4.17,49.46,21.36
2023-06-02,3.68,21.15,4.2,50.44,20.53
2023-06-03,3.67,21.42,4.41,49.66,20.84
2023-06-04,3.68,21.46,4.37,49.62,20.87
2023-06-05,3.65,21.49,4.4,49.62,20.84
2023-06-06,3.71,22.66,4.47,48.87,20.29
2023-06-07,3.77,22.11,4.62,49.65,19.85
2023-06-08,3.93,22.13,4.81,49.66,19.47
2023-06-09,3.98,21.96,4.9,49.61,19.55
2023-06-10,4.19,21.85,4.91,49.33,19.72
2023-06-11,4.16,21.86,4.9,49.39,19.69
2023-06-12,4.25,22.38,4.9,48.92,19.55
2023-06-13,4.33,22.43,4.74,48.57,19.93
2023-06-14,4.18,22.58,4.68,48.36,20.2
2023-06-15,4.24,21.8,4.81,48.61,20.54
2023-06-16,4.23,21.28,4.86,49.22,20.41
2023-06-17,4.27,21.76,4.64,48.51,20.82
2023-06-18,4.28,21.74,4.61,48.49,20.88
2023-06-19,4.34,21.9,4.59,48.9,20.27
2023-06-20,4.2,22.13,4.9,47.94,20.83
2023-06-21,4.6,22.2,4.85,47.45,20.9
2023-06-22,4.64,22.54,4.88,47.03,20.91
2023-06-23,4.53,22.51,4.97,47.21,20.78
2023-06-24,4.51,22.49,4.94,47.3,20.76
2023-06-25,4.48,22.4,4.95,47.44,20.73
2023-06-26,4.52,22.37,5.0,47.38,20.73
2023-06-27,4.5,22.11,4.92,47.21,21.26
2023-06-28,4.57,22.59,4.7,47.12,21.02
2023-06-29,4.46,22.5,5.0,47.05,20.99
2023-06-30,4.62,22.48,5.13,46.81,20.96
2023-07-01,4.33,22.42,5.55,46.91,20.79
2023-07-02,4.4,22.41,5.52,46.9,20.77
2023-07-03,3.98,22.08,5.59,47.5,20.85
2023-07-04,4.27,21.66,5.49,46.86,21.72
2023-07-05,4.13,21.88,5.31,47.46,21.22
2023-07-06,4.36,23.1,5.09,47.0,20.45
2023-07-07,4.31,23.16,5.0,47.0,20.53
2023-07-08,4.26,23.41,5.25,46.21,20.87
2023-07-09,4.28,23.48,5.22,46.13,20.89
2023-07-10,3.36,23.04,5.34,46.38,21.88
2023-07-11,3.55,23.51,5.22,46.28,21.44
2023-07-12,3.57,23.16,5.25,46.29,21.73
2023-07-13,3.53,22.76,5.17,46.45,22.09
2023-07-14,3.53,22.58,5.2,46.52,22.17
2023-07-15,3.55,22.57,5.16,46.18,22.54
2023-07-16,3.64,22.5,5.09,46.42,22.35
2023-07-17,3.61,22.8,4.94,46.22,22.43
2023-07-18,3.85,22.47,4.98,46.39,22.31
2023-07-19,3.9,21.61,5.02,46.26,23.21
2023-07-20,3.81,20.67,5.11,46.71,23.7
2023-07-21,3.95,20.51,4.86,46.69,23.99
2023-07-22,4.17,20.5,4.91,46.66,23.76
2023-07-23,4.16,20.51,4.91,46.68,23.74
2023-07-24,4.05,20.93,4.74,47.11,23.17
2023-07-25,4.12,20.64,4.99,47.29,22.96
2023-07-26,3.83,20.67,5.29,46.81,23.4
2023-07-27,4.03,21.43,5.27,46.26,23.01
2023-07-28,3.77,21.86,4.9,48.21,21.26
2023-07-29,3.79,21.87,4.9,48.18,21.26
2023-07-30,3.73,21.79,4.97,48.25,21.26
2023-07-31,3.78,21.84,4.91,48.47,21.0
2023-08-01,3.64,21.84,5.03,48.32,21.17
2023-08-02,3.65,21.14,5.17,48.61,21.43
2023-08-03,3.49,21.79,4.94,48.84,20.94
2023-08-04,3.77,21.91,5.49,48.75,20.08
2023-08-05,4.06,22.89,5.95,47.16,19.94
2023-08-06,4.05,22.87,6.0,47.13,19.95
2023-08-07,3.96,23.64,6.06,46.89,19.45
2023-08-08,3.58,23.67,6.27,46.49,19.99
2023-08-09,3.47,23.31,6.0,46.96,20.26
2023-08-10,3.5,22.96,5.61,47.58,20.35
2023-08-11,3.06,22.3,5.73,47.37,21.54
2023-08-12,3.04,22.09,5.62,47.14,22.11
2023-08-13,2.99,22.13,5.62,47.17,22.09
2023-08-14,2.95,22.0,5.19,47.52,22.34
2023-08-15,3.01,21.85,5.44,47.42,22.28
2023-08-16,2.98,20.86,5.05,49.05,22.06
2023-08-17,3.12,21.83,4.23,49.23,21.59
2023-08-18,3.32,21.11,4.54,48.77,22.26
2023-08-19,3.46,21.14,4.5,48.77,22.13
2023-08-20,3.43,20.8,4.55,49.04,22.18
2023-08-21,3.52,20.66,4.45,48.58,22.79
2023-08-22,3.8,21.08,4.19,47.76,23.17
2023-08-23,3.92,20.48,4.23,47.78,23.59
2023-08-24,3.92,19.72,4.2,48.14,24.02
2023-08-25,3.71,19.74,3.86,48.17,24.52
2023-08-26,3.37,19.46,3.53,49.18,24.46
2023-08-27,3.49,19.43,3.53,49.09,24.46
2023-08-28,3.1,18.64,3.48,49.01,25.77
2023-08-29,2.95,18.23,3.57,49.93,25.32
2023-08-30,2.97,18.49,3.43,49.49,25.62
2023-08-31,2.95,18.49,3.41,49.47,25.68
2023-09-01,3.3,17.97,3.22,49.91,25.6
2023-09-02,3.12,18.11,3.56,49.98,25.23
2023-09-03,3.18,18.14,3.54,49.89,25.25
2023-09-04,2.91,17.87,3.62,50.16,25.44
2023-09-05,2.8,19.01,3.54,50.64,24.01
2023-09-06,2.76,18.88,3.55,50.65,24.16
2023-09-07,2.81,18.91,3.56,50.63,24.09
2023-09-08,2.52,19.01,3.72,50.38,24.37
2023-09-09,2.53,19.05,3.7,50.35,24.37
2023-09-10,2.56,19.01,3.7,50.37,24.36
2023-09-11,2.61,18.66,3.68,50.45,24.6
2023-09-12,2.81,18.51,3.65,50.33,24.7
2023-09-13,2.9,18.53,3.71,50.39,24.47
2023-09-14,2.88,18.56,3.7,50.44,24.42
2023-09-15,2.9,18.55,3.68,50.48,24.39
2023-09-16,2.92,18.34,3.74,50.57,24.43
2023-09-17,2.89,18.33,3.74,50.55,24.49
2023-09-18,2.93,19.43,4.51,50.06,23.07
2023-09-19,3.11,19.75,4.73,50.01,22.4
2023-09-20,3.1,19.64,4.64,49.97,22.65
2023-09-21,3.17,19.78,3.85,50.22,22.98
2023-09-22,3.21,19.72,3.89,50.44,22.74
2023-09-23,3.16,19.77,3.97,50.46,22.64
2023-09-24,3.1,19.82,3.98,50.43,22.67
2023-09-25,3.12,19.69,3.87,50.3,23.02
2023-09-26,3.14,19.83,3.91,49.7,23.42
2023-09-27,3.35,20.03,3.86,49.33,23.43
2023-09-28,3.36,20.12,3.87,49.22,23.43
2023-09-29,3.43,20.31,3.82,49.3,23.14
2023-09-30,3.49,20.23,3.76,49.29,23.23
2023-10-01,3.51,20.28,3.76,49.27,23.18
2023-10-02,3.48,20.19,3.86,49.39,23.08
2023-10-03,3.56,20.18,3.82,49.25,23.19
2023-10-04,3.51,20.19,3.87,49.21,23.22
2023-10-05,3.42,20.25,3.86,49.44,23.03
2023-10-06,3.26,20.15,3.78,49.88,22.93
2023-10-07,3.22,19.59,3.64,49.83,23.72
2023-10-08,3.15,19.56,3.66,50.07,23.56
2023-10-09,3.26,19.69,3.71,49.34,24.0
2023-10-10,2.81,19.41,3.61,49.88,24.29
2023-10-11,2.78,19.31,3.71,49.86,24.34
2023-10-12,2.78,19.33,3.7,49.85,24.34
2023-10-13,2.79,19.3,3.71,49.82,24.38
2023-10-14,2.79,19.32,3.68,49.83,24.38
2023-10-15,2.79,19.27,3.67,49.85,24.42
2023-10-16,2.78,19.31,3.68,49.92,24.31
2023-10-17,2.79,19.32,3.71,49.77,24.41
2023-10-18,2.79,19.36,3.68,49.81,24.36
2023-10-19,2.79,19.19,3.69,49.85,24.48
2023-10-20,2.76,19.19,3.71,49.89,24.45
2023-10-21,3.19,19.43,3.72,48.71,24.95
2023-10-22,3.24,19.25,3.72,48.73,25.06
2023-10-23,3.23,19.25,3.72,48.88,24.92
2023-10-24,3.2,19.47,3.73,48.76,24.84
2023-10-25,3.18,19.32,3.75,48.74,25.01
2023-10-26,3.24,19.27,3.69,48.88,24.92
2023-10-27,3.28,19.29,3.69,48.73,25.01
2023-10-28,2.92,20.05,3.89,49.0,24.14
2023-10-29,2.95,20.32,3.9,48.76,24.07
2023-10-30,2.98,20.22,3.85,48.84,24.11
2023-10-31,3.15,20.51,3.81,48.14,24.39
2023-11-01,3.32,21.71,3.85,48.07,23.05
2023-11-02,2.84,24.1,3.55,46.69,22.82
2023-11-03,2.85,24.05,3.6,46.64,22.86
2023-11-04,2.83,24.09,3.55,46.65,22.88
2023-11-05,2.82,24.08,3.54,46.71,22.85
2023-11-06,2.81,24.41,3.44,46.56,22.78
2023-11-07,2.77,24.24,3.46,46.43,23.1
2023-11-08,2.7,24.39,3.46,46.25,23.2
2023-11-09,2.72,24.77,3.37,46.16,22.98
2023-11-10,2.74,24.48,3.32,46.15,23.31
2023-11-11,2.75,24.35,3.38,45.82,23.7
2023-11-12,2.74,24.37,3.63,45.59,23.67
2023-11-13,3.05,23.72,3.64,45.82,23.77
2023-11-14,2.97,23.83,3.91,45.85,23.44
2023-11-15,2.95,24.27,3.94,45.52,23.32
2023-11-16,3.03,23.88,4.06,45.37,23.66
2023-11-17,3.05,24.0,3.99,45.32,23.64
2023-11-18,3.0,23.47,4.0,45.43,24.1
2023-11-19,3.02,23.63,4.12,45.05,24.18
2023-11-20,2.96,23.33,4.15,45.31,24.25
2023-11-21,2.94,23.28,4.16,45.39,24.23
2023-11-22,2.98,23.25,4.15,45.33,24.29
2023-11-23,2.99,23.33,4.15,45.26,24.27
2023-11-24,2.99,23.32,4.14,45.3,24.25
2023-11-25,2.99,23.28,4.16,45.31,24.26
2023-11-26,2.97,23.32,4.17,45.25,24.29
2023-11-27,2.97,23.35,4.18,45.26,24.24
2023-11-28,2.97,23.3,4.16,45.32,24.25
2023-11-29,3.03,23.22,4.15,45.33,24.27
2023-11-30,2.99,23.27,4.14,45.34,24.26
2023-12-01,2.94,23.18,4.32,45.34,24.22
2023-12-02,2.96,23.09,4.52,45.38,24.05
2023-12-03,2.91,23.12,4.54,45.34,24.09
2023-12-04,2.88,23.45,4.45,45.32,23.9
2023-12-05,2.88,23.69,4.39,45.15,23.89
2023-12-06,2.86,23.66,4.33,45.22,23.93
2023-12-07,2.88,23.38,4.34,45.43,23.97
2023-12-08,2.86,23.3,4.36,45.22,24.26
2023-12-09,2.88,23.26,4.33,45.32,24.21
2023-12-10,2.96,23.05,4.45,45.16,24.38
2023-12-11,2.95,22.22,4.52,44.96,25.35
2023-12-12,2.65,22.54,4.5,45.01,25.3
2023-12-13,2.6,22.4,4.5,45.21,25.29
2023-12-14,2.71,22.5,4.52,44.95,25.32
2023-12-15,2.7,22.5,4.54,44.94,25.32
2023-12-16,2.68,22.47,4.48,45.06,25.31
2023-12-17,2.72,22.44,4.48,45.05,25.31
2023-12-18,2.58,22.17,4.03,44.21,27.01
2023-12-19,2.91,21.23,3.96,43.69,28.21
2023-12-20,2.79,21.17,3.95,43.59,28.5
2023-12-21,2.85,20.97,3.89,43.87,28.42
2023-12-22,2.79,21.09,3.93,43.41,28.78
2023-12-23,2.8,20.83,4.02,43.95,28.4
2023-12-24,2.86,20.91,4.01,43.62,28.6
2023-12-25,2.79,20.9,4.0,43.91,28.4
2023-12-26,2.76,21.21,3.97,43.73,28.33
2023-12-27,2.73,21.35,3.8,43.7,28.42
2023-12-28,2.94,21.43,3.88,43.77,27.98
2023-12-29,3.18,21.21,4.06,44.98,26.57
2023-12-30,3.18,21.45,4.05,44.68,26.64
2023-12-31,3.2,21.27,4.08,44.7,26.75
2024-01-01,3.2,21.29,4.05,44.75,26.71
2024-01-02,3.62,22.8,4.05,44.78,24.75
2024-01-03,3.58,23.89,3.51,44.62,24.4
2024-01-04,3.34,23.81,3.65,44.95,24.25
2024-01-05,3.57,23.96,3.72,45.3,23.45
2024-01-06,3.51,23.67,3.71,45.75,23.36
2024-01-07,3.51,23.81,3.71,45.58,23.39
2024-01-08,3.56,23.54,3.71,45.61,23.58
2024-01-09,3.98,22.32,4.01,45.57,24.12
2024-01-10,4.1,21.05,4.47,46.48,23.9
2024-01-11,4.42,19.61,5.07,47.27,23.63
2024-01-12,3.91,19.86,5.89,47.39,22.95
2024-01-13,3.66,20.31,5.86,46.92,23.25
2024-01-14,3.68,20.26,5.85,46.94,23.27
2024-01-15,3.65,20.36,5.85,46.89,23.25
2024-01-16,3.68,20.22,5.89,46.92,23.29
2024-01-17,3.23,20.72,5.78,46.69,23.58
2024-01-18,3.4,21.11,5.83,47.15,22.51
2024-01-19,3.45,21.19,5.4,46.71,23.25
2024-01-20,3.48,20.51,4.93,46.62,24.46
2024-01-21,3.46,20.51,4.9,46.66,24.47
2024-01-22,3.42,21.69,4.23,47.16,23.5
2024-01-23,3.35,21.98,3.96,47.24,23.47
2024-01-24,3.63,20.74,4.12,48.31,23.2
2024-01-25,3.7,19.95,3.74,49.39,23.22
2024-01-26,3.67,19.99,3.68,49.45,23.21
2024-01-27,3.82,20.15,3.31,49.07,23.65
2024-01-28,3.93,20.21,3.22,49.01,23.63
2024-01-29,3.86,20.24,3.19,48.99,23.72
2024-01-30,3.63,19.88,3.58,48.35,24.56
2024-01-31,3.51,19.96,3.64,47.81,25.08
2024-02-01,3.13,19.97,3.74,48.67,24.49
2024-02-02,3.35,20.15,3.69,48.24,24.57
2024-02-03,3.42,21.26,3.39,47.81,24.12
2024-02-04,3.46,21.17,3.36,47.89,24.12
2024-02-05,3.47,21.27,3.41,47.83,24.02
2024-02-06,3.38,20.73,3.8,47.78,24.31
2024-02-07,3.15,21.01,3.98,48.16,23.7
2024-02-08,2.91,20.92,4.26,48.58,23.33
2024-02-09,2.91,20.78,4.28,48.39,23.64
2024-02-10,2.93,20.91,4.22,48.61,23.33
2024-02-11,2.94,20.82,4.19,48.38,23.67
2024-02-12,2.9,20.92,4.2,48.59,23.39
2024-02-13,2.95,20.97,4.2,48.62,23.26
2024-02-14,2.92,20.9,4.21,48.58,23.39
2024-02-15,3.35,20.36,4.87,47.54,23.88
2024-02-16,3.44,20.73,4.43,47.13,24.27
2024-02-17,3.84,21.28,4.58,46.37,23.93
2024-02-18,3.87,21.37,4.6,46.27,23.89
2024-02-19,4.18,21.32,4.22,47.08,23.2
2024-02-20,4.05,21.17,3.94,47.21,23.63
2024-02-21,3.86,20.71,3.7,47.47,24.26
2024-02-22,3.09,20.55,4.17,48.05,24.14
2024-02-23,3.43,20.16,4.09,47.64,24.68
2024-02-24,3.57,19.66,4.55,47.55,24.67
2024-02-25,3.58,19.65,4.55,47.63,24.59
2024-02-26,3.51,20.71,4.15,46.93,24.7
2024-02-27,3.25,21.75,4.17,46.98,23.85
2024-02-28,3.99,20.04,4.66,47.62,23.69
2024-02-29,4.1,20.4,4.54,47.84,23.12
2024-03-01,3.89,21.11,4.71,46.27,24.02
2024-03-02,3.26,20.43,3.68,48.22,24.41
2024-03-03,3.28,20.34,3.69,48.24,24.45
2024-03-04,3.08,19.81,4.08,47.35,25.68
2024-03-05,3.13,19.9,3.95,47.96,25.06
2024-03-06,3.03,20.22,4.06,47.8,24.89
2024-03-07,3.1,20.74,3.73,47.74,24.69
2024-03-08,3.11,20.6,3.67,47.58,25.04
2024-03-09,3.02,20.62,3.73,47.9,24.73
2024-03-10,3.08,20.54,3.73,47.87,24.78
2024-03-11,3.22,20.53,3.74,47.31,25.2
2024-03-12,3.16,20.59,3.89,47.42,24.94
2024-03-13,2.95,20.98,4.05,46.78,25.24
2024-03-14,2.55,21.01,3.92,47.95,24.57
2024-03-15,2.73,20.61,3.85,49.06,23.75
2024-03-16,2.66,20.36,4.42,48.47,24.09
2024-03-17,2.67,20.39,4.41,48.42,24.11
2024-03-18,2.57,20.57,4.35,47.3,25.21
2024-03-19,2.79,20.98,4.36,48.22,23.65
2024-03-20,2.79,21.01,4.36,48.19,23.65
2024-03-21,2.82,21.27,4.07,48.51,23.33
2024-03-22,3.36,21.76,4.39,48.15,22.34
2024-03-23,3.63,22.72,4.17,46.89,22.59
2024-03-24,3.63,22.79,4.14,46.77,22.67
2024-03-25,3.6,22.74,4.18,46.9,22.58
2024-03-26,3.63,22.77,4.16,46.89,22.55
2024-03-27,3.02,21.55,3.89,47.76,23.78
2024-03-28,2.92,21.89,3.6,47.14,24.45
2024-03-29,2.94,21.67,3.62,47.14,24.63
2024-03-30,2.78,21.22,3.97,46.78,25.25
2024-03-31,2.79,21.19,3.97,46.82,25.23
2024-04-01,2.76,20.73,4.48,46.84,25.19
2024-04-02,2.7,21.54,4.4,46.66,24.7
2024-04-03,2.68,22.27,5.03,46.55,23.47
2024-04-04,2.74,23.1,6.09,46.68,21.39
2024-04-05,2.91,22.64,5.84,45.93,22.68
2024-04-06,2.95,22.3,5.81,46.14,22.8
2024-04-07,3.01,22.29,5.9,46.06,22.74
2024-04-08,2.87,23.22,4.58,46.2,23.13
2024-04-09,2.9,22.46,4.53,45.64,24.47
2024-04-10,2.91,21.94,4.24,47.87,23.04
2024-04-11,3.01,21.99,4.23,47.78,22.99
2024-04-12,2.93,21.77,4.31,47.56,23.43
2024-04-13,3.09,22.18,4.44,47.21,23.08
2024-04-14,3.1,22.2,4.44,47.21,23.05
2024-04-15,3.14,22.57,4.6,47.1,22.59
2024-04-16,3.38,23.17,5.03,46.9,21.52
2024-04-17,3.39,23.86,5.82,44.68,22.25
2024-04-18,3.01,24.35,5.64,44.53,22.47
2024-04-19,3.23,24.27,5.48,44.83,22.19
2024-04-20,3.03,24.15,5.34,45.71,21.77
2024-04-21,3.0,24.16,5.36,45.7,21.78
2024-04-22,3.09,24.26,5.49,45.39,21.77
2024-04-23,3.13,25.13,5.51,44.59,21.64
2024-04-24,3.17,24.3,5.74,45.44,21.35
2024-04-25,2.96,24.72,5.6,44.74,21.98
2024-04-26,2.96,25.03,5.91,44.99,21.11
2024-04-27,2.88,25.5,5.84,45.25,20.53
2024-04-28,2.89,25.52,5.82,45.3,20.47
2024-04-29,2.95,25.8,5.66,45.41,20.18
2024-04-30,2.98,25.83,5.31,44.99,20.89
2024-05-01,2.92,25.86,5.33,44.93,20.96
2024-05-02,3.07,25.59,5.34,45.47,20.53
2024-05-03,2.9,25.35,5.64,45.64,20.47
2024-05-04,2.96,25.29,5.72,45.62,20.41
2024-05-05,3.0,25.36,5.71,45.56,20.37
2024-05-06,2.96,25.51,5.9,45.64,19.99
2024-05-07,3.14,25.03,5.76,45.76,20.31
2024-05-08,3.27,25.0,5.42,46.0,20.31
2024-05-09,3.31,24.88,5.46,46.19,20.16
2024-05-10,3.34,24.91,5.44,46.14,20.17
2024-05-11,3.41,24.79,5.43,46.18,20.19
2024-05-12,3.42,24.87,5.43,46.14,20.14
2024-05-13,3.4,24.88,5.43,46.08,20.21
2024-05-14,3.36,24.9,5.42,46.14,20.18
2024-05-15,3.38,24.83,5.44,46.2,20.15
2024-05-16,3.4,24.85,5.42,46.14,20.19
2024-05-17,3.36,24.88,5.44,46.15,20.17
2024-05-18,3.36,24.88,5.47,46.14,20.15
2024-05-19,3.39,24.86,5.46,46.07,20.22
2024-05-20,3.47,24.78,5.47,45.96,20.32
2024-05-21,3.45,24.82,5.55,45.76,20.42
2024-05-22,3.57,25.21,5.5,45.64,20.08
2024-05-23,3.92,25.02,5.45,45.94,19.67
2024-05-24,4.04,24.49,5.33,46.09,20.05
2024-05-25,4.03,24.22,5.4,46.23,20.12
2024-05-26,4.02,24.07,5.43,46.35,20.13
2024-05-27,3.98,23.76,5.63,46.51,20.12
2024-05-28,4.17,23.76,5.65,46.38,20.04
2024-05-29,3.94,24.51,5.27,46.23,20.05
2024-05-30,4.5,23.52,5.12,45.64,21.22
2024-05-31,4.38,23.45,5.98,44.8,21.39
2024-06-01,3.89,23.22,6.17,45.87,20.85
2024-06-02,3.85,23.39,6.1,45.81,20.85
2024-06-03,4.33,23.33,6.63,45.69,20.02
2024-06-04,4.79,22.52,4.77,48.07,19.85
2024-06-05,5.93,23.4,5.09,44.41,21.17
2024-06-06,6.44,24.33,4.71,43.47,21.05
2024-06-07,6.46,24.3,4.7,43.45,21.09
2024-06-08,6.39,24.31,4.68,43.46,21.16
2024-06-09,6.42,24.35,4.71,43.44,21.08
2024-06-10,6.71,23.91,4.88,42.63,21.87
2024-06-11,6.97,24.45,4.83,42.26,21.49
2024-06-12,6.83,24.24,4.83,41.89,22.21
2024-06-13,7.18,24.19,4.54,41.35,22.74
2024-06-14,7.15,24.17,4.61,41.88,22.19
2024-06-15,7.38,22.87,4.71,42.22,22.82
2024-06-16,7.37,22.89,4.72,42.16,22.86
2024-06-17,7.4,22.86,4.67,42.22,22.85
2024-06-18,7.27,23.27,4.92,42.2,22.34
2024-06-19,6.77,24.49,4.68,41.48,22.58
2024-06-20,6.73,24.19,4.66,41.78,22.64
2024-06-21,6.68,23.62,4.74,42.1,22.86
2024-06-22,8.0,21.45,4.93,42.12,23.5
2024-06-23,8.03,21.53,5.0,41.93,23.51
2024-06-24,8.1,22.19,4.49,42.32,22.9
2024-06-25,6.68,23.18,4.25,44.19,21.7
2024-06-26,6.71,23.71,5.05,43.12,21.41
2024-06-27,6.8,23.52,5.19,43.49,21.0
2024-06-28,6.65,22.87,4.76,43.89,21.83
2024-06-29,7.28,22.84,4.87,43.06,21.95
2024-06-30,7.28,22.67,4.94,43.01,22.1
2024-07-01,7.58,23.06,4.66,42.74,21.96
2024-07-02,7.3,22.67,5.29,42.81,21.93
2024-07-03,7.19,23.09,5.69,42.77,21.26
2024-07-04,7.07,23.88,5.63,42.37,21.05
2024-07-05,6.76,24.15,5.43,42.52,21.14
2024-07-06,6.75,23.99,5.24,42.68,21.34
2024-07-07,6.73,23.96,5.27,42.7,21.34
2024-07-08,6.22,24.31,4.87,43.33,21.27
2024-07-09,6.3,24.38,5.17,43.2,20.95
2024-07-10,6.23,24.95,5.07,42.6,21.15
2024-07-11,6.14,24.07,4.29,43.65,21.85
2024-07-12,6.04,25.07,4.3,43.06,21.53
2024-07-13,6.1,25.0,4.49,43.26,21.15
2024-07-14,6.16,24.99,4.45,43.22,21.18
2024-07-15,5.57,24.68,4.98,43.65,21.12
2024-07-16,5.41,25.09,5.12,43.16,21.22
2024-07-17,5.37,25.04,5.09,43.2,21.3
2024-07-18,5.0,24.61,5.22,43.52,21.65
2024-07-19,4.92,24.99,5.26,42.98,21.85
2024-07-20,4.76,25.4,4.81,43.46,21.57
2024-07-21,4.82,25.18,4.79,43.34,21.87
2024-07-22,4.97,24.67,5.2,43.12,22.04
2024-07-23,4.71,24.8,4.88,43.02,22.59
2024-07-24,4.67,24.48,4.92,43.34,22.59
2024-07-25,4.9,24.51,5.01,42.16,23.42
2024-07-26,5.33,24.51,5.14,41.96,23.06
2024-07-27,5.45,24.11,5.23,42.27,22.94
2024-07-28,5.51,24.01,5.21,42.35,22.92
2024-07-29,5.47,23.67,5.09,42.37,23.4
2024-07-30,5.26,23.6,5.77,42.21,23.16
2024-07-31,5.28,23.57,5.74,42.09,23.32
2024-08-01,5.3,23.5,5.66,42.14,23.4
2024-08-02,5.27,23.66,5.7,42.06,23.31
2024-08-03,5.29,23.37,6.0,41.99,23.35
2024-08-04,5.27,23.51,5.99,41.9,23.33
2024-08-05,5.42,24.26,5.94,41.78,22.6
2024-08-06,5.3,24.29,5.76,41.68,22.97
2024-08-07,5.35,25.26,5.83,41.29,22.27
2024-08-08,5.33,25.47,5.92,40.65,22.63
2024-08-09,5.11,25.07,5.81,41.13,22.88
2024-08-10,5.25,24.65,5.92,41.21,22.97
2024-08-11,5.25,24.66,5.92,41.18,22.99
2024-08-12,4.83,25.88,6.04,40.96,22.29
2024-08-13,4.62,25.57,5.79,41.77,22.25
2024-08-14,4.46,25.11,5.46,42.28,22.69
2024-08-15,4.42,25.21,5.44,42.34,22.59
2024-08-16,4.24,25.94,5.1,42.29,22.43
2024-08-17,3.96,24.76,4.93,44.34,22.01
2024-08-18,3.92,24.8,4.92,44.38,21.98
2024-08-19,3.98,24.77,4.89,44.45,21.91
2024-08-20,4.08,25.82,4.8,43.57,21.73
2024-08-21,4.22,27.65,4.7,42.73,20.7
2024-08-22,4.26,27.43,4.71,41.86,21.74
2024-08-23,4.31,26.85,4.79,42.14,21.91
2024-08-24,4.37,26.48,5.07,42.15,21.93
2024-08-25,4.39,26.49,5.08,42.09,21.95
2024-08-26,4.39,26.4,5.07,42.23,21.91
2024-08-27,4.49,26.22,5.37,42.58,21.34
2024-08-28,4.82,25.77,5.26,42.66,21.49
2024-08-29,5.01,26.33,5.27,41.89,21.5
2024-08-30,4.81,26.62,5.19,41.98,21.4
2024-08-31,4.65,26.82,5.23,41.96,21.34
2024-09-01,4.67,26.85,5.19,41.87,21.42
2024-09-02,5.21,27.22,5.24,40.8,21.53
2024-09-03,5.13,26.18,5.25,41.33,22.11
2024-09-04,4.67,26.2,4.96,41.51,22.66
2024-09-05,5.04,27.3,5.03,40.45,22.18
2024-09-06,5.01,27.06,4.94,41.13,21.86
2024-09-07,5.01,28.45,4.98,40.51,21.05
2024-09-08,5.06,28.45,4.99,40.41,21.09
2024-09-09,5.03,28.64,5.1,40.9,20.33
2024-09-10,5.35,28.75,4.85,40.63,20.42
2024-09-11,5.62,28.42,4.62,40.76,20.58
2024-09-12,5.76,28.06,5.41,39.96,20.81
2024-09-13,5.37,27.8,5.67,40.4,20.76
2024-09-14,5.42,27.7,6.09,39.77,21.02
2024-09-15,5.44,27.68,6.09,39.76,21.03
2024-09-16,5.5,27.67,6.07,39.78,20.98
2024-09-17,5.25,28.18,5.73,39.49,21.35
2024-09-18,5.29,28.47,6.05,38.47,21.72
2024-09-19,5.41,28.29,6.0,38.51,21.79
2024-09-20,5.14,28.34,6.06,38.73,21.73
2024-09-21,5.31,27.85,6.03,38.58,22.23
2024-09-22,5.3,27.88,5.99,38.64,22.19
2024-09-23,4.89,27.48,5.9,39.21,22.52
2024-09-24,4.62,26.43,5.57,39.98,23.4
2024-09-25,4.47,25.94,5.77,40.35,23.47
2024-09-26,4.52,26.58,5.33,39.81,23.76
2024-09-27,4.62,27.0,5.34,39.64,23.4
2024-09-28,4.46,27.32,5.27,39.45,23.5
2024-09-29,4.43,27.34,5.29,39.44,23.5
2024-09-30,4.87,26.17,5.38,40.04,23.54
2024-10-01,4.76,26.61,5.36,39.78,23.49
2024-10-02,4.71,26.54,5.36,39.84,23.55
2024-10-03,4.77,26.06,5.15,40.12,23.9
2024-10-04,5.12,26.09,4.88,39.91,24.0
2024-10-05,5.07,26.86,4.66,39.8,23.61
2024-10-06,5.04,26.8,4.66,39.86,23.64
2024-10-07,5.0,26.32,4.68,40.0,24.0
2024-10-08,4.98,25.87,4.43,40.36,24.36
2024-10-09,4.88,25.61,4.47,40.4,24.64
2024-10-10,4.84,25.59,4.97,40.25,24.35
2024-10-11,4.85,25.13,4.82,41.26,23.94
2024-10-12,4.88,25.13,4.83,41.28,23.88
2024-10-13,4.85,25.13,4.82,41.3,23.9
2024-10-14,4.97,24.2,5.07,42.67,23.09
2024-10-15,4.98,24.24,5.04,42.68,23.06
2024-10-16,4.93,24.23,5.04,42.72,23.08
2024-10-17,4.96,24.18,5.05,42.72,23.09
2024-10-18,4.92,24.27,5.0,42.79,23.02
2024-10-19,5.46,23.5,4.85,42.45,23.74
2024-10-20,5.43,23.49,4.89,42.45,23.74
2024-10-21,5.3,24.03,5.0,41.85,23.82
2024-10-22,5.36,23.99,5.08,41.82,23.75
2024-10-23,5.23,23.99,5.09,41.89,23.8
2024-10-24,4.94,24.48,4.8,41.31,24.47
2024-10-25,4.74,24.69,4.78,41.05,24.74
2024-10-26,4.79,24.85,4.9,41.14,24.32
2024-10-27,4.78,24.87,4.91,41.19,24.25
2024-10-28,4.77,24.9,5.04,41.16,24.13
2024-10-29,5.22,24.04,4.74,42.31,23.69
2024-10-30,5.09,24.13,4.79,42.49,23.5
2024-10-31,5.15,24.08,4.81,42.44,23.52
2024-11-01,5.17,24.26,4.8,42.32,23.45
2024-11-02,5.12,24.14,4.8,42.43,23.51
2024-11-03,5.12,24.16,4.8,42.43,23.49
2024-11-04,4.96,24.7,4.97,41.53,23.84
2024-11-05,4.39,25.05,5.01,40.86,24.69
2024-11-06,4.23,25.4,5.31,40.99,24.07
2024-11-07,4.01,24.51,5.47,41.66,24.35
2024-11-08,3.98,24.26,5.42,42.34,24.0
2024-11-09,4.29,24.38,5.39,42.38,23.56
2024-11-10,4.32,24.39,5.29,42.37,23.63
2024-11-11,4.22,24.24,5.1,43.15,23.29
2024-11-12,4.21,24.19,5.06,43.45,23.09
2024-11-13,4.03,24.08,4.75,43.39,23.75
2024-11-14,4.14,23.95,4.63,43.58,23.7
2024-11-15,4.08,23.95,4.61,43.72,23.64
2024-11-16,4.15,23.83,4.81,43.81,23.4
2024-11-17,4.17,23.9,4.83,43.76,23.34
2024-11-18,4.02,23.66,4.96,44.29,23.07
2024-11-19,3.9,23.46,4.99,44.47,23.18
2024-11-20,3.86,23.24,5.16,44.13,23.61
2024-11-21,3.64,23.26,5.17,44.18,23.75
2024-11-22,3.77,22.98,4.79,44.5,23.96
2024-11-23,3.87,22.91,4.84,44.59,23.79
2024-11-24,3.85,22.76,4.84,44.67,23.88
2024-11-25,4.0,23.83,5.0,44.09,23.08
2024-11-26,3.8,23.9,5.15,44.4,22.75
2024-11-27,3.94,23.67,5.07,43.81,23.51
2024-11-28,4.13,25.36,5.14,43.36,22.01
2024-11-29,4.18,25.07,5.27,43.92,21.56
2024-11-30,3.8,25.61,5.32,43.29,21.98
2024-12-01,3.85,25.66,5.32,43.31,21.86
2024-12-02,4.01,25.91,5.01,42.89,22.18
2024-12-03,4.09,26.37,4.81,42.13,22.6
2024-12-04,3.95,25.11,4.87,42.84,23.23
2024-12-05,4.0,24.56,4.81,43.48,23.15
2024-12-06,4.06,25.16,4.89,43.04,22.85
2024-12-07,4.04,25.55,5.38,42.25,22.78
2024-12-08,3.96,25.37,5.4,42.48,22.79
2024-12-09,3.78,26.37,5.16,41.73,22.96
2024-12-10,4.27,26.24,4.28,42.09,23.12
2024-12-11,4.25,26.36,4.01,41.99,23.39
2024-12-12,4.21,26.78,3.95,41.53,23.53
2024-12-13,4.3,26.13,3.94,42.27,23.36
2024-12-14,4.26,25.92,4.17,42.79,22.86
2024-12-15,4.25,25.76,4.19,42.69,23.11
2024-12-16,4.3,25.73,4.31,42.05,23.61
2024-12-17,4.33,26.19,4.37,41.54,23.57
2024-12-18,4.56,26.56,4.34,40.76,23.78
2024-12-19,4.42,26.92,4.38,40.54,23.74
2024-12-20,4.34,26.47,4.74,39.93,24.52
2024-12-21,4.4,26.45,5.05,39.46,24.64
2024-12-22,4.22,27.4,4.88,39.83,23.67
2024-12-23,4.23,27.0,4.8,40.17,23.8
2024-12-24,4.13,26.66,4.95,39.83,24.43
2024-12-25,3.96,26.99,4.75,40.27,24.03
2024-12-26,3.95,26.69,4.75,40.79,23.82
2024-12-27,4.21,25.97,4.6,41.68,23.54
2024-12-28,4.29,26.08,4.57,41.98,23.08
2024-12-29,3.97,25.35,4.76,42.31,23.61
2024-12-30,4.07,24.97,4.87,42.11,23.98
2024-12-31,4.1,25.11,4.92,42.02,23.85
2025-01-01,4.02,24.16,5.42,42.18,24.22
2025-01-02,4.02,24.5,5.58,41.03,24.87
2025-01-03,3.84,24.76,5.66,40.54,25.2
2025-01-04,4.18,24.65,5.36,40.49,25.32
2025-01-05,4.24,24.91,5.61,40.58,24.66
2025-01-06,4.38,24.87,5.82,40.33,24.6
2025-01-07,4.5,24.89,5.96,40.01,24.64
2025-01-08,4.66,24.84,5.77,40.92,23.81
2025-01-09,4.48,24.63,5.52,40.97,24.4
2025-01-10,4.48,24.94,5.37,40.75,24.46
2025-01-11,4.36,25.0,5.31,40.64,24.69
2025-01-12,4.36,24.96,5.33,40.6,24.75
2025-01-13,4.37,25.09,5.3,40.55,24.69
2025-01-14,4.38,25.07,5.3,40.63,24.62
2025-01-15,4.38,25.02,5.3,40.6,24.7
2025-01-16,4.36,24.93,5.23,40.67,24.81
2025-01-17,4.38,24.85,5.15,40.8,24.82
2025-01-18,4.49,24.77,5.03,41.27,24.44
2025-01-19,4.47,24.83,5.04,41.19,24.47
2025-01-20,4.44,25.13,5.57,40.69,24.17
2025-01-21,4.39,25.16,5.55,40.73,24.17
2025-01-22,4.43,25.25,5.52,40.81,23.99
2025-01-23,4.4,25.09,5.56,40.71,24.24
2025-01-24,4.42,25.17,5.57,40.7,24.14
2025-01-25,4.38,25.06,5.47,40.84,24.25
2025-01-26,4.44,25.21,5.58,40.58,24.19
2025-01-27,4.37,25.2,5.45,40.98,24.0
2025-01-28,4.31,25.05,5.45,40.98,24.21
2025-01-29,4.29,25.18,5.51,41.02,24.0
2025-01-30,4.39,25.07,5.74,40.92,23.88
2025-01-31,4.48,25.25,5.7,40.58,23.99
2025-02-01,4.51,25.42,5.65,40.28,24.14
2025-02-02,4.47,25.4,5.71,40.25,24.17
2025-02-03,4.34,25.26,5.52,40.38,24.5
2025-02-04,4.41,26.05,5.3,40.19,24.05
2025-02-05,4.43,25.56,5.29,40.39,24.33
2025-02-06,4.76,25.16,5.42,40.34,24.32
2025-02-07,4.8,24.43,5.39,40.7,24.68
2025-02-08,4.63,24.21,5.31,40.75,25.1
2025-02-09,4.71,24.22,5.34,40.7,25.03
2025-02-10,4.9,24.01,4.93,41.73,24.43
2025-02-11,4.78,24.42,4.9,41.11,24.79
2025-02-12,4.61,23.79,4.94,41.7,24.96
2025-02-13,4.57,23.65,4.71,41.72,25.35
2025-02-14,4.26,23.53,4.48,42.79,24.94
2025-02-15,4.27,23.69,4.35,43.32,24.37
2025-02-16,4.28,23.68,4.37,43.3,24.37
2025-02-17,4.11,23.45,4.52,43.58,24.34
2025-02-18,4.03,23.82,4.66,43.33,24.16
2025-02-19,4.18,23.27,4.64,44.3,23.61
2025-02-20,3.98,23.03,4.6,44.68,23.71
2025-02-21,4.0,23.1,4.67,44.79,23.44
2025-02-22,4.34,22.27,4.82,44.59,23.98
2025-02-23,4.34,22.32,4.79,44.5,24.05
2025-02-24,4.14,22.27,4.81,44.16,24.62
2025-02-25,4.38,21.48,4.86,42.96,26.32
2025-02-26,4.38,21.48,4.93,42.98,26.23
2025-02-27,4.46,21.33,5.69,44.76,23.76
2025-02-28,4.61,22.79,5.92,43.07,23.61
2025-03-01,4.19,23.4,5.13,43.65,23.63
2025-03-02,4.27,23.38,5.19,43.39,23.77
2025-03-03,4.25,23.49,4.92,42.32,25.02
2025-03-04,3.62,23.04,5.01,42.28,26.05
2025-03-05,3.77,23.09,5.26,42.52,25.36
2025-03-06,3.91,22.88,5.74,42.56,24.91
2025-03-07,3.84,22.08,5.99,43.25,24.84
2025-03-08,3.74,23.71,5.86,43.02,23.67
2025-03-09,3.77,23.7,5.87,43.01,23.65
2025-03-10,3.9,22.11,5.47,44.49,24.03
2025-03-11,3.89,23.06,5.38,43.58,24.09
2025-03-12,3.84,22.46,5.33,43.39,24.98
2025-03-13,3.82,23.43,5.91,42.56,24.28
2025-03-14,3.79,23.46,5.91,42.55,24.29
2025-03-15,3.8,23.42,5.91,42.55,24.32
2025-03-16,3.84,23.43,5.89,42.57,24.27
2025-03-17,3.48,24.49,5.84,41.33,24.86
2025-03-18,3.48,24.26,5.47,42.71,24.08
2025-03-19,3.77,24.09,4.56,43.95,23.63
2025-03-20,3.83,23.67,4.77,44.62,23.11
2025-03-21,4.15,23.73,5.21,43.67,23.24
2025-03-22,4.24,23.06,5.4,43.9,23.4
2025-03-23,4.23,23.06,5.41,43.84,23.46
2025-03-24,4.23,23.01,5.42,43.89,23.45
2025-03-25,4.22,22.94,5.41,43.99,23.44
2025-03-26,4.25,22.99,5.44,43.86,23.46
2025-03-27,4.22,23.03,5.39,43.93,23.43
2025-03-28,4.22,22.99,5.41,43.94,23.44
2025-03-29,4.3,23.03,5.41,43.82,23.44
2025-03-30,4.24,23.01,5.43,43.9,23.42
2025-03-31,4.25,22.98,5.42,43.91,23.44
2025-04-01,4.14,23.6,5.73,42.51,24.02
2025-04-02,3.91,23.42,6.02,43.13,23.52
2025-04-03,3.55,22.96,5.69,44.73,23.07
2025-04-04,3.61,23.1,5.35,44.75,23.19
2025-04-05,3.91,22.8,5.37,44.36,23.56
2025-04-06,3.86,22.83,5.37,44.39,23.55
2025-04-07,3.88,22.31,5.29,44.49,24.03
2025-04-08,3.84,23.51,5.34,43.1,24.21
2025-04-09,3.89,24.02,5.26,43.48,23.35
2025-04-10,3.79,24.05,5.53,43.57,23.06
2025-04-11,3.93,24.67,5.34,43.55,22.51
2025-04-12,3.69,25.66,5.41,43.8,21.44
2025-04-13,3.66,25.74,5.41,43.79,21.4
2025-04-14,3.85,25.28,5.32,43.65,21.9
2025-04-15,4.03,25.91,5.21,42.32,22.53
2025-04-16,3.87,26.11,4.94,42.09,22.99
2025-04-17,4.06,25.46,4.85,41.76,23.87
2025-04-18,4.27,25.11,4.45,41.48,24.69
2025-04-19,4.16,24.43,4.53,41.85,25.03
2025-04-20,4.06,24.51,4.54,41.9,24.99
2025-04-21,4.26,24.81,4.78,41.37,24.78
2025-04-22,4.35,23.67,5.52,40.78,25.68
2025-04-23,4.4,24.48,5.12,39.96,26.04
2025-04-24,5.81,24.42,5.45,39.6,24.72
2025-04-25,4.26,24.03,6.78,40.59,24.34
2025-04-26,4.49,24.1,6.16,42.0,23.25
2025-04-27,4.53,24.2,6.21,41.78,23.28
2025-04-28,4.52,24.03,5.67,43.21,22.57
2025-04-29,4.5,23.3,5.21,43.52,23.47
2025-04-30,4.62,22.86,4.87,43.79,23.86
2025-05-01,4.57,23.04,4.89,43.58,23.92
2025-05-02,4.41,23.06,4.88,43.58,24.07
2025-05-03,4.42,23.17,4.86,43.56,23.99
2025-05-04,4.42,23.0,4.85,43.64,24.09
2025-05-05,4.45,23.18,4.73,43.03,24.61
2025-05-06,4.17,23.28,5.41,43.28,23.86
2025-05-07,4.21,23.06,5.44,43.37,23.92
2025-05-08,4.22,22.65,5.69,43.58,23.86
2025-05-09,4.17,22.54,5.69,43.77,23.83
2025-05-10,4.23,22.54,5.7,43.7,23.83
2025-05-11,4.24,22.59,5.67,43.65,23.85
2025-05-12,4.2,22.22,5.58,44.1,23.9
2025-05-13,4.37,21.75,5.51,44.49,23.88
2025-05-14,4.55,21.39,5.54,44.58,23.94
2025-05-15,4.61,20.4,5.44,45.87,23.68
2025-05-16,4.24,20.44,5.18,46.25,23.89
2025-05-17,4.6,21.07,5.27,45.18,23.88
2025-05-18,4.64,21.07,5.28,45.19,23.82
2025-05-19,4.54,21.42,5.03,45.49,23.52
2025-05-20,4.36,21.24,4.93,45.88,23.59
2025-05-21,4.58,21.35,4.99,45.82,23.26
2025-05-22,4.36,21.39,4.72,46.02,23.51
2025-05-23,4.21,21.03,4.94,46.45,23.37
2025-05-24,4.27,20.96,4.41,46.77,23.59
2025-05-25,4.23,20.94,4.5,46.75,23.58
2025-05-26,4.11,21.5,4.63,47.46,22.3
2025-05-27,3.98,22.25,4.16,46.98,22.63
2025-05-28,4.05,22.06,4.56,46.64,22.69
2025-05-29,3.95,21.82,4.5,47.58,22.15
2025-05-30,3.61,21.84,4.6,47.2,22.75
2025-05-31,3.58,22.29,4.63,46.25,23.25
2025-06-01,3.6,22.17,4.6,46.4,23.23
2025-06-02,3.46,21.69,3.95,46.77,24.13
2025-06-03,3.74,22.27,3.79,45.77,24.43
2025-06-04,3.69,20.49,4.12,46.75,24.95
2025-06-05,3.77,20.07,4.78,46.29,25.09
2025-06-06,3.83,19.9,4.78,45.78,25.71
2025-06-07,3.85,19.9,4.76,45.78,25.71
2025-06-08,3.8,19.87,4.78,45.82,25.73
2025-06-09,3.69,19.3,5.25,47.78,23.98
2025-06-10,3.71,19.5,5.06,47.75,23.98
2025-06-11,3.57,19.18,5.59,47.78,23.88
2025-06-12,3.57,19.16,5.65,47.62,24.0
2025-06-13,3.57,19.38,5.65,48.09,23.31
2025-06-14,3.52,19.6,5.81,47.54,23.53
2025-06-15,3.54,19.58,5.82,47.54,23.52
2025-06-16,3.46,19.86,5.87,47.62,23.19
2025-06-17,3.57,19.47,5.71,48.07,23.18
2025-06-18,3.55,19.96,5.34,48.3,22.85
2025-06-19,3.42,19.87,5.33,48.03,23.35
2025-06-20,3.33,20.47,4.61,47.54,24.05
2025-06-21,3.47,21.02,4.14,47.46,23.91
2025-06-22,3.48,21.04,4.12,47.27,24.09
2025-06-23,3.46,21.13,4.24,47.36,23.81
2025-06-24,3.5,21.69,4.26,46.94,23.61
2025-06-25,3.52,23.11,4.74,45.45,23.18
2025-06-26,3.4,23.07,5.22,45.75,22.56
2025-06-27,3.44,21.18,6.16,46.57,22.65
2025-06-28,3.4,21.64,5.86,46.52,22.58
2025-06-29,3.35,21.7,5.87,46.57,22.51
2025-06-30,3.37,21.06,6.17,46.9,22.5
2025-07-01,3.3,21.01,5.98,47.4,22.31
2025-07-02,3.32,20.61,5.99,48.01,22.07
2025-07-03,3.44,20.52,5.63,47.21,23.2
2025-07-04,3.43,21.21,5.58,46.71,23.07
2025-07-05,3.29,21.34,5.76,45.72,23.89
2025-07-06,3.32,21.46,5.78,45.53,23.91
2025-07-07,3.35,20.63,6.29,45.78,23.95
2025-07-08,3.54,21.07,6.48,45.7,23.21
2025-07-09,3.46,21.04,6.5,45.78,23.22
2025-07-10,3.4,21.45,6.65,45.65,22.85
2025-07-11,3.48,21.43,6.43,46.73,21.93
2025-07-12,3.49,21.98,6.66,46.35,21.52
2025-07-13,3.46,21.93,6.61,46.45,21.55
2025-07-14,3.51,22.12,6.3,47.04,21.03
2025-07-15,3.8,21.75,5.65,46.59,22.21
2025-07-16,3.59,22.61,5.85,44.7,23.25
2025-07-17,3.85,23.79,5.65,43.47,23.24
2025-07-18,3.83,23.93,5.38,43.12,23.74
2025-07-19,3.81,23.93,5.35,43.05,23.86
2025-07-20,3.76,23.94,5.35,43.15,23.8
2025-07-21,3.66,24.08,5.74,42.33,24.19
2025-07-22,3.74,23.98,5.77,42.23,24.28
2025-07-23,3.56,24.13,5.55,41.85,24.91
2025-07-24,3.52,24.27,5.32,42.67,24.22
2025-07-25,3.56,24.18,5.08,43.2,23.98
2025-07-26,3.58,24.24,5.2,43.14,23.84
2025-07-27,3.55,24.18,5.22,43.14,23.91
2025-07-28,3.54,24.2,5.49,42.75,24.02
2025-07-29,3.59,23.37,5.71,42.77,24.56
2025-07-30,3.58,23.11,6.1,41.77,25.44
2025-07-31,3.66,23.53,6.16,40.99,25.66
2025-08-01,3.61,24.03,5.79,40.88,25.69
2025-08-02,3.85,25.16,5.52,40.9,24.57
2025-08-03,3.84,25.19,5.55,40.89,24.53
2025-08-04,4.35,25.26,5.63,39.53,25.23
2025-08-05,4.81,25.99,6.29,39.2,23.71
2025-08-06,4.97,25.83,6.4,39.54,23.26
2025-08-07,4.98,25.85,6.29,39.58,23.3
2025-08-08,5.16,26.01,6.28,39.39,23.16
2025-08-09,5.11,26.07,6.26,39.35,23.21
2025-08-10,5.12,26.14,6.28,39.33,23.13
2025-08-11,5.26,25.35,6.44,39.55,23.4
2025-08-12,5.32,26.27,7.05,38.4,22.96
2025-08-13,4.85,26.53,6.39,40.05,22.18
2025-08-14,4.8,25.73,6.64,41.02,21.81
2025-08-15,4.81,25.98,6.5,41.09,21.62
2025-08-16,4.76,26.07,6.52,41.05,21.6
2025-08-17,4.84,25.71,6.67,40.98,21.8
2025-08-18,4.83,25.84,6.69,41.04,21.6
2025-08-19,4.79,25.86,6.69,41.05,21.61
2025-08-20,4.8,26.0,6.49,41.1,21.61
2025-08-21,4.79,26.06,6.35,40.08,22.72
2025-08-22,4.77,25.03,6.12,40.47,23.61
2025-08-23,4.87,23.68,5.83,40.73,24.89
2025-08-24,4.88,23.65,5.83,40.74,24.9
2025-08-25,4.83,23.84,5.97,40.77,24.59
2025-08-26,5.0,23.96,6.37,40.04,24.63
2025-08-27,4.92,24.34,6.15,39.95,24.64
2025-08-28,5.41,23.35,6.09,39.45,25.7
2025-08-29,5.13,23.5,6.39,40.29,24.69
2025-08-30,5.09,24.02,5.83,41.08,23.98
2025-08-31,5.07,24.07,5.84,41.05,23.97
2025-09-01,4.96,25.38,5.47,40.59,23.6
2025-09-02,4.69,24.76,5.52,40.72,24.31
2025-09-03,4.84,25.29,5.65,40.55,23.67
2025-09-04,4.76,25.89,5.64,40.73,22.98
2025-09-05,5.12,26.14,5.36,40.55,22.83
2025-09-06,5.31,26.39,5.33,40.76,22.21
2025-09-07,5.29,26.39,5.3,40.79,22.23
2025-09-08,5.24,26.03,5.0,41.94,21.79
2025-09-09,5.05,25.57,4.86,42.48,22.04
2025-09-10,4.87,25.56,4.75,42.81,22.01
2025-09-11,4.86,24.23,4.6,43.61,22.7
2025-09-12,4.42,24.57,4.76,43.78,22.47
2025-09-13,4.35,25.94,5.07,43.06,21.58
2025-09-14,4.32,25.95,5.02,43.17,21.54
2025-09-15,4.37,25.32,5.01,44.06,21.24
2025-09-16,4.23,26.3,5.05,43.19,21.23
2025-09-17,4.15,25.62,5.07,43.76,21.4
2025-09-18,4.24,26.52,4.76,43.69,20.79
2025-09-19,4.14,26.33,4.56,43.85,21.12
2025-09-20,4.27,26.52,4.65,43.83,20.73
2025-09-21,4.22,26.59,4.66,43.79,20.74
2025-09-22,4.64,26.26,4.93,43.6,20.57
2025-09-23,4.81,26.55,4.91,42.99,20.74
2025-09-24,5.11,25.39,5.02,43.45,21.03
2025-09-25,5.15,25.6,5.14,43.04,21.07
2025-09-26,5.38,25.31,5.13,42.89,21.29
2025-09-27,5.24,25.33,5.29,42.8,21.34
2025-09-28,5.26,25.37,5.25,42.79,21.33
2025-09-29,5.06,25.9,5.36,42.5,21.18
2025-09-30,4.84,26.29,5.29,42.09,21.49
2025-10-01,4.68,26.58,5.06,42.2,21.48
2025-10-02,4.7,26.6,5.08,42.1,21.52
2025-10-03,4.87,26.29,4.78,42.46,21.6
2025-10-04,5.03,26.02,4.81,42.67,21.47
2025-10-05,5.0,25.97,4.83,42.75,21.45
2025-10-06,5.08,25.62,4.61,43.19,21.5
2025-10-07,5.08,25.61,4.5,43.24,21.57
2025-10-08,5.02,25.0,4.53,44.1,21.35
2025-10-09,4.74,25.34,4.67,43.54,21.71
2025-10-10,4.4,25.5,4.62,42.51,22.97
2025-10-11,3.95,25.68,4.81,41.79,23.77
2025-10-12,3.99,25.65,4.84,41.82,23.7
2025-10-13,3.91,25.83,4.65,42.35,23.26
2025-10-14,3.97,25.91,4.98,40.85,24.29
2025-10-15,3.88,26.54,4.66,41.1,23.82
2025-10-16,3.83,26.53,4.93,42.08,22.63
2025-10-17,3.86,25.75,4.87,42.72,22.8
2025-10-18,3.82,25.79,4.87,42.67,22.85
2025-10-19,3.8,25.75,4.89,42.63,22.93
2025-10-20,3.82,25.85,4.91,42.52,22.9
2025-10-21,3.76,25.97,4.84,42.65,22.78
2025-10-22,3.79,25.87,4.86,42.53,22.95
2025-10-23,3.76,25.88,4.86,42.6,22.9
2025-10-24,3.77,25.29,4.86,43.11,22.97
2025-10-25,3.87,26.01,4.91,42.34,22.87
2025-10-26,3.83,25.49,4.89,42.8,22.99
2025-10-27,3.88,25.85,5.25,41.88,23.14
2025-10-28,3.89,25.77,5.19,41.52,23.63
2025-10-29,3.67,26.08,4.83,41.28,24.14
2025-10-30,3.58,26.44,5.7,41.45,22.83
2025-10-31,3.47,26.51,5.21,41.39,23.42
2025-11-01,3.47,26.5,5.41,41.27,23.35
2025-11-02,3.45,26.44,5.42,41.28,23.41
2025-11-03,3.42,26.52,5.52,41.21,23.33
2025-11-04,3.38,26.89,5.99,40.97,22.77
2025-11-05,3.38,26.83,6.03,41.0,22.76
2025-11-06,3.33,26.67,6.17,41.44,22.39
2025-11-07,3.69,27.41,6.0,39.15,23.75
2025-11-08,3.99,26.85,5.51,39.33,24.32
2025-11-09,3.97,26.83,5.56,39.32,24.32
2025-11-10,3.9,26.49,5.41,39.93,24.27
2025-11-11,3.94,26.39,5.27,40.32,24.08
2025-11-12,4.1,26.55,5.3,39.85,24.2
2025-11-13,4.14,26.87,5.45,39.24,24.3
2025-11-14,4.17,26.88,5.15,39.49,24.31
2025-11-15,4.12,26.02,5.35,39.86,24.65
2025-11-16,4.11,26.05,5.26,39.92,24.66
2025-11-17,3.9,24.81,5.79,40.54,24.96
2025-11-18,4.43,23.71,5.75,40.94,25.17
2025-11-19,3.9,23.62,6.32,41.08,25.08
2025-11-20,4.0,25.18,5.57,40.3,24.95
2025-11-21,3.85,23.56,5.77,40.89,25.93
2025-11-22,4.32,22.18,7.01,41.84,24.65
2025-11-23,4.28,22.19,7.01,41.95,24.57
2025-11-24,3.98,22.1,6.06,44.21,23.65
2025-11-25,4.05,22.53,6.15,43.61,23.66
2025-11-26,3.96,22.48,6.16,43.33,24.07
2025-11-27,3.86,21.79,5.82,43.96,24.57
2025-11-28,3.78,22.31,5.95,44.07,23.89
2025-11-29,3.76,24.57,5.75,43.78,22.14
2025-11-30,3.72,24.51,5.77,43.66,22.34
2025-12-01,3.85,24.89,5.38,43.2,22.68
2025-12-02,3.73,23.72,5.27,44.79,22.49
2025-12-03,3.63,23.12,5.12,45.19,22.94
2025-12-04,3.63,24.3,5.39,44.84,21.84
2025-12-05,3.83,24.32,5.23,45.56,21.06
2025-12-06,3.86,24.2,5.23,45.62,21.09
2025-12-07,3.84,24.18,5.23,45.74,21.01
2025-12-08,4.07,24.2,5.11,45.35,21.27
2025-12-09,4.31,24.64,5.03,45.1,20.92
2025-12-10,4.32,24.38,5.06,45.13,21.11
2025-12-11,4.45,24.4,4.88,44.7,21.57
2025-12-12,4.54,23.79,4.97,44.9,21.8
2025-12-13,4.49,23.92,4.98,44.85,21.76
2025-12-14,4.49,23.96,4.97,44.82,21.76
2025-12-15,4.45,24.03,4.95,44.95,21.62
2025-12-16,4.48,24.12,4.96,44.66,21.78
2025-12-17,4.4,23.97,4.93,44.95,21.75
2025-12-18,4.44,24.05,4.91,44.86,21.74
2025-12-19,4.44,24.01,4.89,44.98,21.68
2025-12-20,4.38,24.05,4.89,44.92,21.76
2025-12-21,4.38,24.04,4.86,44.95,21.77
2025-12-22,4.41,23.99,4.83,44.91,21.86
2025-12-23,4.38,23.96,4.83,45.0,21.83
2025-12-24,4.36,24.07,4.82,44.93,21.82
2025-12-25,4.37,24.02,4.81,44.92,21.88
2025-12-26,4.4,24.05,4.8,44.91,21.84
2025-12-27,4.36,24.07,4.81,44.89,21.87
2025-12-28,4.25,24.08,4.83,45.0,21.84
2025-12-29,4.33,24.01,4.82,44.93,21.91
2025-12-30,4.39,24.06,4.87,44.81,21.87
2025-12-31,4.46,24.03,4.95,44.81,21.75
2026-01-01,4.42,24.06,4.95,44.88,21.69
2026-01-02,4.52,23.69,4.86,45.07,21.86
2026-01-03,4.45,23.67,4.86,45.13,21.89
2026-01-04,4.41,23.65,4.86,45.19,21.89
2026-01-05,4.46,23.7,4.84,45.09,21.91
2026-01-06,4.5,23.63,4.84,45.16,21.87
2026-01-07,4.51,23.7,4.86,45.05,21.88
2026-01-08,4.51,23.64,4.8,45.12,21.93
2026-01-09,4.38,23.53,4.93,45.13,22.03
2026-01-10,4.63,23.39,5.0,44.8,22.18
2026-01-11,4.62,23.27,4.94,44.96,22.21
2026-01-12,4.63,23.12,4.96,45.12,22.17
2026-01-13,4.52,23.17,4.93,45.09,22.29
2026-01-14,4.48,23.18,5.0,45.09,22.25
2026-01-15,4.59,23.21,4.88,45.14,22.18
2026-01-16,4.58,23.24,4.89,45.21,22.08
2026-01-17,4.53,23.29,4.89,45.2,22.09
2026-01-18,4.6,23.18,4.89,45.32,22.01
2026-01-19,4.61,23.26,4.84,45.21,22.08
2026-01-20,4.64,23.3,4.83,45.11,22.12
2026-01-21,4.64,23.19,4.94,45.11,22.12
2026-01-22,4.72,23.19,5.08,44.72,22.29
2026-01-23,4.7,22.89,5.13,44.83,22.45
2026-01-24,4.51,22.69,5.26,44.9,22.64
2026-01-25,4.62,22.57,5.25,44.91,22.65
2026-01-26,4.64,22.58,5.23,44.97,22.58
2026-01-27,4.5,22.84,5.15,44.81,22.7
2026-01-28,4.56,23.88,5.08,43.93,22.55
2026-01-29,4.62,24.79,5.02,43.04,22.53
2026-01-30,4.59,24.32,5.46,43.09,22.54
2026-01-31,4.49,24.12,6.11,42.66,22.62
2026-02-01,4.53,24.05,6.12,42.74,22.56
2026-02-02,4.7,25.41,6.22,41.75,21.92
2026-02-03,5.0,24.64,6.63,42.08,21.65
2026-02-04,5.08,24.79,6.21,42.19,21.73
2026-02-05,5.04,25.0,5.87,41.76,22.33
2026-02-06,5.33,25.38,5.28,41.68,22.33
2026-02-07,4.89,24.6,5.0,42.07,23.44
2026-02-08,4.91,24.62,5.03,41.96,23.48
2026-02-09,5.21,25.0,4.74,41.71,23.34
2026-02-10,4.9,24.17,4.87,41.77,24.29
2026-02-11,5.24,23.62,5.42,42.02,23.7
2026-02-12,4.77,24.56,5.51,41.47,23.69
2026-02-13,5.94,25.5,4.98,40.15,23.43
2026-02-14,5.9,25.13,5.81,39.8,23.36
2026-02-15,5.83,25.05,5.82,39.86,23.44
2026-02-16,5.8,24.04,5.77,40.09,24.3
2026-02-17,5.14,23.79,5.82,41.5,23.75
2026-02-18,4.89,23.59,5.87,42.47,23.18
2026-02-19,5.12,23.55,5.7,42.71,22.92
2026-02-20,5.15,24.69,5.12,42.62,22.42
2026-02-21,4.46,26.35,4.9,42.57,21.72
2026-02-22,4.4,26.42,4.93,42.53,21.72
2026-02-23,4.36,26.42,4.9,42.14,22.18
2026-02-24,4.65,26.44,4.99,42.65,21.27
2026-02-25,4.49,25.9,5.11,42.34,22.16
2026-02-26,4.66,26.08,4.8,42.6,21.86
2026-02-27,4.67,27.16,4.64,41.21,22.32
2026-02-28,4.86,27.19,4.91,40.8,22.24
2026-03-01,4.89,27.21,4.9,40.85,22.15
2026-03-02,4.71,25.61,4.6,41.91,23.17
2026-03-03,4.62,26.05,4.18,41.82,23.33
2026-03-04,4.65,26.1,4.19,41.74,23.32
2026-03-05,4.64,26.07,4.17,41.84,23.28
2026-03-06,4.51,25.51,4.74,42.06,23.18
2026-03-07,4.33,25.9,4.84,41.6,23.33
2026-03-08,4.31,25.93,4.88,41.58,23.3
2026-03-09,4.33,26.39,4.9,42.48,21.9
2026-03-10,4.29,25.33,5.12,42.7,22.56
2026-03-11,4.2,25.71,5.29,42.88,21.92
2026-03-12,4.4,27.04,5.3,42.15,21.11
2026-03-13,4.85,26.57,5.72,41.61,21.25
2026-03-14,4.93,25.1,5.99,42.03,21.95
2026-03-15,4.96,25.23,5.97,41.82,22.02
2026-03-16,4.84,25.34,5.75,42.14,21.93
2026-03-17,4.68,25.79,5.32,42.44,21.77
2026-03-18,4.17,26.37,5.71,41.89,21.86
2026-03-19,4.24,27.12,5.81,41.92,20.91
2026-03-20,4.24,28.36,5.39,41.19,20.82
2026-03-21,4.2,28.34,5.42,41.23,20.81
2026-03-22,4.2,28.29,5.39,41.24,20.88
2026-03-23,4.51,28.27,5.32,41.06,20.84
2026-03-24,4.59,27.94,5.38,41.06,21.03
2026-03-25,4.66,28.13,5.52,40.75,20.94
2026-03-26,4.52,28.27,5.74,40.61,20.86
2026-03-27,4.52,28.25,5.69,41.03,20.51
2026-03-28,4.61,28.42,5.69,40.89,20.39
2026-03-29,4.59,28.33,5.7,40.93,20.45
2026-03-30,4.36,29.24,6.22,40.43,19.75
2026-03-31,4.53,29.27,5.98,41.3,18.92
2026-04-01,4.97,29.79,5.6,41.13,18.51
2026-04-02,5.37,29.1,5.48,40.74,19.31
2026-04-03,5.28,27.26,5.44,41.45,20.57
2026-04-04,5.08,26.43,5.75,41.81,20.93
2026-04-05,5.04,26.5,5.74,41.72,21.0
2026-04-06,4.86,26.36,5.89,41.62,21.27
2026-04-07,5.11,25.47,6.23,42.78,20.41
2026-04-08,5.03,26.65,5.98,42.07,20.27
2026-04-09,4.6,26.33,6.92,41.47,20.68
2026-04-10,4.86,26.49,7.92,40.88,19.85
2026-04-11,5.02,27.38,7.47,39.79,20.34
2026-04-12,4.99,27.36,7.45,39.81,20.39
2026-04-13,4.62,28.15,6.88,39.8,20.55
2026-04-14,4.59,28.83,5.86,39.48,21.24
2026-04-15,4.59,28.86,6.0,39.35,21.2
2026-04-16,4.6,28.82,5.86,39.22,21.5
2026-04-17,4.64,29.05,5.86,39.07,21.38
2026-04-18,4.64,28.77,5.91,38.87,21.81
2026-04-19,4.68,28.87,5.88,38.86,21.71
2026-04-20,4.86,29.0,5.73,38.55,21.86
2026-04-21,4.98,29.26,6.23,37.39,22.14
2026-04-22,4.87,28.61,6.67,37.24,22.61
2026-04-23,4.87,28.76,6.6,37.84,21.93
2026-04-24,5.24,28.97,6.04,38.2,21.55
2026-04-25,5.04,28.67,6.02,38.53,21.74
2026-04-26,5.04,28.61,6.12,38.49,21.74
2026-04-27,4.94,29.11,6.25,38.81,20.89
2026-04-28,5.06,28.14,5.88,40.11,20.81
2026-04-29,4.97,29.01,6.26,38.96,20.8
2026-04-30,4.82,28.65,6.27,39.0,21.26
2026-05-01,6.36,28.6,5.36,37.85,21.83
2026-05-02,5.35,28.54,5.73,38.35,22.03
2026-05-03,5.36,28.54,5.72,38.4,21.98
2026-05-04,5.21,29.09,5.43,38.46,21.81
2026-05-05,4.72,28.83,5.21,39.57,21.67
2026-05-06,4.84,27.51,5.56,40.59,21.5
2026-05-07,4.61,27.54,5.33,41.14,21.38
2026-05-08,4.67,27.68,5.19,40.67,21.79
2026-05-09,5.0,27.65,5.28,40.45,21.62
2026-05-10,4.97,27.67,5.25,40.51,21.6
2026-05-11,4.95,27.39,5.5,40.74,21.42
2026-05-12,4.84,27.21,5.75,40.58,21.62
2026-05-13,4.82,26.92,5.83,40.94,21.49
2026-05-14,4.75,26.54,6.17,40.57,21.97
2026-05-15,4.86,26.32,6.18,40.9,21.74
2026-05-16,5.02,26.54,6.04,40.69,21.71
2026-05-17,5.02,26.7,5.98,40.63,21.67
2026-05-18,4.94,27.0,6.2,39.86,22.0
2026-05-19,5.0,27.6,5.72,39.7,21.98
2026-05-20,5.12,27.83,5.56,39.55,21.94
2026-05-21,5.18,27.12,5.32,39.68,22.7
2026-05-22,5.16,28.0,5.32,39.41,22.11
2026-05-23,5.14,28.27,5.45,39.33,21.81
2026-05-24,5.16,28.26,5.46,39.24,21.88
2026-05-25,5.11,28.29,5.49,39.16,21.95
2026-05-26,5.04,28.16,5.64,39.34,21.82
2026-05-27,5.09,28.57,5.37,38.88,22.09
2026-05-28,5.11,28.62,5.37,38.84,22.06
2026-05-29,5.23,28.78,5.67,38.29,22.03
2026-05-30,5.26,29.14,5.56,38.38,21.66
2026-05-31,5.17,29.08,5.58,38.4,21.77
2026-06-01,5.17,28.55,5.59,39.2,21.49
2026-06-02,5.12,28.81,5.67,38.7,21.7
2026-06-03,5.41,28.42,5.77,38.21,22.19
2026-06-04,5.51,29.3,5.7,37.52,21.97
2026-06-05,5.35,30.78,5.85,36.54,21.48
2026-06-06,5.31,31.4,5.77,36.24,21.28
2026-06-07,5.31,31.43,5.76,36.24,21.26
2026-06-08,5.21,31.19,6.9,35.17,21.53
2026-06-09,4.53,31.97,6.07,35.76,21.67
2026-06-10,4.55,32.3,6.15,35.81,21.19
2026-06-11,4.69,31.56,6.03,36.06,21.66
2026-06-12,4.59,31.72,6.08,35.81,21.8
2026-06-13,4.81,32.29,5.89,35.04,21.97
2026-06-14,4.87,32.27,5.89,34.97,22.0
2026-06-15,4.61,32.51,5.52,35.4,21.96
2026-06-16,4.51,33.98,5.49,34.66,21.36
2026-06-17,4.3,33.59,5.61,35.29,21.21
2026-06-18,4.33,33.04,5.67,35.61,21.35
2026-06-19,4.48,33.1,5.63,35.23,21.56
2026-06-20,4.46,33.06,5.84,35.21,21.43
2026-06-21,4.45,33.04,5.85,35.23,21.43
2026-06-22,4.61,33.66,5.56,34.89,21.28
2026-06-23,4.64,33.18,5.59,35.19,21.4
2026-06-24,4.37,33.25,5.66,35.32,21.4
2026-06-25,4.23,33.71,5.42,35.24,21.4
2026-06-26,4.16,33.75,5.45,35.27,21.37
2026-06-27,3.99,34.18,5.34,34.81,21.68
2026-06-28,4.01,34.14,5.31,34.9,21.64
2026-06-29,3.86,33.92,5.54,34.76,21.92
2026-06-30,3.87,34.2,5.33,34.83,21.77
2026-07-01,3.8,34.38,5.32,34.72,21.78
2026-07-02,4.24,34.43,5.45,34.58,21.3
2026-07-03,4.23,34.47,5.48,34.47,21.35
2026-07-04,4.21,34.51,5.48,34.51,21.29
2026-07-05,4.16,34.6,5.5,34.48,21.26
2026-07-06,4.21,34.61,5.51,34.44,21.23
2026-07-07,4.19,34.56,5.51,34.45,21.29
2026-07-08,4.18,34.66,5.47,34.37,21.32
2026-07-09,4.17,34.71,5.41,34.43,21.28
2026-07-10,4.15,34.75,5.46,34.32,21.32
2026-07-11,4.22,34.67,5.49,34.31,21.31
2026-07-12,4.19,34.6,5.47,34.38,21.36
2026-07-13,4.32,34.62,5.3,34.54,21.22
2026-07-14,4.3,34.69,5.3,34.66,21.05
2026-07-15,4.26,34.66,5.34,34.62,21.12
2026-07-16,4.23,34.68,5.31,34.72,21.06
2026-07-17,4.17,33.82,5.48,35.01,21.52
2026-07-18,4.22,33.6,5.6,35.67,20.91
2026-07-19,4.2,33.67,5.62,35.57,20.94
2026-07-20,4.22,33.73,5.59,35.58,20.88
2026-07-21,4.32,33.27,6.11,35.39,20.91
2026-07-22,4.29,32.97,6.35,35.59,20.8
2026-07-23,4.32,33.44,6.33,35.45,20.46
2026-07-24,4.23,33.52,6.37,35.47,20.41
2026-07-25,4.25,33.57,6.31,35.42,20.45
2026-07-26,4.31,33.67,6.22,35.35,20.45
2026-07-27,4.28,33.72,6.23,35.3,20.47
2026-07-28,4.25,33.56,6.3,35.43,20.46
2026-07-29,4.22,33.48,6.24,35.65,20.41
2026-07-30,4.28,33.48,6.14,35.6,20.5
2026-07-31,4.29,33.48,6.21,35.42,20.6
2026-08-01,4.3,33.5,6.21,35.46,20.53
2026-08-02,4.32,33.52,6.17,35.46,20.53
2026-08-03,4.29,33.55,6.18,35.55,20.43
2026-08-04,4.21,33.67,6.13,35.61,20.38
2026-08-05,4.18,33.57,6.24,35.5,20.51
2026-08-06,4.21,33.61,6.25,35.38,20.55
2026-08-07,4.21,33.63,6.29,35.3,20.57
2026-08-08,4.09,33.66,6.28,35.27,20.7
2026-08-09,4.09,33.64,6.29,35.32,20.66
2026-08-10,4.09,33.87,6.05,35.16,20.83
2026-08-11,3.97,33.74,5.95,35.27,21.07
2026-08-12,4.05,33.59,5.92,35.58,20.86
2026-08-13,4.06,33.45,5.89,35.47,21.13
2026-08-14,4.01,33.18,5.94,35.79,21.08
2026-08-15,4.04,33.16,5.91,35.79,21.1
2026-08-16,4.08,33.21,5.89,35.8,21.02
