date,Don't Know/Can't Say,Internet / social media,News magazines,Newspapers,Personal interaction with friends/colleagues,Political rallies / gatherings,Radio,TV news channels
2019-01-01,0.57,25.53,0.13,14.29,2.88,0.16,1.54,51.45
2019-01-02,0.53,25.47,0.18,14.17,2.84,0.15,1.57,51.79
2019-01-03,0.48,25.26,0.13,14.17,2.96,0.23,1.47,52.03
2019-01-04,0.4,24.62,0.16,13.93,3.14,0.22,1.46,52.86
2019-01-05,0.43,24.29,0.14,13.93,3.35,0.25,1.61,53.11
2019-01-06,0.28,24.25,0.15,13.28,3.7,0.36,1.64,53.55
2019-01-07,0.27,24.9,0.13,13.07,3.33,0.33,1.62,53.44
2019-01-08,0.39,25.04,0.15,12.63,2.77,0.25,1.81,53.84
2019-01-09,0.39,25.79,0.12,12.91,2.83,0.23,1.92,53.18
2019-01-10,0.5,25.54,0.1,13.17,2.92,0.25,1.87,52.93
2019-01-11,0.56,27.1,0.11,12.78,2.63,0.03,1.8,52.33
2019-01-12,0.57,27.14,0.11,12.35,2.58,0.04,1.88,52.74
2019-01-13,0.53,26.98,0.09,12.54,2.59,0.04,1.91,52.8
2019-01-14,0.51,27.2,0.09,12.55,2.58,0.04,1.92,52.59
2019-01-15,0.53,26.79,0.09,12.82,2.68,0.05,1.93,52.55
2019-01-16,0.53,26.78,0.07,14.14,2.86,0.05,1.96,50.88
2019-01-17,0.72,26.82,0.11,13.53,3.14,0.16,1.84,51.19
2019-01-18,0.6,27.3,0.15,13.14,3.13,0.21,1.88,51.2
2019-01-19,0.74,26.1,0.17,13.77,3.16,0.27,1.95,51.55
2019-01-20,0.83,26.11,0.17,14.02,2.98,0.27,1.97,51.33
2019-01-21,0.83,26.09,0.17,14.03,2.98,0.27,1.98,51.34
2019-01-22,0.82,26.45,0.17,14.0,2.92,0.33,2.02,51.0
2019-01-23,0.66,26.26,0.12,13.7,3.3,0.22,1.91,51.68
2019-01-24,0.6,26.16,0.1,12.79,3.45,0.22,1.71,52.92
2019-01-25,0.41,25.98,0.09,13.04,2.84,0.1,1.85,53.46
2019-01-26,0.42,25.84,0.03,13.13,2.86,0.08,1.96,53.6
2019-01-27,0.44,25.88,0.03,13.19,2.89,0.08,1.93,53.52
2019-01-28,0.54,26.02,0.06,12.79,3.12,0.1,1.86,53.44
2019-01-29,0.51,25.72,0.11,12.82,3.12,0.11,1.77,53.71
2019-01-30,0.48,25.53,0.12,12.91,3.1,0.09,1.81,53.82
2019-01-31,0.49,25.56,0.14,12.68,2.87,0.08,1.85,54.05
2019-02-01,0.49,26.25,0.16,12.6,2.67,0.06,1.91,53.45
2019-02-02,0.64,25.86,0.19,12.75,3.04,0.09,1.68,53.06
2019-02-03,0.73,25.97,0.18,12.49,3.14,0.08,1.72,53.35
2019-02-04,0.69,25.65,0.24,12.14,3.01,0.1,1.67,54.19
2019-02-05,0.4,25.48,0.22,13.3,2.39,0.04,1.77,53.92
2019-02-06,0.41,24.68,0.16,13.73,2.55,0.08,1.81,54.43
2019-02-07,0.35,25.32,0.17,13.68,2.53,0.09,2.06,53.57
2019-02-08,0.43,25.62,0.17,13.43,2.52,0.08,1.9,53.57
2019-02-09,0.42,24.92,0.18,13.7,2.57,0.09,1.9,53.92
2019-02-10,0.42,24.98,0.18,13.75,2.58,0.09,1.93,53.78
2019-02-11,0.45,24.86,0.18,13.64,2.54,0.09,1.97,54.0
2019-02-12,0.45,24.83,0.09,13.71,2.61,0.1,2.0,53.86
2019-02-13,0.4,23.78,0.22,14.0,2.89,0.08,2.35,53.58
2019-02-14,0.35,25.02,0.27,14.21,3.03,0.03,2.33,52.19
2019-02-15,0.39,25.03,0.27,14.1,3.37,0.03,2.18,52.22
2019-02-16,0.26,25.0,0.28,14.34,3.25,0.03,2.28,52.29
2019-02-17,0.27,25.04,0.28,14.25,3.25,0.03,2.28,52.32
2019-02-18,0.27,24.91,0.27,14.25,3.24,0.02,2.27,52.49
2019-02-19,0.28,24.91,0.27,14.31,3.29,0.01,2.22,52.41
2019-02-20,0.31,25.26,0.25,14.41,3.22,0.05,2.32,52.01
2019-02-21,0.33,25.86,0.15,13.15,3.21,0.04,2.5,52.61
2019-02-22,0.34,25.87,0.15,13.01,3.01,0.06,2.6,53.19
2019-02-23,0.36,26.25,0.16,13.12,2.98,0.06,2.69,52.69
2019-02-24,0.31,26.55,0.14,12.7,2.93,0.06,2.94,52.65
2019-02-25,0.27,26.91,0.18,12.22,3.13,0.06,2.7,52.8
2019-02-26,0.4,26.92,0.21,12.01,2.96,0.07,2.82,53.02
2019-02-27,0.37,27.28,0.25,11.8,2.96,0.06,2.72,52.96
2019-02-28,0.36,27.49,0.25,11.44,2.91,0.04,2.46,53.48
2019-03-01,0.32,27.94,0.26,11.2,3.3,0.05,2.4,53.21
2019-03-02,0.4,27.77,0.31,10.95,3.46,0.06,2.52,53.25
2019-03-03,0.43,27.55,0.33,10.56,3.54,0.06,2.54,53.77
2019-03-04,0.45,27.47,0.33,10.56,3.55,0.06,2.53,53.81
2019-03-05,0.4,27.77,0.32,10.58,3.47,0.06,2.57,53.58
2019-03-06,0.31,27.32,0.33,10.14,3.89,0.04,2.37,54.47
2019-03-07,0.29,27.25,0.3,9.92,3.9,0.03,2.48,54.67
2019-03-08,0.34,28.27,0.3,10.29,3.59,0.04,2.34,53.67
2019-03-09,0.4,29.13,0.23,10.26,2.79,0.02,1.86,53.84
2019-03-10,0.63,27.95,0.19,10.24,2.69,0.06,2.37,54.2
2019-03-11,0.55,27.59,0.18,10.5,2.97,0.06,2.63,53.99
2019-03-12,0.41,28.1,0.14,10.65,2.78,0.07,2.42,53.71
2019-03-13,0.38,28.26,0.13,10.38,2.99,0.08,2.42,53.67
2019-03-14,0.49,28.81,0.14,10.31,3.06,0.08,2.35,53.01
2019-03-15,0.46,28.0,0.14,10.43,3.19,0.13,2.15,53.75
2019-03-16,0.43,28.42,0.15,10.04,3.27,0.17,2.24,53.45
2019-03-17,0.35,28.47,0.16,10.16,3.34,0.17,2.11,53.28
2019-03-18,0.26,28.39,0.16,10.08,3.14,0.16,1.85,53.98
2019-03-19,0.27,28.15,0.18,10.42,2.94,0.13,1.75,53.99
2019-03-20,0.31,27.91,0.17,10.51,2.97,0.17,1.68,54.0
2019-03-21,0.31,27.68,0.18,10.47,2.93,0.22,1.65,54.24
2019-03-22,0.31,27.66,0.19,10.13,2.92,0.24,1.7,54.5
2019-03-23,0.37,26.98,0.24,10.53,2.92,0.3,1.65,54.6
2019-03-24,0.46,26.44,0.22,11.24,2.82,0.29,1.66,54.86
2019-03-25,0.4,26.54,0.23,11.08,2.77,0.3,1.46,55.26
2019-03-26,0.38,26.75,0.25,11.31,2.88,0.29,1.48,54.72
2019-03-27,0.35,26.24,0.21,11.52,3.06,0.31,1.4,54.97
2019-03-28,0.31,26.22,0.23,11.23,3.2,0.29,1.43,55.2
2019-03-29,0.32,26.25,0.24,11.39,3.23,0.28,1.47,54.96
2019-03-30,0.34,25.53,0.2,11.8,3.27,0.21,1.34,55.31
2019-03-31,0.3,25.57,0.17,11.99,3.09,0.24,1.35,55.3
2019-04-01,0.24,26.25,0.19,11.68,3.28,0.28,1.26,54.84
2019-04-02,0.29,26.62,0.2,11.7,3.34,0.3,1.29,54.21
2019-04-03,0.3,26.16,0.17,10.94,3.47,0.34,1.25,54.79
2019-04-04,0.3,26.16,0.17,11.22,3.27,0.32,1.27,55.27
2019-04-05,0.31,26.42,0.16,11.0,3.4,0.29,1.24,55.02
2019-04-06,0.38,26.69,0.17,11.13,3.33,0.3,1.19,54.62
2019-04-07,0.29,27.4,0.18,10.71,3.37,0.3,1.28,54.25
2019-04-08,0.3,27.8,0.19,10.55,3.48,0.28,1.33,53.78
2019-04-09,0.31,27.42,0.14,11.06,3.64,0.25,1.32,53.64
2019-04-10,0.26,26.91,0.09,10.9,3.6,0.22,1.64,54.59
2019-04-11,0.28,27.34,0.12,10.46,3.85,0.2,1.65,54.17
2019-04-12,0.35,27.6,0.15,10.19,3.92,0.2,1.73,53.79
2019-04-13,0.31,28.12,0.19,10.33,3.71,0.24,1.79,53.47
2019-04-14,0.32,28.49,0.19,10.45,3.67,0.28,1.64,53.16
2019-04-15,0.36,28.16,0.15,10.72,3.6,0.22,1.56,53.44
2019-04-16,0.3,27.86,0.13,11.05,3.56,0.2,1.56,53.57
2019-04-17,0.31,27.97,0.15,11.04,3.34,0.2,1.54,53.59
2019-04-18,0.32,27.59,0.15,11.63,3.64,0.2,1.28,53.3
2019-04-19,0.38,27.7,0.17,12.1,3.46,0.2,1.46,52.96
2019-04-20,0.37,27.49,0.16,12.0,3.52,0.25,1.37,53.22
2019-04-21,0.37,27.47,0.15,12.12,3.46,0.25,1.37,53.17
2019-04-22,0.35,27.43,0.15,11.96,3.55,0.28,1.41,53.24
2019-04-23,0.38,27.44,0.15,11.89,3.54,0.27,1.41,53.3
2019-04-24,0.38,27.41,0.14,11.88,3.59,0.28,1.39,53.28
2019-04-25,0.35,26.73,0.13,11.99,3.72,0.28,1.57,53.63
2019-04-26,0.45,27.0,0.13,11.64,3.53,0.27,1.66,53.57
2019-04-27,0.42,26.97,0.11,11.41,3.33,0.3,1.56,54.12
2019-04-28,0.54,26.69,0.11,11.38,3.24,0.25,1.59,54.51
2019-04-29,0.55,26.13,0.09,11.76,3.31,0.18,1.57,54.59
2019-04-30,0.49,25.73,0.08,12.08,3.43,0.16,1.69,54.58
2019-05-01,0.48,25.75,0.09,11.73,3.58,0.17,1.76,54.57
2019-05-02,0.5,25.64,0.09,11.49,3.81,0.16,1.65,54.48
2019-05-03,0.51,25.74,0.08,11.52,3.79,0.16,1.69,54.33
2019-05-04,0.4,25.2,0.07,11.77,3.95,0.16,1.68,54.63
2019-05-05,0.4,24.97,0.14,11.97,3.98,0.14,1.61,54.72
2019-05-06,0.28,24.41,0.14,11.93,4.02,0.11,1.48,55.13
2019-05-07,0.32,24.24,0.14,11.97,4.17,0.07,1.33,55.14
2019-05-08,0.27,23.99,0.15,11.7,4.34,0.09,1.28,55.53
2019-05-09,0.3,24.71,0.15,11.89,4.29,0.09,1.33,54.89
2019-05-10,0.28,25.14,0.16,11.73,4.0,0.12,1.4,55.09
2019-05-11,0.27,25.67,0.19,11.65,3.85,0.15,1.23,54.8
2019-05-12,0.4,25.97,0.19,11.34,3.78,0.12,1.23,54.75
2019-05-13,0.43,26.08,0.15,11.01,4.0,0.11,1.31,54.73
2019-05-14,0.43,26.47,0.16,11.0,4.06,0.11,1.43,54.34
2019-05-15,0.46,26.64,0.19,10.89,3.71,0.11,1.64,54.38
2019-05-16,0.5,27.3,0.18,11.04,3.58,0.09,1.77,53.64
2019-05-17,0.49,27.53,0.2,10.84,3.52,0.08,1.76,53.67
2019-05-18,0.47,27.69,0.21,11.2,3.54,0.08,1.81,52.96
2019-05-19,0.54,27.77,0.2,11.33,3.57,0.06,1.82,52.72
2019-05-20,0.46,27.52,0.2,11.64,3.68,0.07,1.8,52.73
2019-05-21,0.41,27.87,0.2,11.59,3.66,0.1,1.72,52.42
2019-05-22,0.4,28.09,0.19,11.89,3.9,0.1,1.62,52.12
2019-05-23,0.41,27.98,0.19,12.01,4.05,0.11,1.48,52.07
2019-05-24,0.42,27.86,0.52,10.96,4.64,0.24,1.44,51.83
2019-05-25,0.43,27.79,0.51,10.84,4.81,0.26,1.51,51.91
2019-05-26,0.43,27.79,0.51,10.84,4.81,0.26,1.51,51.91
2019-05-27,0.34,28.42,0.56,11.49,4.66,0.22,1.63,50.83
2019-05-28,0.4,28.62,0.34,11.67,4.93,0.3,1.65,50.61
2019-05-29,0.34,29.82,0.32,10.91,4.56,0.32,1.92,50.2
2019-05-30,0.39,30.22,0.36,11.66,4.1,0.43,1.68,49.3
2019-05-31,0.24,29.45,0.33,11.87,3.83,0.39,1.92,50.07
2019-06-01,0.24,29.45,0.33,11.87,3.83,0.39,1.92,50.07
2019-06-02,0.24,29.45,0.33,11.87,3.83,0.39,1.92,50.07
2019-06-03,0.24,29.59,0.42,11.95,3.9,0.4,2.02,49.69
2019-06-04,0.21,30.59,0.31,11.21,3.9,0.37,2.2,49.62
2019-06-05,0.21,30.59,0.31,11.21,3.9,0.37,2.2,49.62
2019-06-06,0.22,29.97,0.28,12.2,3.65,0.44,2.14,49.56
2019-06-07,0.23,30.21,0.38,11.74,3.72,0.45,2.04,49.71
2019-06-08,0.23,29.3,0.38,11.8,3.7,0.44,1.72,50.91
2019-06-09,0.23,29.3,0.38,11.8,3.7,0.44,1.72,50.91
2019-06-10,0.3,29.74,0.5,10.6,3.89,0.44,1.6,51.03
2019-06-11,0.32,30.03,0.48,10.27,4.12,0.48,1.71,50.77
2019-06-12,0.26,31.08,0.55,10.04,3.89,0.65,1.83,49.83
2019-06-13,0.3,31.44,0.56,10.14,4.0,0.62,1.97,49.32
2019-06-14,0.3,30.84,0.54,10.29,3.97,0.59,1.87,49.86
2019-06-15,0.25,30.4,0.57,10.4,3.96,0.6,1.84,50.45
2019-06-16,0.25,30.4,0.57,10.4,3.96,0.6,1.84,50.45
2019-06-17,0.28,29.55,0.52,11.52,4.25,0.59,1.91,50.01
2019-06-18,0.26,29.56,0.48,11.57,4.28,0.59,2.04,49.89
2019-06-19,0.4,30.12,0.48,11.41,4.36,0.52,1.95,49.56
2019-06-20,0.42,30.41,0.46,11.06,4.34,0.47,1.93,49.57
2019-06-21,0.44,31.12,0.46,10.73,4.27,0.35,1.87,49.46
2019-06-22,0.44,30.84,0.77,10.24,4.0,0.3,1.9,50.22
2019-06-23,0.44,30.84,0.77,10.24,4.0,0.3,1.9,50.22
2019-06-24,0.42,30.77,0.96,10.68,4.19,0.29,1.92,49.17
2019-06-25,0.41,31.32,1.03,11.0,4.33,0.27,1.9,48.09
2019-06-26,0.42,31.23,1.0,11.39,4.49,0.39,1.96,47.3
2019-06-27,0.38,29.66,0.51,12.29,4.57,0.38,1.84,48.33
2019-06-28,0.32,28.44,0.39,12.62,4.4,0.48,1.99,49.28
2019-06-29,0.32,28.61,0.32,12.18,4.35,0.37,1.91,49.95
2019-06-30,0.32,28.61,0.32,12.18,4.35,0.37,1.91,49.95
2019-07-01,0.23,29.77,0.39,12.19,4.16,0.4,1.8,49.27
2019-07-02,0.29,29.83,0.43,12.87,4.5,0.41,2.32,47.81
2019-07-03,0.37,30.43,0.4,13.29,4.14,0.27,2.27,46.81
2019-07-04,0.35,28.76,0.51,13.19,4.07,0.29,2.15,48.31
2019-07-05,0.35,28.99,0.53,13.39,4.3,0.28,1.99,47.94
2019-07-06,0.35,29.02,0.53,13.37,4.3,0.28,1.99,47.93
2019-07-07,0.35,29.02,0.53,13.37,4.3,0.28,1.99,47.93
2019-07-08,0.35,30.27,0.58,13.21,4.42,0.32,1.9,47.28
2019-07-09,0.32,30.23,0.61,13.34,4.13,0.31,1.93,47.48
2019-07-10,0.43,29.41,0.59,12.93,4.04,0.46,2.22,48.3
2019-07-11,0.43,28.86,0.49,13.28,4.5,0.46,2.09,47.99
2019-07-12,0.42,29.04,0.46,13.02,4.32,0.48,2.26,48.04
2019-07-13,0.42,29.03,0.46,13.02,4.32,0.48,2.25,48.06
2019-07-14,0.42,29.03,0.46,13.02,4.32,0.48,2.25,48.06
2019-07-15,0.29,28.89,0.68,13.2,3.92,0.51,2.07,48.59
2019-07-16,0.27,28.34,0.69,13.49,3.71,0.55,1.97,49.29
2019-07-17,0.27,28.34,0.69,13.49,3.71,0.55,1.97,49.29
2019-07-18,0.3,28.68,0.76,13.33,3.69,0.55,1.95,49.08
2019-07-19,0.39,28.76,0.49,13.24,3.31,0.5,1.9,49.51
2019-07-20,0.39,28.3,0.47,12.73,3.24,0.59,1.86,50.61
2019-07-21,0.39,28.3,0.47,12.73,3.24,0.59,1.86,50.61
2019-07-22,0.3,27.39,0.55,12.33,3.55,0.43,2.02,51.35
2019-07-23,0.58,27.06,0.54,11.97,3.48,0.42,2.2,51.83
2019-07-24,0.66,27.85,0.47,12.03,3.57,0.34,2.05,51.21
2019-07-25,0.43,28.94,0.5,11.47,2.99,0.28,1.85,51.76
2019-07-26,0.43,29.4,0.39,11.52,3.25,0.23,1.87,50.91
2019-07-27,0.3,29.25,0.39,12.25,3.78,0.23,1.88,49.86
2019-07-28,0.3,29.25,0.39,12.25,3.78,0.23,1.88,49.86
2019-07-29,0.38,29.65,0.38,12.84,4.07,0.19,1.5,48.95
2019-07-30,0.32,29.09,0.35,13.49,4.13,0.2,1.6,48.86
2019-07-31,0.29,29.07,0.43,13.97,4.1,0.16,1.83,48.09
2019-08-01,0.33,28.98,0.39,13.55,3.53,0.25,1.75,49.15
2019-08-02,0.3,28.08,0.55,13.69,3.28,0.29,1.75,49.93
2019-08-03,0.3,28.08,0.55,13.69,3.28,0.29,1.75,49.93
2019-08-04,0.3,28.08,0.55,13.69,3.28,0.29,1.75,49.93
2019-08-05,0.17,29.05,0.56,13.21,3.4,0.31,1.91,49.61
2019-08-06,0.17,29.44,0.61,13.11,3.43,0.36,1.97,49.1
2019-08-07,0.09,29.37,0.52,12.52,3.49,0.39,1.94,49.85
2019-08-08,0.22,29.18,0.66,12.45,3.65,0.42,1.92,49.64
2019-08-09,0.37,28.85,0.7,12.15,3.4,0.42,1.94,50.29
2019-08-10,0.35,29.74,0.81,11.92,3.35,0.47,2.08,49.57
2019-08-11,0.35,29.74,0.81,11.92,3.35,0.47,2.08,49.57
2019-08-12,0.35,29.74,0.81,11.92,3.35,0.47,2.08,49.57
2019-08-13,0.4,29.47,0.89,13.37,2.74,0.48,2.08,48.55
2019-08-14,0.4,29.51,0.89,13.31,2.74,0.48,2.07,48.59
2019-08-15,0.4,29.51,0.89,13.31,2.74,0.48,2.07,48.59
2019-08-16,0.4,29.03,0.9,13.55,2.78,0.41,2.06,49.08
2019-08-17,0.29,29.76,0.73,14.42,3.18,0.4,1.82,47.77
2019-08-18,0.29,29.76,0.73,14.42,3.18,0.4,1.82,47.77
2019-08-19,0.28,29.23,0.52,14.75,3.27,0.44,1.94,47.82
2019-08-20,0.21,29.68,0.48,13.7,3.1,0.46,1.85,48.78
2019-08-21,0.1,29.73,0.57,13.7,2.83,0.39,1.8,48.96
2019-08-22,0.1,29.5,0.6,13.74,2.75,0.41,1.76,49.15
2019-08-23,0.1,29.45,0.64,13.8,2.77,0.44,1.82,48.98
2019-08-24,0.1,29.45,0.64,13.8,2.77,0.44,1.82,48.98
2019-08-25,0.1,29.45,0.64,13.8,2.77,0.44,1.82,48.98
2019-08-26,0.1,29.25,0.67,13.89,2.82,0.46,1.85,49.03
2019-08-27,0.11,28.93,0.68,13.8,2.89,0.46,1.81,49.41
2019-08-28,0.11,28.85,0.7,13.73,2.94,0.51,1.85,49.43
2019-08-29,0.09,28.45,0.8,13.52,2.59,0.78,2.09,49.6
2019-08-30,0.16,29.02,0.82,13.23,2.78,0.9,2.08,48.97
2019-08-31,0.16,28.52,0.82,13.34,2.8,0.93,2.06,49.17
2019-09-01,0.16,28.52,0.82,13.34,2.8,0.93,2.06,49.17
2019-09-02,0.16,28.52,0.82,13.34,2.8,0.93,2.06,49.17
2019-09-03,0.16,28.54,0.86,13.36,2.95,0.91,2.04,49.04
2019-09-04,0.15,28.45,0.86,13.42,2.83,0.86,2.07,49.19
2019-09-05,0.15,28.3,0.85,13.34,2.92,0.83,2.05,49.32
2019-09-06,0.16,28.33,0.88,13.35,2.83,0.81,1.83,49.59
2019-09-07,0.16,28.32,0.86,13.22,2.75,0.9,1.85,49.73
2019-09-08,0.16,28.32,0.86,13.22,2.75,0.9,1.85,49.73
2019-09-09,0.17,28.28,0.84,13.26,2.65,0.88,1.9,49.9
2019-09-10,0.17,28.25,0.84,13.3,2.64,0.88,1.9,49.9
2019-09-11,0.17,28.13,0.82,13.28,2.67,0.88,1.88,49.98
2019-09-12,0.16,28.15,0.81,13.27,2.68,0.82,1.85,50.09
2019-09-13,0.22,28.26,0.77,13.23,2.74,0.8,1.83,50.04
2019-09-14,0.22,28.37,0.76,13.11,2.77,0.81,1.86,49.99
2019-09-15,0.22,28.37,0.76,13.11,2.77,0.81,1.86,49.99
2019-09-16,0.2,28.24,0.77,13.18,2.73,0.78,1.91,50.12
2019-09-17,0.2,28.35,0.77,13.24,2.74,0.69,1.85,50.13
2019-09-18,0.2,28.29,0.8,13.29,2.72,0.65,1.81,50.16
2019-09-19,0.24,28.63,0.79,13.77,2.47,0.62,1.96,49.0
2019-09-20,0.22,28.7,0.74,12.99,2.82,0.52,2.1,49.25
2019-09-21,0.2,29.72,0.76,12.82,2.71,0.56,2.1,48.85
2019-09-22,0.2,29.72,0.76,12.82,2.71,0.56,2.1,48.85
2019-09-23,0.2,29.75,0.78,12.6,2.7,0.53,2.05,49.08
2019-09-24,0.18,30.16,0.77,12.58,2.62,0.51,2.05,48.83
2019-09-25,0.2,30.4,0.75,12.5,2.65,0.54,2.03,48.71
2019-09-26,0.21,30.51,0.74,12.29,2.62,0.54,2.01,48.86
2019-09-27,0.28,30.82,0.87,12.19,3.33,0.43,1.92,48.26
2019-09-28,0.28,30.82,0.87,12.19,3.33,0.43,1.92,48.26
2019-09-29,0.28,30.82,0.87,12.19,3.33,0.43,1.92,48.26
2019-09-30,0.26,31.24,0.85,11.89,3.1,0.32,1.93,48.53
2019-10-01,0.26,31.33,0.84,11.99,3.09,0.33,2.0,48.27
2019-10-02,0.26,31.33,0.84,11.99,3.09,0.33,2.0,48.27
2019-10-03,0.26,31.3,0.84,11.84,3.09,0.33,2.01,48.41
2019-10-04,0.24,31.35,0.81,12.06,3.29,0.36,2.02,48.2
2019-10-05,0.3,29.33,0.8,13.1,2.71,0.33,2.09,49.3
2019-10-06,0.3,29.33,0.8,13.1,2.71,0.33,2.09,49.3
2019-10-07,0.28,28.93,0.86,13.6,2.75,0.31,1.87,49.28
2019-10-08,0.28,28.93,0.86,13.6,2.75,0.31,1.87,49.28
2019-10-09,0.27,28.82,0.84,13.65,2.7,0.31,1.87,49.44
2019-10-10,0.27,28.91,0.83,13.71,2.7,0.31,1.87,49.31
2019-10-11,0.21,28.58,0.77,13.96,2.8,0.38,1.63,49.68
2019-10-12,0.18,29.09,0.81,14.03,2.96,0.35,1.8,48.78
2019-10-13,0.18,29.09,0.81,14.03,2.96,0.35,1.8,48.78
2019-10-14,0.2,28.95,0.82,14.07,2.93,0.32,1.76,48.88
2019-10-15,0.17,28.71,0.82,13.96,2.94,0.35,1.74,49.18
2019-10-16,0.16,28.49,0.82,14.04,3.1,0.35,1.76,49.26
2019-10-17,0.16,28.41,0.83,14.06,3.07,0.36,1.75,49.3
2019-10-18,0.16,28.42,0.78,13.92,3.14,0.36,1.63,49.59
2019-10-19,0.15,28.08,0.7,13.46,3.15,0.26,1.75,50.55
2019-10-20,0.15,28.08,0.7,13.46,3.15,0.26,1.75,50.55
2019-10-21,0.16,28.11,0.7,13.44,3.16,0.26,1.73,50.57
2019-10-22,0.18,27.96,0.6,13.21,3.33,0.25,1.68,50.99
2019-10-23,0.16,27.97,0.6,13.24,3.29,0.27,1.65,50.97
2019-10-24,0.16,27.92,0.59,13.19,3.26,0.27,1.65,51.11
2019-10-25,0.16,27.92,0.59,13.12,3.34,0.27,1.66,51.09
2019-10-26,0.16,27.92,0.59,13.12,3.34,0.27,1.66,51.09
2019-10-27,0.16,27.92,0.59,13.12,3.34,0.27,1.66,51.09
2019-10-28,0.16,27.92,0.59,13.12,3.34,0.27,1.66,51.09
2019-10-29,0.16,27.92,0.59,13.12,3.34,0.27,1.66,51.09
2019-10-30,0.16,27.98,0.59,12.87,3.34,0.27,1.65,51.3
2019-10-31,0.3,28.0,0.56,13.09,3.58,0.27,1.58,50.85
2019-11-01,0.37,28.99,0.6,12.39,3.63,0.34,1.85,50.25
2019-11-02,0.5,29.1,0.54,12.46,3.65,0.34,1.79,50.0
2019-11-03,0.49,29.69,0.42,12.39,3.67,0.34,1.72,49.61
2019-11-04,0.61,29.91,0.56,12.26,3.58,0.41,1.8,49.41
2019-11-05,0.43,29.81,0.55,11.89,3.34,0.41,1.81,50.16
2019-11-06,0.46,29.65,0.57,11.71,3.41,0.37,1.86,50.24
2019-11-07,0.48,30.19,0.56,11.78,3.45,0.37,1.82,49.76
2019-11-08,0.49,30.75,0.56,11.52,3.34,0.38,1.78,49.42
2019-11-09,0.49,30.54,0.56,11.52,3.31,0.38,1.87,49.55
2019-11-10,0.5,30.31,0.56,11.52,3.31,0.38,1.86,49.77
2019-11-11,0.51,30.27,0.6,11.6,3.28,0.36,1.82,49.69
2019-11-12,0.5,30.29,0.6,11.52,3.36,0.36,1.83,49.56
2019-11-13,0.52,30.44,0.59,12.03,3.13,0.33,1.7,49.44
2019-11-14,0.55,30.42,0.54,12.32,3.12,0.33,1.75,48.82
2019-11-15,0.37,30.41,0.54,12.75,3.17,0.38,1.85,48.53
2019-11-16,0.39,30.2,0.48,12.8,3.0,0.37,1.86,48.83
2019-11-17,0.4,30.0,0.47,12.76,3.13,0.32,1.9,48.77
2019-11-18,0.4,30.22,0.5,12.39,3.05,0.28,1.9,48.95
2019-11-19,0.38,30.51,0.47,12.11,3.08,0.25,1.97,48.99
2019-11-20,0.42,30.24,0.49,12.02,3.07,0.26,1.9,49.22
2019-11-21,0.45,30.17,0.49,12.27,2.9,0.23,1.85,49.21
2019-11-22,0.43,30.3,0.49,12.33,2.93,0.25,1.81,49.04
2019-11-23,0.45,30.93,0.45,12.43,2.88,0.26,1.72,48.45
2019-11-24,0.44,30.64,0.46,12.82,2.78,0.26,1.68,48.55
2019-11-25,0.43,29.79,0.45,13.0,2.89,0.26,1.67,49.26
2019-11-26,0.46,30.27,0.45,12.72,2.65,0.28,1.64,49.28
2019-11-27,0.46,30.35,0.47,12.71,2.69,0.28,1.73,49.53
2019-11-28,0.43,30.58,0.49,12.81,2.74,0.26,1.81,49.1
2019-11-29,0.36,30.18,0.57,12.99,2.95,0.28,2.08,48.32
2019-11-30,0.33,29.69,0.73,12.94,3.02,0.25,2.21,48.37
2019-12-01,0.33,29.36,0.74,12.94,3.03,0.25,2.23,48.61
2019-12-02,0.22,29.35,0.67,13.08,3.07,0.29,2.14,48.57
2019-12-03,0.22,29.33,0.73,12.84,2.95,0.27,2.25,48.75
2019-12-04,0.24,29.18,0.68,12.97,2.93,0.28,2.33,49.12
2019-12-05,0.23,28.45,0.71,13.28,2.91,0.25,2.06,49.83
2019-12-06,0.23,28.39,0.95,13.21,2.95,0.32,2.08,49.65
2019-12-07,0.23,28.86,0.68,13.15,3.09,0.34,2.11,49.23
2019-12-08,0.23,29.11,0.65,13.06,2.99,0.34,1.96,49.21
2019-12-09,0.23,28.59,0.65,13.24,2.99,0.37,1.93,49.54
2019-12-10,0.27,28.79,0.61,13.25,3.02,0.34,1.91,49.31
2019-12-11,0.19,28.77,0.62,13.75,2.9,0.37,1.95,49.08
2019-12-12,0.12,28.76,0.63,13.58,2.92,0.36,1.91,49.35
2019-12-13,0.12,29.04,0.64,13.32,2.97,0.32,1.99,49.22
2019-12-14,0.12,28.85,0.64,13.12,3.23,0.33,1.94,49.43
2019-12-15,0.14,28.54,0.66,13.48,3.25,0.43,1.78,49.51
2019-12-16,0.14,28.4,0.69,13.79,3.37,0.44,1.77,49.25
2019-12-17,0.14,28.63,0.7,13.85,3.36,0.45,1.76,48.85
2019-12-18,0.2,29.3,0.7,13.27,3.35,0.45,1.78,48.66
2019-12-19,0.2,29.08,0.78,13.16,3.31,0.42,1.79,48.82
2019-12-20,0.2,29.34,0.78,13.18,3.27,0.42,1.89,48.62
2019-12-21,0.18,29.62,0.77,12.42,3.22,0.42,1.88,48.92
2019-12-22,0.21,30.04,0.72,12.09,3.25,0.43,1.85,48.84
2019-12-23,0.2,30.14,0.72,12.0,3.23,0.37,1.75,49.12
2019-12-24,0.2,30.38,0.74,11.84,3.13,0.38,1.94,48.79
2019-12-25,0.34,30.14,0.71,12.06,3.2,0.37,1.91,48.76
2019-12-26,0.35,30.46,0.71,12.51,2.86,0.38,1.87,48.47
2019-12-27,0.35,30.46,1.16,12.58,2.8,0.4,1.9,48.26
2019-12-28,0.35,30.17,1.17,12.49,3.01,0.43,1.93,48.27
2019-12-29,0.37,30.15,1.11,12.27,3.09,0.43,1.89,48.46
2019-12-30,0.59,30.59,1.09,12.48,3.29,0.38,1.81,47.27
2019-12-31,0.55,30.12,1.24,12.99,3.5,0.36,1.93,46.75
2020-01-01,0.54,30.16,1.21,13.05,3.48,0.36,2.03,46.62
2020-01-02,0.6,29.99,1.22,13.22,3.48,0.36,1.93,46.67
2020-01-03,0.61,29.84,1.17,13.44,3.56,0.32,1.89,46.67
2020-01-04,0.77,29.2,1.21,13.21,3.41,0.32,2.24,47.11
2020-01-05,0.77,29.23,1.21,13.06,3.5,0.3,2.22,47.27
2020-01-06,0.83,28.97,1.2,12.82,3.86,0.31,2.28,47.31
2020-01-07,0.74,29.76,0.75,12.87,3.86,0.34,2.43,46.95
2020-01-08,0.72,29.86,0.72,12.99,3.92,0.39,2.56,46.45
2020-01-09,0.54,29.9,0.71,13.19,4.04,0.36,2.6,46.29
2020-01-10,0.53,30.35,0.65,13.4,3.7,0.34,2.54,46.35
2020-01-11,0.53,30.15,0.64,13.23,3.67,0.34,2.59,46.85
2020-01-12,0.5,29.92,0.45,13.63,3.49,0.35,2.62,47.05
2020-01-13,0.51,29.45,0.44,13.26,3.39,0.34,2.55,47.91
2020-01-14,0.51,29.46,0.41,12.75,3.42,0.33,2.56,48.44
2020-01-15,0.53,29.19,0.43,12.96,3.46,0.34,2.56,48.59
2020-01-16,0.53,29.56,0.39,12.51,3.42,0.32,2.6,48.66
2020-01-17,0.52,29.26,0.37,12.7,3.54,0.32,2.42,48.83
2020-01-18,0.33,29.41,0.37,12.84,3.58,0.31,2.25,48.79
2020-01-19,0.31,29.89,0.36,12.65,3.76,0.3,2.39,48.25
2020-01-20,0.35,29.43,0.38,12.79,3.68,0.24,2.4,48.63
2020-01-21,0.32,29.42,0.38,12.54,3.78,0.25,2.16,49.06
2020-01-22,0.33,29.66,0.38,12.44,3.73,0.25,2.27,48.92
2020-01-23,0.33,29.55,0.37,12.06,3.63,0.24,2.12,49.62
2020-01-24,0.34,29.42,0.37,11.97,3.7,0.24,2.2,49.53
2020-01-25,0.31,29.86,0.42,11.87,3.5,0.25,2.12,49.42
2020-01-26,0.4,29.73,0.42,11.9,3.52,0.25,2.08,49.39
2020-01-27,0.4,29.75,0.41,12.33,3.63,0.22,1.99,48.84
2020-01-28,0.42,29.9,0.37,11.73,3.64,0.22,1.87,49.4
2020-01-29,0.52,29.92,0.42,11.9,3.6,0.19,1.89,49.13
2020-01-30,0.54,29.5,0.41,12.02,3.59,0.19,1.88,49.38
2020-01-31,0.57,29.56,0.39,11.94,3.53,0.16,1.84,49.52
2020-02-01,0.57,29.65,0.38,12.06,3.42,0.17,1.85,49.43
2020-02-02,0.57,29.65,0.38,12.06,3.42,0.17,1.85,49.43
2020-02-03,0.57,29.65,0.38,12.06,3.42,0.17,1.85,49.43
2020-02-04,0.61,29.7,0.37,12.17,3.41,0.17,1.81,49.31
2020-02-05,0.61,29.75,0.35,12.21,3.32,0.17,1.82,49.01
2020-02-06,0.66,29.5,0.67,12.11,3.15,0.17,1.61,49.21
2020-02-07,0.73,29.82,0.73,12.6,3.15,0.14,1.64,48.06
2020-02-08,0.73,29.75,0.73,12.6,3.15,0.14,1.69,48.14
2020-02-09,0.73,29.75,0.73,12.6,3.15,0.14,1.69,48.14
2020-02-10,0.65,30.87,0.72,12.75,3.17,0.08,1.56,47.09
2020-02-11,0.6,29.85,0.26,12.41,3.33,0.1,1.59,49.35
2020-02-12,0.53,29.63,0.35,13.13,3.55,0.1,1.81,48.31
2020-02-13,0.57,29.54,0.35,12.73,3.72,0.1,2.05,48.31
2020-02-14,0.62,30.3,0.28,12.59,3.63,0.11,2.0,47.8
2020-02-15,0.52,30.26,0.28,11.8,4.29,0.11,2.06,47.93
2020-02-16,0.52,30.26,0.28,11.8,4.29,0.11,2.06,47.93
2020-02-17,0.46,29.83,0.25,11.58,4.36,0.11,2.01,48.7
2020-02-18,0.43,30.3,0.23,11.2,4.36,0.1,1.93,48.52
2020-02-19,0.5,30.51,0.24,11.31,3.95,0.09,1.94,48.12
2020-02-20,0.54,30.55,0.25,11.5,4.05,0.09,2.01,47.82
2020-02-21,0.54,30.55,0.25,11.5,4.05,0.09,2.01,47.82
2020-02-22,0.58,30.66,0.27,11.37,4.35,0.09,1.96,47.54
2020-02-23,0.58,30.66,0.27,11.37,4.35,0.09,1.96,47.54
2020-02-24,0.46,30.91,0.28,11.11,4.24,0.09,2.01,47.53
2020-02-25,0.35,30.13,0.26,10.89,4.32,0.12,2.0,48.66
2020-02-26,0.33,30.68,0.21,11.43,4.1,0.12,1.98,47.91
2020-02-27,0.34,30.61,0.2,11.54,3.86,0.14,2.09,48.18
2020-02-28,0.33,30.92,0.29,11.5,3.9,0.13,1.93,48.27
2020-02-29,0.3,31.1,0.29,11.54,3.75,0.13,2.01,48.42
2020-03-01,0.3,31.1,0.29,11.54,3.75,0.13,2.01,48.42
2020-03-02,0.5,29.42,0.29,11.34,3.56,0.13,2.04,50.08
2020-03-03,0.52,29.38,0.31,11.26,3.44,0.13,2.14,50.12
2020-03-04,0.56,29.18,0.3,11.36,3.46,0.12,2.22,50.07
2020-03-05,0.57,29.16,0.31,11.34,3.51,0.12,2.22,49.99
2020-03-06,0.58,29.37,0.31,11.24,3.35,0.12,2.19,50.03
2020-03-07,0.58,29.68,0.31,11.24,3.33,0.12,2.17,49.73
2020-03-08,0.58,29.68,0.31,11.24,3.33,0.12,2.17,49.73
2020-03-09,0.58,29.7,0.3,11.19,3.4,0.12,2.17,49.72
2020-03-10,0.58,29.7,0.3,11.19,3.4,0.12,2.17,49.72
2020-03-11,0.58,29.7,0.3,11.19,3.4,0.12,2.17,49.72
2020-03-12,0.58,29.8,0.3,11.04,3.4,0.12,2.15,49.75
2020-03-13,0.58,29.85,0.31,10.97,3.44,0.12,2.15,49.74
2020-03-14,0.58,29.98,0.33,11.02,3.3,0.12,2.16,49.55
2020-03-15,0.58,29.98,0.33,11.02,3.3,0.12,2.16,49.55
2020-03-16,0.58,30.02,0.33,11.03,3.35,0.12,2.14,49.51
2020-03-17,0.57,29.81,0.41,11.05,3.23,0.06,2.14,49.84
2020-03-18,0.58,30.14,0.39,11.31,3.06,0.05,1.76,49.96
2020-03-19,0.55,30.53,0.38,11.51,3.18,0.05,1.63,49.39
2020-03-20,0.57,30.58,0.37,11.7,3.16,0.08,1.32,49.4
2020-03-21,0.6,30.88,0.3,11.86,3.11,0.08,1.35,49.19
2020-03-22,0.6,30.88,0.3,11.86,3.11,0.08,1.35,49.19
2020-03-23,0.36,31.48,0.25,12.03,2.76,0.08,1.52,49.28
2020-03-24,0.35,32.41,0.23,11.57,2.78,0.09,1.73,48.53
2020-03-25,0.35,32.41,0.23,11.57,2.78,0.09,1.73,48.53
2020-03-26,0.35,32.41,0.23,11.57,2.78,0.09,1.73,48.53
2020-03-27,0.34,32.95,0.24,11.22,2.95,0.1,1.7,48.44
2020-03-28,0.28,32.57,0.24,10.73,3.09,0.09,1.56,49.35
2020-03-29,0.28,32.58,0.24,10.73,3.09,0.09,1.56,49.34
2020-03-30,0.28,34.03,0.24,9.81,2.93,0.07,1.66,48.97
2020-03-31,0.34,33.89,0.22,9.39,2.89,0.08,1.67,49.48
2020-04-01,0.31,34.43,0.17,8.27,2.89,0.11,1.74,50.29
2020-04-02,0.31,32.64,0.13,8.6,3.06,0.11,1.58,51.05
2020-04-03,0.32,32.94,0.15,7.53,3.09,0.11,1.6,51.81
2020-04-04,0.32,32.94,0.15,7.53,3.09,0.11,1.6,51.81
2020-04-05,0.32,32.94,0.15,7.53,3.09,0.11,1.6,51.81
2020-04-06,0.32,32.94,0.15,7.53,3.09,0.11,1.6,51.81
2020-04-07,0.31,32.66,0.16,8.02,3.15,0.11,1.73,51.37
2020-04-08,0.79,31.17,0.16,7.57,2.9,0.09,2.05,52.75
2020-04-09,0.79,31.14,0.16,7.59,2.91,0.09,2.02,52.77
2020-04-10,0.78,31.15,0.16,7.6,2.9,0.09,2.0,52.8
2020-04-11,0.78,31.15,0.16,7.6,2.9,0.09,2.0,52.8
2020-04-12,0.82,31.83,0.16,7.46,2.7,0.09,1.93,52.66
2020-04-13,0.94,31.11,0.14,7.47,2.56,0.04,2.04,53.55
2020-04-14,0.96,30.32,0.14,7.29,2.54,0.05,1.82,54.63
2020-04-15,0.43,29.64,0.19,7.93,2.73,0.05,1.83,55.25
2020-04-16,0.44,28.85,0.2,7.86,2.61,0.04,1.66,56.12
2020-04-17,0.35,29.48,0.21,7.32,2.63,0.04,1.7,55.99
2020-04-18,0.4,29.85,0.23,7.64,2.59,0.04,1.43,55.47
2020-04-19,0.4,29.85,0.23,7.64,2.59,0.04,1.43,55.47
2020-04-20,0.4,30.48,0.19,7.5,2.51,0.08,1.59,54.96
2020-04-21,0.39,29.89,0.18,7.43,2.7,0.1,1.55,55.56
2020-04-22,0.27,30.19,0.11,7.41,2.84,0.1,1.85,54.91
2020-04-23,0.19,28.98,0.15,8.12,3.05,0.13,1.8,55.26
2020-04-24,0.15,28.42,0.15,7.7,3.73,0.12,1.85,55.87
2020-04-25,0.14,26.94,0.16,8.2,4.29,0.12,1.86,56.52
2020-04-26,0.14,28.21,0.18,7.56,4.35,0.11,2.04,55.54
2020-04-27,0.16,28.1,0.26,8.44,4.71,0.07,1.99,54.12
2020-04-28,0.16,27.68,0.26,8.28,4.45,0.08,2.41,54.45
2020-04-29,0.17,28.16,0.28,7.25,4.72,0.03,2.83,54.51
2020-04-30,0.21,28.68,0.29,7.4,4.15,0.03,2.6,54.58
2020-05-01,0.36,28.89,0.29,7.43,3.93,0.03,2.24,54.72
2020-05-02,0.28,30.44,0.26,7.52,3.31,0.03,2.11,53.69
2020-05-03,0.24,30.31,0.26,7.92,3.67,0.03,2.03,53.11
2020-05-04,0.26,30.83,0.26,7.69,3.24,0.03,2.02,53.19
2020-05-05,0.25,30.57,0.21,7.99,2.6,0.01,2.24,53.73
2020-05-06,0.31,31.02,0.26,7.9,2.59,0.09,1.64,53.83
2020-05-07,0.33,30.81,0.28,8.1,2.51,0.08,1.61,53.96
2020-05-08,0.3,31.58,0.18,7.7,2.52,0.08,1.64,53.75
2020-05-09,0.3,31.28,0.2,7.92,2.56,0.07,1.7,53.76
2020-05-10,0.3,31.43,0.2,7.92,2.73,0.08,1.79,53.67
2020-05-11,0.28,31.31,0.19,7.66,2.7,0.1,1.91,53.95
2020-05-12,0.3,31.19,0.19,7.6,2.7,0.1,1.86,54.24
2020-05-13,0.3,30.7,0.19,7.94,2.59,0.1,1.81,54.52
2020-05-14,0.3,30.9,0.17,8.32,2.69,0.17,1.9,53.74
2020-05-15,0.27,31.51,0.17,8.49,2.69,0.2,1.6,53.06
2020-05-16,0.18,31.33,0.17,8.53,2.61,0.22,1.58,53.33
2020-05-17,0.21,31.72,0.16,8.26,2.33,0.22,1.57,53.6
2020-05-18,0.21,31.04,0.6,8.29,2.45,0.22,1.53,53.73
2020-05-19,0.19,29.75,0.78,8.94,2.4,0.22,1.65,54.11
2020-05-20,0.19,31.15,0.67,8.95,2.35,0.21,1.59,52.44
2020-05-21,0.22,31.78,0.55,8.47,2.4,0.21,1.55,52.53
2020-05-22,0.25,32.33,0.6,8.13,2.47,0.13,1.74,51.99
2020-05-23,0.26,32.35,0.61,8.02,2.47,0.13,1.7,52.13
2020-05-24,0.26,33.07,0.58,7.78,2.53,0.12,1.86,51.58
2020-05-25,0.29,32.29,0.51,7.94,2.47,0.1,1.87,52.34
2020-05-26,0.44,33.25,0.13,8.14,2.39,0.09,1.89,51.43
2020-05-27,0.43,32.44,0.13,8.57,2.48,0.07,1.84,51.95
2020-05-28,0.42,32.7,0.13,8.66,2.48,0.07,1.84,52.03
2020-05-29,0.43,32.87,0.27,8.31,2.46,0.07,1.89,51.99
2020-05-30,0.43,32.49,0.24,8.16,2.63,0.07,1.95,52.34
2020-05-31,0.44,32.65,0.31,8.18,2.61,0.06,1.93,52.09
2020-06-01,0.44,33.03,0.31,8.15,2.47,0.06,1.92,51.95
2020-06-02,0.45,32.87,0.31,8.57,2.61,0.06,1.99,51.59
2020-06-03,0.5,32.33,0.3,8.39,2.74,0.03,1.9,52.36
2020-06-04,0.49,32.33,0.32,8.0,2.79,0.0,1.83,52.84
2020-06-05,0.49,32.16,0.33,8.01,3.04,0.0,2.13,52.51
2020-06-06,0.43,33.26,0.32,7.99,3.08,0.0,1.92,51.52
2020-06-07,0.42,33.16,0.37,8.04,2.95,0.0,1.82,51.74
2020-06-08,0.39,33.61,0.32,7.88,2.62,0.0,1.79,51.78
2020-06-09,0.4,34.25,0.32,7.92,2.7,0.0,1.72,51.19
2020-06-10,0.37,35.11,0.32,7.77,2.73,0.0,1.65,50.47
2020-06-11,0.36,35.93,0.34,7.84,2.78,0.0,1.55,49.56
2020-06-12,0.23,36.2,0.33,8.5,2.69,0.0,1.47,48.77
2020-06-13,0.25,36.53,0.23,8.7,2.5,0.0,1.58,48.39
2020-06-14,0.23,36.68,0.24,8.72,2.45,0.0,1.53,48.27
2020-06-15,0.21,37.0,0.22,8.55,2.56,0.0,1.54,47.87
2020-06-16,0.22,37.24,0.23,8.56,2.44,0.0,1.52,47.81
2020-06-17,0.21,37.67,0.23,8.41,2.36,0.01,1.48,47.72
2020-06-18,0.27,36.47,0.22,8.71,2.1,0.01,1.6,48.72
2020-06-19,0.33,35.49,0.22,9.65,2.08,0.01,1.52,48.89
2020-06-20,0.35,34.87,0.22,9.74,2.1,0.01,1.52,49.5
2020-06-21,0.33,34.7,0.22,9.66,2.32,0.01,1.46,49.65
2020-06-22,0.34,34.12,0.22,9.6,2.31,0.01,1.46,50.19
2020-06-23,0.34,34.09,0.22,9.57,2.31,0.01,1.49,50.22
2020-06-24,0.34,34.45,0.22,9.56,2.25,0.01,1.46,49.88
2020-06-25,0.35,34.27,0.24,8.84,2.29,0.01,1.5,50.85
2020-06-26,0.34,33.21,0.26,8.92,2.22,0.01,1.43,51.81
2020-06-27,0.33,33.36,0.26,9.05,2.22,0.01,1.43,51.39
2020-06-28,0.55,33.79,0.18,8.72,2.4,0.33,1.55,50.73
2020-06-29,0.56,33.84,0.18,8.57,2.68,0.33,1.53,50.65
2020-06-30,0.54,33.95,0.2,8.74,2.77,0.33,1.49,50.26
2020-07-01,0.5,34.0,0.2,8.74,2.76,0.33,1.46,50.32
2020-07-02,0.5,34.2,0.2,8.71,2.75,0.33,1.46,50.19
2020-07-03,0.47,34.33,0.2,8.76,2.67,0.32,1.5,50.15
2020-07-04,0.46,34.6,0.22,8.74,2.74,0.32,1.52,49.85
2020-07-05,0.44,34.56,0.2,8.51,2.7,0.29,1.46,50.25
2020-07-06,0.39,34.87,0.2,8.43,2.65,0.35,1.43,50.16
2020-07-07,0.44,36.09,0.2,8.35,2.62,0.35,1.53,48.92
2020-07-08,0.46,36.44,0.21,7.93,2.91,0.39,1.58,48.62
2020-07-09,0.46,36.27,0.21,7.7,2.92,0.41,1.61,48.97
2020-07-10,0.43,36.33,0.23,7.64,2.88,0.41,1.58,48.94
2020-07-11,0.45,36.33,0.23,7.97,2.8,0.41,1.59,48.62
2020-07-12,0.45,36.44,0.23,7.94,3.02,0.41,1.64,48.31
2020-07-13,0.44,36.96,0.24,7.91,3.02,0.41,1.66,47.76
2020-07-14,0.44,37.03,0.25,7.95,3.01,0.41,1.58,47.73
2020-07-15,0.44,36.98,0.24,7.71,2.97,0.41,1.53,48.13
2020-07-16,0.45,36.86,0.28,7.64,3.12,0.01,1.47,48.61
2020-07-17,0.44,38.23,0.24,7.98,2.57,0.01,1.39,47.37
2020-07-18,0.46,38.78,0.24,8.09,2.57,0.01,1.44,46.66
2020-07-19,0.46,39.06,0.24,8.01,2.54,0.01,1.36,46.56
2020-07-20,0.44,39.94,0.24,7.7,2.37,0.01,1.31,46.27
2020-07-21,0.48,39.97,0.23,7.87,2.34,0.01,1.11,46.28
2020-07-22,0.49,40.19,0.26,7.98,2.23,0.01,1.31,45.92
2020-07-23,0.49,40.55,0.25,7.9,2.16,0.01,1.2,45.67
2020-07-24,0.46,40.76,0.24,7.94,2.16,0.01,1.26,45.34
2020-07-25,0.45,40.54,0.21,7.56,1.97,0.01,1.23,45.9
2020-07-26,0.45,40.54,0.21,7.56,1.97,0.01,1.23,45.9
2020-07-27,0.44,40.22,0.18,7.73,2.07,0.01,1.29,46.14
2020-07-28,0.29,40.87,0.21,7.91,2.1,0.04,0.92,45.57
2020-07-29,0.36,40.43,0.16,7.98,1.86,0.04,0.92,46.08
2020-07-30,0.37,40.48,0.16,7.97,1.66,0.04,0.88,46.22
2020-07-31,0.34,40.73,0.16,8.19,2.04,0.04,1.01,45.7
2020-08-01,0.32,39.55,0.2,7.73,2.01,0.04,1.03,47.22
2020-08-02,0.34,38.74,0.2,8.03,2.02,0.06,1.02,47.65
2020-08-03,0.34,38.74,0.2,8.03,2.02,0.06,1.02,47.65
2020-08-04,0.37,38.68,0.23,7.93,1.99,0.06,1.04,47.81
2020-08-05,0.37,38.3,0.29,7.72,1.95,0.06,0.98,48.39
2020-08-06,0.37,38.29,0.29,7.63,1.91,0.06,0.96,48.44
2020-08-07,0.36,38.44,0.29,7.48,1.82,0.06,0.96,48.49
2020-08-08,0.34,38.35,0.32,7.44,2.02,0.06,0.96,48.4
2020-08-09,0.34,38.35,0.32,7.44,2.02,0.06,0.96,48.4
2020-08-10,0.37,38.27,0.28,7.46,2.01,0.06,0.96,48.38
2020-08-11,0.39,38.1,0.3,7.35,2.08,0.06,0.96,48.54
2020-08-12,0.4,37.73,0.31,7.71,2.08,0.06,0.88,48.47
2020-08-13,0.4,36.79,0.32,8.0,2.02,0.06,0.97,49.18
2020-08-14,0.39,35.8,0.77,8.42,1.85,0.06,0.85,49.53
2020-08-15,0.4,35.77,0.77,8.13,1.85,0.06,0.86,49.81
2020-08-16,0.41,35.77,0.78,8.21,1.81,0.06,0.86,49.77
2020-08-17,0.66,35.35,0.79,8.63,2.01,0.06,0.93,49.29
2020-08-18,0.61,35.52,0.78,8.4,2.02,0.09,1.02,49.48
2020-08-19,0.62,35.41,0.78,8.62,2.04,0.09,0.99,49.44
2020-08-20,0.64,36.05,0.77,8.45,2.16,0.1,1.05,48.99
2020-08-21,0.48,35.97,0.71,9.24,2.33,0.09,1.34,47.83
2020-08-22,0.45,35.99,0.67,9.0,2.38,0.09,1.39,47.97
2020-08-23,0.44,35.99,0.67,8.99,2.39,0.09,1.39,47.94
2020-08-24,0.45,36.33,0.63,9.0,2.43,0.09,1.31,47.8
2020-08-25,0.46,35.96,0.64,9.07,2.42,0.09,1.32,47.92
2020-08-26,0.46,36.85,0.37,8.9,2.6,0.09,1.38,47.28
2020-08-27,0.49,37.43,0.34,9.04,2.77,0.09,1.35,46.44
2020-08-28,0.46,37.44,0.34,9.54,2.58,0.08,1.33,46.2
2020-08-29,0.46,37.55,0.29,9.67,2.59,0.08,1.29,45.93
2020-08-30,0.44,37.63,0.29,9.71,2.53,0.08,1.24,45.91
2020-08-31,0.36,38.17,0.24,9.33,2.54,0.09,1.3,46.04
2020-09-01,0.33,38.7,0.16,8.92,2.24,0.07,1.2,46.33
2020-09-02,0.29,38.68,0.16,8.88,2.36,0.08,1.18,46.06
2020-09-03,0.31,37.24,0.3,9.21,2.63,0.08,0.98,46.76
2020-09-04,0.34,35.86,0.45,9.14,2.75,0.09,0.97,47.66
2020-09-05,0.39,35.57,0.48,8.93,2.86,0.08,0.99,47.97
2020-09-06,0.36,35.43,0.48,8.94,2.81,0.08,0.98,48.16
2020-09-07,0.52,35.29,0.48,8.51,3.09,0.12,1.17,48.06
2020-09-08,0.55,34.46,0.48,8.48,2.99,0.13,1.19,48.99
2020-09-09,0.54,34.45,0.48,8.58,3.11,0.13,1.21,48.9
2020-09-10,0.54,34.68,0.47,8.33,3.05,0.13,1.23,48.98
2020-09-11,0.55,35.1,0.47,8.45,3.02,0.13,1.27,48.42
2020-09-12,0.53,34.11,0.47,8.95,3.04,0.13,1.33,48.62
2020-09-13,0.53,34.21,0.48,9.03,2.96,0.13,1.34,48.5
2020-09-14,0.53,34.04,0.47,9.08,3.02,0.13,1.32,48.59
2020-09-15,0.51,34.27,0.47,9.23,3.03,0.1,1.3,48.16
2020-09-16,0.51,34.4,0.44,9.21,3.02,0.1,1.23,48.08
2020-09-17,0.51,34.14,0.43,9.3,3.03,0.1,1.13,48.22
2020-09-18,0.54,34.14,0.45,9.49,3.06,0.1,1.1,48.04
2020-09-19,0.58,34.03,0.45,9.47,3.02,0.1,1.11,48.01
2020-09-20,0.56,34.01,0.46,9.38,3.03,0.1,1.12,48.03
2020-09-21,0.63,34.17,0.47,9.62,3.07,0.1,1.08,47.68
2020-09-22,0.59,34.1,0.45,9.6,2.98,0.12,1.07,47.98
2020-09-23,0.61,33.78,0.44,9.59,2.98,0.12,1.03,48.37
2020-09-24,0.64,33.77,0.47,9.63,3.01,0.12,1.03,48.3
2020-09-25,0.61,33.83,0.46,9.49,3.01,0.12,1.01,48.29
2020-09-26,0.59,33.36,0.42,9.13,2.66,0.12,1.02,49.7
2020-09-27,0.6,33.31,0.41,9.05,2.58,0.12,1.01,49.97
2020-09-28,0.6,33.34,0.43,9.03,2.7,0.12,1.1,49.8
2020-09-29,0.65,33.11,0.38,9.36,2.61,0.12,0.97,49.98
2020-09-30,0.67,32.75,0.32,9.53,2.53,0.14,1.01,50.42
2020-10-01,0.62,32.22,0.31,9.48,2.58,0.15,1.02,50.74
2020-10-02,0.61,32.13,0.31,9.47,2.61,0.15,1.01,50.83
2020-10-03,0.49,32.31,0.45,9.47,2.61,0.15,1.01,50.54
2020-10-04,0.49,32.23,0.45,9.47,2.64,0.15,0.97,50.64
2020-10-05,0.52,32.09,0.46,9.48,2.68,0.15,0.99,50.74
2020-10-06,0.55,32.19,0.44,9.63,2.58,0.11,0.94,50.74
2020-10-07,0.54,31.59,0.37,9.7,2.57,0.14,0.87,51.3
2020-10-08,0.53,32.0,0.3,9.39,2.78,0.14,0.87,50.74
2020-10-09,0.77,32.13,0.33,9.07,2.84,0.14,0.88,50.63
2020-10-10,0.74,32.04,0.34,9.17,3.35,0.13,1.06,49.93
2020-10-11,0.75,32.12,0.34,9.12,3.35,0.13,1.09,49.92
2020-10-12,0.8,32.42,0.47,9.37,3.09,0.16,1.03,49.38
2020-10-13,0.7,32.01,0.53,9.47,3.14,0.17,1.09,49.54
2020-10-14,0.69,31.9,0.49,9.61,3.12,0.22,1.04,49.68
2020-10-15,0.74,31.97,0.48,9.61,3.21,0.24,1.01,49.55
2020-10-16,0.74,32.1,0.48,9.48,3.31,0.28,1.01,49.27
2020-10-17,0.74,32.15,0.41,9.39,3.45,0.24,1.0,49.26
2020-10-18,0.71,32.29,0.42,9.52,3.44,0.24,1.01,49.15
2020-10-19,0.91,32.72,0.3,9.14,3.41,0.25,1.05,48.62
2020-10-20,0.7,33.11,0.3,8.72,3.35,0.25,1.08,48.8
2020-10-21,0.71,34.31,0.3,8.79,3.22,0.26,1.01,47.79
2020-10-22,0.68,34.56,0.24,9.11,3.42,0.25,1.05,47.2
2020-10-23,0.74,34.89,0.15,9.1,2.97,0.21,1.1,47.37
2020-10-24,0.73,34.63,0.19,9.11,2.95,0.22,1.09,47.57
2020-10-25,0.75,34.95,0.19,9.06,2.94,0.21,1.12,47.29
2020-10-26,0.74,35.45,0.1,9.77,2.82,0.18,1.06,46.56
2020-10-27,0.74,35.28,0.09,9.84,2.85,0.19,1.08,46.66
2020-10-28,0.7,35.39,0.09,9.84,2.84,0.25,1.04,46.57
2020-10-29,0.75,34.91,0.09,9.81,2.9,0.26,0.93,46.9
2020-10-30,0.71,34.92,0.09,9.85,2.88,0.26,0.95,47.01
2020-10-31,0.75,34.87,0.08,9.84,2.53,0.27,1.0,47.29
2020-11-01,0.75,34.86,0.08,9.88,2.5,0.27,1.0,47.34
2020-11-02,0.77,34.21,0.12,9.9,2.53,0.27,0.87,48.05
2020-11-03,0.75,34.56,0.11,9.78,2.71,0.28,1.16,47.56
2020-11-04,0.7,35.01,0.23,9.79,2.89,0.2,1.14,46.62
2020-11-05,0.62,35.53,0.31,8.43,2.96,0.26,1.1,47.0
2020-11-06,0.59,34.48,0.24,8.45,2.98,0.25,0.97,48.38
2020-11-07,0.58,34.15,0.26,8.83,3.03,0.3,0.9,48.35
2020-11-08,0.59,34.11,0.26,8.88,3.04,0.3,0.89,48.32
2020-11-09,0.45,34.19,0.24,9.45,3.35,0.29,1.05,47.53
2020-11-10,0.48,34.05,0.1,9.32,3.47,0.29,1.21,47.8
2020-11-11,0.51,33.97,0.27,9.42,3.49,0.24,1.17,47.84
2020-11-12,0.6,33.49,0.39,10.13,3.62,0.22,1.09,47.73
2020-11-13,0.61,33.48,0.39,10.08,3.64,0.22,1.08,47.73
2020-11-14,0.61,33.58,0.39,10.04,3.62,0.22,1.14,47.73
2020-11-15,0.61,33.39,0.39,10.11,3.62,0.22,1.14,47.76
2020-11-16,0.61,33.62,0.39,9.98,3.62,0.22,1.15,47.69
2020-11-17,0.51,33.76,0.28,9.6,3.36,0.26,1.0,48.7
2020-11-18,0.48,33.11,0.4,9.95,3.51,0.25,0.97,48.94
2020-11-19,0.43,32.76,0.47,9.84,4.16,0.22,0.98,48.63
2020-11-20,0.44,32.75,0.48,9.85,4.18,0.22,0.97,48.62
2020-11-21,0.47,33.03,0.41,9.69,4.01,0.25,1.07,48.69
2020-11-22,0.5,32.84,0.41,9.66,4.07,0.24,1.08,48.79
2020-11-23,0.43,33.22,0.44,9.57,4.22,0.22,1.1,48.45
2020-11-24,0.38,32.66,0.43,9.37,4.5,0.22,0.98,48.95
2020-11-25,0.27,32.85,0.52,9.54,4.46,0.12,1.21,48.49
2020-11-26,0.31,32.0,0.65,9.52,4.87,0.12,1.23,48.61
2020-11-27,0.29,32.43,0.56,9.68,4.83,0.12,1.31,47.95
2020-11-28,0.29,32.37,0.54,9.62,4.91,0.12,1.3,48.06
2020-11-29,0.29,32.32,0.54,9.72,4.9,0.12,1.31,47.96
2020-11-30,0.29,32.44,0.55,9.66,4.91,0.12,1.29,47.94
2020-12-01,0.3,32.02,0.56,8.89,5.18,0.12,1.43,48.72
2020-12-02,0.27,31.96,0.62,9.33,4.29,0.11,1.36,49.02
2020-12-03,0.36,31.91,0.6,9.56,4.37,0.08,1.4,48.5
2020-12-04,0.4,31.35,0.47,9.38,4.12,0.08,1.35,49.5
2020-12-05,0.44,31.77,0.25,9.01,4.25,0.07,1.33,49.31
2020-12-06,0.44,31.95,0.25,8.96,4.31,0.07,1.32,49.16
2020-12-07,0.49,32.06,0.2,9.06,3.85,0.07,1.22,49.04
2020-12-08,0.65,31.57,0.08,9.16,4.45,0.04,1.24,48.75
2020-12-09,0.76,31.5,0.09,10.28,3.95,0.02,1.26,48.33
2020-12-10,0.89,31.15,0.14,10.25,4.51,0.1,1.43,47.57
2020-12-11,0.7,31.47,0.16,10.03,4.9,0.11,1.58,46.91
2020-12-12,0.65,31.73,0.21,9.57,4.38,0.11,1.53,47.42
2020-12-13,0.65,31.78,0.21,9.62,4.38,0.11,1.53,47.2
2020-12-14,0.65,32.41,0.19,9.83,4.14,0.18,1.56,46.57
2020-12-15,0.64,32.54,0.11,9.38,4.3,0.14,1.51,46.59
2020-12-16,0.69,32.31,0.11,9.37,3.66,0.21,1.54,47.4
2020-12-17,0.42,32.33,0.13,9.47,3.48,0.29,1.31,47.79
2020-12-18,0.49,32.43,0.27,9.61,3.44,0.29,1.28,47.63
2020-12-19,0.47,31.79,0.29,9.27,3.81,0.21,1.29,49.1
2020-12-20,0.46,31.94,0.29,9.34,3.74,0.21,1.26,48.92
2020-12-21,0.52,31.43,0.34,9.18,4.15,0.22,1.23,49.08
2020-12-22,0.67,31.15,0.41,9.66,3.87,0.16,1.27,48.82
2020-12-23,0.47,31.19,0.57,9.42,4.09,0.31,1.33,48.41
2020-12-24,0.52,31.2,0.38,8.93,3.99,0.27,1.28,49.44
2020-12-25,0.51,31.16,0.38,8.99,3.92,0.27,1.28,49.43
2020-12-26,0.51,31.21,0.38,8.84,4.0,0.27,1.3,49.48
2020-12-27,0.51,31.19,0.38,8.84,3.93,0.27,1.28,49.5
2020-12-28,0.5,31.08,0.38,8.96,3.93,0.27,1.28,49.56
2020-12-29,0.51,31.09,0.38,8.99,3.88,0.27,1.27,49.55
2020-12-30,0.5,31.19,0.38,8.7,3.77,0.28,1.28,49.8
2020-12-31,0.5,31.03,0.38,8.86,3.87,0.29,1.24,49.62
2021-01-01,0.63,30.76,0.38,8.8,4.12,0.31,1.28,49.74
2021-01-02,0.6,30.09,0.34,8.69,4.21,0.37,1.24,50.61
2021-01-03,0.58,30.01,0.35,8.67,4.25,0.38,1.17,50.71
2021-01-04,0.63,29.88,0.39,9.1,4.0,0.43,1.2,50.55
2021-01-05,0.65,30.16,0.33,8.81,3.91,0.2,1.16,50.48
2021-01-06,0.58,28.84,0.29,9.3,4.37,0.17,1.48,50.63
2021-01-07,0.59,27.93,0.25,9.31,4.02,0.21,1.42,51.61
2021-01-08,0.72,29.31,0.18,10.08,4.06,0.2,1.46,49.87
2021-01-09,0.85,29.12,0.19,10.19,3.9,0.31,1.06,50.08
2021-01-10,0.84,29.19,0.18,10.11,3.97,0.31,1.05,50.05
2021-01-11,0.89,29.4,0.2,10.28,3.33,0.3,1.13,50.1
2021-01-12,0.87,30.18,0.22,10.18,3.18,0.26,1.2,49.56
2021-01-13,0.91,30.03,0.2,10.53,3.19,0.29,1.12,49.04
2021-01-14,0.83,30.03,0.27,10.98,3.5,0.26,1.21,48.45
2021-01-15,0.85,30.95,0.28,10.65,3.35,0.21,1.21,48.37
2021-01-16,0.82,31.52,0.32,10.3,4.2,0.19,1.24,47.46
2021-01-17,0.81,31.47,0.31,10.29,4.17,0.19,1.23,47.62
2021-01-18,0.71,31.62,0.32,9.9,4.43,0.19,1.17,48.0
2021-01-19,0.58,31.79,0.33,9.71,4.43,0.27,1.21,48.03
2021-01-20,0.52,32.87,0.27,9.64,4.91,0.18,1.11,46.56
2021-01-21,0.46,32.88,0.26,9.34,5.26,0.2,1.05,46.55
2021-01-22,0.41,32.39,0.24,9.5,5.72,0.15,1.05,46.47
2021-01-23,0.8,32.65,0.2,9.47,5.02,0.36,1.06,45.98
2021-01-24,0.79,32.43,0.2,9.45,4.95,0.34,1.06,46.32
2021-01-25,0.73,32.63,0.19,8.84,5.35,0.36,1.16,46.08
2021-01-26,0.81,32.56,0.19,8.9,5.32,0.36,1.18,46.09
2021-01-27,0.83,32.76,0.18,8.96,5.12,0.4,1.14,46.22
2021-01-28,0.82,31.97,0.17,9.06,5.31,0.34,1.1,46.6
2021-01-29,0.84,32.18,0.17,9.1,5.39,0.37,1.08,46.3
2021-01-30,0.82,31.97,0.17,9.28,5.47,0.37,1.09,46.38
2021-01-31,0.84,31.88,0.17,9.33,5.46,0.37,1.07,46.38
2021-02-01,0.87,32.04,0.17,9.27,5.43,0.37,1.05,46.33
2021-02-02,0.85,32.11,0.17,9.15,5.46,0.37,1.07,46.43
2021-02-03,0.84,32.15,0.17,9.13,5.43,0.37,1.06,46.44
2021-02-04,0.76,31.78,0.17,9.53,4.76,0.36,0.99,47.03
2021-02-05,0.75,31.74,0.22,9.55,4.46,0.13,1.11,47.7
2021-02-06,0.75,31.74,0.22,9.59,4.52,0.13,1.11,47.58
2021-02-07,0.75,31.67,0.22,9.6,4.53,0.13,1.1,47.63
2021-02-08,0.43,32.12,0.28,9.89,4.43,0.13,1.0,47.8
2021-02-09,0.41,32.67,0.27,10.22,4.24,0.12,1.02,47.06
2021-02-10,0.37,32.73,0.27,9.76,4.16,0.12,1.12,47.44
2021-02-11,0.3,32.65,0.25,10.12,4.12,0.24,1.09,47.41
2021-02-12,0.34,32.84,0.18,10.37,4.17,0.3,1.27,46.48
2021-02-13,0.33,32.46,0.17,9.91,4.13,0.29,1.22,46.93
2021-02-14,0.33,32.33,0.17,9.9,4.12,0.29,1.23,47.05
2021-02-15,0.44,31.4,0.17,9.11,3.75,0.29,1.38,47.92
2021-02-16,0.65,30.36,0.17,9.01,3.63,0.28,1.49,48.52
2021-02-17,0.69,31.44,0.17,9.02,3.96,0.28,1.53,47.53
2021-02-18,0.72,32.16,0.18,9.18,3.93,0.25,1.72,46.38
2021-02-19,0.37,33.39,0.17,9.09,3.88,0.27,1.6,46.44
2021-02-20,0.33,34.0,0.17,8.87,3.78,0.28,1.51,46.37
2021-02-21,0.33,33.92,0.17,8.98,3.77,0.28,1.53,46.38
2021-02-22,0.33,34.82,0.17,8.69,3.59,0.28,1.65,46.0
2021-02-23,0.43,34.06,0.14,8.97,3.57,0.25,1.5,46.6
2021-02-24,0.6,34.24,0.13,9.57,3.43,0.29,1.4,45.72
2021-02-25,0.56,34.4,0.15,9.53,3.45,0.3,1.4,45.79
2021-02-26,0.56,35.51,0.16,9.35,3.32,0.29,1.21,45.78
2021-02-27,0.56,34.72,0.15,9.79,3.35,0.28,1.24,45.58
2021-02-28,0.56,34.68,0.15,9.76,3.3,0.26,1.18,45.77
2021-03-01,0.48,35.09,0.2,9.64,3.41,0.33,1.14,45.27
2021-03-02,0.54,35.64,0.25,9.23,3.24,0.3,1.3,45.3
2021-03-03,0.6,36.42,0.21,9.3,3.08,0.29,1.09,44.65
2021-03-04,0.54,35.69,0.27,9.85,3.65,0.27,1.21,43.92
2021-03-05,0.62,35.75,0.23,9.44,3.91,0.27,1.16,43.92
2021-03-06,0.6,34.61,0.18,10.02,4.89,0.31,1.27,43.21
2021-03-07,0.59,34.65,0.18,10.04,4.92,0.31,1.27,43.16
2021-03-08,0.72,33.98,0.18,9.89,4.83,0.32,1.45,44.0
2021-03-09,0.76,34.24,0.23,9.69,4.84,0.29,1.28,44.17
2021-03-10,0.74,34.84,0.23,9.67,4.2,0.29,1.32,45.0
2021-03-11,0.78,35.62,0.25,9.72,4.39,0.26,1.31,43.99
2021-03-12,0.75,35.08,0.27,9.71,4.21,0.26,1.41,44.43
2021-03-13,0.69,35.58,0.25,9.87,3.4,0.26,1.05,44.8
2021-03-14,0.7,35.64,0.28,9.91,3.43,0.26,1.04,44.73
2021-03-15,0.62,35.84,0.27,10.02,3.24,0.26,1.09,44.37
2021-03-16,0.67,35.15,0.27,9.54,3.36,0.25,1.07,45.34
2021-03-17,0.66,35.0,0.3,10.06,3.06,0.24,1.1,44.98
2021-03-18,0.59,34.66,0.28,9.77,2.95,0.26,1.13,45.85
2021-03-19,0.42,34.47,0.37,9.65,2.93,0.26,1.34,46.24
2021-03-20,0.37,34.49,0.38,9.59,3.22,0.24,1.38,45.91
2021-03-21,0.37,34.38,0.38,9.53,3.22,0.24,1.39,45.97
2021-03-22,0.46,34.49,0.41,9.52,3.64,0.22,1.39,45.29
2021-03-23,0.54,34.47,0.43,9.47,3.66,0.24,1.65,45.48
2021-03-24,0.5,34.62,0.42,9.03,3.76,0.16,1.95,45.61
2021-03-25,0.54,34.64,0.35,8.8,3.59,0.16,2.15,46.22
2021-03-26,0.46,34.81,0.34,8.92,3.78,0.2,1.99,46.06
2021-03-27,0.55,34.63,0.35,8.73,3.96,0.2,1.96,45.96
2021-03-28,0.56,34.75,0.35,8.7,3.89,0.2,1.98,46.01
2021-03-29,0.56,34.74,0.35,8.75,3.88,0.2,1.97,45.92
2021-03-30,0.43,35.87,0.32,8.76,4.01,0.21,1.86,45.15
2021-03-31,0.55,35.78,0.28,8.68,3.86,0.21,1.83,45.4
2021-04-01,0.67,35.41,0.3,8.61,3.58,0.21,1.65,45.94
2021-04-02,0.75,34.55,0.17,9.38,4.01,0.17,1.01,46.07
2021-04-03,0.75,35.08,0.2,9.32,4.02,0.2,0.99,45.24
2021-04-04,0.76,35.22,0.21,9.34,4.05,0.2,0.99,45.36
2021-04-05,0.8,35.3,0.18,9.29,4.21,0.2,0.97,44.7
2021-04-06,0.88,35.0,0.17,9.77,4.26,0.18,0.94,44.52
2021-04-07,0.84,36.17,0.15,9.38,4.56,0.22,1.05,43.73
2021-04-08,0.78,35.62,0.17,9.56,4.53,0.21,1.11,43.96
2021-04-09,0.78,36.2,0.13,9.74,4.38,0.21,1.13,43.28
2021-04-10,0.78,35.56,0.07,9.99,4.53,0.22,1.29,43.32
2021-04-11,0.77,35.55,0.07,9.98,4.55,0.22,1.3,43.35
2021-04-12,0.87,35.96,0.11,9.57,4.69,0.3,1.36,43.06
2021-04-13,1.0,35.73,0.11,9.63,4.65,0.3,1.38,43.08
2021-04-14,1.07,35.46,0.09,9.76,4.52,0.26,1.48,43.43
2021-04-15,0.82,35.13,0.09,9.52,4.38,0.26,1.71,44.26
2021-04-16,0.92,35.96,0.09,9.1,4.24,0.26,1.76,43.73
2021-04-17,0.96,35.47,0.1,9.23,4.18,0.25,1.7,44.07
2021-04-18,0.97,35.36,0.1,9.22,4.19,0.25,1.72,44.16
2021-04-19,0.94,34.57,0.11,9.05,4.01,0.22,1.74,45.12
2021-04-20,1.02,34.9,0.11,8.97,3.8,0.25,1.68,45.27
2021-04-21,1.12,35.17,0.06,9.0,3.61,0.23,1.94,44.89
2021-04-22,1.04,35.85,0.06,9.37,3.69,0.23,1.8,44.19
2021-04-23,1.19,35.78,0.1,9.63,3.67,0.25,1.33,44.38
2021-04-24,1.04,36.32,0.15,9.76,3.66,0.25,1.45,43.94
2021-04-25,1.05,36.25,0.15,9.68,3.66,0.25,1.44,44.06
2021-04-26,1.14,36.24,0.12,9.63,4.09,0.22,1.35,43.78
2021-04-27,1.12,35.94,0.17,9.69,4.04,0.22,1.4,43.98
2021-04-28,1.07,35.6,0.21,9.91,4.2,0.28,1.45,43.94
2021-04-29,1.07,35.66,0.22,9.92,4.03,0.29,1.52,43.82
2021-04-30,0.96,35.16,0.23,10.68,3.6,0.28,1.35,44.28
2021-05-01,0.84,35.28,0.22,10.82,3.7,0.24,1.18,44.27
2021-05-02,0.87,35.28,0.22,10.83,3.74,0.24,1.19,44.3
2021-05-03,0.89,35.7,0.2,10.45,3.44,0.22,1.21,44.35
2021-05-04,1.12,35.4,0.22,10.22,3.15,0.29,1.37,44.43
2021-05-05,0.92,36.32,0.09,9.3,3.33,0.3,1.36,44.48
2021-05-06,0.92,35.26,0.13,9.46,3.29,0.2,1.3,45.4
2021-05-07,0.81,35.53,0.13,9.4,3.22,0.2,1.21,45.35
2021-05-08,0.9,35.35,0.13,9.46,3.25,0.2,1.27,45.32
2021-05-09,0.82,35.65,0.13,9.51,3.19,0.2,1.09,45.3
2021-05-10,0.91,36.05,0.19,9.33,3.36,0.25,1.13,44.37
2021-05-11,0.87,35.6,0.19,9.33,3.54,0.29,1.18,44.44
2021-05-12,0.68,35.04,0.16,9.07,3.42,0.24,1.15,45.11
2021-05-13,0.43,35.75,0.08,8.78,3.46,0.19,1.25,45.3
2021-05-14,0.44,35.62,0.08,8.76,3.41,0.19,1.25,45.36
2021-05-15,0.4,34.97,0.08,8.88,3.55,0.23,1.25,45.85
2021-05-16,0.39,34.96,0.08,8.89,3.59,0.23,1.26,45.76
2021-05-17,0.36,34.44,0.09,8.89,2.97,0.18,1.15,47.08
2021-05-18,0.52,34.1,0.08,9.22,3.0,0.18,1.11,47.43
2021-05-19,0.5,33.45,0.05,9.12,2.98,0.16,1.21,48.0
2021-05-20,0.55,33.16,0.05,9.5,3.38,0.16,1.07,47.58
2021-05-21,0.57,32.88,0.05,9.72,3.44,0.17,1.23,47.46
2021-05-22,0.64,32.76,0.18,10.19,3.8,0.14,1.17,46.63
2021-05-23,0.57,32.92,0.18,10.19,3.81,0.15,1.17,46.48
2021-05-24,0.6,33.78,0.18,9.72,3.65,0.17,1.08,45.75
2021-05-25,0.67,35.65,0.03,8.8,3.43,0.16,1.0,45.71
2021-05-26,0.69,35.63,0.01,8.53,3.21,0.27,1.13,46.1
2021-05-27,0.74,35.0,0.07,8.21,3.23,0.32,1.24,46.73
2021-05-28,0.53,34.34,0.13,7.93,2.89,0.4,1.39,47.83
2021-05-29,0.57,34.32,0.15,8.0,3.05,0.3,1.34,47.73
2021-05-30,0.57,34.29,0.15,7.96,3.09,0.3,1.3,47.77
2021-05-31,0.58,34.19,0.15,8.05,3.05,0.37,1.35,47.66
2021-06-01,0.59,35.42,0.16,7.57,3.25,0.28,1.19,47.49
2021-06-02,0.52,35.45,0.15,8.15,3.52,0.35,1.24,46.94
2021-06-03,0.5,35.71,0.15,8.2,3.49,0.43,1.3,46.55
2021-06-04,0.44,36.67,0.09,8.81,3.4,0.32,1.47,45.62
2021-06-05,0.48,36.64,0.1,8.7,3.05,0.33,1.67,46.04
2021-06-06,0.47,36.63,0.1,8.63,3.06,0.34,1.64,46.09
2021-06-07,0.67,37.09,0.1,9.24,3.45,0.35,1.55,43.93
2021-06-08,0.72,37.68,0.11,9.44,3.49,0.29,1.4,43.06
2021-06-09,0.77,38.25,0.11,9.74,3.28,0.31,1.25,42.92
2021-06-10,0.75,38.48,0.07,9.71,3.52,0.23,1.14,42.83
2021-06-11,0.66,39.3,0.07,9.77,3.55,0.23,1.2,41.91
2021-06-12,0.73,40.49,0.08,9.83,3.03,0.21,1.21,41.42
2021-06-13,0.73,40.49,0.08,9.76,2.98,0.2,1.21,41.62
2021-06-14,0.9,40.98,0.12,9.68,3.02,0.28,1.13,41.23
2021-06-15,0.59,41.32,0.15,9.12,3.02,0.27,1.21,41.5
2021-06-16,0.64,40.67,0.17,8.34,3.34,0.29,1.13,42.57
2021-06-17,0.66,41.03,0.15,8.05,3.39,0.31,1.27,42.3
2021-06-18,0.8,41.25,0.17,8.23,3.43,0.27,1.17,41.73
2021-06-19,0.75,40.0,0.2,8.69,3.74,0.22,1.11,42.06
2021-06-20,0.77,39.93,0.2,8.64,3.76,0.22,1.1,42.15
2021-06-21,0.77,39.97,0.21,8.71,3.75,0.22,1.11,42.07
2021-06-22,0.71,39.73,0.15,9.01,3.95,0.18,1.16,41.96
2021-06-23,0.76,39.71,0.11,8.94,3.96,0.18,1.19,42.12
2021-06-24,0.69,40.01,0.16,9.57,3.92,0.19,1.28,41.18
2021-06-25,0.63,40.05,0.17,9.51,3.76,0.15,1.25,41.49
2021-06-26,0.62,40.35,0.17,9.76,4.03,0.23,1.33,40.94
2021-06-27,0.63,40.22,0.17,9.82,4.04,0.24,1.31,41.01
2021-06-28,0.65,40.82,0.2,9.27,3.36,0.23,1.46,41.43
2021-06-29,0.61,41.1,0.18,9.22,3.47,0.23,1.48,41.16
2021-06-30,0.57,41.86,0.15,8.74,3.4,0.2,1.57,41.06
2021-07-01,0.53,41.64,0.17,8.8,3.4,0.21,1.37,41.19
2021-07-02,0.52,41.73,0.21,8.85,2.96,0.21,1.43,41.61
2021-07-03,0.49,41.45,0.24,8.85,3.12,0.18,1.21,41.74
2021-07-04,0.49,41.41,0.24,8.88,3.04,0.17,1.25,41.79
2021-07-05,0.38,41.48,0.29,8.47,3.06,0.19,1.28,41.82
2021-07-06,0.39,41.25,0.28,8.41,3.1,0.19,1.29,42.06
2021-07-07,0.41,40.3,0.3,8.46,3.43,0.21,1.19,42.15
2021-07-08,0.49,40.15,0.3,8.97,3.49,0.26,1.25,41.45
2021-07-09,0.37,40.16,0.28,8.91,3.4,0.26,1.2,41.44
2021-07-10,0.38,39.83,0.32,8.99,3.45,0.21,1.21,41.58
2021-07-11,0.39,39.77,0.32,9.0,3.31,0.21,1.22,41.7
2021-07-12,0.37,39.42,0.28,9.39,3.39,0.26,1.41,41.2
2021-07-13,0.4,38.65,0.3,9.64,3.58,0.25,1.32,41.67
2021-07-14,0.34,39.22,0.29,9.4,3.46,0.24,1.37,41.62
2021-07-15,0.35,39.62,0.22,9.15,3.16,0.42,1.32,41.58
2021-07-16,0.33,39.35,0.27,8.97,3.66,0.4,1.28,41.63
2021-07-17,0.34,39.91,0.27,8.98,3.55,0.35,1.29,41.18
2021-07-18,0.29,39.76,0.27,8.95,3.58,0.35,1.29,41.35
2021-07-19,0.34,39.51,0.32,8.46,3.64,0.37,1.28,41.56
2021-07-20,0.31,38.86,0.36,8.59,3.84,0.43,1.32,41.89
2021-07-21,0.31,39.05,0.37,8.54,3.86,0.44,1.3,41.78
2021-07-22,0.29,40.07,0.55,9.31,3.57,0.31,0.92,40.76
2021-07-23,0.31,40.06,0.52,9.28,3.94,0.27,0.9,40.13
2021-07-24,0.31,40.11,0.53,9.38,3.89,0.25,0.83,40.17
2021-07-25,0.32,40.29,0.54,9.4,3.89,0.26,0.83,40.12
2021-07-26,0.38,40.73,0.57,8.69,3.32,0.28,0.86,40.83
2021-07-27,0.38,40.91,0.64,8.66,3.63,0.2,0.97,40.32
2021-07-28,0.4,40.32,0.56,9.04,3.31,0.25,1.17,40.56
2021-07-29,0.43,40.81,0.6,9.16,3.55,0.22,1.15,40.09
2021-07-30,0.44,40.63,0.47,9.17,3.64,0.19,1.15,40.2
2021-07-31,0.39,40.77,0.41,9.44,3.6,0.21,1.2,40.05
2021-08-01,0.39,40.66,0.4,9.43,3.59,0.21,1.19,40.09
2021-08-02,0.38,42.65,0.36,8.97,3.35,0.28,1.06,39.06
2021-08-03,0.4,42.3,0.33,9.34,3.29,0.4,0.93,39.65
2021-08-04,0.43,42.45,0.34,9.28,3.22,0.41,0.94,39.43
2021-08-05,0.42,42.54,0.31,8.84,3.23,0.41,1.19,39.66
2021-08-06,0.45,41.64,0.34,9.21,3.33,0.45,1.12,40.24
2021-08-07,0.51,41.75,0.34,9.11,3.28,0.45,1.15,40.12
2021-08-08,0.5,41.67,0.34,9.13,3.29,0.45,1.1,40.19
2021-08-09,0.54,42.04,0.34,8.71,3.2,0.45,1.01,40.4
2021-08-10,0.55,41.99,0.37,8.52,3.09,0.36,1.02,40.47
2021-08-11,0.51,42.05,0.4,8.38,3.32,0.33,1.09,40.18
2021-08-12,0.6,41.1,0.4,8.91,3.27,0.33,1.25,40.27
2021-08-13,0.54,40.75,0.39,9.1,3.23,0.35,1.34,40.31
2021-08-14,0.55,40.85,0.4,8.99,3.29,0.33,1.37,40.07
2021-08-15,0.54,40.89,0.4,9.02,3.3,0.33,1.39,39.97
2021-08-16,0.54,41.31,0.4,9.0,3.22,0.34,1.41,39.67
2021-08-17,0.6,41.06,0.37,9.13,3.39,0.35,1.38,39.74
2021-08-18,0.66,39.99,0.67,9.52,3.18,0.28,1.33,39.93
2021-08-19,0.66,39.62,0.65,10.02,3.05,0.29,1.34,39.94
2021-08-20,0.61,39.4,0.66,10.06,3.04,0.32,1.36,40.16
2021-08-21,0.61,40.2,0.64,9.92,3.05,0.33,1.41,39.42
2021-08-22,0.61,40.29,0.65,9.94,3.02,0.33,1.4,39.25
2021-08-23,0.61,40.51,0.63,9.42,3.01,0.28,1.38,39.57
2021-08-24,0.62,40.21,0.6,9.73,3.12,0.31,1.28,39.57
2021-08-25,0.63,40.51,0.61,9.77,3.24,0.31,1.28,39.13
2021-08-26,0.62,40.4,0.57,9.78,3.32,0.31,1.26,39.19
2021-08-27,0.6,39.98,0.55,9.68,3.26,0.29,1.28,39.64
2021-08-28,0.6,39.87,0.63,9.64,3.27,0.31,1.29,39.42
2021-08-29,0.6,39.94,0.64,9.65,3.24,0.3,1.26,39.36
2021-08-30,0.62,40.0,0.64,9.69,3.27,0.31,1.29,39.19
2021-08-31,0.6,39.99,0.67,9.64,3.18,0.31,1.36,39.38
2021-09-01,0.52,39.72,0.69,9.54,3.22,0.27,1.39,39.99
2021-09-02,0.51,39.76,0.76,9.39,3.19,0.24,1.12,40.34
2021-09-03,0.46,39.85,0.82,9.48,3.31,0.23,1.21,40.18
2021-09-04,0.46,38.92,0.85,9.23,3.82,0.27,1.37,40.27
2021-09-05,0.46,38.83,0.85,9.3,3.8,0.27,1.4,40.24
2021-09-06,0.6,39.13,0.59,9.05,3.93,0.21,1.42,40.48
2021-09-07,0.62,39.66,0.65,9.13,3.8,0.2,1.38,40.05
2021-09-08,0.56,39.26,0.7,8.78,3.89,0.23,1.59,40.71
2021-09-09,0.65,38.88,0.6,8.78,3.87,0.28,1.94,40.67
2021-09-10,0.68,38.92,0.63,8.78,4.18,0.31,1.85,40.21
2021-09-11,0.68,39.08,0.74,8.6,3.7,0.35,1.82,40.75
2021-09-12,0.68,39.12,0.75,8.63,3.67,0.33,1.78,40.72
2021-09-13,0.82,38.22,0.78,8.95,3.32,0.33,1.89,41.27
2021-09-14,0.74,38.2,0.68,9.03,3.13,0.31,1.87,41.52
2021-09-15,0.73,37.62,0.76,8.8,3.14,0.33,1.93,42.18
2021-09-16,0.51,37.83,0.88,9.23,3.26,0.31,1.94,41.74
2021-09-17,0.68,38.07,0.94,8.7,3.62,0.36,1.95,41.21
2021-09-18,0.6,38.07,0.89,8.84,3.71,0.34,2.14,40.49
2021-09-19,0.6,38.17,0.9,8.89,3.69,0.34,2.11,40.41
2021-09-20,0.71,38.48,0.98,8.58,3.65,0.39,2.15,39.89
2021-09-21,0.62,39.08,0.94,8.62,4.01,0.47,1.71,39.75
2021-09-22,0.96,39.34,0.92,8.54,3.87,0.51,1.67,39.64
2021-09-23,0.96,39.9,0.96,8.22,3.74,0.52,1.62,39.71
2021-09-24,0.95,39.57,0.9,8.29,3.8,0.51,1.36,40.31
2021-09-25,0.93,39.66,0.85,8.35,3.86,0.53,1.38,39.64
2021-09-26,0.93,39.6,0.84,8.34,3.77,0.53,1.34,39.81
2021-09-27,1.0,39.65,0.91,8.3,3.92,0.49,1.33,39.56
2021-09-28,1.22,39.77,1.03,8.17,3.43,0.35,1.36,39.83
2021-09-29,1.22,40.13,1.03,8.31,3.41,0.35,1.36,39.36
2021-09-30,1.27,40.32,1.05,8.48,3.47,0.35,1.22,38.94
2021-10-01,1.27,40.11,1.0,8.41,3.59,0.33,1.3,39.22
2021-10-02,1.28,40.22,1.0,8.36,3.6,0.33,1.31,39.17
2021-10-03,1.27,40.17,1.01,8.41,3.59,0.33,1.3,39.26
2021-10-04,1.09,40.21,1.04,8.77,3.73,0.33,1.32,39.13
2021-10-05,1.05,40.03,1.07,8.75,3.67,0.36,1.34,39.17
2021-10-06,1.0,40.27,1.07,8.74,3.56,0.35,1.29,39.32
2021-10-07,0.97,39.81,1.08,8.96,3.65,0.35,1.21,39.4
2021-10-08,0.98,39.86,1.05,8.87,3.55,0.41,1.13,39.62
2021-10-09,0.99,40.05,1.07,8.91,3.6,0.4,1.07,39.45
2021-10-10,1.0,39.95,1.08,8.83,3.62,0.4,1.1,39.55
2021-10-11,0.96,40.09,1.01,8.86,3.7,0.42,1.18,39.46
2021-10-12,1.04,39.94,1.12,8.92,3.73,0.41,1.24,39.11
2021-10-13,1.1,39.7,1.13,9.04,3.74,0.43,1.23,39.22
2021-10-14,1.07,39.87,1.13,8.83,3.71,0.41,1.24,39.35
2021-10-15,1.04,39.86,1.12,8.84,3.69,0.41,1.26,39.3
2021-10-16,1.06,39.78,1.12,8.76,3.73,0.43,1.22,39.53
2021-10-17,1.07,39.77,1.11,8.84,3.7,0.41,1.25,39.37
2021-10-18,1.06,39.68,1.11,9.08,3.61,0.41,1.24,39.46
2021-10-19,1.09,39.55,1.12,9.09,3.62,0.42,1.27,39.51
2021-10-20,1.11,39.62,1.12,9.21,3.62,0.43,1.26,39.3
2021-10-21,1.03,39.57,1.11,9.04,3.58,0.42,1.22,39.72
2021-10-22,1.05,38.76,1.12,9.24,3.74,0.4,1.23,40.1
2021-10-23,1.09,38.59,1.15,9.27,3.8,0.41,1.22,40.11
2021-10-24,1.09,38.46,1.16,9.32,3.77,0.4,1.2,40.24
2021-10-25,1.08,38.58,1.17,9.2,3.71,0.4,1.19,40.29
2021-10-26,1.1,38.53,1.23,9.3,3.6,0.4,1.25,40.24
2021-10-27,1.05,38.54,1.2,9.2,3.61,0.41,1.32,40.22
2021-10-28,1.09,38.76,1.19,9.2,3.7,0.41,1.19,40.02
2021-10-29,1.08,38.73,1.19,9.16,3.57,0.42,1.26,40.19
2021-10-30,0.88,38.86,1.17,9.46,3.66,0.35,1.32,39.97
2021-10-31,0.9,38.84,1.16,9.45,3.71,0.42,1.28,39.89
2021-11-01,0.89,38.85,1.17,9.24,3.72,0.35,1.34,40.17
2021-11-02,0.87,38.76,1.11,9.34,3.74,0.35,1.28,40.23
2021-11-03,0.88,38.79,1.12,9.32,3.78,0.36,1.27,40.17
2021-11-04,0.9,38.85,1.09,9.27,3.8,0.35,1.28,40.18
2021-11-05,0.9,38.84,1.1,9.36,3.79,0.35,1.3,40.04
2021-11-06,0.89,39.07,1.08,9.22,3.84,0.35,1.26,40.06
2021-11-07,0.9,38.89,1.1,9.34,3.84,0.36,1.31,39.92
2021-11-08,0.84,38.75,1.1,9.56,3.58,0.39,1.25,40.03
2021-11-09,0.87,38.72,1.1,9.55,3.53,0.38,1.28,40.03
2021-11-10,0.84,38.57,1.11,9.41,3.73,0.39,1.22,40.27
2021-11-11,0.87,38.68,1.04,9.38,3.6,0.38,1.18,40.2
2021-11-12,0.86,38.42,1.03,9.12,3.76,0.42,1.21,40.58
2021-11-13,0.86,38.28,1.02,9.19,3.78,0.42,1.27,40.55
2021-11-14,0.86,38.19,0.95,9.24,3.84,0.42,1.28,40.61
2021-11-15,0.82,38.54,1.02,9.29,3.78,0.48,1.29,40.17
2021-11-16,0.79,38.4,1.02,9.46,3.7,0.46,1.36,40.11
2021-11-17,0.76,38.42,0.97,9.52,3.67,0.47,1.35,40.14
2021-11-18,0.79,38.48,1.02,9.3,3.74,0.46,1.31,40.27
2021-11-19,0.81,38.37,1.03,9.34,3.82,0.46,1.29,40.17
2021-11-20,0.69,38.17,1.03,9.18,3.88,0.49,1.32,40.44
2021-11-21,0.68,38.37,1.01,9.14,3.86,0.5,1.32,40.43
2021-11-22,0.71,38.49,0.98,9.23,3.81,0.48,1.43,40.15
2021-11-23,0.76,38.45,0.96,9.39,3.95,0.46,1.37,40.09
2021-11-24,0.75,38.59,0.98,9.3,3.75,0.46,1.41,39.95
2021-11-25,0.75,38.57,0.87,9.34,3.89,0.39,1.34,40.15
2021-11-26,0.76,38.47,0.87,9.33,4.02,0.4,1.44,40.2
2021-11-27,0.76,38.3,0.89,9.43,4.06,0.4,1.36,40.29
2021-11-28,0.76,38.6,0.88,9.39,3.99,0.39,1.35,40.35
2021-11-29,0.49,38.5,0.82,9.53,4.14,0.4,1.34,40.68
2021-11-30,0.43,38.76,0.74,9.43,4.19,0.38,1.32,40.67
2021-12-01,0.47,38.71,0.67,9.51,4.26,0.38,1.33,40.61
2021-12-02,0.51,38.41,0.66,9.64,4.18,0.36,1.34,41.02
2021-12-03,0.49,37.94,0.65,9.25,4.15,0.37,1.62,41.69
2021-12-04,0.48,37.82,0.63,9.33,4.23,0.37,1.66,41.72
2021-12-05,0.48,37.87,0.63,9.22,4.25,0.35,1.65,41.77
2021-12-06,0.42,37.61,0.62,9.26,4.37,0.36,1.66,42.0
2021-12-07,0.45,37.59,0.63,8.98,4.32,0.39,1.75,42.1
2021-12-08,0.54,36.86,0.62,9.13,4.19,0.37,1.74,42.84
2021-12-09,0.51,36.62,0.57,9.27,4.55,0.41,1.7,42.54
2021-12-10,0.51,36.48,0.62,9.24,4.52,0.47,1.72,42.56
2021-12-11,0.51,36.5,0.64,9.09,4.55,0.45,1.73,42.61
2021-12-12,0.51,36.46,0.64,9.05,4.58,0.47,1.72,42.61
2021-12-13,0.51,36.47,0.65,9.21,4.57,0.44,1.71,42.5
2021-12-14,0.52,36.13,0.65,9.35,4.61,0.44,1.74,42.45
2021-12-15,0.56,36.08,0.65,9.46,4.63,0.39,1.82,42.43
2021-12-16,0.57,35.83,0.65,9.4,4.58,0.37,1.73,42.42
2021-12-17,0.56,35.96,0.65,9.59,4.6,0.39,1.76,42.06
2021-12-18,0.58,35.73,0.62,9.75,4.68,0.36,1.72,41.96
2021-12-19,0.58,35.82,0.63,9.75,4.67,0.36,1.75,41.89
2021-12-20,0.58,35.77,0.66,9.64,4.7,0.38,1.75,41.83
2021-12-21,0.58,35.96,0.67,9.6,4.76,0.34,1.74,41.8
2021-12-22,0.59,36.13,0.7,9.51,4.73,0.35,1.73,41.6
2021-12-23,0.57,36.25,0.57,9.62,4.73,0.35,1.68,41.69
2021-12-24,0.56,36.49,0.57,9.64,4.77,0.35,1.76,41.31
2021-12-25,0.54,36.31,0.57,9.64,4.84,0.35,1.77,41.45
2021-12-26,0.56,36.41,0.57,9.59,4.82,0.35,1.74,41.38
2021-12-27,0.55,36.42,0.59,9.4,4.8,0.33,1.73,41.39
2021-12-28,0.56,36.25,0.63,9.43,4.85,0.35,1.77,41.36
2021-12-29,0.56,36.5,0.63,9.39,4.78,0.34,1.79,41.2
2021-12-30,0.56,36.35,0.62,9.36,4.85,0.36,1.78,41.38
2021-12-31,0.52,35.65,0.58,9.51,4.85,0.3,1.87,41.81
2022-01-01,0.53,35.58,0.58,9.46,4.9,0.29,1.86,41.83
2022-01-02,0.53,35.61,0.57,9.51,4.85,0.3,1.86,41.87
2022-01-03,0.51,35.61,0.56,9.53,4.91,0.31,1.9,41.61
2022-01-04,0.49,36.16,0.53,9.31,4.9,0.31,1.96,41.48
2022-01-05,0.46,35.62,0.51,9.09,5.01,0.33,1.96,42.03
2022-01-06,0.43,36.06,0.53,9.89,4.95,0.29,1.46,41.61
2022-01-07,0.71,36.78,0.49,9.39,4.62,0.27,1.2,41.98
2022-01-08,0.75,36.66,0.61,9.55,4.63,0.25,1.24,41.94
2022-01-09,0.75,36.69,0.59,9.46,4.68,0.25,1.27,41.95
2022-01-10,0.84,36.59,0.65,9.61,4.44,0.32,1.24,42.09
2022-01-11,0.85,36.21,0.64,9.76,4.56,0.34,1.29,42.44
2022-01-12,0.84,36.31,0.6,9.8,4.41,0.29,1.35,42.35
2022-01-13,0.87,36.39,0.55,9.86,4.42,0.29,1.37,42.19
2022-01-14,0.88,36.06,0.54,9.8,4.43,0.29,1.45,42.52
2022-01-15,0.88,36.23,0.54,9.88,4.32,0.37,1.49,42.12
2022-01-16,0.88,36.23,0.54,9.84,4.41,0.36,1.5,42.1
2022-01-17,1.02,36.1,0.56,10.23,4.12,0.27,1.56,42.16
2022-01-18,1.09,36.03,0.51,9.77,4.23,0.28,1.69,42.42
2022-01-19,0.87,36.14,0.46,9.52,4.07,0.22,1.69,42.54
2022-01-20,0.9,36.04,0.45,9.69,4.11,0.21,1.6,42.42
2022-01-21,0.83,35.64,0.46,9.62,4.28,0.21,1.62,42.88
2022-01-22,0.83,35.48,0.55,9.62,4.52,0.22,1.6,42.76
2022-01-23,0.81,35.43,0.55,9.62,4.54,0.21,1.58,42.85
2022-01-24,0.77,35.45,0.56,9.76,4.53,0.25,1.53,42.58
2022-01-25,0.7,35.86,0.59,9.43,4.61,0.27,1.54,42.5
2022-01-26,0.71,35.76,0.59,9.32,4.66,0.26,1.49,42.71
2022-01-27,0.63,35.92,0.6,9.3,4.84,0.26,1.53,42.41
2022-01-28,0.64,35.95,0.6,9.21,4.87,0.2,1.55,42.54
2022-01-29,0.62,36.61,0.56,8.93,4.99,0.19,1.48,42.35
2022-01-30,0.57,36.7,0.56,8.93,4.98,0.19,1.48,42.33
2022-01-31,0.59,37.33,0.5,7.98,4.81,0.19,1.35,43.53
2022-02-01,0.63,36.76,0.54,8.31,4.83,0.18,1.37,43.6
2022-02-02,0.6,36.56,0.59,8.08,4.66,0.18,1.55,43.96
2022-02-03,0.54,36.99,0.48,8.09,4.57,0.18,1.65,43.6
2022-02-04,0.48,37.08,0.44,8.3,4.62,0.26,1.66,43.26
2022-02-05,0.49,37.86,0.51,7.88,4.72,0.23,1.65,42.57
2022-02-06,0.48,37.62,0.5,7.86,4.74,0.24,1.7,42.88
2022-02-07,0.43,38.37,0.42,8.04,4.83,0.35,1.6,41.65
2022-02-08,0.53,38.48,0.37,7.95,4.85,0.32,1.66,41.88
2022-02-09,0.59,39.64,0.3,7.77,4.58,0.33,1.72,41.28
2022-02-10,0.6,37.9,0.3,8.77,4.32,0.3,1.72,42.17
2022-02-11,0.62,37.77,0.38,8.69,4.13,0.33,1.56,42.39
2022-02-12,0.72,37.58,0.49,8.64,4.06,0.36,1.54,42.78
2022-02-13,0.74,37.53,0.48,8.82,3.99,0.35,1.52,42.81
2022-02-14,0.82,37.08,0.56,8.47,3.84,0.38,1.51,43.81
2022-02-15,0.72,37.62,0.49,8.33,4.11,0.36,1.43,43.62
2022-02-16,0.6,37.85,0.36,8.74,3.72,0.39,1.39,43.46
2022-02-17,0.51,37.59,0.31,8.98,4.23,0.44,1.53,42.89
2022-02-18,0.48,38.54,0.41,9.26,4.67,0.39,1.3,41.52
2022-02-19,0.81,39.18,0.43,8.51,4.63,0.42,1.3,41.29
2022-02-20,0.81,39.22,0.41,8.45,4.61,0.41,1.29,41.37
2022-02-21,1.02,39.1,0.38,8.72,4.68,0.49,1.36,40.87
2022-02-22,1.05,40.33,0.5,8.61,4.54,0.49,1.15,39.98
2022-02-23,0.84,39.73,0.42,8.5,4.35,0.44,1.18,41.26
2022-02-24,1.06,39.3,0.6,8.49,4.99,0.43,1.26,40.59
2022-02-25,1.0,40.33,0.7,8.69,4.53,0.43,1.32,39.87
2022-02-26,0.96,41.28,0.54,8.56,4.28,0.47,1.25,39.87
2022-02-27,0.96,41.26,0.54,8.56,4.3,0.48,1.14,39.94
2022-02-28,1.02,42.52,0.4,8.58,4.27,0.36,1.26,38.69
2022-03-01,1.02,42.38,0.4,8.59,4.24,0.36,1.26,38.91
2022-03-02,1.01,42.13,0.44,8.4,4.11,0.34,1.25,39.35
2022-03-03,0.97,42.52,0.38,8.43,3.65,0.31,1.24,39.69
2022-03-04,0.84,42.62,0.42,8.39,3.39,0.27,1.11,40.14
2022-03-05,0.96,43.37,0.39,8.27,3.48,0.19,0.93,39.5
2022-03-06,0.96,43.32,0.38,8.25,3.49,0.2,0.91,39.55
2022-03-07,0.91,43.45,0.24,8.37,3.74,0.21,1.01,39.08
2022-03-08,0.84,42.59,0.36,8.34,3.71,0.25,1.29,39.24
2022-03-09,0.98,40.27,0.48,9.37,3.53,0.19,1.52,40.18
2022-03-10,0.95,40.66,0.57,9.24,3.66,0.19,1.54,39.58
2022-03-11,0.88,40.59,0.56,9.52,3.68,0.18,1.77,39.24
2022-03-12,0.88,40.63,0.56,9.57,3.68,0.18,1.77,39.26
2022-03-13,0.88,40.59,0.57,9.53,3.64,0.18,1.77,39.29
2022-03-14,0.89,40.57,0.57,9.53,3.67,0.18,1.77,39.29
2022-03-15,0.87,41.31,0.53,8.52,3.73,0.17,1.64,39.74
2022-03-16,0.92,40.42,0.57,8.67,3.97,0.19,1.77,39.65
2022-03-17,0.8,39.22,0.73,8.24,4.27,0.27,1.66,39.83
2022-03-18,0.79,39.29,0.74,8.23,4.25,0.26,1.71,39.82
2022-03-19,0.78,39.26,0.74,8.26,4.27,0.26,1.69,39.75
2022-03-20,0.77,39.36,0.72,8.3,4.27,0.26,1.7,39.65
2022-03-21,0.81,38.78,0.63,9.84,4.72,0.27,1.64,39.93
2022-03-22,0.62,38.86,0.55,9.2,4.33,0.38,1.56,41.25
2022-03-23,0.5,40.07,0.47,9.23,4.09,0.31,1.38,41.12
2022-03-24,0.87,39.63,0.33,8.97,4.23,0.23,1.39,41.52
2022-03-25,0.75,39.91,0.33,8.96,4.46,0.26,1.11,40.89
2022-03-26,0.81,37.89,0.31,8.95,4.9,0.23,1.2,42.29
2022-03-27,0.81,37.92,0.31,9.05,4.92,0.23,1.22,42.06
2022-03-28,0.43,38.99,0.4,9.35,5.01,0.34,1.59,40.06
2022-03-29,0.47,38.37,0.35,9.14,4.39,0.39,1.58,41.42
2022-03-30,0.51,39.04,0.42,8.81,4.02,0.2,1.7,41.82
2022-03-31,0.61,39.06,0.28,7.96,4.75,0.21,1.87,42.11
2022-04-01,0.83,38.24,0.3,7.89,4.68,0.27,2.2,43.01
2022-04-02,0.97,39.93,0.26,8.65,4.27,0.27,1.85,41.44
2022-04-03,0.96,40.09,0.26,8.67,4.16,0.24,1.86,41.3
2022-04-04,1.15,39.24,0.25,8.3,4.47,0.24,1.39,42.53
2022-04-05,1.2,38.58,0.25,8.43,4.32,0.29,1.53,42.63
2022-04-06,1.09,39.2,0.3,8.47,4.35,0.27,1.7,41.86
2022-04-07,1.03,38.81,0.3,8.86,4.31,0.27,1.59,41.72
2022-04-08,1.13,38.15,0.53,9.35,4.17,0.27,1.44,41.79
2022-04-09,1.15,38.54,0.55,9.62,4.41,0.27,1.42,40.83
2022-04-10,1.17,38.59,0.55,9.75,4.38,0.27,1.46,40.6
2022-04-11,0.97,39.39,0.57,9.1,4.63,0.16,1.41,40.73
2022-04-12,1.0,40.29,0.52,9.13,4.54,0.18,1.17,40.11
2022-04-13,1.09,40.98,0.27,8.47,4.93,0.18,1.51,39.96
2022-04-14,1.17,41.21,0.3,8.44,4.97,0.18,1.46,39.72
2022-04-15,1.04,41.52,0.23,8.54,4.94,0.21,1.62,39.42
2022-04-16,1.05,40.51,0.27,8.65,5.33,0.18,1.7,39.71
2022-04-17,1.06,40.55,0.27,8.54,5.36,0.18,1.7,39.77
2022-04-18,1.04,40.79,0.26,8.65,5.22,0.18,1.62,39.69
2022-04-19,0.84,40.25,0.25,8.97,5.02,0.19,1.76,40.16
2022-04-20,1.38,40.41,0.25,9.28,4.99,0.2,1.29,39.52
2022-04-21,1.21,39.97,0.3,9.09,5.01,0.23,1.42,39.96
2022-04-22,1.2,40.02,0.3,8.85,4.72,0.27,1.18,40.46
2022-04-23,0.74,39.24,0.38,9.31,5.15,0.17,1.12,40.42
2022-04-24,0.77,39.35,0.38,9.18,5.15,0.17,1.1,40.4
2022-04-25,0.47,39.31,0.43,8.61,5.22,0.21,0.92,41.08
2022-04-26,0.5,39.38,0.41,8.9,4.7,0.21,0.91,40.81
2022-04-27,0.52,39.45,0.38,8.69,4.81,0.15,0.94,40.79
2022-04-28,0.53,39.28,0.33,8.35,4.29,0.16,1.0,41.82
2022-04-29,0.56,38.85,0.34,8.13,4.05,0.22,0.88,42.65
2022-04-30,0.51,39.24,0.4,7.91,4.14,0.1,0.84,42.49
2022-05-01,0.51,39.39,0.39,7.94,4.12,0.1,0.84,42.41
2022-05-02,0.57,39.64,0.42,7.86,4.37,0.13,0.86,41.83
2022-05-03,0.58,39.59,0.41,7.92,4.37,0.12,0.87,41.84
2022-05-04,0.54,39.56,0.42,7.6,4.68,0.15,1.04,41.41
2022-05-05,0.61,39.83,0.42,7.43,4.7,0.16,1.05,41.66
2022-05-06,0.63,39.5,0.44,7.9,4.9,0.16,1.09,41.05
2022-05-07,0.63,38.86,0.44,8.48,4.94,0.16,1.12,41.2
2022-05-08,0.62,38.96,0.44,8.46,5.01,0.16,1.11,41.1
2022-05-09,0.64,38.76,0.42,8.28,4.7,0.18,1.95,40.94
2022-05-10,0.52,39.73,0.3,8.68,5.41,0.23,1.35,40.13
2022-05-11,0.42,38.54,0.38,9.42,4.63,0.17,1.15,41.32
2022-05-12,0.51,38.6,0.38,9.49,4.67,0.13,1.14,41.44
2022-05-13,0.44,38.59,0.33,9.54,5.06,0.09,1.36,41.02
2022-05-14,0.74,38.93,0.29,9.01,4.8,0.1,1.61,41.11
2022-05-15,0.75,38.9,0.29,9.02,4.82,0.1,1.61,41.12
2022-05-16,0.86,39.36,0.29,8.83,4.83,0.1,1.41,41.18
2022-05-17,0.85,39.19,0.26,8.64,4.87,0.1,1.42,41.56
2022-05-18,0.96,39.28,0.23,8.44,4.85,0.11,1.52,41.74
2022-05-19,0.82,39.37,0.23,8.6,5.16,0.07,1.18,41.34
2022-05-20,0.61,40.63,0.21,9.06,4.56,0.07,1.21,40.23
2022-05-21,0.75,41.01,0.2,9.55,3.76,0.14,1.41,38.99
2022-05-22,0.69,40.95,0.2,9.55,3.75,0.14,1.41,39.07
2022-05-23,0.65,39.81,0.1,10.05,4.28,0.18,1.31,39.49
2022-05-24,0.52,41.8,0.16,9.61,4.91,0.22,2.21,37.67
2022-05-25,0.85,39.92,0.15,9.38,5.17,0.27,2.14,39.04
2022-05-26,0.84,39.17,0.08,9.63,5.14,0.3,1.25,40.64
2022-05-27,1.1,39.59,0.11,10.73,4.8,0.24,1.57,38.79
2022-05-28,0.99,40.39,0.11,10.1,5.5,0.14,1.52,38.19
2022-05-29,0.99,40.42,0.11,10.06,5.48,0.14,1.48,38.2
2022-05-30,1.0,39.26,0.07,10.11,6.41,0.11,1.27,38.83
2022-05-31,0.8,39.37,0.18,9.85,7.24,0.2,1.63,37.97
2022-06-01,0.71,40.56,0.31,10.06,6.12,0.25,1.35,37.67
2022-06-02,0.78,40.49,0.3,9.79,5.69,0.31,1.29,38.39
2022-06-03,0.76,40.52,0.13,9.29,4.96,0.23,1.21,40.07
2022-06-04,0.67,41.04,0.22,9.04,5.07,0.15,1.28,39.29
2022-06-05,0.66,41.04,0.22,9.05,5.05,0.15,1.29,39.27
2022-06-06,0.78,40.47,0.17,8.78,5.54,0.1,1.5,39.34
2022-06-07,0.74,40.47,0.16,8.88,5.38,0.1,1.56,39.8
2022-06-08,0.67,40.46,0.37,9.27,5.27,0.2,1.79,38.78
2022-06-09,0.7,40.35,0.34,9.31,5.08,0.23,1.85,38.87
2022-06-10,0.76,39.83,0.35,9.62,4.6,0.28,1.67,39.54
2022-06-11,0.82,39.78,0.29,9.94,4.76,0.25,1.63,39.17
2022-06-12,0.81,39.34,0.3,10.06,4.74,0.25,1.6,39.39
2022-06-13,0.81,39.21,0.3,10.28,4.87,0.26,1.67,39.21
2022-06-14,0.76,39.91,0.24,9.95,4.45,0.27,1.66,39.42
2022-06-15,0.75,40.16,0.25,9.77,4.53,0.25,1.66,39.31
2022-06-16,0.73,40.52,0.25,9.79,4.55,0.25,1.66,38.91
2022-06-17,0.8,40.48,0.23,9.65,4.46,0.25,1.51,39.34
2022-06-18,0.81,40.25,0.23,9.71,4.31,0.25,1.47,39.74
2022-06-19,0.82,40.74,0.23,9.81,4.29,0.25,1.46,39.09
2022-06-20,0.75,40.63,0.19,9.59,4.19,0.25,1.53,39.51
2022-06-21,0.7,40.85,0.12,9.58,4.07,0.27,1.52,39.42
2022-06-22,0.78,42.16,0.08,8.92,4.04,0.29,1.59,38.63
2022-06-23,0.85,44.06,0.14,7.97,3.85,0.33,1.77,37.28
2022-06-24,1.06,44.13,0.18,8.4,4.02,0.31,1.89,37.01
2022-06-25,1.05,44.23,0.22,8.5,4.15,0.27,1.8,36.71
2022-06-26,1.04,44.28,0.22,8.48,4.17,0.26,1.82,36.73
2022-06-27,0.95,44.97,0.23,8.46,4.62,0.27,1.71,35.74
2022-06-28,0.97,45.18,0.22,8.44,4.69,0.3,1.7,35.32
2022-06-29,0.91,46.07,0.26,7.93,4.59,0.32,1.66,35.46
2022-06-30,0.56,46.77,0.21,7.98,4.37,0.29,1.42,35.73
2022-07-01,0.49,47.44,0.24,7.74,4.22,0.28,1.27,35.45
2022-07-02,0.47,47.23,0.22,7.78,4.22,0.32,1.24,35.6
2022-07-03,0.46,47.18,0.22,7.8,4.18,0.32,1.23,35.66
2022-07-04,0.47,47.9,0.23,7.57,4.1,0.32,1.11,35.39
2022-07-05,0.61,46.73,0.24,8.29,4.29,0.23,1.08,35.72
2022-07-06,0.66,45.94,0.23,7.99,4.6,0.19,1.23,36.69
2022-07-07,0.65,46.74,0.22,8.02,4.5,0.13,1.18,36.14
2022-07-08,0.65,47.18,0.21,8.36,4.37,0.09,1.05,35.72
2022-07-09,0.64,46.3,0.21,8.49,4.81,0.13,1.11,35.84
2022-07-10,0.62,46.28,0.21,8.48,4.85,0.13,1.1,35.88
2022-07-11,0.59,45.04,0.22,8.94,5.33,0.08,1.28,36.03
2022-07-12,0.77,47.44,0.28,8.41,4.9,0.11,1.15,34.14
2022-07-13,0.64,47.79,0.29,8.11,5.01,0.11,1.23,34.22
2022-07-14,0.63,48.13,0.28,8.24,5.38,0.09,1.19,33.51
2022-07-15,0.75,46.76,0.26,8.32,4.42,0.09,1.34,35.5
2022-07-16,0.73,46.35,0.29,8.21,4.72,0.11,1.5,35.7
2022-07-17,0.74,46.42,0.29,8.15,4.7,0.11,1.49,35.72
2022-07-18,0.67,46.09,0.17,8.04,4.67,0.13,1.6,36.17
2022-07-19,0.66,45.81,0.15,7.98,4.28,0.12,1.32,36.29
2022-07-20,0.84,45.24,0.2,7.64,5.19,0.14,1.05,36.11
2022-07-21,0.87,46.28,0.25,8.01,4.96,0.16,1.08,35.68
2022-07-22,0.76,48.59,0.2,8.26,4.89,0.15,0.99,33.62
2022-07-23,0.65,49.59,0.14,8.28,4.02,0.19,1.12,33.69
2022-07-24,0.67,49.43,0.14,8.25,4.05,0.19,1.12,33.9
2022-07-25,0.68,47.27,0.25,8.54,4.26,0.25,1.07,35.31
2022-07-26,0.79,46.71,0.25,9.17,4.62,0.19,1.08,35.06
2022-07-27,0.95,45.27,0.29,8.83,5.26,0.25,1.37,35.15
2022-07-28,0.86,45.07,0.25,8.44,5.35,0.25,1.1,35.68
2022-07-29,0.85,44.58,0.28,8.66,5.68,0.23,1.24,35.23
2022-07-30,0.8,44.77,0.3,8.12,6.26,0.24,1.1,35.38
2022-07-31,0.82,44.78,0.3,8.14,6.27,0.23,1.1,35.37
2022-08-01,0.96,45.17,0.35,7.76,5.36,0.23,1.05,35.88
2022-08-02,0.79,44.12,0.37,8.82,5.01,0.23,0.91,36.51
2022-08-03,0.64,43.63,0.45,8.46,5.14,0.32,0.86,37.43
2022-08-04,0.68,43.94,0.48,8.19,4.9,0.3,0.85,37.69
2022-08-05,0.59,43.59,0.36,8.61,5.8,0.22,1.05,37.06
2022-08-06,0.75,41.73,0.41,8.79,5.06,0.25,1.51,38.9
2022-08-07,0.75,41.87,0.41,8.81,5.04,0.25,1.51,38.74
2022-08-08,0.81,42.15,0.37,8.09,4.8,0.21,1.23,39.32
2022-08-09,0.79,42.09,0.37,8.14,4.86,0.21,1.26,39.27
2022-08-10,0.79,41.95,0.33,9.11,5.4,0.29,1.35,37.7
2022-08-11,0.79,42.13,0.33,9.18,5.44,0.29,1.32,37.49
2022-08-12,0.9,42.24,0.43,8.18,5.85,0.36,1.08,37.82
2022-08-13,0.89,42.27,0.43,8.28,5.83,0.36,1.05,37.75
2022-08-14,0.89,42.16,0.43,8.28,5.82,0.36,1.07,37.85
2022-08-15,0.87,42.13,0.43,8.29,5.82,0.36,1.03,37.93
2022-08-16,0.79,43.44,0.52,9.01,5.75,0.36,1.05,36.57
2022-08-17,1.14,42.89,0.45,8.09,6.09,0.23,1.14,37.29
2022-08-18,0.86,44.9,0.46,7.01,5.41,0.14,1.14,36.22
2022-08-19,0.87,44.92,0.47,7.06,5.31,0.14,1.14,36.3
2022-08-20,0.86,43.86,0.41,7.62,5.63,0.22,1.32,36.63
2022-08-21,0.84,43.95,0.41,7.65,5.67,0.21,1.34,36.46
2022-08-22,0.74,42.87,0.41,8.52,6.73,0.2,1.62,35.99
2022-08-23,0.6,43.51,0.36,8.5,6.21,0.08,1.49,36.01
2022-08-24,0.6,43.26,0.26,8.5,5.0,0.1,1.39,37.67
2022-08-25,0.61,41.98,0.24,8.21,5.56,0.21,1.35,38.25
2022-08-26,0.74,43.78,0.15,8.07,4.87,0.32,1.24,37.34
2022-08-27,0.89,43.8,0.3,8.21,4.93,0.29,1.22,37.23
2022-08-28,0.89,43.79,0.31,8.21,4.91,0.29,1.2,37.33
2022-08-29,0.89,43.37,0.3,7.96,4.86,0.26,1.22,37.92
2022-08-30,0.88,42.79,0.1,7.43,4.59,0.31,1.56,38.88
2022-08-31,0.79,42.19,0.14,8.88,4.81,0.26,1.83,38.11
2022-09-01,0.91,43.84,0.25,9.18,4.71,0.23,1.18,36.82
2022-09-02,1.21,43.05,0.37,9.38,5.32,0.29,1.19,36.03
2022-09-03,1.16,43.83,0.44,8.47,4.5,0.25,1.1,36.98
2022-09-04,1.16,43.95,0.44,8.46,4.46,0.26,1.1,37.05
2022-09-05,1.15,45.45,0.29,9.07,4.65,0.17,1.09,34.93
2022-09-06,0.99,45.58,0.3,8.76,4.97,0.24,0.96,35.53
2022-09-07,1.2,46.04,0.46,7.7,5.18,0.18,0.99,35.6
2022-09-08,1.05,46.09,0.45,8.26,4.7,0.47,1.0,35.26
2022-09-09,0.99,46.47,0.38,8.13,4.1,0.28,0.99,36.28
2022-09-10,1.12,45.82,0.23,8.01,4.1,0.24,1.26,36.96
2022-09-11,1.11,45.9,0.24,7.97,4.09,0.27,1.24,37.0
2022-09-12,0.86,46.51,0.23,7.32,4.11,0.25,1.51,36.78
2022-09-13,1.12,45.72,0.33,7.07,4.71,0.36,1.19,36.17
2022-09-14,1.37,43.83,0.52,7.66,5.7,0.29,1.09,36.61
2022-09-15,1.02,45.55,0.35,7.61,5.59,0.23,0.99,35.88
2022-09-16,1.07,44.88,0.2,8.31,4.9,0.28,1.14,36.46
2022-09-17,1.06,44.57,0.19,8.33,5.07,0.37,1.26,36.38
2022-09-18,1.08,44.52,0.19,8.51,5.14,0.37,1.21,36.16
2022-09-19,1.12,45.66,0.16,8.38,5.41,0.29,1.2,35.05
2022-09-20,1.25,45.26,0.19,8.33,5.53,0.4,1.34,35.08
2022-09-21,1.25,45.01,0.47,8.83,5.36,0.46,1.27,35.06
2022-09-22,1.57,44.03,0.62,9.37,5.09,0.41,1.29,35.64
2022-09-23,1.33,44.1,0.47,8.93,4.92,0.36,1.66,35.92
2022-09-24,1.25,44.59,0.61,8.63,5.14,0.36,1.45,35.4
2022-09-25,1.23,44.73,0.61,8.7,5.08,0.36,1.5,35.22
2022-09-26,1.55,44.88,0.57,8.04,4.98,0.3,1.63,35.78
2022-09-27,1.22,44.78,0.6,7.97,5.45,0.22,1.61,36.05
2022-09-28,1.31,45.25,0.51,8.03,4.85,0.27,1.52,36.38
2022-09-29,1.18,45.35,0.3,8.19,4.99,0.55,1.32,36.24
2022-09-30,1.51,45.17,0.35,7.86,4.91,0.54,1.5,36.2
2022-10-01,1.52,44.36,0.48,8.17,5.59,0.36,1.28,35.81
2022-10-02,1.52,44.32,0.45,8.18,5.59,0.36,1.26,35.87
2022-10-03,1.62,44.97,0.42,8.3,4.9,0.3,1.23,36.0
2022-10-04,1.78,44.26,0.37,8.46,5.7,0.35,1.11,35.79
2022-10-05,1.78,44.11,0.36,8.48,5.68,0.35,1.14,35.84
2022-10-06,1.78,42.39,0.47,8.5,5.59,0.36,1.39,37.02
2022-10-07,1.83,41.56,0.38,8.52,5.86,0.27,1.48,37.41
2022-10-08,1.68,41.5,0.47,9.03,6.56,0.34,1.38,36.3
2022-10-09,1.68,41.36,0.47,8.95,6.52,0.34,1.36,36.57
2022-10-10,1.51,42.73,0.35,8.96,5.44,0.27,1.31,36.86
2022-10-11,1.16,42.88,0.45,9.12,5.24,0.33,1.16,36.81
2022-10-12,1.38,43.96,0.46,8.1,5.26,0.28,1.1,37.08
2022-10-13,1.31,45.71,0.53,7.98,4.95,0.32,1.38,35.32
2022-10-14,1.39,45.89,0.44,8.31,4.84,0.24,1.36,35.1
2022-10-15,1.22,46.16,0.41,9.31,4.65,0.2,1.48,34.58
2022-10-16,1.14,46.23,0.42,9.3,4.69,0.22,1.45,34.62
2022-10-17,1.22,47.66,0.48,8.81,4.78,0.18,1.54,33.58
2022-10-18,1.22,46.15,0.44,9.16,4.7,0.26,1.47,35.03
2022-10-19,1.13,46.05,0.28,8.61,5.35,0.25,1.36,35.4
2022-10-20,0.96,46.93,0.29,8.7,4.72,0.5,1.15,35.23
2022-10-21,0.97,46.72,0.29,8.7,4.73,0.49,1.29,35.3
2022-10-22,0.82,47.49,0.23,8.79,5.01,0.42,1.1,34.95
2022-10-23,0.83,47.45,0.23,8.69,4.99,0.41,1.1,35.05
2022-10-24,0.82,47.44,0.23,8.59,5.0,0.41,1.09,35.22
2022-10-25,0.83,47.44,0.23,8.68,5.06,0.41,1.1,35.1
2022-10-26,0.8,47.27,0.32,8.74,4.99,0.34,1.18,35.07
2022-10-27,0.8,47.32,0.32,8.75,5.02,0.35,1.18,35.0
2022-10-28,0.83,47.53,0.22,8.73,5.4,0.31,1.12,34.52
2022-10-29,0.85,46.17,0.18,8.85,5.19,0.33,1.22,35.96
2022-10-30,0.85,46.26,0.18,8.87,5.17,0.33,1.22,35.86
2022-10-31,0.73,47.05,0.32,7.93,5.3,0.35,1.12,36.09
2022-11-01,0.92,47.48,0.29,7.75,5.33,0.36,1.08,35.58
2022-11-02,0.86,47.58,0.31,7.47,5.46,0.36,1.07,35.66
2022-11-03,0.9,46.61,0.34,7.39,5.63,0.42,1.0,36.47
2022-11-04,0.96,45.98,0.36,7.85,5.59,0.33,1.11,36.55
2022-11-05,1.03,45.59,0.37,7.87,5.64,0.31,1.02,36.83
2022-11-06,1.03,45.67,0.37,7.83,5.64,0.31,1.03,36.83
2022-11-07,1.14,45.34,0.38,7.58,5.37,0.36,1.01,37.35
2022-11-08,1.14,45.72,0.35,7.21,5.32,0.35,1.05,37.55
2022-11-09,1.19,44.31,0.31,7.42,5.36,0.19,0.94,38.76
2022-11-10,1.25,44.73,0.32,7.91,4.84,0.26,0.95,38.25
2022-11-11,1.24,44.84,0.15,7.85,4.79,0.42,0.98,38.18
2022-11-12,1.08,44.86,0.17,8.06,4.71,0.39,0.93,38.24
2022-11-13,1.07,44.88,0.17,8.09,4.67,0.35,0.94,38.26
2022-11-14,1.06,44.75,0.11,8.24,4.71,0.4,1.06,37.87
2022-11-15,1.08,44.87,0.11,8.46,5.27,0.39,1.01,36.97
2022-11-16,1.0,45.71,0.2,7.77,5.14,0.45,0.88,36.98
2022-11-17,1.1,46.25,0.26,8.29,5.28,0.35,0.95,35.87
2022-11-18,1.27,46.0,0.18,8.33,5.32,0.42,0.94,36.04
2022-11-19,1.23,46.16,0.17,8.15,5.35,0.35,0.99,36.07
2022-11-20,1.18,46.05,0.16,8.18,5.34,0.35,0.98,36.27
2022-11-21,1.51,46.26,0.22,8.57,4.91,0.32,1.21,35.52
2022-11-22,1.28,46.44,0.18,8.21,4.96,0.42,1.34,35.78
2022-11-23,1.24,46.35,0.17,8.62,4.82,0.45,1.44,35.51
2022-11-24,1.33,46.62,0.19,8.17,4.96,0.41,1.4,35.42
2022-11-25,1.43,47.26,0.21,8.12,5.03,0.35,1.25,34.92
2022-11-26,1.4,46.72,0.23,8.03,5.13,0.37,1.34,35.48
2022-11-27,1.4,46.68,0.23,8.09,5.1,0.36,1.33,35.43
2022-11-28,1.36,46.71,0.2,8.38,4.96,0.33,1.28,35.49
2022-11-29,1.44,46.36,0.22,8.18,4.95,0.26,1.2,36.05
2022-11-30,1.38,45.84,0.23,8.12,4.88,0.4,1.26,36.6
2022-12-01,1.35,45.23,0.23,8.48,5.08,0.35,1.25,36.73
2022-12-02,1.4,45.17,0.25,8.75,4.85,0.43,1.26,36.72
2022-12-03,1.45,45.39,0.17,8.73,4.82,0.38,1.18,36.7
2022-12-04,1.45,45.18,0.2,8.76,4.84,0.38,1.28,36.83
2022-12-05,1.4,45.08,0.19,8.65,4.84,0.53,1.21,36.95
2022-12-06,1.52,45.65,0.23,8.84,4.85,0.34,1.16,36.2
2022-12-07,1.44,45.1,0.21,8.82,5.3,0.26,1.21,36.28
2022-12-08,1.32,45.41,0.28,8.47,5.35,0.35,1.21,36.27
2022-12-09,1.29,45.1,0.27,8.84,5.1,0.34,1.24,36.54
2022-12-10,1.29,45.94,0.27,8.66,5.12,0.3,1.1,35.83
2022-12-11,1.3,45.96,0.27,8.68,5.11,0.3,1.11,35.79
2022-12-12,1.23,46.04,0.27,8.62,5.15,0.3,1.09,35.79
2022-12-13,1.31,45.51,0.24,8.99,5.36,0.29,1.29,35.55
2022-12-14,1.15,45.75,0.25,8.45,5.57,0.31,1.33,35.81
2022-12-15,1.07,45.83,0.26,8.8,5.58,0.14,1.39,35.59
2022-12-16,1.01,45.41,0.27,8.56,5.67,0.26,1.48,35.97
2022-12-17,1.03,45.63,0.28,8.59,5.6,0.25,1.4,35.91
2022-12-18,1.0,45.62,0.27,8.63,5.58,0.25,1.4,35.86
2022-12-19,0.93,46.14,0.22,8.26,5.3,0.17,1.44,36.16
2022-12-20,0.9,46.07,0.22,8.4,5.67,0.17,1.46,35.67
2022-12-21,0.84,46.13,0.22,8.19,5.88,0.18,1.51,35.62
2022-12-22,0.78,45.64,0.25,7.96,5.96,0.27,1.56,35.96
2022-12-23,0.77,46.25,0.25,7.81,6.12,0.22,1.62,35.05
2022-12-24,0.83,45.66,0.27,8.14,6.03,0.18,1.62,35.26
2022-12-25,0.86,45.6,0.26,8.18,6.11,0.18,1.58,35.24
2022-12-26,0.99,45.3,0.28,8.45,6.07,0.19,1.61,35.16
2022-12-27,1.14,44.9,0.24,8.76,6.09,0.26,1.57,35.12
2022-12-28,1.25,45.48,0.24,8.27,5.94,0.22,1.56,35.04
2022-12-29,1.37,45.44,0.28,8.03,6.25,0.21,1.65,34.66
2022-12-30,1.39,44.68,0.26,7.74,6.5,0.19,1.83,34.9
2022-12-31,1.43,44.64,0.27,7.86,6.38,0.22,1.85,34.76
2023-01-01,1.44,44.44,0.3,7.94,6.38,0.22,1.84,34.86
2023-01-02,1.43,44.87,0.32,8.15,6.19,0.25,1.89,34.62
2023-01-03,1.45,45.74,0.23,8.01,6.03,0.27,1.96,34.21
2023-01-04,1.37,45.7,0.24,8.18,5.84,0.25,1.92,34.26
2023-01-05,1.22,45.13,0.22,7.98,5.91,0.22,1.9,35.01
2023-01-06,1.25,44.95,0.13,8.08,5.77,0.25,1.73,35.48
2023-01-07,1.19,45.08,0.2,8.28,5.53,0.27,1.72,35.23
2023-01-08,1.22,45.13,0.19,8.23,5.58,0.26,1.7,35.2
2023-01-09,1.24,45.34,0.18,8.28,5.55,0.26,1.78,34.81
2023-01-10,1.23,45.42,0.19,8.21,5.45,0.24,1.74,35.16
2023-01-11,1.25,45.98,0.31,8.3,5.65,0.2,1.71,34.16
2023-01-12,1.32,46.42,0.35,8.23,5.27,0.16,1.64,34.35
2023-01-13,1.26,45.71,0.34,8.11,5.53,0.13,1.51,35.12
2023-01-14,1.34,45.8,0.32,8.24,5.49,0.14,1.5,35.02
2023-01-15,1.32,45.72,0.31,8.21,5.54,0.19,1.52,35.08
2023-01-16,0.97,46.2,0.3,8.11,5.29,0.23,1.56,35.07
2023-01-17,1.15,46.25,0.29,8.52,5.73,0.2,1.16,34.87
2023-01-18,1.06,45.23,0.27,8.68,5.99,0.24,0.99,35.7
2023-01-19,1.45,45.96,0.47,8.71,5.78,0.15,0.8,34.95
2023-01-20,1.46,45.82,0.55,8.34,5.8,0.17,0.96,35.14
2023-01-21,1.56,45.98,0.53,8.77,5.97,0.2,0.98,34.27
2023-01-22,1.51,45.95,0.55,8.94,6.15,0.19,0.91,34.04
2023-01-23,1.58,45.8,0.69,9.31,5.77,0.21,0.82,34.1
2023-01-24,1.69,46.0,0.59,8.74,5.32,0.2,0.83,34.76
2023-01-25,1.37,46.39,0.51,9.35,5.14,0.21,0.99,34.11
2023-01-26,1.41,46.48,0.51,9.13,4.97,0.15,1.0,34.58
2023-01-27,0.95,45.46,0.31,9.5,5.0,0.1,1.28,35.6
2023-01-28,1.29,45.14,0.23,9.74,4.95,0.13,1.4,35.15
2023-01-29,1.3,44.88,0.13,10.1,4.96,0.14,1.37,35.13
2023-01-30,1.32,45.17,0.2,9.98,5.13,0.21,1.27,34.83
2023-01-31,1.24,45.54,0.2,9.9,4.75,0.2,1.18,35.13
2023-02-01,1.2,46.41,0.29,9.64,4.66,0.19,1.18,34.53
2023-02-02,1.18,46.95,0.29,9.59,4.58,0.22,1.19,33.92
2023-02-03,1.28,47.13,0.23,9.42,5.03,0.24,1.11,33.46
2023-02-04,1.27,47.74,0.23,9.33,4.73,0.26,1.01,33.41
2023-02-05,1.29,47.63,0.23,9.36,4.71,0.27,0.96,33.55
2023-02-06,1.31,48.24,0.24,9.26,4.86,0.19,0.98,32.9
2023-02-07,1.26,48.41,0.17,8.94,4.84,0.16,0.96,33.15
2023-02-08,1.37,48.24,0.27,9.01,4.61,0.18,1.11,33.03
2023-02-09,1.3,48.53,0.24,8.88,4.53,0.2,1.11,33.05
2023-02-10,1.29,48.47,0.25,8.94,4.46,0.19,1.09,33.09
2023-02-11,1.29,48.63,0.2,9.02,4.62,0.21,1.04,32.66
2023-02-12,1.28,48.81,0.22,8.72,4.49,0.28,0.99,33.12
2023-02-13,1.3,48.7,0.23,8.77,4.34,0.23,1.01,33.41
2023-02-14,1.33,48.43,0.24,9.04,4.52,0.2,1.0,33.01
2023-02-15,1.32,48.59,0.26,9.08,4.37,0.15,0.96,32.94
2023-02-16,1.32,48.55,0.29,9.06,4.45,0.15,1.02,32.81
2023-02-17,1.31,48.49,0.27,8.93,4.34,0.16,1.11,33.06
2023-02-18,1.4,48.34,0.27,8.86,4.27,0.22,1.12,33.35
2023-02-19,1.38,48.77,0.23,8.97,4.18,0.21,1.14,33.04
2023-02-20,1.41,48.7,0.26,8.9,4.51,0.17,1.09,32.87
2023-02-21,1.41,48.68,0.28,9.01,4.33,0.17,1.07,32.92
2023-02-22,1.36,48.78,0.28,8.93,4.58,0.15,1.08,32.61
2023-02-23,1.31,48.58,0.2,8.94,4.61,0.15,0.99,33.08
2023-02-24,1.17,49.54,0.19,8.2,4.93,0.09,1.14,32.66
2023-02-25,1.06,49.39,0.27,8.01,4.98,0.07,0.95,33.32
2023-02-26,1.05,49.33,0.29,8.14,4.92,0.08,0.96,33.27
2023-02-27,1.11,49.57,0.31,8.25,4.91,0.07,0.98,32.83
2023-02-28,1.14,49.72,0.3,8.15,4.79,0.13,0.94,32.86
2023-03-01,1.14,49.85,0.29,8.17,4.45,0.12,0.97,33.08
2023-03-02,1.16,48.84,0.35,8.17,4.46,0.13,1.12,33.89
2023-03-03,1.02,48.84,0.38,7.76,4.18,0.2,1.13,34.05
2023-03-04,0.93,49.18,0.39,7.99,3.65,0.12,1.08,34.34
2023-03-05,0.93,49.09,0.43,8.11,3.61,0.07,1.04,34.43
2023-03-06,0.62,49.65,0.4,8.09,3.6,0.09,1.24,34.09
2023-03-07,0.68,50.24,0.37,7.86,3.4,0.16,1.23,33.84
2023-03-08,0.7,50.21,0.33,7.7,3.38,0.21,1.33,33.88
2023-03-09,0.61,50.05,0.31,7.74,3.41,0.07,1.22,34.26
2023-03-10,0.54,50.45,0.26,7.8,3.56,0.18,1.26,33.75
2023-03-11,0.58,50.7,0.24,7.66,3.59,0.27,1.37,33.72
2023-03-12,0.56,50.61,0.22,7.77,3.5,0.24,1.38,33.88
2023-03-13,0.53,50.57,0.16,8.14,3.58,0.26,1.25,33.98
2023-03-14,0.55,51.96,0.2,8.21,3.88,0.25,1.14,32.32
2023-03-15,0.52,52.17,0.37,8.36,3.66,0.21,1.11,32.22
2023-03-16,0.93,51.96,0.45,7.6,3.98,0.18,1.14,32.31
2023-03-17,0.99,51.54,0.4,7.4,4.18,0.13,1.21,32.65
2023-03-18,1.19,51.47,0.3,7.94,4.15,0.16,1.02,32.46
2023-03-19,1.14,51.57,0.27,7.73,4.17,0.18,0.94,32.56
2023-03-20,1.12,52.51,0.2,7.64,4.44,0.17,0.94,31.7
2023-03-21,0.91,51.75,0.21,8.18,4.54,0.28,0.92,32.05
2023-03-22,0.82,51.45,0.23,8.41,4.65,0.27,1.03,32.0
2023-03-23,0.82,51.64,0.22,8.72,4.21,0.27,0.86,32.16
2023-03-24,0.69,51.33,0.28,8.74,4.35,0.22,0.78,32.43
2023-03-25,0.82,51.1,0.28,8.87,4.33,0.19,0.78,32.54
2023-03-26,0.78,51.06,0.19,8.95,4.22,0.26,0.77,32.75
2023-03-27,0.82,51.06,0.11,8.57,4.54,0.29,0.66,33.02
2023-03-28,1.5,50.54,0.09,8.86,4.84,0.28,0.72,32.13
2023-03-29,1.62,51.51,0.13,8.73,4.49,0.24,0.72,31.41
2023-03-30,1.62,51.32,0.14,8.71,4.44,0.3,0.76,31.67
2023-03-31,1.6,51.41,0.13,8.42,4.14,0.3,0.79,31.89
2023-04-01,1.65,51.59,0.13,8.42,3.73,0.31,0.89,31.99
2023-04-02,1.66,51.55,0.13,8.39,3.73,0.31,0.89,32.01
2023-04-03,1.63,51.29,0.28,8.41,4.1,0.28,0.92,31.73
2023-04-04,1.55,51.1,0.28,8.71,3.94,0.27,0.87,31.96
2023-04-05,1.54,50.92,0.28,8.59,3.97,0.26,0.94,32.26
2023-04-06,1.54,51.56,0.27,8.83,4.08,0.26,0.93,31.25
2023-04-07,1.51,50.28,0.21,8.91,4.32,0.36,1.02,32.09
2023-04-08,1.24,49.5,0.25,8.52,4.45,0.34,1.19,33.07
2023-04-09,1.25,49.72,0.25,8.5,4.43,0.34,1.18,32.89
2023-04-10,1.21,49.43,0.39,8.72,4.6,0.33,1.18,32.88
2023-04-11,1.12,49.75,0.36,8.15,4.5,0.35,1.16,33.17
2023-04-12,1.09,49.95,0.39,7.96,4.26,0.35,1.22,33.33
2023-04-13,1.07,49.06,0.45,8.13,4.32,0.39,1.31,33.74
2023-04-14,1.29,47.97,0.51,8.64,4.79,0.61,1.09,33.52
2023-04-15,1.99,46.79,0.58,8.44,4.91,0.57,1.14,33.9
2023-04-16,2.0,46.97,0.58,8.42,4.96,0.58,1.11,33.74
2023-04-17,2.32,46.28,0.23,8.67,4.83,0.59,1.14,34.39
2023-04-18,2.28,45.01,0.28,8.86,4.72,0.62,1.09,35.52
2023-04-19,2.47,44.96,0.36,8.01,4.75,0.2,1.27,36.27
2023-04-20,2.91,44.64,0.39,6.74,5.22,0.23,1.35,36.69
2023-04-21,2.8,44.85,0.39,6.85,5.14,0.21,1.32,35.73
2023-04-22,2.8,44.92,0.39,6.83,5.09,0.21,1.3,35.77
2023-04-23,2.72,44.55,0.39,6.89,5.05,0.21,1.3,36.24
2023-04-24,3.33,44.5,0.43,7.07,5.33,0.25,1.35,34.98
2023-04-25,3.35,44.75,0.32,8.22,4.4,0.21,1.28,34.63
2023-04-26,3.21,44.38,0.37,7.94,4.56,0.25,1.34,35.62
2023-04-27,2.89,44.73,0.32,7.83,4.58,0.23,1.41,35.8
2023-04-28,2.76,43.71,0.34,7.58,5.01,0.21,1.42,36.64
2023-04-29,2.67,43.51,0.35,7.39,4.94,0.18,1.48,37.02
2023-04-30,2.65,43.41,0.36,7.38,4.98,0.18,1.45,37.1
2023-05-01,2.66,43.48,0.36,7.38,4.95,0.18,1.45,37.1
2023-05-02,2.62,43.36,0.33,7.0,5.18,0.17,1.49,37.59
2023-05-03,2.55,42.66,0.31,7.19,5.19,0.14,1.35,37.51
2023-05-04,3.04,42.79,0.25,7.27,4.89,0.14,1.28,37.66
2023-05-05,2.99,42.8,0.31,7.18,4.9,0.13,1.24,37.69
2023-05-06,2.58,44.23,0.29,6.92,4.99,0.07,1.3,37.03
2023-05-07,2.59,44.21,0.29,6.92,5.01,0.07,1.3,37.0
2023-05-08,2.65,45.34,0.27,6.95,4.9,0.07,1.57,35.43
2023-05-09,2.74,46.17,0.16,7.41,5.01,0.05,1.52,34.92
2023-05-10,2.64,45.27,0.15,7.27,5.38,0.06,1.82,35.41
2023-05-11,2.61,44.31,0.15,7.35,5.47,0.03,2.13,36.15
2023-05-12,2.85,44.52,0.1,7.39,5.79,0.08,1.87,35.62
2023-05-13,2.73,44.52,0.11,6.81,5.53,0.22,1.89,36.12
2023-05-14,2.72,44.51,0.11,6.84,5.52,0.22,1.89,36.15
2023-05-15,2.41,45.15,0.13,7.04,5.28,0.21,1.81,35.91
2023-05-16,2.17,45.01,0.13,7.93,4.99,0.26,1.62,35.78
2023-05-17,2.64,45.07,0.13,7.78,4.64,0.3,1.56,35.72
2023-05-18,2.38,46.56,0.09,7.95,5.29,0.28,1.34,34.2
2023-05-19,2.39,46.61,0.14,8.08,5.18,0.22,1.27,34.06
2023-05-20,2.6,45.88,0.13,7.29,5.29,0.11,1.48,35.06
2023-05-21,2.57,46.09,0.14,7.13,5.27,0.11,1.46,35.08
2023-05-22,2.83,45.98,0.18,7.37,5.76,0.16,1.44,34.23
2023-05-23,2.45,45.62,0.18,7.58,5.93,0.15,1.34,34.81
2023-05-24,2.35,45.92,0.17,8.21,5.57,0.17,1.28,34.49
2023-05-25,2.21,46.52,0.17,8.57,5.38,0.27,1.27,33.94
2023-05-26,1.81,47.36,0.19,8.74,5.37,0.27,1.01,33.71
2023-05-27,1.57,47.67,0.21,8.01,5.04,0.33,1.01,34.53
2023-05-28,1.58,47.67,0.21,7.94,5.08,0.33,1.02,34.55
2023-05-29,1.67,47.35,0.21,8.24,5.14,0.32,0.92,34.44
2023-05-30,1.89,47.24,0.18,7.93,5.33,0.28,0.96,34.52
2023-05-31,1.91,46.71,0.18,7.88,5.46,0.25,1.05,34.81
2023-06-01,1.86,47.39,0.19,8.07,5.18,0.2,0.99,34.5
2023-06-02,1.9,47.43,0.18,8.57,5.46,0.2,1.0,33.7
2023-06-03,1.83,48.79,0.07,8.84,5.42,0.2,1.09,32.22
2023-06-04,1.83,48.82,0.07,8.82,5.41,0.2,1.09,32.15
2023-06-05,1.83,48.94,0.07,8.84,5.4,0.21,1.09,32.06
2023-06-06,1.84,49.73,0.08,8.65,5.5,0.27,1.1,31.28
2023-06-07,2.25,49.5,0.13,9.0,4.85,0.25,1.06,31.54
2023-06-08,2.28,49.16,0.15,9.26,5.02,0.23,1.14,31.39
2023-06-09,2.34,49.71,0.11,9.17,4.96,0.2,1.15,30.87
2023-06-10,2.45,49.61,0.11,9.08,4.95,0.2,1.15,31.03
2023-06-11,2.43,49.71,0.11,9.04,4.91,0.2,1.15,31.0
2023-06-12,2.64,48.8,0.11,9.16,5.1,0.18,1.19,31.49
2023-06-13,2.68,48.57,0.13,9.21,5.1,0.2,1.16,31.5
2023-06-14,2.75,48.34,0.14,9.06,5.07,0.2,1.21,31.63
2023-06-15,2.8,49.13,0.14,8.85,4.59,0.24,1.17,31.38
2023-06-16,2.99,48.88,0.14,8.69,4.67,0.25,1.14,31.61
2023-06-17,3.0,48.58,0.16,8.59,4.85,0.25,1.13,31.91
2023-06-18,3.01,48.66,0.16,8.56,4.79,0.25,1.14,31.95
2023-06-19,2.96,49.47,0.17,8.43,4.82,0.22,1.15,31.3
2023-06-20,3.16,49.38,0.17,8.08,4.85,0.22,1.01,31.65
2023-06-21,2.8,50.12,0.17,7.66,5.52,0.32,1.08,30.92
2023-06-22,2.92,49.49,0.17,7.74,5.51,0.31,1.1,31.14
2023-06-23,2.93,49.39,0.17,7.68,5.53,0.31,1.13,31.27
2023-06-24,2.94,49.87,0.17,7.55,5.31,0.32,1.11,31.24
2023-06-25,2.88,49.91,0.17,7.56,5.33,0.32,1.09,31.22
2023-06-26,2.95,49.73,0.17,7.7,5.4,0.32,1.11,31.1
2023-06-27,2.96,49.57,0.15,7.67,5.34,0.29,1.08,31.01
2023-06-28,2.87,49.72,0.15,7.48,5.51,0.3,1.0,30.89
2023-06-29,2.84,49.58,0.16,7.77,5.46,0.29,1.01,30.77
2023-06-30,2.45,50.04,0.16,7.44,5.57,0.3,0.97,30.9
2023-07-01,2.44,50.24,0.16,7.23,5.3,0.33,0.97,31.24
2023-07-02,2.45,50.24,0.15,7.19,5.27,0.33,0.97,31.26
2023-07-03,2.4,49.57,0.15,7.51,5.13,0.33,0.89,31.78
2023-07-04,2.38,49.82,0.21,7.18,4.82,0.28,0.87,32.24
2023-07-05,2.37,49.42,0.22,7.64,5.14,0.33,0.93,31.96
2023-07-06,2.27,48.37,0.22,7.89,4.97,0.35,0.84,33.16
2023-07-07,2.4,48.55,0.23,8.01,4.97,0.23,1.02,32.98
2023-07-08,2.62,48.56,0.23,7.63,5.12,0.24,1.07,33.04
2023-07-09,2.63,48.56,0.23,7.53,5.08,0.24,1.08,33.11
2023-07-10,2.88,49.43,0.23,7.15,4.64,0.21,1.0,32.8
2023-07-11,2.85,49.39,0.23,7.35,4.64,0.21,0.98,32.72
2023-07-12,2.86,49.48,0.24,7.28,4.61,0.21,1.06,32.6
2023-07-13,3.04,49.42,0.24,7.2,4.88,0.21,1.14,32.17
2023-07-14,3.02,49.3,0.27,7.31,4.9,0.23,1.13,32.21
2023-07-15,3.1,49.14,0.25,7.27,5.08,0.23,1.17,32.15
2023-07-16,2.99,49.15,0.26,7.35,5.1,0.19,1.16,32.21
2023-07-17,3.19,48.76,0.23,7.33,5.03,0.26,1.18,32.31
2023-07-18,3.11,48.31,0.2,7.66,4.89,0.31,1.16,32.62
2023-07-19,2.98,48.44,0.25,7.66,4.64,0.25,1.04,33.0
2023-07-20,3.34,48.19,0.24,7.34,4.67,0.22,1.02,33.26
2023-07-21,3.14,48.11,0.27,7.68,4.4,0.17,1.09,33.41
2023-07-22,2.89,47.24,0.38,8.06,4.33,0.26,1.12,33.63
2023-07-23,2.87,47.12,0.38,8.02,4.38,0.26,1.12,33.74
2023-07-24,2.86,46.98,0.36,8.03,4.3,0.3,1.06,34.16
2023-07-25,2.98,47.81,0.34,7.84,4.31,0.3,1.03,33.53
2023-07-26,2.9,48.6,0.46,6.98,4.54,0.29,1.01,33.53
2023-07-27,3.07,47.63,0.38,7.05,4.5,0.22,1.08,34.03
2023-07-28,3.09,48.49,0.35,7.55,4.21,0.22,1.23,32.9
2023-07-29,3.1,48.51,0.35,7.56,4.22,0.22,1.23,32.86
2023-07-30,3.06,48.46,0.35,7.57,4.18,0.22,1.24,32.94
2023-07-31,2.76,48.69,0.34,8.02,4.36,0.29,1.23,32.11
2023-08-01,2.78,48.73,0.32,7.89,4.37,0.23,1.24,32.38
2023-08-02,2.78,48.93,0.28,7.93,4.18,0.24,1.18,32.51
2023-08-03,2.86,48.77,0.19,8.44,4.45,0.24,1.35,31.85
2023-08-04,2.4,49.57,0.22,8.48,4.13,0.28,1.58,31.65
2023-08-05,2.07,48.63,0.21,8.1,4.84,0.3,1.6,32.24
2023-08-06,2.06,48.7,0.21,8.05,4.76,0.3,1.59,32.34
2023-08-07,2.02,48.34,0.2,7.64,4.61,0.24,1.69,33.17
2023-08-08,2.36,46.69,0.22,7.85,5.03,0.21,1.54,33.92
2023-08-09,2.28,46.89,0.22,7.77,4.61,0.21,1.57,34.22
2023-08-10,2.55,47.27,0.25,7.54,4.61,0.33,1.43,33.66
2023-08-11,2.44,47.12,0.23,8.03,4.47,0.23,1.41,33.66
2023-08-12,2.48,46.94,0.22,8.22,4.32,0.28,1.42,33.64
2023-08-13,2.49,46.86,0.22,8.23,4.32,0.28,1.42,33.68
2023-08-14,2.32,47.52,0.22,8.47,4.28,0.18,1.28,33.46
2023-08-15,2.33,47.63,0.22,8.41,4.26,0.18,1.3,33.38
2023-08-16,2.52,48.26,0.29,7.74,4.1,0.2,1.22,33.41
2023-08-17,2.35,48.09,0.35,7.99,4.82,0.19,1.12,33.03
2023-08-18,2.46,48.4,0.31,8.27,4.66,0.2,1.12,32.04
2023-08-19,2.98,47.25,0.25,8.87,4.75,0.22,1.14,32.13
2023-08-20,2.99,47.21,0.25,8.87,4.74,0.22,1.14,32.18
2023-08-21,2.79,46.62,0.32,9.2,4.82,0.26,1.05,32.35
2023-08-22,2.81,46.27,0.33,9.07,4.74,0.09,1.16,33.05
2023-08-23,2.89,46.04,0.2,8.97,4.83,0.17,1.27,33.32
2023-08-24,2.86,46.27,0.14,8.84,4.6,0.24,1.22,33.65
2023-08-25,2.82,46.16,0.12,8.81,4.44,0.2,1.51,33.69
2023-08-26,3.09,45.71,0.1,8.31,4.48,0.22,1.46,34.62
2023-08-27,3.08,45.66,0.1,8.29,4.46,0.21,1.53,34.57
2023-08-28,2.99,46.71,0.08,7.27,4.57,0.27,1.5,34.43
2023-08-29,2.89,47.54,0.08,7.22,3.97,0.26,1.47,34.38
2023-08-30,2.92,47.19,0.08,7.36,4.18,0.3,1.65,34.1
2023-08-31,2.91,47.19,0.08,7.3,4.18,0.3,1.65,34.13
2023-09-01,3.09,46.65,0.08,7.41,4.23,0.21,1.75,34.09
2023-09-02,3.09,47.5,0.11,6.99,4.01,0.19,1.78,33.8
2023-09-03,3.08,47.52,0.11,6.96,4.05,0.19,1.78,33.73
2023-09-04,3.45,48.83,0.09,6.71,3.83,0.17,1.48,33.14
2023-09-05,3.32,48.61,0.1,6.46,4.11,0.2,1.72,33.05
2023-09-06,3.35,49.0,0.09,6.36,4.03,0.15,1.81,32.76
2023-09-07,3.37,49.09,0.1,6.36,4.05,0.16,1.8,32.6
2023-09-08,3.39,48.88,0.09,6.36,4.02,0.24,1.87,32.6
2023-09-09,3.44,48.83,0.09,6.35,4.01,0.24,1.87,32.65
2023-09-10,3.43,48.81,0.09,6.38,3.98,0.24,1.86,32.69
2023-09-11,3.06,49.04,0.17,6.28,4.48,0.35,1.58,32.56
2023-09-12,3.06,49.24,0.17,6.15,4.51,0.28,1.59,32.38
2023-09-13,3.1,48.48,0.15,6.41,4.46,0.3,1.69,32.8
2023-09-14,3.13,48.49,0.15,6.41,4.42,0.3,1.67,32.79
2023-09-15,3.12,48.4,0.15,6.42,4.41,0.3,1.68,32.89
2023-09-16,3.2,48.25,0.15,6.4,4.48,0.36,1.69,32.97
2023-09-17,3.2,48.25,0.15,6.41,4.47,0.36,1.68,32.98
2023-09-18,3.1,49.71,0.16,6.21,4.62,0.38,1.47,32.21
2023-09-19,2.28,48.9,0.16,6.66,5.57,0.27,1.23,32.73
2023-09-20,2.19,48.67,0.19,6.63,5.56,0.28,1.21,33.1
2023-09-21,2.17,50.15,0.18,6.89,4.72,0.28,1.17,32.37
2023-09-22,2.24,50.58,0.19,6.71,4.41,0.28,1.2,32.26
2023-09-23,2.19,50.74,0.19,6.56,4.64,0.29,1.24,31.9
2023-09-24,2.23,50.74,0.2,6.54,4.59,0.29,1.23,31.95
2023-09-25,2.2,50.53,0.2,6.57,4.51,0.26,1.15,32.07
2023-09-26,2.27,50.18,0.19,6.58,4.59,0.29,1.29,32.11
2023-09-27,2.14,49.61,0.19,6.82,4.96,0.26,1.33,32.2
2023-09-28,2.17,49.68,0.19,6.78,4.87,0.26,1.31,32.23
2023-09-29,2.21,49.56,0.19,6.62,4.94,0.25,1.29,32.46
2023-09-30,2.17,49.61,0.19,6.59,4.94,0.25,1.28,32.44
2023-10-01,2.15,49.66,0.19,6.62,4.91,0.25,1.27,32.42
2023-10-02,2.15,49.49,0.19,6.61,5.05,0.25,1.3,32.41
2023-10-03,2.23,49.91,0.18,6.45,4.79,0.25,1.28,32.49
2023-10-04,2.19,49.87,0.18,6.53,4.76,0.26,1.26,32.69
2023-10-05,2.18,49.88,0.18,6.54,4.8,0.25,1.2,32.75
2023-10-06,2.2,50.07,0.21,6.3,4.83,0.22,1.03,32.95
2023-10-07,2.37,49.74,0.21,6.39,5.15,0.24,1.18,32.44
2023-10-08,2.34,49.58,0.21,6.41,5.18,0.24,1.18,32.6
2023-10-09,2.34,49.4,0.26,6.74,5.46,0.24,1.05,32.27
2023-10-10,2.46,48.27,0.22,7.87,5.63,0.31,1.21,32.15
2023-10-11,2.45,48.3,0.21,7.91,5.67,0.31,1.2,32.13
2023-10-12,2.45,48.39,0.22,7.89,5.62,0.31,1.2,32.12
2023-10-13,2.47,48.23,0.21,7.96,5.67,0.31,1.21,32.11
2023-10-14,2.46,48.33,0.21,7.93,5.61,0.31,1.21,32.11
2023-10-15,2.48,48.25,0.21,7.93,5.67,0.31,1.2,32.16
2023-10-16,2.47,48.29,0.21,7.88,5.64,0.31,1.2,32.13
2023-10-17,2.47,48.38,0.22,7.93,5.62,0.31,1.2,32.05
2023-10-18,2.46,48.32,0.23,7.91,5.59,0.31,1.2,32.2
2023-10-19,2.48,48.34,0.21,7.95,5.63,0.31,1.2,32.06
2023-10-20,2.48,48.32,0.21,7.95,5.6,0.31,1.2,32.11
2023-10-21,2.33,48.88,0.64,7.72,5.44,0.25,1.34,31.45
2023-10-22,2.33,48.9,0.64,7.73,5.48,0.25,1.34,31.41
2023-10-23,2.33,49.0,0.64,7.74,5.42,0.25,1.33,31.36
2023-10-24,2.28,48.8,0.64,7.68,5.48,0.25,1.32,31.62
2023-10-25,2.32,48.91,0.64,7.72,5.42,0.25,1.33,31.43
2023-10-26,2.32,48.97,0.64,7.71,5.47,0.25,1.32,31.37
2023-10-27,2.34,48.87,0.64,7.72,5.48,0.25,1.34,31.44
2023-10-28,2.08,48.01,0.75,7.83,5.2,0.27,1.26,32.69
2023-10-29,2.1,48.15,0.75,7.75,5.19,0.27,1.26,32.61
2023-10-30,2.01,48.12,0.75,7.82,5.1,0.27,1.25,32.74
2023-10-31,1.87,46.77,0.83,7.86,4.94,0.21,1.32,33.95
2023-11-01,1.81,48.69,0.75,7.19,4.86,0.2,0.86,33.33
2023-11-02,1.76,50.99,0.41,6.86,4.77,0.23,0.76,32.1
2023-11-03,1.79,51.01,0.41,6.86,4.75,0.23,0.8,32.06
2023-11-04,1.8,50.95,0.41,6.85,4.84,0.23,0.78,31.99
2023-11-05,1.78,50.94,0.37,6.85,4.83,0.23,0.8,32.09
2023-11-06,1.84,51.14,0.37,7.02,4.93,0.23,0.77,31.61
2023-11-07,1.83,50.86,0.34,7.03,4.43,0.23,0.79,32.34
2023-11-08,1.92,51.56,0.33,7.05,4.42,0.24,0.79,31.62
2023-11-09,1.89,52.13,0.34,7.12,4.35,0.24,0.87,31.12
2023-11-10,1.9,51.82,0.34,6.99,4.31,0.24,0.85,31.51
2023-11-11,1.87,52.39,0.34,6.84,3.77,0.25,0.89,31.53
2023-11-12,1.83,52.45,0.34,7.04,3.72,0.24,0.98,31.26
2023-11-13,1.81,52.54,0.36,6.96,3.73,0.25,1.0,31.18
2023-11-14,1.91,52.42,0.37,6.97,3.73,0.25,0.94,30.81
2023-11-15,1.83,52.0,0.35,6.9,4.16,0.26,0.97,30.92
2023-11-16,1.79,52.57,0.35,7.05,3.78,0.23,1.06,30.46
2023-11-17,1.73,52.61,0.34,7.02,3.82,0.23,1.0,30.58
2023-11-18,1.7,52.74,0.35,6.95,3.79,0.23,1.05,30.47
2023-11-19,1.66,52.95,0.36,6.76,3.68,0.24,1.02,30.73
2023-11-20,1.65,52.42,0.37,7.03,3.81,0.23,1.04,30.71
2023-11-21,1.65,52.36,0.37,7.04,3.8,0.23,1.07,30.72
2023-11-22,1.65,52.37,0.37,7.09,3.8,0.23,1.05,30.76
2023-11-23,1.66,52.41,0.37,7.03,3.83,0.23,1.07,30.67
2023-11-24,1.65,52.41,0.37,7.06,3.81,0.23,1.04,30.72
2023-11-25,1.65,52.43,0.37,6.97,3.8,0.23,1.06,30.77
2023-11-26,1.65,52.43,0.37,7.0,3.81,0.23,1.08,30.72
2023-11-27,1.65,52.38,0.37,7.05,3.82,0.23,1.06,30.71
2023-11-28,1.65,52.4,0.37,7.02,3.82,0.23,1.06,30.73
2023-11-29,1.66,52.38,0.37,7.09,3.81,0.23,1.05,30.72
2023-11-30,1.64,52.34,0.37,7.07,3.81,0.23,1.04,30.76
2023-12-01,1.65,52.52,0.37,6.95,3.75,0.23,1.08,30.81
2023-12-02,1.59,52.7,0.37,7.06,3.74,0.23,1.06,30.67
2023-12-03,1.56,52.61,0.37,7.04,3.83,0.23,1.07,30.66
2023-12-04,1.57,52.63,0.37,7.16,3.89,0.26,1.03,30.51
2023-12-05,1.54,52.63,0.37,7.06,3.83,0.26,1.03,30.67
2023-12-06,1.45,52.51,0.37,7.09,3.92,0.28,1.02,30.76
2023-12-07,1.47,52.47,0.37,7.03,3.94,0.28,1.03,30.87
2023-12-08,1.52,52.58,0.39,6.9,3.92,0.28,1.04,30.93
2023-12-09,1.51,52.71,0.39,6.9,3.82,0.33,1.06,30.75
2023-12-10,1.47,52.15,0.39,6.88,3.91,0.36,1.03,31.16
2023-12-11,1.7,51.03,0.34,7.47,3.81,0.47,1.24,31.26
2023-12-12,1.86,51.13,0.34,7.76,3.55,0.58,1.2,31.62
2023-12-13,1.89,51.07,0.33,7.68,3.65,0.58,1.19,31.65
2023-12-14,1.86,51.21,0.34,7.71,3.54,0.59,1.18,31.62
2023-12-15,1.9,51.16,0.34,7.72,3.57,0.58,1.19,31.57
2023-12-16,1.88,51.04,0.33,7.73,3.56,0.59,1.21,31.63
2023-12-17,1.89,51.19,0.34,7.59,3.58,0.59,1.21,31.59
2023-12-18,1.49,50.86,0.18,6.77,4.16,0.34,1.16,33.03
2023-12-19,1.36,49.5,0.24,7.55,4.77,0.28,1.36,32.81
2023-12-20,1.39,49.49,0.21,7.5,4.92,0.28,1.39,32.73
2023-12-21,1.36,49.49,0.21,7.51,4.92,0.29,1.38,32.8
2023-12-22,1.4,49.46,0.22,7.54,4.89,0.3,1.39,32.7
2023-12-23,1.37,49.0,0.22,7.67,4.74,0.3,1.39,33.14
2023-12-24,1.42,49.21,0.22,7.68,4.83,0.29,1.39,32.78
2023-12-25,1.36,49.07,0.22,7.71,4.72,0.29,1.4,33.13
2023-12-26,1.49,49.12,0.21,7.56,4.74,0.3,1.44,32.98
2023-12-27,1.49,49.28,0.22,7.52,4.77,0.27,1.43,32.98
2023-12-28,1.66,49.81,0.23,7.3,4.42,0.27,1.57,32.68
2023-12-29,1.64,50.48,0.19,6.67,4.19,0.23,1.25,33.25
2023-12-30,1.63,50.18,0.21,7.04,4.08,0.31,1.24,33.12
2023-12-31,1.65,50.4,0.21,6.66,4.12,0.3,1.23,33.18
2024-01-01,1.66,50.36,0.21,6.63,4.15,0.32,1.24,33.21
2024-01-02,1.37,49.2,0.2,7.34,4.36,0.47,1.21,33.72
2024-01-03,1.25,49.6,0.26,6.79,4.19,0.63,1.2,33.57
2024-01-04,1.3,49.37,0.25,7.08,4.34,0.49,1.1,33.55
2024-01-05,1.36,48.83,0.26,6.96,4.6,0.48,1.12,34.01
2024-01-06,1.33,48.97,0.26,6.98,4.68,0.48,1.12,33.83
2024-01-07,1.34,49.04,0.26,7.0,4.65,0.48,1.12,33.79
2024-01-08,1.31,48.87,0.26,6.92,4.97,0.48,1.12,33.73
2024-01-09,1.5,49.97,0.32,6.95,4.73,0.56,1.35,32.21
2024-01-10,1.29,50.15,0.42,7.47,4.74,0.49,1.5,31.21
2024-01-11,0.98,51.57,0.36,8.18,3.91,0.29,1.64,30.84
2024-01-12,0.96,52.38,0.37,8.18,4.07,0.27,1.4,30.09
2024-01-13,0.96,52.94,0.35,7.03,4.02,0.65,1.16,30.8
2024-01-14,0.97,52.96,0.35,7.01,4.02,0.65,1.16,30.79
2024-01-15,0.97,53.0,0.35,7.03,3.96,0.64,1.16,30.79
2024-01-16,0.96,52.94,0.35,7.0,3.97,0.65,1.16,30.83
2024-01-17,1.0,53.23,0.39,7.27,3.87,0.69,1.17,30.27
2024-01-18,1.17,51.83,0.46,6.78,3.94,0.86,1.21,31.41
2024-01-19,1.13,52.44,0.44,6.37,4.0,0.8,1.13,31.0
2024-01-20,1.01,52.56,0.53,6.62,3.83,0.54,1.08,30.99
2024-01-21,1.02,52.83,0.53,6.57,3.83,0.54,1.07,30.84
2024-01-22,1.04,52.52,0.58,7.23,3.89,0.5,1.49,29.98
2024-01-23,1.04,52.55,0.56,7.22,3.9,0.51,1.5,29.93
2024-01-24,1.31,50.97,0.54,7.33,4.95,0.32,1.85,30.36
2024-01-25,1.33,51.1,0.53,6.91,5.23,0.33,1.55,30.64
2024-01-26,1.32,51.11,0.53,6.88,5.27,0.33,1.55,30.67
2024-01-27,1.17,51.22,0.44,6.93,5.64,0.22,1.32,30.75
2024-01-28,1.09,51.15,0.44,6.77,5.57,0.26,1.37,30.97
2024-01-29,1.09,51.24,0.44,6.81,5.53,0.26,1.37,30.84
2024-01-30,1.21,51.08,0.41,6.95,5.61,0.29,1.09,30.68
2024-01-31,1.14,51.26,0.46,6.87,4.94,0.28,1.08,30.96
2024-02-01,1.31,50.77,0.38,7.08,4.5,0.32,0.93,31.55
2024-02-02,1.28,51.44,0.35,7.43,4.21,0.36,1.01,30.97
2024-02-03,1.32,50.87,0.41,7.72,4.51,0.47,1.05,30.61
2024-02-04,1.31,50.88,0.41,7.69,4.51,0.46,1.03,30.62
2024-02-05,1.31,50.84,0.41,7.81,4.5,0.47,1.05,30.55
2024-02-06,1.24,51.37,0.45,7.68,4.17,0.49,1.06,30.91
2024-02-07,1.26,51.36,0.48,7.71,4.05,0.38,1.1,31.14
2024-02-08,1.27,50.79,0.49,8.26,3.95,0.38,1.11,31.2
2024-02-09,1.14,50.57,0.48,8.31,3.92,0.4,1.01,31.55
2024-02-10,1.18,50.12,0.48,8.61,3.93,0.37,1.05,31.67
2024-02-11,1.17,50.3,0.48,8.49,3.92,0.37,1.05,31.59
2024-02-12,1.19,50.05,0.48,8.61,3.95,0.37,1.05,31.73
2024-02-13,1.17,50.07,0.48,8.62,3.92,0.37,1.05,31.71
2024-02-14,1.18,50.11,0.48,8.58,3.93,0.37,1.05,31.72
2024-02-15,1.15,50.62,0.52,8.73,3.75,0.35,1.08,31.36
2024-02-16,1.57,50.28,0.45,7.55,5.0,0.31,1.35,30.39
2024-02-17,1.31,50.57,0.51,8.06,4.8,0.31,1.32,29.91
2024-02-18,1.31,50.59,0.51,8.09,4.76,0.31,1.31,29.86
2024-02-19,1.47,51.18,0.59,8.0,4.59,0.35,1.23,29.67
2024-02-20,1.69,50.27,0.54,7.78,5.31,0.33,0.94,30.41
2024-02-21,1.85,50.59,0.43,7.63,5.02,0.37,1.1,30.52
2024-02-22,1.7,51.49,0.3,6.92,4.53,0.32,1.61,30.46
2024-02-23,1.85,50.57,0.32,6.52,4.31,0.35,1.34,31.58
2024-02-24,1.94,50.94,0.31,6.87,4.1,0.55,1.12,30.81
2024-02-25,1.94,50.79,0.31,6.84,4.27,0.54,1.13,30.85
2024-02-26,1.9,52.02,0.17,7.12,4.01,0.6,1.06,29.78
2024-02-27,1.71,52.07,0.14,6.78,4.67,0.36,1.1,30.41
2024-02-28,1.63,51.88,0.15,6.79,4.24,0.34,1.29,30.37
2024-02-29,1.51,51.5,0.16,7.3,4.65,0.33,1.16,30.25
2024-03-01,1.27,52.29,0.2,7.43,4.88,0.34,1.05,29.46
2024-03-02,1.04,52.09,0.29,7.09,4.4,0.34,0.96,30.18
2024-03-03,1.05,52.04,0.28,7.08,4.41,0.34,0.96,30.24
2024-03-04,1.08,52.92,0.29,6.66,4.4,0.25,0.84,30.57
2024-03-05,1.27,52.16,0.3,5.78,4.65,0.19,0.94,31.53
2024-03-06,1.3,52.39,0.3,5.59,4.9,0.2,0.9,31.51
2024-03-07,1.25,51.98,0.27,6.55,5.27,0.45,0.95,31.06
2024-03-08,1.4,51.51,0.27,6.79,5.18,0.44,0.88,31.38
2024-03-09,1.4,51.61,0.27,6.78,5.15,0.45,0.86,31.29
2024-03-10,1.41,51.59,0.27,6.78,5.18,0.45,0.86,31.31
2024-03-11,1.39,51.77,0.27,6.74,5.28,0.39,0.83,31.53
2024-03-12,1.4,51.85,0.27,6.5,5.32,0.41,0.94,31.08
2024-03-13,1.4,53.34,0.18,6.55,5.26,0.28,0.82,29.94
2024-03-14,1.7,53.62,0.16,6.8,4.87,0.25,0.79,29.88
2024-03-15,2.03,53.95,0.18,6.3,4.36,0.29,0.96,29.85
2024-03-16,1.63,53.26,0.18,6.44,4.33,0.31,0.92,30.22
2024-03-17,1.64,53.39,0.18,6.43,4.3,0.31,0.92,30.13
2024-03-18,1.41,51.66,0.22,6.66,4.53,0.23,1.01,31.13
2024-03-19,1.28,51.93,0.35,6.94,4.61,0.24,1.05,30.43
2024-03-20,1.26,51.91,0.35,6.98,4.6,0.24,1.05,30.4
2024-03-21,1.32,52.82,0.35,6.22,5.03,0.17,0.74,29.85
2024-03-22,1.08,52.62,0.3,6.16,4.44,0.17,0.84,31.44
2024-03-23,1.27,53.65,0.28,6.2,3.56,0.26,1.07,30.54
2024-03-24,1.27,53.57,0.28,6.21,3.61,0.27,1.07,30.56
2024-03-25,1.26,53.56,0.28,6.19,3.6,0.27,1.07,30.57
2024-03-26,1.27,53.71,0.28,6.18,3.56,0.27,1.07,30.5
2024-03-27,1.14,52.74,0.33,6.44,3.99,0.24,1.41,29.94
2024-03-28,1.05,51.54,0.5,7.29,4.64,0.28,1.51,29.7
2024-03-29,0.99,50.92,0.59,7.31,4.49,0.28,1.58,30.32
2024-03-30,1.32,50.3,0.72,7.42,5.17,0.22,1.71,29.67
2024-03-31,1.32,50.21,0.72,7.44,5.16,0.22,1.71,29.73
2024-04-01,1.51,50.57,0.43,7.05,4.86,0.31,1.85,29.76
2024-04-02,1.31,50.91,0.63,7.36,4.28,0.31,1.54,30.63
2024-04-03,1.36,50.72,0.66,7.43,3.89,0.36,1.51,30.5
2024-04-04,1.47,49.37,0.55,8.76,4.27,0.53,1.35,30.22
2024-04-05,1.16,49.14,0.48,9.15,4.31,0.4,1.59,30.54
2024-04-06,1.18,50.29,1.03,8.65,3.57,0.46,1.44,30.14
2024-04-07,1.17,50.17,1.03,8.65,3.64,0.47,1.47,30.16
2024-04-08,1.07,51.51,1.0,7.67,3.49,0.31,1.39,30.05
2024-04-09,1.22,52.22,0.59,7.99,3.46,0.31,1.33,29.35
2024-04-10,1.19,53.13,0.61,7.74,3.69,0.31,1.23,29.24
2024-04-11,1.19,53.11,0.61,7.73,3.72,0.3,1.2,29.27
2024-04-12,1.15,53.22,0.58,7.33,3.63,0.3,1.33,29.58
2024-04-13,1.14,53.28,0.55,7.09,3.77,0.3,1.3,29.48
2024-04-14,1.14,53.34,0.55,7.08,3.78,0.3,1.29,29.44
2024-04-15,1.21,53.37,0.51,6.86,3.92,0.29,1.41,29.15
2024-04-16,1.12,53.52,0.45,6.82,3.84,0.35,1.43,29.33
2024-04-17,1.11,52.79,0.51,7.32,3.87,0.25,1.29,29.58
2024-04-18,1.05,52.54,0.23,7.09,3.39,0.19,1.33,30.86
2024-04-19,1.01,53.52,0.22,6.13,3.83,0.28,1.32,30.78
2024-04-20,1.28,53.37,0.22,6.51,4.2,0.34,1.28,29.9
2024-04-21,1.25,53.34,0.22,6.5,4.2,0.34,1.27,29.91
2024-04-22,1.26,53.94,0.21,6.55,4.44,0.36,1.25,29.0
2024-04-23,1.32,54.18,0.22,7.12,4.47,0.39,1.03,28.27
2024-04-24,1.14,54.44,0.21,6.98,4.48,0.41,1.03,28.32
2024-04-25,0.89,54.36,0.25,7.02,4.55,0.42,1.16,28.5
2024-04-26,0.87,54.27,0.24,7.28,4.36,0.41,1.15,28.46
2024-04-27,0.92,52.83,0.2,7.37,4.48,0.42,1.15,29.46
2024-04-28,0.93,52.74,0.2,7.38,4.5,0.42,1.17,29.49
2024-04-29,0.96,51.29,0.22,7.68,5.1,0.41,1.2,29.56
2024-04-30,0.98,51.29,0.23,7.74,4.87,0.29,1.23,29.24
2024-05-01,1.03,51.72,0.27,7.59,4.67,0.24,1.24,28.98
2024-05-02,1.13,52.2,0.33,7.52,4.54,0.22,1.31,28.89
2024-05-03,1.06,52.99,0.31,7.6,4.3,0.25,1.39,28.67
2024-05-04,1.21,52.74,0.32,7.89,4.41,0.3,1.37,28.41
2024-05-05,1.22,53.11,0.32,7.87,4.42,0.3,1.36,28.03
2024-05-06,1.24,52.73,0.2,7.93,4.33,0.34,1.33,28.57
2024-05-07,1.35,52.98,0.17,7.54,4.39,0.37,1.14,28.51
2024-05-08,1.05,53.71,0.19,7.4,4.39,0.32,1.12,28.39
2024-05-09,0.96,53.54,0.18,7.42,4.41,0.32,1.23,28.52
2024-05-10,0.97,53.68,0.19,7.41,4.39,0.32,1.2,28.43
2024-05-11,0.96,53.67,0.19,7.34,4.45,0.32,1.2,28.45
2024-05-12,0.96,53.67,0.19,7.42,4.4,0.32,1.21,28.41
2024-05-13,0.97,53.65,0.19,7.44,4.39,0.32,1.21,28.43
2024-05-14,0.96,53.69,0.19,7.45,4.4,0.32,1.21,28.35
2024-05-15,0.97,53.66,0.19,7.42,4.41,0.32,1.21,28.41
2024-05-16,0.97,53.69,0.19,7.41,4.4,0.32,1.2,28.42
2024-05-17,0.97,53.6,0.19,7.44,4.39,0.32,1.21,28.5
2024-05-18,0.96,53.63,0.19,7.42,4.42,0.32,1.21,28.47
2024-05-19,0.97,53.63,0.19,7.4,4.4,0.32,1.21,28.47
2024-05-20,0.98,53.85,0.2,7.33,4.37,0.28,1.21,28.39
2024-05-21,1.01,53.5,0.22,7.29,4.33,0.31,1.21,28.79
2024-05-22,1.01,53.09,0.27,7.21,4.56,0.46,1.19,28.9
2024-05-23,1.14,52.03,0.27,6.99,4.78,0.55,1.02,29.55
2024-05-24,1.23,52.43,0.3,6.88,4.7,0.53,1.03,29.37
2024-05-25,1.19,52.1,0.28,6.93,4.83,0.45,1.15,29.49
2024-05-26,1.17,51.9,0.28,6.99,4.83,0.46,1.15,29.56
2024-05-27,1.27,51.69,0.29,7.19,4.84,0.42,1.16,29.42
2024-05-28,1.34,52.14,0.36,7.02,4.71,0.23,1.07,29.44
2024-05-29,1.42,52.4,0.28,7.07,4.96,0.33,1.17,28.77
2024-05-30,1.21,51.76,0.39,6.62,5.05,0.38,1.21,29.42
2024-05-31,1.43,51.66,0.82,6.85,4.76,0.37,1.1,29.37
2024-06-01,1.43,53.02,0.76,7.15,4.39,0.42,0.83,28.35
2024-06-02,1.43,53.19,0.74,7.1,4.38,0.42,0.86,28.25
2024-06-03,1.16,53.33,0.87,6.95,4.36,0.38,0.87,28.55
2024-06-04,0.94,54.18,0.41,7.26,4.17,0.32,1.01,28.01
2024-06-05,0.96,55.23,0.3,6.67,3.88,0.25,0.95,27.06
2024-06-06,0.89,54.79,0.37,6.51,3.98,0.37,1.06,27.87
2024-06-07,0.89,54.83,0.37,6.49,3.98,0.37,1.06,27.88
2024-06-08,0.9,54.81,0.37,6.47,3.97,0.37,1.06,27.86
2024-06-09,0.89,54.8,0.37,6.55,3.98,0.37,1.06,27.86
2024-06-10,0.92,52.78,0.33,7.04,4.59,0.28,0.96,29.05
2024-06-11,1.13,53.61,0.28,6.54,3.66,0.19,0.98,29.39
2024-06-12,1.33,52.6,0.23,6.54,3.75,0.21,0.6,30.25
2024-06-13,1.52,51.75,0.33,6.23,4.14,0.35,0.66,30.51
2024-06-14,1.6,51.68,0.3,6.49,4.19,0.37,0.62,30.15
2024-06-15,1.83,49.05,0.35,7.43,4.26,0.38,0.75,31.27
2024-06-16,1.83,49.18,0.35,7.46,4.26,0.38,0.75,31.11
2024-06-17,1.87,49.05,0.33,7.46,4.27,0.38,0.75,31.22
2024-06-18,1.39,50.12,0.3,7.14,4.86,0.21,0.76,30.97
2024-06-19,1.35,48.74,0.43,8.47,5.13,0.26,0.83,30.95
2024-06-20,1.24,48.67,0.34,8.49,5.11,0.44,0.88,30.84
2024-06-21,1.08,48.86,0.27,6.81,5.42,0.46,0.94,32.04
2024-06-22,1.06,47.31,0.35,6.88,5.14,0.46,0.95,32.05
2024-06-23,1.06,47.35,0.35,6.84,5.1,0.46,0.94,32.07
2024-06-24,1.06,47.79,0.38,6.7,5.0,0.45,1.01,31.49
2024-06-25,0.99,48.57,0.32,6.68,5.35,0.45,1.04,31.85
2024-06-26,0.87,49.72,0.32,6.52,5.33,0.49,1.0,30.98
2024-06-27,0.84,49.52,0.29,6.06,5.5,0.41,1.05,31.21
2024-06-28,0.88,49.39,0.28,6.0,5.52,0.27,0.98,31.12
2024-06-29,1.18,48.79,0.31,6.67,5.16,0.24,0.92,31.15
2024-06-30,1.18,48.64,0.31,6.68,5.21,0.24,0.92,31.22
2024-07-01,1.2,48.17,0.35,6.95,4.95,0.3,0.97,30.9
2024-07-02,1.1,47.73,0.38,7.25,5.2,0.25,0.9,31.17
2024-07-03,1.14,47.41,0.27,6.8,5.37,0.21,1.06,31.52
2024-07-04,1.28,47.56,0.3,7.05,5.31,0.17,1.08,31.16
2024-07-05,1.47,48.74,0.26,7.07,5.23,0.21,1.05,30.34
2024-07-06,1.33,48.59,0.26,6.75,5.15,0.22,1.0,30.73
2024-07-07,1.33,48.68,0.26,6.75,5.15,0.22,1.0,30.66
2024-07-08,1.08,49.25,0.26,6.59,5.36,0.19,0.96,30.36
2024-07-09,1.07,49.67,0.27,6.13,5.54,0.15,0.97,30.42
2024-07-10,1.03,49.55,0.14,6.17,5.58,0.14,1.03,30.58
2024-07-11,1.4,49.52,0.14,6.0,4.68,0.16,1.12,31.07
2024-07-12,1.59,49.23,0.15,6.24,4.8,0.21,0.95,30.94
2024-07-13,1.57,49.46,0.22,6.33,4.56,0.26,0.97,30.74
2024-07-14,1.58,49.46,0.22,6.37,4.53,0.26,0.99,30.73
2024-07-15,1.63,49.75,0.21,6.02,4.43,0.27,0.99,30.93
2024-07-16,1.49,50.29,0.28,5.89,4.4,0.3,0.92,30.49
2024-07-17,1.49,50.28,0.27,5.91,4.36,0.3,0.91,30.49
2024-07-18,1.47,51.39,0.4,5.61,4.03,0.23,1.06,29.94
2024-07-19,1.36,51.33,0.36,5.96,4.09,0.35,0.93,29.99
2024-07-20,1.52,50.79,0.46,6.16,3.64,0.39,1.32,30.23
2024-07-21,1.53,50.76,0.46,6.17,3.65,0.38,1.24,30.32
2024-07-22,1.39,50.61,0.43,6.52,3.89,0.4,1.35,30.16
2024-07-23,1.2,51.63,0.22,6.53,4.06,0.28,1.06,30.27
2024-07-24,1.19,52.88,0.23,6.53,4.57,0.28,1.06,28.79
2024-07-25,1.58,51.72,0.23,6.33,5.21,0.35,1.17,29.12
2024-07-26,1.51,51.67,0.34,6.74,5.12,0.32,1.15,29.16
2024-07-27,1.75,51.39,0.27,6.85,5.0,0.29,0.82,29.52
2024-07-28,1.76,51.49,0.27,6.8,5.01,0.29,0.8,29.48
2024-07-29,2.24,50.8,0.23,6.76,4.67,0.4,1.04,30.07
2024-07-30,1.98,51.5,0.23,7.48,4.4,0.41,1.05,29.25
2024-07-31,1.91,51.66,0.22,7.42,4.42,0.41,1.04,29.22
2024-08-01,1.94,51.62,0.22,7.48,4.48,0.39,1.04,29.07
2024-08-02,1.95,51.51,0.25,7.4,4.51,0.39,1.04,29.24
2024-08-03,1.81,51.3,0.28,7.41,4.54,0.43,0.92,29.47
2024-08-04,1.8,51.35,0.28,7.37,4.57,0.42,0.92,29.41
2024-08-05,1.59,52.09,0.19,7.28,4.65,0.38,0.9,28.93
2024-08-06,1.31,51.36,0.2,7.81,4.83,0.37,0.84,29.28
2024-08-07,1.33,51.46,0.3,7.86,4.53,0.24,0.83,29.56
2024-08-08,1.31,51.47,0.36,8.03,4.53,0.33,0.78,29.2
2024-08-09,1.37,50.87,0.46,8.12,4.65,0.3,0.74,29.4
2024-08-10,1.2,51.01,0.5,7.88,4.71,0.3,0.77,29.17
2024-08-11,1.18,51.0,0.5,7.86,4.72,0.29,0.77,29.14
2024-08-12,1.3,50.09,0.63,7.29,4.69,0.24,1.04,29.37
2024-08-13,1.28,50.84,0.67,7.42,4.41,0.24,1.09,28.91
2024-08-14,1.29,51.2,0.7,7.22,4.41,0.35,1.06,28.43
2024-08-15,1.31,51.02,0.7,7.33,4.44,0.34,1.1,28.53
2024-08-16,1.46,51.44,0.5,7.02,5.17,0.38,0.95,28.23
2024-08-17,1.33,52.95,0.42,6.61,5.08,0.4,0.88,27.94
2024-08-18,1.33,53.0,0.42,6.64,5.02,0.4,0.88,27.94
2024-08-19,1.32,53.06,0.41,6.62,5.05,0.4,0.88,27.85
2024-08-20,1.43,52.96,0.39,6.41,5.23,0.39,0.79,28.43
2024-08-21,1.11,53.22,0.45,6.7,4.52,0.4,0.76,28.57
2024-08-22,1.29,53.11,0.44,6.95,4.6,0.27,1.01,28.12
2024-08-23,1.24,51.93,0.36,7.54,4.16,0.31,1.14,29.06
2024-08-24,1.32,51.75,0.58,7.05,4.46,0.23,0.98,29.3
2024-08-25,1.33,51.76,0.59,7.02,4.47,0.23,1.03,29.3
2024-08-26,1.32,51.87,0.58,6.98,4.44,0.23,0.97,29.26
2024-08-27,1.42,51.37,0.57,7.12,4.56,0.18,1.21,29.16
2024-08-28,1.39,52.74,0.56,6.85,4.06,0.15,1.11,28.18
2024-08-29,1.53,53.8,0.48,6.78,4.48,0.14,1.0,26.89
2024-08-30,1.68,54.41,0.5,6.51,4.26,0.23,0.84,26.44
2024-08-31,1.78,54.56,0.56,6.49,4.2,0.26,0.75,26.41
2024-09-01,1.77,54.59,0.56,6.5,4.25,0.26,0.74,26.34
2024-09-02,1.73,53.9,0.57,6.45,4.33,0.29,0.73,27.17
2024-09-03,1.5,54.0,0.28,6.76,4.11,0.22,0.8,27.31
2024-09-04,1.55,54.52,0.33,6.12,4.3,0.15,0.92,27.08
2024-09-05,1.45,53.97,0.34,6.47,4.07,0.11,0.93,27.39
2024-09-06,1.38,55.07,0.31,6.26,3.81,0.17,0.82,27.0
2024-09-07,1.32,54.85,0.28,6.29,3.9,0.24,0.81,27.05
2024-09-08,1.32,54.9,0.28,6.23,3.91,0.24,0.81,27.0
2024-09-09,1.39,54.99,0.25,5.98,4.24,0.26,0.88,26.75
2024-09-10,1.41,54.68,0.25,5.84,4.35,0.24,0.86,27.23
2024-09-11,1.24,54.33,0.24,5.68,4.63,0.25,0.86,27.78
2024-09-12,1.17,54.22,0.37,5.73,4.26,0.17,0.9,28.58
2024-09-13,1.11,54.13,0.36,5.98,4.19,0.13,0.97,28.68
2024-09-14,1.24,54.19,0.35,6.07,4.27,0.15,0.97,27.93
2024-09-15,1.24,54.15,0.36,6.07,4.26,0.15,0.97,27.96
2024-09-16,1.24,54.11,0.36,6.09,4.27,0.15,0.97,27.95
2024-09-17,1.21,54.13,0.36,6.17,4.76,0.19,0.99,27.83
2024-09-18,1.15,54.9,0.36,5.98,5.19,0.19,0.88,27.25
2024-09-19,1.24,55.45,0.29,6.05,5.13,0.29,0.82,26.56
2024-09-20,1.21,55.25,0.29,6.01,5.26,0.25,0.81,26.64
2024-09-21,1.06,54.82,0.3,6.33,4.99,0.25,0.88,26.89
2024-09-22,1.06,54.79,0.3,6.33,5.08,0.25,0.88,26.84
2024-09-23,1.28,53.66,0.38,6.68,4.96,0.19,1.0,27.57
2024-09-24,1.18,53.64,0.4,7.1,5.17,0.19,1.04,27.32
2024-09-25,1.48,53.68,0.42,7.18,5.36,0.27,0.87,27.19
2024-09-26,1.63,54.32,0.39,7.09,5.6,0.28,0.68,26.64
2024-09-27,1.28,54.05,0.42,7.05,5.7,0.32,0.63,27.03
2024-09-28,1.1,54.36,0.46,7.07,4.92,0.34,0.64,27.25
2024-09-29,1.09,54.33,0.44,7.09,4.91,0.35,0.62,27.25
2024-09-30,1.0,54.24,0.43,7.11,4.86,0.4,0.78,26.86
2024-10-01,1.05,53.86,0.37,7.0,4.64,0.36,0.99,27.31
2024-10-02,1.05,53.92,0.37,7.0,4.45,0.36,0.99,27.4
2024-10-03,0.97,54.31,0.47,6.73,3.97,0.44,1.0,27.5
2024-10-04,1.13,54.23,0.46,6.82,4.19,0.43,1.0,26.89
2024-10-05,0.97,54.43,0.46,7.17,4.24,0.29,1.0,26.97
2024-10-06,0.98,54.49,0.46,7.13,4.26,0.29,0.99,26.9
2024-10-07,0.93,55.34,0.41,7.22,4.02,0.32,1.11,26.48
2024-10-08,1.02,54.94,0.33,7.18,4.06,0.41,1.11,26.89
2024-10-09,1.04,55.74,0.3,6.93,4.05,0.4,1.06,26.5
2024-10-10,1.07,56.36,0.28,6.75,4.19,0.43,1.1,25.7
2024-10-11,1.14,57.18,0.3,6.54,4.3,0.52,1.25,24.66
2024-10-12,1.12,57.2,0.3,6.56,4.28,0.52,1.26,24.67
2024-10-13,1.15,57.11,0.3,6.58,4.27,0.52,1.25,24.74
2024-10-14,1.04,56.92,0.34,6.6,4.55,0.47,1.29,24.78
2024-10-15,1.04,56.71,0.34,6.62,4.59,0.48,1.29,24.97
2024-10-16,1.05,56.9,0.34,6.62,4.53,0.5,1.27,24.83
2024-10-17,1.04,56.79,0.34,6.64,4.57,0.47,1.3,24.85
2024-10-18,1.04,56.86,0.33,6.58,4.58,0.47,1.28,24.84
2024-10-19,1.23,55.5,0.34,7.33,4.55,0.51,1.22,25.41
2024-10-20,1.22,55.4,0.34,7.33,4.53,0.52,1.21,25.51
2024-10-21,1.33,55.55,0.39,7.1,4.54,0.55,1.15,25.64
2024-10-22,1.31,55.47,0.39,7.0,4.78,0.5,1.12,25.69
2024-10-23,1.16,55.59,0.39,6.74,4.65,0.52,1.11,26.13
2024-10-24,1.53,55.13,0.39,6.87,4.46,0.46,0.92,26.07
2024-10-25,1.42,55.22,0.4,7.02,4.35,0.48,0.94,25.91
2024-10-26,1.55,55.08,0.41,7.03,4.37,0.45,0.87,26.0
2024-10-27,1.56,55.13,0.36,7.04,4.36,0.45,0.9,25.99
2024-10-28,1.47,55.27,0.36,7.07,4.28,0.47,0.85,26.06
2024-10-29,1.51,55.89,0.33,6.92,4.25,0.37,0.89,25.39
2024-10-30,1.53,55.29,0.28,7.23,4.22,0.32,0.98,25.66
2024-10-31,1.54,55.32,0.28,7.22,4.31,0.32,0.98,25.55
2024-11-01,1.53,55.2,0.28,7.25,4.22,0.32,0.98,25.69
2024-11-02,1.53,55.32,0.28,7.2,4.26,0.32,0.98,25.56
2024-11-03,1.51,55.29,0.28,7.23,4.27,0.32,0.98,25.56
2024-11-04,1.36,54.17,0.18,6.14,4.83,0.49,1.0,26.82
2024-11-05,1.41,53.06,0.25,5.64,4.65,0.43,0.98,28.83
2024-11-06,1.56,53.6,0.29,5.75,4.76,0.4,1.1,28.34
2024-11-07,1.79,55.06,0.25,6.0,4.33,0.46,1.06,27.43
2024-11-08,1.69,54.61,0.22,6.52,4.38,0.43,1.21,27.13
2024-11-09,1.57,54.44,0.24,6.9,4.31,0.44,1.19,26.94
2024-11-10,1.55,54.55,0.24,6.82,4.28,0.45,1.2,26.91
2024-11-11,1.72,53.92,0.29,7.18,4.65,0.33,1.08,26.89
2024-11-12,1.74,53.71,0.33,7.29,4.74,0.37,0.88,26.87
2024-11-13,1.61,53.39,0.32,6.89,4.75,0.32,0.91,27.7
2024-11-14,1.64,53.36,0.42,6.78,4.67,0.33,1.05,27.63
2024-11-15,1.64,53.28,0.42,6.81,4.66,0.33,1.05,27.69
2024-11-16,1.68,53.61,0.32,6.86,4.58,0.3,1.22,27.28
2024-11-17,1.67,53.64,0.32,6.85,4.58,0.31,1.22,27.27
2024-11-18,1.63,53.13,0.31,6.69,4.49,0.31,1.22,28.02
2024-11-19,1.71,53.52,0.32,6.6,4.48,0.39,1.19,27.68
2024-11-20,1.24,53.58,0.33,6.57,4.43,0.46,1.08,28.29
2024-11-21,1.07,54.65,0.33,6.48,4.25,0.45,1.18,27.57
2024-11-22,1.12,53.81,0.39,6.24,4.03,0.48,1.16,28.63
2024-11-23,1.14,54.49,0.43,5.92,4.2,0.51,1.16,28.01
2024-11-24,1.14,54.67,0.43,5.75,4.23,0.51,1.18,27.95
2024-11-25,1.05,54.94,0.5,5.88,3.65,0.51,1.11,28.42
2024-11-26,1.06,54.69,0.37,5.76,3.62,0.5,1.07,28.95
2024-11-27,1.19,54.97,0.35,5.67,4.07,0.43,1.04,27.93
2024-11-28,1.19,55.25,0.32,5.94,3.7,0.37,1.09,27.75
2024-11-29,1.22,54.11,0.55,5.64,3.92,0.37,1.13,28.48
2024-11-30,1.15,54.14,0.49,5.8,3.8,0.41,1.13,28.46
2024-12-01,1.16,54.21,0.5,5.8,3.75,0.41,1.13,28.37
2024-12-02,1.4,54.5,0.47,5.24,3.86,0.37,1.14,28.4
2024-12-03,1.45,54.13,0.34,5.52,3.95,0.59,1.07,28.35
2024-12-04,1.45,53.73,0.29,5.76,3.96,0.61,1.1,28.75
2024-12-05,1.33,54.0,0.26,5.69,3.67,0.59,1.05,29.11
2024-12-06,1.29,54.84,0.15,5.75,3.82,0.7,0.93,28.67
2024-12-07,1.28,54.78,0.09,6.33,3.26,0.8,1.0,28.49
2024-12-08,1.29,54.69,0.09,6.27,3.52,0.79,0.98,28.36
2024-12-09,1.14,54.32,0.12,6.54,3.5,0.81,1.02,27.79
2024-12-10,1.5,53.48,0.12,6.93,3.42,0.85,1.13,27.73
2024-12-11,1.46,53.62,0.12,6.85,3.65,0.82,1.28,27.43
2024-12-12,1.61,54.72,0.1,6.53,3.27,0.79,1.11,27.04
2024-12-13,1.44,55.34,0.27,6.37,3.52,0.72,1.03,26.67
2024-12-14,1.59,54.45,0.27,6.38,3.43,0.67,1.0,27.37
2024-12-15,1.62,54.61,0.27,6.32,3.42,0.66,0.97,27.42
2024-12-16,1.33,54.7,0.26,6.23,3.55,0.33,1.06,27.96
2024-12-17,1.25,55.02,0.25,6.41,3.43,0.4,1.09,27.37
2024-12-18,1.24,54.76,0.29,6.38,3.27,0.39,0.97,28.06
2024-12-19,1.25,55.1,0.27,6.62,3.68,0.41,1.02,27.26
2024-12-20,1.18,54.49,0.17,6.7,3.7,0.37,0.94,27.78
2024-12-21,1.26,54.7,0.16,6.6,3.65,0.44,0.96,27.68
2024-12-22,1.0,54.89,0.18,6.84,3.7,0.4,1.0,27.08
2024-12-23,0.99,54.13,0.16,7.25,3.58,0.38,0.92,27.62
2024-12-24,0.9,53.06,0.16,7.59,3.66,0.65,0.96,28.23
2024-12-25,1.05,52.84,0.16,7.37,3.54,0.66,1.06,28.45
2024-12-26,1.01,53.68,0.15,7.45,3.48,0.65,1.03,27.91
2024-12-27,1.19,53.63,0.14,7.4,3.52,0.69,1.08,28.02
2024-12-28,1.38,53.91,0.15,7.16,3.54,0.68,1.03,27.72
2024-12-29,1.43,53.64,0.09,6.71,3.5,0.67,1.12,28.54
2024-12-30,1.41,53.74,0.11,6.52,3.85,0.72,1.12,28.46
2024-12-31,1.43,53.98,0.11,6.55,3.84,0.72,1.07,28.18
2025-01-01,1.35,53.61,0.13,6.26,4.03,0.67,1.09,28.65
2025-01-02,1.2,53.63,0.21,6.37,3.94,0.67,0.93,28.86
2025-01-03,1.35,53.66,0.22,6.6,3.92,0.61,0.84,28.56
2025-01-04,1.53,53.9,0.22,6.38,3.98,0.58,0.88,27.9
2025-01-05,1.51,54.91,0.2,6.49,3.86,0.6,0.86,27.26
2025-01-06,1.7,54.85,0.28,6.42,3.9,0.55,0.9,27.1
2025-01-07,1.61,55.18,0.3,6.49,3.59,0.56,0.93,27.08
2025-01-08,1.55,55.26,0.28,6.6,3.52,0.53,0.97,26.96
2025-01-09,1.56,55.4,0.31,6.99,3.54,0.47,1.04,26.47
2025-01-10,1.41,54.97,0.28,7.05,3.48,0.51,1.2,26.79
2025-01-11,1.42,54.54,0.29,7.14,3.62,0.48,1.21,27.02
2025-01-12,1.43,54.69,0.29,7.09,3.58,0.48,1.21,26.93
2025-01-13,1.43,54.65,0.29,7.11,3.59,0.48,1.19,26.95
2025-01-14,1.43,54.63,0.29,7.1,3.63,0.48,1.19,26.95
2025-01-15,1.43,54.57,0.29,7.07,3.64,0.48,1.19,26.97
2025-01-16,1.36,54.68,0.32,7.11,3.6,0.48,1.17,27.12
2025-01-17,1.4,54.68,0.22,7.01,3.57,0.42,1.14,27.34
2025-01-18,1.42,54.65,0.25,6.94,3.88,0.47,1.05,27.08
2025-01-19,1.42,54.55,0.26,6.94,3.84,0.47,1.05,27.16
2025-01-20,1.57,54.39,0.24,7.06,3.97,0.22,0.95,27.23
2025-01-21,1.54,54.33,0.24,7.1,3.99,0.23,0.96,27.27
2025-01-22,1.48,54.29,0.24,7.02,4.0,0.54,0.95,27.09
2025-01-23,1.54,54.38,0.23,7.09,3.98,0.22,0.99,27.21
2025-01-24,1.56,54.43,0.24,7.1,3.94,0.22,0.99,27.14
2025-01-25,1.51,54.0,0.24,7.05,3.98,0.53,0.99,27.36
2025-01-26,1.55,54.24,0.24,7.12,4.0,0.22,1.01,27.24
2025-01-27,1.46,53.92,0.25,7.01,4.04,0.53,1.02,27.37
2025-01-28,1.5,53.95,0.25,6.99,4.07,0.55,0.96,27.35
2025-01-29,1.53,54.42,0.24,6.92,4.0,0.55,0.93,27.06
2025-01-30,1.54,54.46,0.25,6.98,3.98,0.27,0.91,27.17
2025-01-31,1.72,54.36,0.25,6.9,4.0,0.37,0.9,27.18
2025-02-01,1.54,54.51,0.24,7.03,4.03,0.38,0.93,27.1
2025-02-02,1.55,54.67,0.25,7.05,3.98,0.39,0.93,26.98
2025-02-03,1.54,54.51,0.27,7.25,4.06,0.42,0.92,26.8
2025-02-04,1.43,54.42,0.31,7.43,4.15,0.35,0.99,26.6
2025-02-05,1.32,53.88,0.32,7.35,4.19,0.34,1.06,27.24
2025-02-06,1.45,54.4,0.26,7.21,4.2,0.26,1.01,26.65
2025-02-07,1.57,54.17,0.28,7.01,4.22,0.3,1.11,26.69
2025-02-08,1.73,53.88,0.47,7.05,4.06,0.31,1.1,27.16
2025-02-09,1.73,53.77,0.47,7.08,4.05,0.31,1.12,27.22
2025-02-10,1.86,53.5,0.46,6.81,4.0,0.34,1.11,27.9
2025-02-11,1.57,53.72,0.46,6.96,3.72,0.41,0.98,28.17
2025-02-12,1.17,53.44,0.41,6.96,3.71,0.36,0.91,29.05
2025-02-13,1.14,54.22,0.39,6.8,3.47,0.31,1.18,28.44
2025-02-14,1.02,54.08,0.43,7.04,3.48,0.29,1.35,28.25
2025-02-15,0.95,53.83,0.43,7.23,3.38,0.33,1.34,28.52
2025-02-16,0.96,53.73,0.41,7.3,3.38,0.33,1.3,28.64
2025-02-17,0.87,53.05,0.48,7.14,3.39,0.38,1.36,29.33
2025-02-18,0.88,52.84,0.47,7.15,3.39,0.45,1.31,29.47
2025-02-19,0.92,52.45,0.48,7.0,3.58,0.5,1.27,29.53
2025-02-20,0.85,51.94,0.49,7.02,3.75,0.5,1.31,29.84
2025-02-21,1.08,51.73,0.46,7.25,3.74,0.52,1.37,29.59
2025-02-22,1.13,51.45,0.45,6.99,3.77,0.58,1.65,29.59
2025-02-23,1.13,51.34,0.45,7.0,3.79,0.58,1.64,29.67
2025-02-24,1.18,51.86,0.5,6.89,3.52,0.56,1.67,29.44
2025-02-25,1.58,51.09,0.59,6.67,4.38,0.52,1.7,28.96
2025-02-26,1.58,51.03,0.59,6.76,4.35,0.52,1.71,28.92
2025-02-27,1.27,48.03,0.66,6.66,5.1,0.56,1.84,31.36
2025-02-28,1.22,48.36,0.59,6.71,4.83,0.38,2.24,30.96
2025-03-01,0.85,47.67,0.62,7.11,4.96,0.39,2.64,31.05
2025-03-02,0.85,47.68,0.63,7.13,4.97,0.39,2.67,31.01
2025-03-03,0.98,48.31,0.43,7.21,5.21,0.45,2.5,30.24
2025-03-04,0.98,49.62,0.5,7.26,5.15,0.31,2.13,29.49
2025-03-05,1.45,49.46,0.31,6.96,5.14,0.48,2.01,29.71
2025-03-06,1.48,48.55,0.31,7.39,5.11,0.46,1.85,30.05
2025-03-07,1.54,47.35,0.33,7.84,5.51,0.46,1.7,31.01
2025-03-08,1.46,48.97,0.31,7.34,5.25,0.38,1.49,30.62
2025-03-09,1.46,48.96,0.3,7.33,5.26,0.38,1.47,30.65
2025-03-10,1.36,49.43,0.31,6.72,5.22,0.37,1.34,30.36
2025-03-11,1.21,49.41,0.29,6.74,5.01,0.38,1.18,30.66
2025-03-12,1.27,50.2,0.3,7.33,4.54,0.33,1.03,30.21
2025-03-13,0.99,50.61,0.31,7.4,4.75,0.38,1.14,29.64
2025-03-14,1.0,50.6,0.31,7.38,4.76,0.38,1.13,29.66
2025-03-15,0.99,50.64,0.31,7.41,4.77,0.38,1.14,29.64
2025-03-16,0.99,50.61,0.32,7.36,4.75,0.38,1.14,29.66
2025-03-17,1.02,50.35,0.32,7.38,4.81,0.5,1.02,30.28
2025-03-18,1.11,49.87,0.24,7.66,4.62,0.84,1.41,29.86
2025-03-19,1.16,51.19,0.24,7.21,4.6,0.56,1.11,29.31
2025-03-20,1.19,50.23,0.32,7.65,4.65,0.93,1.28,29.32
2025-03-21,1.25,50.82,0.3,7.87,4.62,0.73,0.93,28.79
2025-03-22,1.47,51.01,0.3,7.51,5.04,0.58,0.94,28.49
2025-03-23,1.47,50.92,0.3,7.48,5.08,0.58,0.93,28.62
2025-03-24,1.47,50.97,0.3,7.5,5.07,0.59,0.93,28.55
2025-03-25,1.48,51.04,0.3,7.44,5.07,0.59,0.93,28.5
2025-03-26,1.46,51.03,0.3,7.46,5.01,0.59,0.93,28.54
2025-03-27,1.47,51.02,0.3,7.47,5.01,0.59,0.93,28.58
2025-03-28,1.47,51.03,0.3,7.49,5.07,0.59,0.93,28.47
2025-03-29,1.46,50.95,0.3,7.48,5.06,0.59,0.94,28.58
2025-03-30,1.45,50.99,0.3,7.49,5.03,0.59,0.93,28.53
2025-03-31,1.46,51.05,0.3,7.5,5.0,0.59,0.93,28.48
2025-04-01,1.37,51.11,0.33,7.44,5.1,0.52,1.0,28.31
2025-04-02,1.56,51.09,0.34,7.0,5.02,0.53,0.87,28.49
2025-04-03,1.49,51.57,0.35,7.67,4.85,0.48,0.85,28.28
2025-04-04,1.55,51.14,0.34,7.58,5.33,0.44,0.91,28.18
2025-04-05,1.53,51.25,0.3,7.42,5.35,0.59,0.85,28.22
2025-04-06,1.52,51.26,0.3,7.39,5.33,0.6,0.86,28.24
2025-04-07,1.52,51.22,0.27,7.34,5.28,0.64,0.85,28.43
2025-04-08,1.5,52.36,0.3,6.92,5.28,0.63,0.82,27.59
2025-04-09,1.43,51.49,0.3,7.21,5.35,0.68,0.89,28.32
2025-04-10,1.41,51.52,0.3,7.05,5.08,0.65,0.87,28.61
2025-04-11,1.56,51.11,0.26,6.72,5.51,0.62,0.94,29.02
2025-04-12,1.42,51.27,0.38,7.19,5.24,0.62,0.85,28.73
2025-04-13,1.43,51.25,0.38,7.19,5.24,0.62,0.85,28.79
2025-04-14,1.36,51.72,0.39,7.24,5.47,0.62,0.9,28.35
2025-04-15,1.3,52.29,0.34,6.93,5.03,0.43,0.92,29.06
2025-04-16,1.38,52.61,0.39,7.54,4.76,0.47,0.82,28.41
2025-04-17,1.67,52.87,0.28,7.39,4.7,0.48,0.82,28.17
2025-04-18,1.6,52.1,0.3,7.73,4.63,0.42,0.83,28.94
2025-04-19,1.45,51.91,0.31,7.94,4.6,0.59,0.91,28.63
2025-04-20,1.45,51.8,0.32,7.92,4.72,0.59,0.91,28.63
2025-04-21,1.27,52.66,0.3,7.87,4.25,0.56,1.14,28.33
2025-04-22,1.13,51.39,0.3,8.7,4.09,0.49,1.08,28.35
2025-04-23,1.11,51.38,0.22,8.76,4.1,0.52,1.08,28.27
2025-04-24,1.17,51.56,0.21,7.13,4.07,0.52,1.02,28.22
2025-04-25,1.08,51.53,0.2,7.34,3.82,0.44,1.03,27.71
2025-04-26,1.71,52.81,0.19,7.1,3.67,0.49,0.97,28.39
2025-04-27,1.72,52.58,0.19,7.11,3.71,0.49,0.98,28.52
2025-04-28,1.84,51.95,0.16,6.62,3.82,0.48,0.96,29.22
2025-04-29,1.87,52.07,0.18,6.68,4.01,0.36,0.88,29.16
2025-04-30,1.96,51.9,0.22,6.35,4.0,0.42,0.95,29.51
2025-05-01,2.03,52.3,0.22,6.14,4.08,0.51,0.86,29.13
2025-05-02,1.79,53.01,0.28,6.15,3.97,0.56,0.85,28.59
2025-05-03,1.79,53.03,0.28,6.14,4.0,0.56,0.88,28.52
2025-05-04,1.82,52.98,0.28,6.16,3.99,0.56,0.85,28.62
2025-05-05,1.68,53.52,0.26,6.78,3.91,0.6,1.07,28.14
2025-05-06,1.56,53.59,0.24,7.0,3.89,0.63,1.02,27.89
2025-05-07,1.59,53.79,0.23,6.97,3.76,0.62,1.04,27.96
2025-05-08,1.54,53.83,0.23,6.94,3.77,0.62,1.04,27.97
2025-05-09,1.45,54.13,0.21,7.0,3.73,0.64,1.04,27.73
2025-05-10,1.49,54.41,0.23,6.85,3.86,0.51,1.01,27.52
2025-05-11,1.5,54.43,0.23,6.89,3.86,0.54,0.97,27.54
2025-05-12,1.4,54.47,0.21,6.93,3.83,0.46,0.91,27.76
2025-05-13,1.48,54.34,0.24,6.92,3.89,0.5,0.92,27.53
2025-05-14,1.46,54.45,0.24,6.88,3.84,0.45,0.8,27.68
2025-05-15,1.36,54.46,0.19,7.34,4.13,0.45,0.75,27.42
2025-05-16,1.28,54.17,0.19,7.46,3.87,0.5,0.84,27.83
2025-05-17,1.56,54.56,0.19,7.57,3.88,0.38,0.9,27.39
2025-05-18,1.57,54.64,0.19,7.54,3.86,0.38,0.9,27.32
2025-05-19,1.44,54.33,0.18,7.44,3.91,0.35,0.91,27.72
2025-05-20,1.36,54.52,0.2,7.69,4.14,0.38,0.89,27.14
2025-05-21,1.31,54.37,0.2,7.88,4.02,0.48,1.04,26.64
2025-05-22,1.2,54.8,0.21,8.05,4.13,0.58,1.07,25.94
2025-05-23,1.28,54.81,0.2,8.22,3.97,0.59,1.15,25.86
2025-05-24,1.24,54.59,0.14,7.36,3.99,0.62,1.32,26.84
2025-05-25,1.24,54.62,0.14,7.35,4.02,0.62,1.33,26.83
2025-05-26,1.25,55.1,0.08,7.58,3.81,0.59,1.31,26.48
2025-05-27,1.2,55.45,0.11,7.1,3.76,0.57,1.07,27.11
2025-05-28,1.16,54.53,0.15,6.74,3.86,0.62,1.22,28.18
2025-05-29,1.29,54.96,0.13,6.33,4.01,0.63,1.26,27.98
2025-05-30,0.91,55.25,0.14,6.32,4.03,0.62,1.36,27.9
2025-05-31,1.0,54.31,0.13,6.42,4.1,0.63,1.49,26.72
2025-06-01,1.02,54.25,0.15,6.48,4.03,0.72,1.47,26.65
2025-06-02,1.13,54.71,0.14,6.52,3.84,0.53,1.43,26.36
2025-06-03,1.19,54.42,0.15,6.72,3.97,0.43,1.47,26.32
2025-06-04,1.19,56.23,0.18,6.83,3.98,0.31,0.99,26.52
2025-06-05,1.17,56.67,0.2,7.14,3.95,0.29,0.9,25.88
2025-06-06,1.17,56.96,0.21,6.93,3.78,0.26,0.84,26.24
2025-06-07,1.17,56.94,0.21,6.83,3.81,0.26,0.84,26.27
2025-06-08,1.17,56.99,0.21,6.82,3.81,0.26,0.84,26.27
2025-06-09,1.32,57.04,0.27,6.73,3.71,0.3,0.91,26.07
2025-06-10,1.34,57.02,0.25,6.5,4.29,0.34,0.9,25.97
2025-06-11,1.39,56.41,0.25,6.85,4.34,0.39,1.01,25.89
2025-06-12,1.34,55.77,0.24,6.75,4.53,0.52,1.11,26.05
2025-06-13,1.27,55.54,0.25,6.67,4.6,0.56,0.84,26.7
2025-06-14,1.26,55.16,0.31,6.61,4.5,0.51,0.83,26.84
2025-06-15,1.26,55.19,0.31,6.61,4.52,0.51,0.83,26.81
2025-06-16,1.22,54.89,0.31,7.04,4.59,0.45,0.83,26.45
2025-06-17,1.15,55.41,0.34,7.09,4.14,0.47,0.94,26.3
2025-06-18,1.25,55.18,0.33,7.67,4.03,0.4,0.9,25.86
2025-06-19,1.3,53.18,0.35,7.41,3.9,0.48,0.9,26.35
2025-06-20,1.17,53.82,0.28,6.94,3.79,0.46,0.98,26.4
2025-06-21,1.05,54.78,0.25,6.91,3.71,0.5,1.12,26.94
2025-06-22,1.04,54.55,0.25,7.0,3.77,0.5,1.12,27.02
2025-06-23,1.12,54.9,0.27,7.01,3.41,0.49,1.01,27.06
2025-06-24,1.02,55.37,0.26,6.47,3.25,0.86,0.92,26.95
2025-06-25,1.06,55.76,0.34,6.36,3.24,0.69,0.88,26.84
2025-06-26,0.94,55.73,0.39,6.13,3.51,0.58,0.97,27.11
2025-06-27,1.05,54.81,0.42,6.34,4.01,0.59,0.99,27.26
2025-06-28,1.19,54.1,0.35,6.31,4.03,0.3,1.1,27.94
2025-06-29,1.19,54.06,0.35,6.32,4.05,0.3,1.11,27.96
2025-06-30,1.19,53.82,0.31,6.43,3.99,0.3,1.1,28.27
2025-07-01,1.0,52.64,0.32,6.54,4.03,0.31,1.84,28.65
2025-07-02,1.08,52.19,0.33,6.71,4.17,0.39,1.5,29.13
2025-07-03,1.23,52.27,0.3,6.78,3.95,0.43,1.65,28.93
2025-07-04,1.57,52.57,0.27,6.73,3.56,0.37,1.73,28.59
2025-07-05,1.48,52.89,0.27,7.04,4.04,0.39,1.59,27.72
2025-07-06,1.48,52.89,0.27,7.07,4.06,0.39,1.61,27.69
2025-07-07,1.3,53.78,0.23,6.6,4.12,0.32,1.39,27.66
2025-07-08,1.47,53.61,0.21,6.76,4.35,0.32,1.33,27.34
2025-07-09,1.47,53.55,0.21,6.72,4.49,0.32,1.3,27.33
2025-07-10,1.71,53.4,0.24,6.69,4.37,0.3,1.44,27.46
2025-07-11,1.9,54.33,0.19,6.72,3.86,0.29,1.37,27.19
2025-07-12,1.88,54.25,0.23,6.93,4.13,0.39,1.46,26.71
2025-07-13,1.9,54.34,0.22,6.95,4.02,0.39,1.46,26.71
2025-07-14,1.89,54.68,0.22,7.14,4.28,0.39,1.52,26.01
2025-07-15,1.42,54.56,0.22,6.77,4.63,0.34,1.58,26.25
2025-07-16,1.17,51.31,0.2,7.17,4.83,0.48,1.81,27.81
2025-07-17,1.38,52.44,0.17,7.35,5.22,0.35,1.88,26.55
2025-07-18,1.3,53.21,0.18,7.26,4.85,0.41,1.47,26.65
2025-07-19,1.3,53.09,0.16,7.24,4.86,0.41,1.47,26.76
2025-07-20,1.3,53.12,0.16,7.24,4.87,0.41,1.47,26.73
2025-07-21,1.34,54.03,0.16,6.75,4.76,0.41,1.65,26.28
2025-07-22,1.35,54.38,0.17,6.47,4.73,0.41,1.68,26.31
2025-07-23,1.35,53.87,0.17,6.89,4.61,0.43,1.72,26.62
2025-07-24,1.35,53.37,0.21,6.94,4.54,0.42,1.73,27.2
2025-07-25,1.55,54.17,0.19,6.92,4.61,0.46,1.4,26.28
2025-07-26,1.46,54.11,0.3,6.81,4.42,0.44,1.37,26.68
2025-07-27,1.44,54.13,0.3,6.77,4.42,0.44,1.36,26.68
2025-07-28,1.51,54.09,0.38,6.84,4.39,0.4,1.25,26.71
2025-07-29,1.71,53.5,0.37,6.85,4.42,0.47,1.29,27.09
2025-07-30,1.69,53.13,0.4,6.9,4.27,0.37,1.33,27.44
2025-07-31,1.62,53.41,0.41,6.77,4.63,0.47,1.67,26.67
2025-08-01,1.66,52.6,0.38,7.13,4.68,0.55,2.03,26.88
2025-08-02,1.83,51.94,0.38,7.08,4.87,0.61,2.25,27.03
2025-08-03,1.83,52.04,0.38,7.07,4.89,0.59,2.25,26.96
2025-08-04,1.82,50.91,0.33,6.43,5.08,0.51,2.26,26.84
2025-08-05,1.62,51.43,0.22,6.56,5.03,0.54,2.3,26.52
2025-08-06,1.52,51.46,0.24,6.95,4.79,0.36,2.29,26.62
2025-08-07,1.53,51.45,0.25,6.84,4.71,0.37,2.27,26.85
2025-08-08,1.57,51.68,0.26,6.47,4.74,0.35,2.33,26.75
2025-08-09,1.55,51.72,0.26,6.45,4.68,0.35,2.33,26.8
2025-08-10,1.56,51.62,0.26,6.48,4.74,0.35,2.33,26.81
2025-08-11,1.46,51.97,0.27,6.58,4.57,0.34,2.08,26.78
2025-08-12,1.77,51.39,0.3,7.28,4.55,0.39,1.91,26.6
2025-08-13,1.78,53.05,0.41,7.51,4.85,0.35,2.11,25.79
2025-08-14,2.6,51.53,0.51,7.47,5.05,0.41,2.09,26.28
2025-08-15,2.59,51.71,0.5,7.27,5.04,0.43,2.09,26.36
2025-08-16,2.61,51.62,0.51,7.28,5.05,0.41,2.09,26.36
2025-08-17,2.54,51.61,0.5,7.45,5.04,0.43,2.1,26.3
2025-08-18,2.56,51.77,0.5,7.25,5.03,0.41,2.11,26.31
2025-08-19,2.61,51.72,0.5,7.24,5.04,0.41,2.1,26.38
2025-08-20,2.61,51.64,0.51,7.29,5.05,0.41,2.1,26.37
2025-08-21,2.75,51.84,0.55,7.59,5.09,0.43,1.52,26.15
2025-08-22,2.96,52.08,0.48,7.43,5.4,0.51,1.81,25.08
2025-08-23,2.21,53.11,0.44,6.34,5.62,0.5,1.59,24.72
2025-08-24,2.22,53.19,0.44,6.28,5.56,0.52,1.58,24.74
2025-08-25,2.12,53.93,0.42,6.21,5.38,0.39,1.66,24.73
2025-08-26,1.89,53.86,0.54,6.59,5.22,0.34,1.59,24.71
2025-08-27,1.78,54.43,0.55,6.18,5.13,0.27,1.51,24.88
2025-08-28,1.87,53.69,0.57,6.48,3.95,0.23,1.53,26.71
2025-08-29,1.82,54.87,0.67,6.81,4.15,0.21,1.54,25.02
2025-08-30,1.62,55.66,0.69,6.84,4.39,0.19,1.56,24.46
2025-08-31,1.68,55.67,0.69,6.85,4.4,0.19,1.56,24.4
2025-09-01,1.57,56.13,0.42,6.52,4.51,0.26,1.57,24.75
2025-09-02,1.44,56.04,0.65,6.37,4.77,0.21,1.99,24.92
2025-09-03,1.59,55.83,0.55,6.39,5.3,0.23,1.91,24.74
2025-09-04,1.55,55.81,0.42,6.74,5.29,0.29,1.79,24.56
2025-09-05,1.64,56.93,0.31,6.36,5.16,0.33,1.63,23.94
2025-09-06,1.51,56.91,0.34,6.61,5.39,0.34,1.66,23.5
2025-09-07,1.52,56.92,0.33,6.62,5.43,0.34,1.63,23.43
2025-09-08,1.57,57.76,0.32,6.33,5.37,0.51,1.56,22.89
2025-09-09,1.72,57.96,0.35,7.04,5.32,0.45,1.47,21.89
2025-09-10,1.97,56.93,0.34,7.36,5.1,0.53,1.43,22.55
2025-09-11,1.88,55.4,0.28,8.18,4.64,0.51,1.58,23.95
2025-09-12,1.55,55.46,0.31,7.72,4.7,0.49,1.66,24.47
2025-09-13,2.03,55.42,0.2,7.75,4.65,0.67,1.54,23.88
2025-09-14,2.03,55.46,0.2,7.72,4.63,0.67,1.53,23.89
2025-09-15,2.24,54.86,0.25,7.1,5.26,0.55,1.4,24.36
2025-09-16,2.53,53.86,0.34,7.96,4.53,0.5,1.18,24.81
2025-09-17,2.43,53.14,0.33,7.83,4.84,0.61,1.34,25.12
2025-09-18,2.64,52.71,0.38,7.99,4.94,0.43,1.49,25.23
2025-09-19,2.44,52.32,0.37,7.54,4.86,0.4,1.35,25.47
2025-09-20,2.52,52.18,0.39,7.38,5.01,0.37,1.28,25.54
2025-09-21,2.54,52.32,0.39,7.14,5.02,0.37,1.28,25.59
2025-09-22,2.17,52.13,0.38,7.19,5.02,0.43,1.26,26.09
2025-09-23,1.99,52.62,0.26,6.96,5.14,0.43,1.32,25.87
2025-09-24,2.06,52.59,0.25,7.07,4.92,0.51,1.37,25.84
2025-09-25,1.85,53.31,0.27,7.06,4.88,0.46,1.41,25.31
2025-09-26,1.94,53.48,0.26,7.1,5.03,0.54,1.56,24.62
2025-09-27,1.97,54.36,0.25,7.04,4.88,0.61,1.63,23.96
2025-09-28,1.99,54.34,0.24,7.06,4.89,0.61,1.63,23.91
2025-09-29,1.86,54.84,0.26,6.94,4.7,0.59,1.48,24.11
2025-09-30,1.99,55.42,0.24,6.49,4.58,0.57,1.39,24.58
2025-10-01,2.11,54.91,0.26,7.03,4.74,0.62,1.48,24.41
2025-10-02,2.12,54.91,0.26,7.03,4.71,0.62,1.48,24.39
2025-10-03,1.8,54.58,0.25,7.13,4.66,0.7,1.49,24.78
2025-10-04,1.88,54.69,0.27,6.83,4.63,0.83,1.43,24.81
2025-10-05,1.87,54.53,0.27,6.92,4.59,0.83,1.44,24.91
2025-10-06,1.91,54.27,0.26,6.81,4.9,0.77,1.4,25.08
2025-10-07,1.92,53.24,0.26,7.08,4.92,0.75,1.39,25.63
2025-10-08,1.88,53.33,0.28,7.11,5.06,0.68,1.33,25.69
2025-10-09,1.78,54.29,0.28,7.23,4.7,0.6,1.28,25.67
2025-10-10,1.63,55.82,0.26,7.08,4.48,0.59,1.33,24.9
2025-10-11,1.9,56.99,0.26,7.25,4.48,0.51,1.41,23.86
2025-10-12,1.9,56.97,0.27,7.25,4.48,0.51,1.42,23.86
2025-10-13,1.81,57.61,0.24,7.33,4.46,0.49,1.36,23.54
2025-10-14,1.65,58.67,0.28,6.63,4.83,0.54,1.46,22.93
2025-10-15,1.7,58.89,0.25,6.43,4.77,0.54,1.5,22.74
2025-10-16,1.67,58.95,0.23,6.46,4.55,0.59,1.72,22.4
2025-10-17,1.95,59.41,0.3,6.4,4.43,0.65,1.69,21.92
2025-10-18,1.96,58.92,0.26,6.26,4.57,0.69,1.55,22.42
2025-10-19,1.94,58.96,0.26,6.21,4.53,0.69,1.55,22.42
2025-10-20,1.95,58.9,0.26,6.2,4.54,0.69,1.55,22.5
2025-10-21,1.96,58.81,0.26,6.24,4.56,0.69,1.55,22.45
2025-10-22,1.97,58.9,0.26,6.26,4.58,0.69,1.54,22.42
2025-10-23,1.97,58.85,0.26,6.25,4.56,0.69,1.55,22.5
2025-10-24,1.89,58.76,0.29,6.22,4.24,0.61,1.51,23.06
2025-10-25,1.92,58.9,0.27,6.21,4.29,0.57,1.4,23.02
2025-10-26,1.91,58.93,0.27,6.27,4.25,0.57,1.4,23.02
2025-10-27,2.24,59.35,0.26,6.18,4.11,0.5,1.45,22.7
2025-10-28,2.2,59.19,0.25,6.08,4.1,0.58,1.46,22.93
2025-10-29,2.5,58.79,0.24,5.66,4.36,0.57,1.2,23.27
2025-10-30,2.61,57.18,0.26,6.08,4.77,0.61,1.35,24.05
2025-10-31,2.8,56.01,0.21,6.34,4.96,0.48,1.26,24.85
2025-11-01,2.65,55.74,0.21,6.33,5.05,0.4,1.4,25.12
2025-11-02,2.66,55.69,0.21,6.34,4.97,0.4,1.41,25.29
2025-11-03,2.61,55.46,0.21,6.8,4.58,0.41,1.49,25.16
2025-11-04,2.48,55.78,0.21,7.36,4.23,0.4,1.55,24.66
2025-11-05,2.39,55.84,0.19,7.38,4.25,0.4,1.57,24.67
2025-11-06,2.47,55.07,0.19,7.64,4.08,0.42,1.55,24.98
2025-11-07,1.97,54.99,0.26,7.77,3.67,0.36,2.48,24.8
2025-11-08,1.66,55.5,0.29,7.43,3.77,0.41,2.42,24.52
2025-11-09,1.65,55.48,0.3,7.36,3.77,0.41,2.42,24.6
2025-11-10,1.66,55.53,0.33,7.54,3.69,0.43,2.43,24.47
2025-11-11,1.68,55.27,0.33,7.7,3.79,0.59,2.44,24.31
2025-11-12,1.67,54.93,0.35,7.66,3.8,0.59,2.56,24.6
2025-11-13,1.72,54.91,0.44,7.63,3.93,0.58,2.64,24.19
2025-11-14,1.62,54.06,0.54,7.29,4.09,0.49,2.95,24.86
2025-11-15,1.66,54.05,0.49,7.21,4.06,0.38,2.66,25.76
2025-11-16,1.64,54.12,0.53,7.2,4.08,0.38,2.69,25.63
2025-11-17,1.54,53.89,0.49,7.23,4.6,0.43,2.74,25.38
2025-11-18,1.48,54.03,0.76,6.73,5.53,0.33,1.94,25.07
2025-11-19,1.6,55.38,0.73,6.69,5.84,0.45,2.13,23.55
2025-11-20,1.43,56.71,0.55,6.55,5.17,0.51,1.82,23.48
2025-11-21,1.68,57.18,0.48,6.28,4.48,0.55,1.92,23.28
2025-11-22,1.89,57.29,0.4,6.49,4.37,0.6,2.11,23.23
2025-11-23,1.92,57.2,0.39,6.48,4.36,0.6,2.12,23.27
2025-11-24,1.76,55.92,0.49,5.99,4.35,0.4,2.05,25.33
2025-11-25,1.58,56.74,0.58,4.93,4.35,0.32,1.78,25.84
2025-11-26,1.82,56.8,0.6,5.07,4.91,0.32,1.65,24.96
2025-11-27,2.15,57.48,0.62,4.95,4.9,0.26,2.03,23.76
2025-11-28,2.48,58.59,0.67,5.13,4.39,0.2,1.93,22.76
2025-11-29,2.41,57.32,0.66,5.22,5.08,0.21,1.39,23.78
2025-11-30,2.41,57.35,0.67,5.28,5.06,0.21,1.47,23.66
2025-12-01,2.48,56.9,0.85,5.33,4.83,0.22,1.52,23.64
2025-12-02,2.62,57.51,1.0,5.45,4.7,0.26,1.54,22.93
2025-12-03,2.69,59.06,0.58,5.65,4.27,0.27,1.49,21.94
2025-12-04,2.61,58.2,0.61,5.59,4.45,0.23,1.49,22.25
2025-12-05,2.53,57.47,0.63,6.33,4.42,0.24,1.67,22.03
2025-12-06,2.49,57.64,0.64,6.12,4.22,0.3,1.69,22.23
2025-12-07,2.5,57.63,0.64,6.12,4.24,0.3,1.71,22.27
2025-12-08,2.29,57.3,0.63,6.34,4.33,0.32,1.71,22.44
2025-12-09,2.49,57.7,0.54,6.35,4.71,0.4,1.47,22.28
2025-12-10,2.55,57.72,0.6,6.23,4.53,0.37,1.55,22.34
2025-12-11,2.72,58.01,0.58,5.91,4.38,0.39,1.43,22.39
2025-12-12,2.78,58.23,0.59,5.89,4.4,0.33,1.38,22.09
2025-12-13,2.69,58.25,0.61,5.87,4.32,0.4,1.37,22.08
2025-12-14,2.69,58.27,0.61,5.84,4.33,0.41,1.38,22.01
2025-12-15,2.69,57.95,0.6,5.81,4.34,0.42,1.43,22.23
2025-12-16,2.75,57.91,0.61,5.78,4.31,0.39,1.43,22.34
2025-12-17,2.75,57.87,0.6,5.71,4.32,0.37,1.38,22.39
2025-12-18,2.77,57.79,0.62,5.72,4.31,0.38,1.37,22.44
2025-12-19,2.76,57.86,0.62,5.75,4.33,0.38,1.38,22.38
2025-12-20,2.73,57.81,0.62,5.82,4.33,0.39,1.44,22.41
2025-12-21,2.74,57.85,0.62,5.8,4.33,0.39,1.44,22.36
2025-12-22,2.73,57.93,0.64,5.85,4.31,0.4,1.34,22.31
2025-12-23,2.75,57.94,0.62,5.81,4.3,0.38,1.4,22.27
2025-12-24,2.78,57.89,0.65,5.88,4.29,0.41,1.39,22.26
2025-12-25,2.78,58.03,0.65,5.83,4.25,0.4,1.34,22.28
2025-12-26,2.77,57.92,0.64,5.84,4.25,0.4,1.42,22.31
2025-12-27,2.75,58.03,0.65,5.84,4.25,0.4,1.33,22.29
2025-12-28,2.78,57.88,0.64,5.86,4.27,0.41,1.33,22.39
2025-12-29,2.67,58.01,0.63,5.85,4.29,0.41,1.39,22.29
2025-12-30,2.6,58.11,0.65,5.81,4.22,0.42,1.33,22.43
2025-12-31,2.59,58.1,0.65,5.95,4.22,0.43,1.33,22.25
2026-01-01,2.61,58.0,0.61,5.94,4.18,0.44,1.38,22.33
2026-01-02,2.63,57.98,0.64,6.0,4.09,0.37,1.38,22.39
2026-01-03,2.58,57.91,0.65,6.05,4.1,0.38,1.37,22.45
2026-01-04,2.59,58.01,0.65,6.06,4.06,0.38,1.38,22.4
2026-01-05,2.58,57.95,0.65,6.01,4.08,0.37,1.38,22.44
2026-01-06,2.63,57.84,0.63,6.04,4.06,0.38,1.44,22.49
2026-01-07,2.58,57.97,0.64,6.02,4.06,0.37,1.37,22.47
2026-01-08,2.62,57.8,0.63,5.96,4.12,0.38,1.46,22.5
2026-01-09,2.62,57.94,0.64,5.98,4.07,0.4,1.44,22.39
2026-01-10,2.52,57.77,0.65,6.26,4.11,0.42,1.42,22.43
2026-01-11,2.66,57.44,0.64,6.17,4.17,0.36,1.49,22.64
2026-01-12,2.67,57.4,0.64,6.26,4.1,0.37,1.4,22.8
2026-01-13,2.55,57.4,0.65,6.27,4.08,0.44,1.4,22.72
2026-01-14,2.53,57.34,0.67,6.26,4.09,0.49,1.41,22.75
2026-01-15,2.51,57.5,0.67,6.3,4.04,0.42,1.4,22.65
2026-01-16,2.55,57.43,0.67,6.3,4.1,0.43,1.42,22.56
2026-01-17,2.57,57.46,0.66,6.27,4.08,0.43,1.41,22.57
2026-01-18,2.56,57.43,0.67,6.27,4.1,0.43,1.48,22.53
2026-01-19,2.55,57.34,0.68,6.19,4.1,0.51,1.47,22.7
2026-01-20,2.55,57.4,0.68,6.2,4.11,0.5,1.46,22.72
2026-01-21,2.53,57.43,0.69,6.23,4.03,0.48,1.43,22.76
2026-01-22,2.5,57.43,0.66,6.04,4.13,0.52,1.48,22.74
2026-01-23,2.69,57.57,0.68,5.98,4.32,0.49,1.3,22.58
2026-01-24,2.62,56.96,0.72,6.04,4.23,0.4,1.18,23.32
2026-01-25,2.64,57.02,0.72,5.99,4.24,0.39,1.18,23.29
2026-01-26,2.66,56.94,0.72,6.04,4.24,0.39,1.18,23.35
2026-01-27,2.58,56.08,0.69,6.08,4.3,0.38,1.4,23.98
2026-01-28,2.38,56.33,0.61,5.86,4.27,0.34,1.55,23.93
2026-01-29,2.4,56.37,0.55,5.73,4.18,0.38,1.54,24.22
2026-01-30,2.38,56.68,0.44,5.43,3.89,0.46,1.52,24.42
2026-01-31,2.58,56.05,0.46,5.17,4.65,0.47,1.33,24.93
2026-02-01,2.6,56.02,0.47,5.12,4.69,0.46,1.33,24.93
2026-02-02,2.63,56.08,0.43,5.93,4.44,0.34,1.18,24.84
2026-02-03,2.73,55.12,0.36,5.9,4.31,0.19,1.35,25.8
2026-02-04,2.25,54.93,0.37,6.11,4.44,0.27,1.4,26.08
2026-02-05,1.96,54.21,0.31,6.38,4.51,0.28,1.34,26.74
2026-02-06,2.1,53.69,0.51,6.62,4.51,0.45,1.44,26.66
2026-02-07,2.2,53.51,0.49,6.11,4.71,0.47,1.05,27.62
2026-02-08,2.19,53.47,0.48,6.1,4.74,0.46,1.08,27.6
2026-02-09,2.41,54.43,0.39,5.83,4.65,0.45,0.9,26.96
2026-02-10,2.18,54.47,0.42,7.73,4.27,0.26,0.93,25.45
2026-02-11,1.47,55.9,0.35,7.89,4.63,0.28,0.79,24.29
2026-02-12,1.92,55.63,0.33,7.67,4.34,0.25,0.88,25.2
2026-02-13,2.0,53.49,0.66,7.72,4.71,0.22,0.91,26.2
2026-02-14,2.13,53.37,0.55,7.34,5.18,0.22,0.93,25.99
2026-02-15,2.16,53.37,0.55,7.32,5.17,0.22,0.93,25.96
2026-02-16,2.13,54.04,0.44,7.56,5.45,0.29,0.91,24.88
2026-02-17,2.22,54.86,0.11,7.16,5.25,0.32,0.91,24.74
2026-02-18,2.3,55.02,0.34,7.46,4.98,0.32,1.0,24.64
2026-02-19,2.21,55.34,0.39,7.84,4.18,0.26,1.19,24.73
2026-02-20,2.41,56.13,0.19,7.51,4.08,0.23,1.09,24.65
2026-02-21,2.2,58.07,0.3,7.33,4.43,0.21,0.92,23.1
2026-02-22,2.2,58.0,0.3,7.29,4.42,0.22,0.92,23.18
2026-02-23,2.04,57.59,0.29,7.6,4.29,0.25,1.19,23.02
2026-02-24,1.79,56.0,0.37,8.12,4.45,0.25,1.17,23.96
2026-02-25,1.95,56.14,0.43,7.42,4.41,0.15,1.43,23.84
2026-02-26,1.88,55.44,0.34,7.65,4.34,0.15,1.35,24.29
2026-02-27,2.12,55.62,0.38,7.75,4.68,0.13,1.34,23.61
2026-02-28,2.43,55.26,0.46,8.51,4.82,0.24,1.28,23.24
2026-03-01,2.42,55.26,0.46,8.48,4.82,0.24,1.27,23.26
2026-03-02,2.73,54.6,0.47,7.72,4.56,0.36,1.17,24.13
2026-03-03,2.47,55.01,0.41,8.17,4.26,0.48,1.14,24.33
2026-03-04,2.46,55.12,0.41,8.18,4.3,0.47,1.14,24.17
2026-03-05,2.47,54.95,0.41,8.17,4.27,0.48,1.15,24.39
2026-03-06,2.63,56.29,0.54,7.34,4.87,0.41,1.03,23.42
2026-03-07,2.39,55.86,0.57,7.63,5.18,0.49,0.95,23.34
2026-03-08,2.38,55.94,0.57,7.61,5.13,0.49,0.94,23.28
2026-03-09,2.43,55.0,0.48,7.66,5.28,0.52,1.07,23.49
2026-03-10,2.51,54.53,0.38,7.22,5.58,0.36,1.18,24.02
2026-03-11,2.48,53.57,0.32,7.77,5.72,0.3,1.26,24.34
2026-03-12,2.57,53.68,0.31,8.29,5.29,0.2,1.29,24.01
2026-03-13,2.3,54.14,0.34,8.12,5.52,0.14,1.34,23.97
2026-03-14,2.48,53.28,0.34,8.73,5.32,0.2,1.33,24.29
2026-03-15,2.45,53.27,0.33,8.74,5.27,0.2,1.35,24.4
2026-03-16,2.31,53.92,0.24,8.55,4.95,0.28,1.3,24.48
2026-03-17,2.42,54.9,0.2,7.6,4.93,0.29,1.28,24.69
2026-03-18,2.45,54.73,0.19,8.17,4.77,0.3,1.31,24.29
2026-03-19,2.54,54.34,0.18,8.21,4.72,0.29,1.34,24.77
2026-03-20,2.37,53.86,0.17,8.52,4.89,0.3,1.39,24.77
2026-03-21,2.36,53.93,0.17,8.5,4.89,0.3,1.38,24.76
2026-03-22,2.34,53.88,0.17,8.52,4.89,0.3,1.39,24.8
2026-03-23,2.1,54.23,0.21,8.55,4.95,0.26,1.34,24.69
2026-03-24,1.98,54.48,0.24,7.96,5.37,0.24,1.24,24.73
2026-03-25,2.11,54.85,0.23,7.92,4.83,0.27,1.23,24.79
2026-03-26,2.19,54.64,0.26,7.59,4.97,0.27,1.13,25.1
2026-03-27,2.19,54.75,0.23,7.26,5.59,0.33,1.12,24.64
2026-03-28,2.22,54.55,0.51,7.16,4.96,0.43,1.19,25.03
2026-03-29,2.23,54.58,0.51,7.16,4.98,0.43,1.19,24.98
2026-03-30,2.38,54.66,0.49,7.24,5.0,0.37,1.44,24.41
2026-03-31,2.35,55.06,0.5,7.34,4.93,0.35,1.44,23.94
2026-04-01,2.27,55.45,0.63,7.5,4.38,0.33,1.49,24.16
2026-04-02,2.34,55.14,0.64,6.8,4.24,0.33,1.5,25.06
2026-04-03,2.89,54.43,0.36,6.78,3.99,0.22,1.49,25.17
2026-04-04,2.91,53.53,0.39,6.61,4.22,0.25,1.85,25.28
2026-04-05,2.92,53.6,0.39,6.56,4.28,0.25,1.85,25.23
2026-04-06,2.89,52.74,0.38,6.71,4.53,0.25,1.74,26.42
2026-04-07,2.67,53.0,0.39,6.78,4.8,0.3,1.75,25.98
2026-04-08,2.37,53.1,0.37,6.7,4.8,0.26,1.67,26.88
2026-04-09,2.04,53.85,0.36,7.05,5.03,0.27,1.81,26.13
2026-04-10,2.0,54.97,0.33,6.92,4.86,0.28,1.62,25.61
2026-04-11,1.99,55.07,0.44,7.46,4.92,0.27,1.57,24.62
2026-04-12,2.04,55.07,0.42,7.5,4.92,0.27,1.58,24.59
2026-04-13,2.12,55.46,0.75,7.5,5.1,0.2,1.8,23.38
2026-04-14,2.18,55.46,0.76,7.16,4.93,0.22,1.84,23.5
2026-04-15,2.39,55.27,0.77,7.05,5.06,0.18,1.59,23.59
2026-04-16,2.4,55.43,0.76,6.86,5.11,0.3,1.63,23.43
2026-04-17,2.4,55.11,0.73,6.9,5.13,0.31,1.61,23.75
2026-04-18,2.48,55.38,0.73,6.95,5.01,0.32,1.54,23.48
2026-04-19,2.48,55.38,0.69,7.01,5.02,0.32,1.51,23.46
2026-04-20,2.75,55.16,0.72,6.9,4.97,0.31,1.52,23.31
2026-04-21,3.1,55.58,0.49,6.38,5.31,0.33,1.46,22.86
2026-04-22,3.07,54.77,0.25,6.39,5.2,0.32,1.66,23.99
2026-04-23,3.17,54.97,0.35,6.58,4.81,0.24,1.75,24.01
2026-04-24,2.48,55.13,0.43,7.17,4.79,0.25,1.79,23.85
2026-04-25,2.12,55.09,0.56,7.27,5.06,0.27,1.65,24.21
2026-04-26,2.12,55.07,0.55,7.35,5.03,0.27,1.65,24.18
2026-04-27,2.13,55.81,0.53,7.37,5.23,0.29,1.24,23.42
2026-04-28,2.31,54.89,0.52,7.31,5.38,0.25,1.36,24.28
2026-04-29,2.7,54.23,0.51,7.5,5.78,0.29,1.32,24.11
2026-04-30,2.67,53.98,0.36,7.56,5.5,0.34,1.31,24.61
2026-05-01,2.66,52.96,0.37,7.65,5.23,0.38,1.34,24.24
2026-05-02,2.6,54.25,0.38,8.01,5.19,0.35,1.59,23.78
2026-05-03,2.64,54.26,0.38,7.97,5.19,0.35,1.58,23.77
2026-05-04,2.6,54.3,0.24,7.79,4.98,0.31,1.57,24.58
2026-05-05,2.72,54.83,0.27,7.51,4.96,0.28,1.69,24.22
2026-05-06,2.68,54.92,0.24,6.95,5.23,0.29,1.67,24.4
2026-05-07,2.91,54.2,0.19,7.52,4.89,0.29,1.89,24.52
2026-05-08,3.03,54.1,0.16,7.64,4.85,0.29,1.92,24.51
2026-05-09,2.84,53.81,0.19,7.81,4.79,0.28,1.8,24.73
2026-05-10,2.85,53.6,0.18,7.75,4.81,0.28,1.79,24.97
2026-05-11,2.86,54.07,0.17,7.55,4.83,0.28,1.8,24.71
2026-05-12,2.79,54.45,0.17,7.2,4.79,0.28,1.83,24.79
2026-05-13,2.78,54.71,0.17,7.34,4.96,0.28,1.88,24.17
2026-05-14,2.71,55.31,0.17,7.32,4.75,0.27,1.8,23.87
2026-05-15,2.64,55.57,0.15,7.38,4.45,0.27,1.8,23.95
2026-05-16,2.69,55.68,0.19,7.25,4.43,0.22,1.8,24.02
2026-05-17,2.69,55.72,0.19,7.19,4.51,0.22,1.78,24.0
2026-05-18,2.76,55.73,0.19,7.15,4.51,0.19,1.87,24.01
2026-05-19,2.8,55.49,0.17,7.3,4.54,0.2,1.98,24.08
2026-05-20,2.83,55.41,0.17,7.33,4.54,0.2,2.03,24.12
2026-05-21,2.62,56.12,0.17,7.07,4.3,0.22,1.76,24.38
2026-05-22,2.56,55.73,0.17,7.29,4.34,0.21,1.83,24.52
2026-05-23,2.57,55.64,0.17,7.13,4.04,0.21,1.8,25.04
2026-05-24,2.53,55.74,0.17,7.16,4.02,0.21,1.76,24.99
2026-05-25,2.41,55.71,0.18,7.15,4.09,0.21,1.8,25.12
2026-05-26,2.33,55.29,0.17,7.23,4.07,0.19,1.81,25.46
2026-05-27,2.69,55.36,0.21,7.17,3.8,0.21,1.96,25.15
2026-05-28,2.68,55.48,0.21,7.2,3.82,0.21,1.84,25.14
2026-05-29,2.51,55.77,0.24,6.77,3.88,0.23,1.93,25.15
2026-05-30,2.47,55.8,0.21,7.05,4.17,0.27,1.96,24.44
2026-05-31,2.55,55.89,0.21,7.04,4.05,0.27,1.97,24.38
2026-06-01,2.5,55.52,0.28,7.23,4.35,0.28,1.86,24.46
2026-06-02,2.4,54.71,0.34,7.58,4.34,0.38,1.63,25.24
2026-06-03,2.19,53.93,0.4,7.38,4.6,0.39,1.58,26.08
2026-06-04,1.93,54.84,0.4,7.66,4.63,0.37,1.32,25.62
2026-06-05,1.71,55.45,0.44,7.51,4.34,0.27,1.22,25.81
2026-06-06,1.78,57.02,0.48,7.02,4.51,0.2,1.11,24.66
2026-06-07,1.77,57.02,0.48,7.03,4.55,0.2,1.12,24.61
2026-06-08,1.8,57.83,0.47,6.69,4.42,0.36,1.1,23.95
2026-06-09,1.91,57.4,0.71,6.21,4.7,0.43,1.33,23.79
2026-06-10,1.84,58.06,0.71,5.95,4.31,0.42,1.28,23.84
2026-06-11,1.77,58.45,0.65,5.67,4.35,0.43,1.24,23.77
2026-06-12,1.78,57.86,0.65,5.82,4.36,0.4,1.34,23.92
2026-06-13,2.11,58.11,0.6,5.68,4.12,0.35,1.2,23.99
2026-06-14,2.09,58.18,0.6,5.67,4.1,0.35,1.19,23.95
2026-06-15,1.84,59.33,0.64,5.33,3.81,0.46,1.33,23.58
2026-06-16,2.07,58.76,0.58,5.36,4.44,0.44,1.49,23.29
2026-06-17,2.07,59.4,0.31,5.38,4.13,0.37,1.33,23.55
2026-06-18,2.16,58.9,0.24,5.47,4.3,0.36,1.57,23.63
2026-06-19,2.11,58.51,0.28,5.31,4.53,0.36,1.7,23.84
2026-06-20,2.06,58.39,0.27,5.52,4.47,0.25,1.86,24.06
2026-06-21,2.05,58.29,0.27,5.48,4.52,0.24,1.93,24.07
2026-06-22,2.0,58.43,0.23,5.66,4.64,0.32,1.99,23.65
2026-06-23,2.03,58.76,0.24,5.77,4.52,0.36,1.96,23.43
2026-06-24,1.75,59.17,0.19,5.53,4.61,0.27,1.87,23.59
2026-06-25,1.76,59.68,0.15,5.7,4.65,0.3,1.67,22.93
2026-06-26,1.76,59.77,0.15,5.69,4.63,0.31,1.69,22.89
2026-06-27,1.75,60.54,0.15,5.5,4.48,0.32,1.45,22.63
2026-06-28,1.81,60.37,0.15,5.55,4.52,0.31,1.44,22.66
2026-06-29,1.95,59.88,0.15,5.59,4.47,0.19,1.41,22.97
2026-06-30,1.84,59.85,0.15,5.51,4.57,0.2,1.45,22.88
2026-07-01,2.06,59.57,0.14,5.39,4.51,0.24,1.51,23.11
2026-07-02,2.1,59.2,0.17,5.24,4.65,0.24,1.51,23.31
2026-07-03,2.1,59.22,0.19,5.22,4.67,0.25,1.51,23.28
2026-07-04,2.1,59.28,0.19,5.19,4.67,0.25,1.52,23.25
2026-07-05,2.1,59.29,0.19,5.2,4.62,0.25,1.5,23.31
2026-07-06,2.1,59.2,0.2,5.2,4.66,0.24,1.51,23.37
2026-07-07,2.1,59.31,0.2,5.21,4.58,0.24,1.51,23.29
2026-07-08,2.1,59.33,0.2,5.25,4.56,0.25,1.49,23.27
2026-07-09,2.1,59.19,0.2,5.16,4.59,0.25,1.48,23.49
2026-07-10,2.1,59.11,0.22,5.23,4.58,0.24,1.46,23.45
2026-07-11,2.11,59.02,0.22,5.23,4.54,0.24,1.42,23.64
2026-07-12,2.1,59.08,0.22,5.23,4.55,0.24,1.46,23.64
2026-07-13,2.1,59.32,0.24,5.22,4.57,0.24,1.47,23.35
2026-07-14,2.12,59.34,0.25,5.2,4.55,0.27,1.4,23.48
2026-07-15,2.1,59.19,0.25,5.12,4.55,0.26,1.37,23.68
2026-07-16,2.14,59.36,0.25,5.18,4.35,0.3,1.41,23.81
2026-07-17,2.3,59.29,0.22,5.2,4.24,0.28,1.67,23.6
2026-07-18,2.41,59.35,0.25,4.91,4.38,0.31,1.66,23.63
2026-07-19,2.36,59.08,0.25,4.91,4.39,0.31,1.67,23.96
2026-07-20,2.36,59.05,0.25,4.9,4.41,0.31,1.67,23.93
2026-07-21,2.24,59.12,0.32,5.07,4.37,0.39,1.65,23.58
2026-07-22,2.14,58.63,0.32,5.62,4.69,0.39,1.45,23.53
2026-07-23,2.02,58.78,0.37,5.9,4.68,0.34,1.42,23.27
2026-07-24,1.96,58.98,0.35,5.94,4.61,0.35,1.39,23.22
2026-07-25,1.96,59.04,0.34,5.97,4.63,0.38,1.4,23.06
2026-07-26,1.94,58.98,0.35,5.98,4.65,0.38,1.4,23.1
2026-07-27,1.94,59.09,0.35,5.97,4.62,0.38,1.4,23.06
2026-07-28,1.95,58.97,0.38,6.01,4.64,0.38,1.4,23.0
2026-07-29,1.96,58.91,0.39,6.0,4.57,0.38,1.42,23.13
2026-07-30,1.95,58.86,0.39,6.07,4.6,0.39,1.43,23.07
2026-07-31,1.93,58.81,0.4,6.03,4.59,0.38,1.42,23.16
2026-08-01,1.95,58.9,0.4,5.96,4.53,0.38,1.46,23.14
2026-08-02,1.97,58.79,0.4,5.98,4.53,0.38,1.47,23.22
2026-08-03,1.98,58.91,0.48,5.95,4.6,0.39,1.39,23.11
2026-08-04,1.95,58.74,0.47,5.97,4.56,0.38,1.43,23.28
2026-08-05,1.93,58.88,0.48,5.89,4.52,0.36,1.49,23.3
2026-08-06,1.93,58.85,0.47,5.81,4.52,0.36,1.45,23.34
2026-08-07,1.93,59.03,0.48,5.76,4.57,0.37,1.45,23.2
2026-08-08,2.0,58.81,0.48,5.65,4.69,0.39,1.53,23.22
2026-08-09,2.0,58.76,0.48,5.7,4.73,0.39,1.55,23.17
2026-08-10,2.01,58.94,0.5,5.38,4.93,0.31,1.4,23.21
2026-08-11,2.1,59.16,0.52,5.22,4.88,0.35,1.29,22.96
2026-08-12,2.05,58.94,0.59,5.29,4.76,0.44,1.32,23.08
2026-08-13,1.98,59.25,0.62,5.26,4.78,0.43,1.26,22.97
2026-08-14,2.04,59.29,0.63,5.23,4.8,0.45,1.25,22.93
2026-08-15,2.04,59.23,0.63,5.27,4.81,0.45,1.24,22.9
2026-08-16,2.04,59.27,0.63,5.28,4.78,0.45,1.24,22.88
