date,Income & expenditure both are same,Income increased and the expenditure went down or remained the same,Income increased but the expenditure went up as well,Income remained the same while expenditure went up,Income went down while the expenditure went up,"Income went down, expenditure remained the same",Others/Don't Know/Can't Say
2019-10-12,9.52,2.5,16.73,31.32,33.09,2.28,4.56
2019-10-13,9.55,2.51,16.74,31.24,33.1,2.29,4.57
2019-10-14,9.52,2.55,16.81,31.51,32.78,2.26,4.57
2019-10-15,9.74,2.51,16.71,31.67,32.75,2.02,4.6
2019-10-16,9.48,2.5,17.09,31.4,32.83,2.02,4.68
2019-10-17,9.37,2.38,16.94,30.31,31.57,2.02,7.41
2019-10-18,9.4,2.33,16.99,30.36,31.35,2.13,7.44
2019-10-19,9.09,2.53,17.82,29.2,31.04,2.14,8.18
2019-10-20,9.09,2.52,17.27,30.16,30.84,2.17,7.95
2019-10-21,8.15,2.55,16.9,27.56,28.56,1.86,14.42
2019-10-22,8.59,2.68,16.16,27.44,28.49,1.97,14.67
2019-10-23,9.79,2.77,16.91,29.24,32.3,2.74,6.25
2019-10-24,9.66,2.59,16.97,29.26,32.59,2.73,6.2
2019-10-25,9.27,2.6,16.76,29.53,32.5,2.65,6.69
2019-10-26,9.53,2.48,16.68,29.49,32.64,2.54,6.64
2019-10-27,9.56,2.51,16.71,29.54,32.46,2.59,6.63
2019-10-28,9.45,2.47,16.57,29.43,32.87,2.54,6.67
2019-10-29,9.43,2.47,16.62,29.28,33.02,2.55,6.63
2019-10-30,9.41,2.75,16.9,29.96,32.14,2.58,6.26
2019-10-31,9.03,3.21,18.19,28.3,33.34,2.83,5.1
2019-11-01,8.64,3.12,18.62,29.12,33.48,2.6,4.42
2019-11-02,8.43,3.18,18.59,29.46,33.3,2.61,4.43
2019-11-03,8.39,3.12,19.04,29.17,33.25,2.6,4.43
2019-11-04,7.61,3.15,18.88,29.83,33.54,2.87,4.12
2019-11-05,7.56,3.12,19.06,29.77,33.62,2.75,4.12
2019-11-06,7.66,3.14,19.21,29.36,33.42,2.89,4.32
2019-11-07,7.87,3.25,18.98,29.1,33.67,2.86,4.27
2019-11-08,7.83,3.18,19.29,28.9,33.86,2.79,4.15
2019-11-09,7.8,3.21,19.19,28.92,33.93,2.81,4.14
2019-11-10,7.91,3.16,19.22,28.98,33.84,2.79,4.1
2019-11-11,7.77,3.17,19.16,29.18,33.85,2.8,4.07
2019-11-12,7.82,3.17,19.28,28.99,33.85,2.78,4.11
2019-11-13,7.82,3.19,19.19,29.17,33.84,2.8,3.99
2019-11-14,7.85,3.28,18.99,29.15,33.87,2.8,4.06
2019-11-15,7.62,3.39,19.05,29.3,33.92,2.79,3.93
2019-11-16,7.65,3.35,19.29,29.5,33.72,2.71,3.78
2019-11-17,7.68,3.34,19.24,29.48,33.74,2.73,3.79
2019-11-18,7.6,3.36,19.19,29.39,33.89,2.72,3.85
2019-11-19,7.56,3.32,19.35,29.34,33.91,2.62,3.9
2019-11-20,7.51,3.24,19.24,29.67,33.81,2.62,3.91
2019-11-21,7.68,3.22,19.23,29.78,33.54,2.64,3.91
2019-11-22,7.53,3.24,19.12,30.07,33.48,2.64,3.92
2019-11-23,7.53,3.27,19.37,30.36,33.03,2.6,3.84
2019-11-24,7.41,3.28,19.41,30.16,33.27,2.63,3.84
2019-11-25,7.27,3.3,19.46,30.55,32.85,2.69,3.88
2019-11-26,7.28,3.27,19.56,30.58,32.75,2.71,3.85
2019-11-27,7.33,3.23,19.75,30.61,32.51,2.6,3.97
2019-11-28,7.04,3.26,19.89,30.72,32.43,2.62,4.04
2019-11-29,7.04,3.09,19.64,31.52,32.25,2.71,3.75
2019-11-30,7.16,3.14,19.45,31.59,32.36,2.65,3.65
2019-12-01,7.11,3.11,19.35,31.71,32.38,2.68,3.66
2019-12-02,7.16,3.05,18.98,31.75,33.0,2.58,3.48
2019-12-03,7.24,3.02,18.89,31.89,33.06,2.47,3.43
2019-12-04,7.09,3.09,18.91,31.94,33.03,2.53,3.41
2019-12-05,7.04,3.1,18.71,32.04,33.2,2.51,3.4
2019-12-06,6.94,3.08,18.21,32.3,33.51,2.63,3.33
2019-12-07,6.9,3.05,18.22,32.33,33.69,2.55,3.26
2019-12-08,6.85,3.05,18.34,32.35,33.55,2.59,3.27
2019-12-09,6.82,3.0,18.29,32.41,33.65,2.54,3.29
2019-12-10,6.68,3.05,18.41,32.55,33.22,2.7,3.39
2019-12-11,6.59,3.04,18.5,32.8,33.04,2.64,3.39
2019-12-12,6.61,3.03,18.53,32.62,33.2,2.63,3.38
2019-12-13,6.58,3.11,18.45,32.71,33.13,2.61,3.41
2019-12-14,6.59,3.08,18.5,32.75,33.1,2.59,3.39
2019-12-15,6.5,3.08,18.56,32.87,32.91,2.59,3.49
2019-12-16,6.49,3.08,18.51,33.02,32.83,2.57,3.5
2019-12-17,6.46,3.12,18.5,33.01,32.82,2.59,3.5
2019-12-18,6.49,3.08,18.45,33.11,32.81,2.56,3.5
2019-12-19,6.45,3.05,18.56,33.29,32.62,2.55,3.48
2019-12-20,6.53,3.06,18.59,33.23,32.55,2.55,3.49
2019-12-21,6.52,3.05,18.65,33.16,32.6,2.53,3.49
2019-12-22,6.5,3.09,18.64,33.09,32.62,2.56,3.5
2019-12-23,6.49,3.05,18.51,33.28,32.56,2.56,3.55
2019-12-24,6.47,3.04,18.56,33.07,32.73,2.58,3.55
2019-12-25,6.46,3.07,18.59,33.11,32.61,2.6,3.56
2019-12-26,6.54,3.02,18.25,33.37,32.86,2.52,3.44
2019-12-27,6.32,3.01,17.93,33.1,33.42,2.61,3.61
2019-12-28,6.31,2.89,17.82,33.13,33.81,2.56,3.48
2019-12-29,6.33,2.94,17.76,33.1,33.85,2.55,3.47
2019-12-30,5.94,2.9,18.17,33.21,33.8,2.51,3.47
2019-12-31,5.89,2.98,18.19,33.09,33.95,2.51,3.39
2020-01-01,5.85,2.95,18.19,33.11,33.98,2.52,3.4
2020-01-02,5.83,2.96,18.21,33.15,33.92,2.52,3.41
2020-01-03,5.91,2.94,18.19,32.9,34.09,2.57,3.4
2020-01-04,5.87,2.99,18.5,33.24,33.39,2.55,3.46
2020-01-05,5.8,2.97,18.5,33.25,33.42,2.55,3.51
2020-01-06,5.63,3.07,18.61,33.31,33.4,2.59,3.39
2020-01-07,5.81,3.0,18.63,33.18,33.43,2.55,3.4
2020-01-08,5.79,2.96,18.59,33.22,33.51,2.55,3.38
2020-01-09,5.78,2.97,18.57,33.15,33.58,2.53,3.42
2020-01-10,5.82,2.97,18.6,33.44,33.16,2.54,3.47
2020-01-11,5.65,2.96,18.6,33.45,33.33,2.51,3.5
2020-01-12,5.67,2.97,18.65,33.34,33.38,2.51,3.48
2020-01-13,5.79,2.98,18.68,33.3,33.11,2.53,3.61
2020-01-14,5.82,2.96,18.87,33.23,33.0,2.53,3.59
2020-01-15,5.93,3.01,18.86,33.26,32.87,2.51,3.56
2020-01-16,5.99,3.01,18.75,33.3,32.85,2.5,3.6
2020-01-17,5.88,2.98,18.87,33.33,32.81,2.5,3.63
2020-01-18,5.88,2.97,18.97,33.1,32.99,2.48,3.61
2020-01-19,5.85,2.94,18.87,33.21,33.02,2.48,3.63
2020-01-20,5.85,2.95,18.84,33.21,32.99,2.48,3.68
2020-01-21,5.78,2.93,18.96,33.0,33.18,2.51,3.64
2020-01-22,5.73,3.06,18.94,33.16,33.01,2.45,3.65
2020-01-23,5.78,3.0,19.08,33.25,32.87,2.42,3.6
2020-01-24,5.76,3.04,19.11,33.24,32.95,2.36,3.54
2020-01-25,5.74,3.0,19.18,33.34,32.81,2.36,3.57
2020-01-26,5.7,3.0,19.14,33.23,32.99,2.38,3.56
2020-01-27,5.72,3.02,19.23,33.33,32.76,2.4,3.54
2020-01-28,5.64,2.96,18.95,33.52,32.93,2.33,3.67
2020-01-29,5.83,2.91,19.0,34.03,32.2,2.35,3.68
2020-01-30,6.09,2.84,19.06,33.7,32.43,2.24,3.64
2020-01-31,6.08,2.79,18.92,33.96,32.35,2.23,3.67
2020-02-01,6.11,2.82,18.79,34.02,32.39,2.22,3.65
2020-02-02,6.08,2.83,18.7,34.03,32.49,2.21,3.66
2020-02-03,6.1,2.87,18.71,34.06,32.41,2.2,3.65
2020-02-04,6.09,2.86,18.93,33.95,32.31,2.19,3.67
2020-02-05,5.94,3.01,18.57,34.03,32.7,2.15,3.6
2020-02-06,5.91,3.09,18.28,33.54,32.8,2.67,3.71
2020-02-07,6.19,2.86,18.2,33.43,32.51,3.0,3.81
2020-02-08,6.12,2.86,18.22,33.51,32.46,3.0,3.83
2020-02-09,6.1,2.86,18.14,33.64,32.44,3.01,3.81
2020-02-10,6.14,3.23,17.91,33.85,31.98,2.97,3.92
2020-02-11,6.43,2.72,18.3,34.01,32.34,2.44,3.76
2020-02-12,6.17,2.89,17.94,33.2,33.49,2.63,3.68
2020-02-13,6.21,3.18,17.92,33.13,33.39,2.66,3.51
2020-02-14,6.28,3.31,18.53,32.83,32.82,2.65,3.58
2020-02-15,6.54,3.65,17.57,32.99,32.95,3.09,3.21
2020-02-16,6.48,3.7,17.57,32.91,32.99,3.09,3.26
2020-02-17,6.4,3.76,17.63,32.9,32.96,3.09,3.26
2020-02-18,6.21,3.51,18.33,32.84,32.68,3.14,3.29
2020-02-19,6.34,3.89,17.96,32.63,32.66,2.88,3.64
2020-02-20,6.21,3.84,18.25,32.58,32.47,2.83,3.82
2020-02-21,6.19,3.82,18.24,32.55,32.48,2.83,3.89
2020-02-22,6.19,3.87,17.7,32.64,32.6,2.77,4.23
2020-02-23,6.23,3.91,17.54,32.91,32.44,2.79,4.18
2020-02-24,6.15,3.84,17.68,32.71,32.7,2.75,4.17
2020-02-25,6.31,3.4,18.15,33.12,32.19,2.44,4.39
2020-02-26,6.4,3.24,18.06,33.33,32.32,2.12,4.53
2020-02-27,6.37,3.13,18.3,33.23,32.13,2.26,4.58
2020-02-28,6.57,3.11,18.41,32.87,32.87,2.09,4.08
2020-02-29,6.58,3.17,18.4,32.81,32.93,2.06,4.05
2020-03-01,6.55,3.18,18.49,32.76,32.87,2.08,4.07
2020-03-02,6.23,3.17,17.8,32.41,34.1,2.62,3.67
2020-03-03,6.31,3.38,18.06,32.18,33.86,2.71,3.5
2020-03-04,6.17,3.4,18.29,32.14,34.12,2.66,3.22
2020-03-05,6.19,3.38,18.24,31.95,34.36,2.71,3.17
2020-03-06,6.47,3.37,18.17,31.75,34.47,2.7,3.07
2020-03-07,6.4,3.54,18.25,31.79,34.33,2.67,3.02
2020-03-08,6.39,3.53,18.29,31.77,34.33,2.67,3.02
2020-03-09,6.45,3.57,18.44,31.66,34.23,2.64,3.01
2020-03-10,6.53,3.56,18.46,31.5,34.32,2.63,3.0
2020-03-11,6.46,3.55,18.39,31.63,34.33,2.64,3.0
2020-03-12,6.37,3.58,18.57,31.55,34.36,2.6,2.97
2020-03-13,6.51,3.55,18.63,31.69,34.0,2.66,2.96
2020-03-14,6.81,3.51,18.88,31.51,33.73,2.66,2.9
2020-03-15,6.73,3.49,18.84,31.62,33.77,2.64,2.91
2020-03-16,6.82,3.51,18.91,31.38,33.85,2.63,2.9
2020-03-17,6.75,3.56,18.94,31.52,33.66,2.66,2.91
2020-03-18,6.68,3.5,19.09,31.0,34.13,2.66,2.94
2020-03-19,6.75,3.47,19.16,31.31,33.6,2.68,3.03
2020-03-20,6.89,3.53,18.88,31.42,33.28,2.94,3.06
2020-03-21,6.69,3.61,19.04,32.12,32.37,3.16,3.01
2020-03-22,6.68,3.58,19.07,32.25,32.16,3.25,3.01
2020-03-23,6.81,3.81,19.06,32.23,31.94,3.05,3.1
2020-03-24,6.8,3.77,19.36,32.39,31.08,3.21,3.39
2020-03-25,6.81,3.78,19.3,32.25,31.35,3.14,3.37
2020-03-26,6.78,3.8,19.43,32.39,31.05,3.19,3.36
2020-03-27,6.8,3.66,19.75,33.23,30.47,2.77,3.32
2020-03-28,6.81,3.67,19.4,33.9,30.07,2.8,3.35
2020-03-29,6.68,3.67,19.42,33.95,30.17,2.77,3.34
2020-03-30,6.63,3.9,19.62,34.05,29.94,2.7,3.16
2020-03-31,6.75,4.17,19.01,34.34,29.82,2.67,3.24
2020-04-01,7.7,4.03,19.17,34.46,28.83,1.91,3.9
2020-04-02,7.53,3.91,19.09,33.69,29.78,2.11,3.89
2020-04-03,7.53,3.9,19.83,32.76,29.37,2.37,4.24
2020-04-04,7.55,3.88,19.82,32.84,29.33,2.36,4.22
2020-04-05,7.54,3.84,19.77,32.88,29.39,2.36,4.22
2020-04-06,7.54,3.85,19.73,32.95,29.36,2.36,4.21
2020-04-07,7.87,3.42,19.99,32.41,29.73,2.87,3.71
2020-04-08,7.68,3.74,19.63,32.09,29.83,3.68,3.35
2020-04-09,7.65,3.81,20.23,30.49,30.75,3.6,3.47
2020-04-10,8.24,4.06,20.2,29.76,30.55,3.25,3.94
2020-04-11,8.21,4.06,20.17,29.5,30.92,3.38,3.76
2020-04-12,8.23,4.04,20.28,29.39,30.93,3.38,3.75
2020-04-13,8.21,4.23,20.13,28.78,31.98,3.28,3.39
2020-04-14,7.88,4.2,19.65,29.78,32.08,3.17,3.24
2020-04-15,8.07,4.32,19.82,30.78,31.59,2.76,2.66
2020-04-16,8.32,3.73,19.07,31.1,32.03,2.79,2.96
2020-04-17,8.56,3.82,19.12,31.21,31.66,2.45,3.18
2020-04-18,8.42,3.86,18.99,31.02,32.08,2.64,2.99
2020-04-19,8.52,3.77,19.01,31.16,31.89,2.64,3.01
2020-04-20,8.64,3.73,18.65,31.55,31.68,2.79,2.96
2020-04-21,8.86,3.73,18.69,31.18,32.38,2.35,2.81
2020-04-22,8.93,3.9,18.2,31.69,32.12,2.4,2.76
2020-04-23,8.92,3.75,17.97,31.68,32.18,2.78,2.72
2020-04-24,9.37,3.91,18.82,31.37,31.01,2.87,2.65
2020-04-25,9.23,4.0,18.2,31.48,31.43,2.87,2.79
2020-04-26,8.83,3.96,18.22,31.06,31.55,2.97,3.41
2020-04-27,8.45,3.91,18.23,32.14,30.24,3.21,3.82
2020-04-28,8.53,4.32,17.68,31.85,30.35,3.12,4.15
2020-04-29,8.63,4.15,17.74,32.09,30.2,3.08,4.11
2020-04-30,8.62,3.87,18.11,31.03,31.01,3.09,4.27
2020-05-01,8.32,3.87,18.42,30.89,31.09,3.04,4.37
2020-05-02,8.23,4.0,19.24,30.39,30.4,2.89,4.85
2020-05-03,8.06,4.08,19.35,30.7,30.24,2.98,4.59
2020-05-04,8.5,4.23,19.42,31.12,29.51,2.97,4.25
2020-05-05,8.18,3.65,19.29,32.35,29.29,3.01,4.23
2020-05-06,8.53,3.63,18.25,31.91,30.19,3.14,4.35
2020-05-07,8.41,3.69,17.99,32.48,29.8,3.31,4.32
2020-05-08,8.62,3.66,17.24,31.87,30.83,3.46,4.32
2020-05-09,8.65,3.62,17.24,31.46,31.18,3.46,4.39
2020-05-10,8.81,3.57,17.21,30.75,31.6,3.62,4.44
2020-05-11,8.96,3.71,17.35,30.73,31.36,3.81,4.08
2020-05-12,9.0,3.76,17.59,30.45,31.36,3.79,4.05
2020-05-13,8.97,3.8,17.82,29.8,31.73,3.78,4.1
2020-05-14,8.84,3.85,17.53,29.72,32.17,3.8,4.09
2020-05-15,8.77,3.86,17.65,29.29,32.34,3.81,4.28
2020-05-16,8.99,3.57,17.37,28.85,33.01,3.91,4.3
2020-05-17,8.93,3.57,17.24,27.83,33.62,4.12,4.69
2020-05-18,8.35,3.44,16.86,28.14,33.99,4.5,4.72
2020-05-19,8.42,3.45,17.29,27.02,35.37,3.88,4.57
2020-05-20,8.03,3.51,17.19,27.91,33.53,4.66,5.17
2020-05-21,8.39,3.68,16.43,28.24,33.7,4.46,5.1
2020-05-22,8.37,3.87,16.45,27.9,33.63,4.63,5.15
2020-05-23,8.21,3.91,16.28,28.11,33.48,4.57,5.44
2020-05-24,8.56,4.05,16.35,28.67,32.5,4.53,5.34
2020-05-25,8.55,4.36,16.45,28.14,32.46,4.92,5.12
2020-05-26,8.41,4.38,16.49,27.85,32.33,5.31,5.23
2020-05-27,8.4,4.3,17.35,27.26,32.59,5.04,5.06
2020-05-28,8.3,4.27,17.19,27.39,32.67,5.2,4.98
2020-05-29,8.14,4.13,17.4,27.49,32.66,5.02,5.16
2020-05-30,8.25,4.04,17.56,27.32,32.48,5.18,5.17
2020-05-31,8.2,3.92,17.71,27.44,32.3,5.2,5.23
2020-06-01,8.21,3.94,17.57,27.06,32.72,5.23,5.27
2020-06-02,8.03,3.97,17.4,27.21,32.39,6.02,4.98
2020-06-03,7.64,3.88,17.52,26.85,32.82,6.35,4.94
2020-06-04,7.59,4.01,17.26,27.2,32.57,6.36,5.01
2020-06-05,7.73,4.53,16.83,27.76,32.31,5.98,4.86
2020-06-06,7.63,4.77,17.29,27.25,32.42,5.8,4.84
2020-06-07,7.71,4.8,17.21,26.75,32.65,5.89,4.99
2020-06-08,7.61,4.88,16.2,27.2,33.29,5.89,4.93
2020-06-09,7.82,4.83,16.3,26.89,33.47,5.9,4.79
2020-06-10,7.66,4.95,16.09,27.27,34.13,5.12,4.78
2020-06-11,7.68,5.06,16.05,26.63,35.31,4.64,4.63
2020-06-12,7.83,4.95,15.92,26.65,35.17,4.82,4.66
2020-06-13,8.09,4.88,16.02,26.41,35.55,4.55,4.5
2020-06-14,7.93,4.94,16.24,26.13,35.58,4.66,4.52
2020-06-15,8.01,4.57,16.12,26.13,36.03,4.66,4.48
2020-06-16,8.34,4.36,16.27,25.79,35.97,4.7,4.57
2020-06-17,8.29,3.61,16.25,25.99,36.85,4.72,4.29
2020-06-18,8.16,3.97,16.29,25.1,37.08,4.88,4.52
2020-06-19,8.1,4.23,15.58,24.88,37.6,4.8,4.81
2020-06-20,8.16,4.22,15.62,24.61,37.58,4.8,5.01
2020-06-21,7.94,4.18,15.96,24.3,37.79,4.81,5.02
2020-06-22,7.93,4.09,15.78,24.44,38.1,4.68,4.98
2020-06-23,7.89,3.8,15.75,24.81,37.66,5.13,4.96
2020-06-24,7.79,3.64,16.1,24.76,37.64,5.15,4.92
2020-06-25,8.07,3.67,16.24,24.27,37.61,5.18,4.96
2020-06-26,8.02,3.6,15.96,24.98,37.29,5.08,5.07
2020-06-27,7.84,3.17,16.43,25.41,37.32,5.05,4.78
2020-06-28,7.87,3.26,16.6,24.51,36.96,5.73,5.07
2020-06-29,7.83,3.29,16.52,24.57,37.1,5.67,5.02
2020-06-30,7.66,3.47,16.52,24.6,37.12,5.68,4.95
2020-07-01,7.55,3.52,16.29,24.69,37.24,5.75,4.96
2020-07-02,7.6,3.5,16.22,24.76,37.35,5.67,4.9
2020-07-03,7.64,3.5,16.32,24.66,37.38,5.61,4.89
2020-07-04,7.42,3.61,16.55,24.5,37.59,5.37,4.96
2020-07-05,7.27,3.71,17.09,24.15,37.55,5.35,4.88
2020-07-06,7.01,3.59,17.37,24.4,37.4,5.3,4.93
2020-07-07,7.03,3.58,17.13,23.57,38.65,5.35,4.69
2020-07-08,6.99,3.67,17.07,22.9,39.04,5.56,4.77
2020-07-09,6.87,3.67,16.91,22.88,39.29,5.72,4.66
2020-07-10,6.74,3.61,16.72,22.95,39.38,5.95,4.65
2020-07-11,6.76,3.53,16.99,22.98,39.2,6.05,4.49
2020-07-12,6.65,3.62,16.81,22.71,39.11,6.49,4.61
2020-07-13,6.67,3.62,16.6,22.33,39.63,6.53,4.62
2020-07-14,6.74,3.61,16.74,22.0,39.49,6.63,4.79
2020-07-15,6.76,3.55,16.77,21.77,39.64,6.61,4.9
2020-07-16,6.64,3.49,16.55,21.91,39.71,6.63,5.07
2020-07-17,6.71,3.35,15.97,21.46,42.44,5.96,4.11
2020-07-18,6.74,3.37,14.82,20.84,43.82,6.37,4.04
2020-07-19,6.7,3.47,15.26,21.33,42.26,6.2,4.78
2020-07-20,6.61,3.42,15.49,21.81,41.87,6.15,4.65
2020-07-21,6.49,3.46,15.63,21.18,42.14,6.43,4.67
2020-07-22,6.46,3.39,15.49,20.84,42.52,6.54,4.76
2020-07-23,6.41,3.19,15.86,20.94,42.17,6.57,4.86
2020-07-24,6.42,3.13,15.73,21.26,42.08,6.71,4.67
2020-07-25,6.49,3.13,15.61,20.92,42.64,6.94,4.27
2020-07-26,6.52,3.11,15.64,20.84,42.69,6.95,4.25
2020-07-27,6.44,3.12,15.25,20.69,42.68,7.62,4.2
2020-07-28,6.24,3.05,15.1,21.15,42.03,8.42,4.01
2020-07-29,6.28,2.84,14.75,21.62,41.68,8.86,3.97
2020-07-30,6.25,2.87,14.58,21.77,41.74,8.86,3.93
2020-07-31,6.33,2.91,14.79,21.5,41.11,9.14,4.22
2020-08-01,6.47,2.82,14.56,21.94,41.9,8.05,4.26
2020-08-02,6.43,2.69,14.62,21.97,41.83,8.22,4.24
2020-08-03,6.46,2.71,14.58,22.0,41.84,8.14,4.27
2020-08-04,6.57,2.68,14.52,21.73,42.22,8.13,4.15
2020-08-05,6.64,2.67,14.19,21.69,42.75,7.91,4.15
2020-08-06,6.68,2.66,14.36,21.59,42.78,7.82,4.11
2020-08-07,6.68,2.75,14.55,21.43,42.6,7.76,4.23
2020-08-08,6.77,2.82,14.33,21.54,42.46,7.86,4.22
2020-08-09,6.81,2.81,14.44,21.32,42.56,7.81,4.25
2020-08-10,6.78,2.82,14.42,21.15,42.54,7.98,4.31
2020-08-11,6.84,2.81,14.49,20.92,42.62,8.16,4.16
2020-08-12,6.81,2.78,14.39,21.01,42.68,8.13,4.2
2020-08-13,6.8,2.68,14.32,20.84,42.28,8.59,4.49
2020-08-14,6.97,2.54,13.87,22.17,40.95,8.86,4.64
2020-08-15,6.93,2.62,13.8,21.93,41.21,8.81,4.7
2020-08-16,6.96,2.63,13.8,22.05,41.1,8.79,4.67
2020-08-17,6.97,2.73,13.22,21.53,42.37,8.57,4.61
2020-08-18,7.11,2.77,13.04,21.82,42.16,8.4,4.7
2020-08-19,6.95,2.74,12.93,22.07,42.02,8.42,4.87
2020-08-20,7.28,2.92,12.18,22.06,41.98,8.62,4.96
2020-08-21,7.6,2.92,12.42,22.54,41.01,8.77,4.74
2020-08-22,7.7,2.93,12.36,22.88,40.48,8.84,4.81
2020-08-23,7.66,2.95,12.38,22.79,40.52,8.86,4.84
2020-08-24,7.85,2.83,12.3,23.15,40.68,8.59,4.6
2020-08-25,7.79,2.86,12.06,23.05,40.77,8.82,4.65
2020-08-26,8.07,2.72,12.13,22.49,41.37,8.48,4.74
2020-08-27,7.79,2.75,12.06,23.07,41.28,8.26,4.79
2020-08-28,7.64,2.75,11.74,23.45,41.72,7.95,4.75
2020-08-29,7.62,2.82,11.88,23.36,41.67,8.0,4.65
2020-08-30,7.74,2.83,11.85,23.4,41.51,8.02,4.65
2020-08-31,7.78,2.81,11.55,22.03,41.95,8.35,5.53
2020-09-01,7.37,2.52,11.59,21.2,42.93,8.56,5.83
2020-09-02,7.35,2.58,11.78,20.8,42.87,8.75,5.87
2020-09-03,7.21,2.34,12.58,21.84,41.89,8.44,5.7
2020-09-04,6.71,2.16,12.12,20.96,43.51,9.27,5.27
2020-09-05,6.69,2.11,12.48,20.47,43.75,9.1,5.4
2020-09-06,6.72,2.1,12.49,20.59,43.74,9.07,5.29
2020-09-07,6.69,2.2,12.16,20.39,43.95,9.18,5.43
2020-09-08,6.56,2.2,11.87,20.32,44.52,9.16,5.37
2020-09-09,6.56,2.14,12.03,19.94,44.7,9.29,5.34
2020-09-10,6.47,2.0,12.04,19.95,45.0,9.19,5.35
2020-09-11,6.39,1.97,12.09,19.85,45.11,9.45,5.14
2020-09-12,6.39,1.97,12.01,19.52,45.05,9.52,5.54
2020-09-13,6.4,1.97,11.98,19.5,45.0,9.6,5.55
2020-09-14,6.48,2.0,12.08,19.42,45.01,9.55,5.46
2020-09-15,6.42,2.05,12.0,19.46,45.13,9.45,5.49
2020-09-16,6.36,2.06,11.79,19.68,45.18,9.54,5.39
2020-09-17,6.31,2.09,11.86,19.64,45.32,9.28,5.5
2020-09-18,6.24,2.06,11.79,19.8,45.32,9.37,5.42
2020-09-19,6.26,2.08,12.09,19.82,44.91,9.46,5.38
2020-09-20,6.27,2.11,12.08,19.81,44.96,9.41,5.36
2020-09-21,6.09,2.12,12.28,19.73,45.07,9.47,5.24
2020-09-22,6.14,2.13,12.27,19.6,45.2,9.34,5.32
2020-09-23,6.11,2.13,12.28,19.48,45.4,9.36,5.24
2020-09-24,6.1,2.09,12.26,19.5,45.33,9.43,5.29
2020-09-25,6.14,2.11,12.24,19.52,45.45,9.27,5.27
2020-09-26,6.02,1.95,12.28,19.99,45.7,8.81,5.25
2020-09-27,6.07,1.95,12.28,20.0,45.59,8.83,5.28
2020-09-28,5.86,1.87,12.33,20.17,45.54,8.87,5.36
2020-09-29,5.9,1.85,12.07,19.89,46.2,8.95,5.14
2020-09-30,5.82,1.84,12.08,19.82,46.8,8.63,5.01
2020-10-01,5.57,1.76,11.76,20.04,47.29,8.64,4.94
2020-10-02,5.58,1.78,11.71,20.06,47.28,8.68,4.91
2020-10-03,5.6,1.7,11.56,20.05,47.4,8.8,4.89
2020-10-04,5.6,1.69,11.64,19.93,47.47,8.78,4.89
2020-10-05,5.68,1.76,11.53,20.06,47.25,8.83,4.89
2020-10-06,5.67,1.76,11.43,20.09,47.9,8.35,4.8
2020-10-07,5.5,1.88,11.76,20.15,48.52,7.55,4.64
2020-10-08,5.17,1.96,11.89,20.14,49.21,7.53,4.1
2020-10-09,5.15,1.89,11.96,20.62,48.51,7.7,4.17
2020-10-10,5.32,1.85,10.59,18.66,50.9,8.52,4.16
2020-10-11,5.26,1.83,10.6,18.67,50.84,8.59,4.21
2020-10-12,5.17,1.9,10.52,18.51,51.16,8.37,4.37
2020-10-13,5.02,1.87,10.18,18.24,51.89,8.48,4.32
2020-10-14,5.1,1.87,9.88,18.34,51.84,8.39,4.58
2020-10-15,5.12,1.88,10.07,18.34,51.64,8.37,4.58
2020-10-16,5.29,1.87,9.96,18.49,51.39,8.38,4.62
2020-10-17,5.47,1.82,9.99,18.79,51.12,8.31,4.5
2020-10-18,5.49,1.82,9.93,18.77,51.21,8.31,4.47
2020-10-19,5.58,2.08,9.8,18.3,51.89,7.93,4.42
2020-10-20,5.6,2.04,9.72,18.04,52.2,7.71,4.69
2020-10-21,5.75,2.07,9.65,18.0,52.08,7.61,4.84
2020-10-22,5.82,2.16,9.77,17.58,51.75,7.64,5.28
2020-10-23,5.86,2.24,10.01,17.78,51.5,7.09,5.52
2020-10-24,5.9,2.23,9.95,17.86,51.37,7.1,5.59
2020-10-25,5.9,2.24,9.98,17.88,51.42,7.03,5.55
2020-10-26,5.88,2.39,9.73,18.04,51.02,7.42,5.52
2020-10-27,5.85,2.46,9.67,17.9,51.1,7.51,5.51
2020-10-28,5.9,2.46,9.5,17.9,51.27,7.49,5.48
2020-10-29,6.05,2.43,9.59,17.8,51.13,7.54,5.46
2020-10-30,6.08,2.43,9.6,17.86,51.05,7.55,5.43
2020-10-31,5.7,2.53,9.88,17.52,51.09,7.73,5.55
2020-11-01,5.55,2.51,9.85,17.68,51.42,7.67,5.32
2020-11-02,5.78,2.59,10.03,18.21,49.79,8.15,5.45
2020-11-03,5.76,2.76,10.2,18.26,49.3,8.06,5.66
2020-11-04,5.92,2.86,10.13,19.04,49.01,7.71,5.33
2020-11-05,5.61,2.49,10.95,19.4,48.49,7.34,5.72
2020-11-06,5.55,2.46,11.08,19.38,48.85,7.15,5.53
2020-11-07,5.61,2.5,11.23,19.25,48.73,7.19,5.49
2020-11-08,5.63,2.48,10.97,19.18,49.06,7.2,5.48
2020-11-09,5.43,2.62,10.78,18.61,49.58,7.03,5.95
2020-11-10,5.47,2.76,10.93,18.18,49.28,7.13,6.25
2020-11-11,5.66,2.69,10.82,18.03,49.54,6.9,6.36
2020-11-12,5.42,2.8,10.84,18.34,49.35,6.67,6.58
2020-11-13,5.45,2.8,10.8,18.34,49.52,6.59,6.5
2020-11-14,5.4,2.77,10.78,18.37,49.5,6.64,6.54
2020-11-15,5.43,2.8,10.81,18.34,49.41,6.62,6.59
2020-11-16,5.44,2.79,10.83,18.38,49.4,6.61,6.55
2020-11-17,5.25,2.65,10.94,18.79,49.08,7.13,6.16
2020-11-18,5.26,2.58,10.82,17.45,50.19,7.28,6.42
2020-11-19,5.04,2.66,10.99,17.08,50.26,7.84,6.13
2020-11-20,5.09,2.67,10.97,17.06,50.2,7.91,6.1
2020-11-21,5.25,2.82,10.85,17.67,49.63,7.78,6.0
2020-11-22,5.25,2.8,10.94,17.53,49.63,7.79,6.06
2020-11-23,5.0,2.73,11.14,17.97,49.17,8.07,5.92
2020-11-24,5.26,2.59,10.65,17.98,49.01,8.75,5.76
2020-11-25,5.07,2.52,10.51,18.13,49.04,9.33,5.4
2020-11-26,5.1,2.68,9.91,17.93,49.93,9.13,5.32
2020-11-27,5.15,2.64,9.43,18.41,50.2,8.98,5.19
2020-11-28,5.16,2.62,9.41,18.46,50.15,8.99,5.21
2020-11-29,5.13,2.6,9.52,18.3,50.25,9.0,5.2
2020-11-30,5.14,2.63,9.51,18.26,50.27,8.97,5.22
2020-12-01,5.23,2.72,9.32,18.47,49.89,9.01,5.36
2020-12-02,4.71,2.55,9.75,19.17,49.59,8.31,5.92
2020-12-03,4.9,2.39,9.94,18.88,49.87,8.04,5.98
2020-12-04,4.79,2.44,9.59,18.71,50.75,7.5,6.22
2020-12-05,4.78,2.24,9.87,18.79,50.48,7.64,6.2
2020-12-06,4.76,2.26,9.91,18.58,50.59,7.7,6.2
2020-12-07,5.17,2.41,10.35,18.49,49.79,7.77,6.02
2020-12-08,4.93,2.19,10.34,18.48,50.25,7.67,6.14
2020-12-09,5.23,2.01,9.9,18.27,50.07,7.9,6.62
2020-12-10,5.69,1.91,10.11,17.65,49.55,8.46,6.63
2020-12-11,5.55,2.37,9.78,17.72,49.89,8.31,6.38
2020-12-12,5.82,2.44,9.81,17.36,49.96,8.25,6.36
2020-12-13,5.82,2.47,9.79,17.27,49.99,8.28,6.38
2020-12-14,5.94,2.57,9.92,16.79,49.71,8.23,6.84
2020-12-15,5.88,2.61,9.71,16.7,50.38,8.65,6.07
2020-12-16,5.7,2.84,9.4,17.13,49.69,8.87,6.37
2020-12-17,5.93,2.84,9.26,16.83,49.76,8.58,6.8
2020-12-18,5.95,2.47,9.26,17.17,50.12,8.06,6.97
2020-12-19,5.86,2.33,9.21,17.05,50.33,8.13,7.09
2020-12-20,5.86,2.32,9.19,17.05,50.42,8.02,7.14
2020-12-21,6.19,2.29,9.75,17.11,49.32,8.38,6.96
2020-12-22,6.28,2.14,9.23,17.41,49.58,8.19,7.17
2020-12-23,5.97,2.04,9.11,18.28,49.83,8.4,6.37
2020-12-24,5.79,2.0,9.45,17.55,50.13,8.54,6.54
2020-12-25,5.83,2.0,9.44,17.5,50.19,8.47,6.57
2020-12-26,5.82,1.98,9.42,17.52,50.15,8.51,6.6
2020-12-27,5.77,1.96,9.44,17.52,50.23,8.5,6.58
2020-12-28,5.82,1.98,9.43,17.44,50.28,8.5,6.55
2020-12-29,5.83,1.99,9.43,17.57,50.12,8.51,6.55
2020-12-30,6.09,2.04,9.2,17.37,50.02,8.94,6.34
2020-12-31,6.09,2.02,9.1,17.32,50.28,8.85,6.34
2021-01-01,6.38,2.04,9.31,17.48,49.66,8.58,6.55
2021-01-02,6.21,2.0,9.4,17.89,49.87,8.13,6.5
2021-01-03,6.21,2.03,9.44,17.92,49.82,8.11,6.47
2021-01-04,6.19,2.08,9.55,17.88,49.89,7.95,6.46
2021-01-05,6.06,2.1,9.66,18.49,49.42,7.72,6.55
2021-01-06,6.38,2.47,9.59,17.73,49.75,7.83,6.25
2021-01-07,6.47,2.36,9.42,18.27,49.43,7.67,6.38
2021-01-08,6.51,2.21,9.42,18.61,50.27,7.96,5.02
2021-01-09,7.12,2.29,8.85,18.68,50.16,7.93,4.97
2021-01-10,7.13,2.26,8.83,18.63,50.11,8.07,4.97
2021-01-11,7.01,2.32,8.75,18.72,50.01,8.1,5.09
2021-01-12,7.21,2.31,8.46,18.88,49.67,8.51,4.96
2021-01-13,7.54,2.55,8.31,18.64,49.95,8.09,4.92
2021-01-14,7.3,2.47,8.0,17.49,52.04,7.83,4.87
2021-01-15,7.29,2.59,8.01,17.01,52.08,7.8,5.22
2021-01-16,7.25,2.36,8.44,16.12,53.15,7.28,5.4
2021-01-17,7.33,2.36,8.43,16.16,53.15,7.26,5.31
2021-01-18,7.03,2.32,8.83,16.17,51.9,8.03,5.72
2021-01-19,6.75,2.31,9.17,16.49,51.62,8.11,5.55
2021-01-20,6.73,2.37,9.21,17.29,50.68,8.11,5.61
2021-01-21,6.57,2.21,9.39,18.27,50.1,7.96,5.5
2021-01-22,6.46,2.08,9.14,18.74,50.68,7.59,5.31
2021-01-23,6.62,2.12,8.91,19.28,49.95,8.02,5.1
2021-01-24,6.67,2.11,8.81,19.53,49.84,7.94,5.1
2021-01-25,6.62,2.08,8.75,19.22,50.65,7.51,5.17
2021-01-26,6.61,2.09,8.79,19.17,50.72,7.45,5.17
2021-01-27,6.86,1.96,8.99,18.69,50.9,7.51,5.09
2021-01-28,6.81,1.9,9.12,18.72,50.96,7.69,4.8
2021-01-29,6.93,1.99,9.0,18.67,51.24,7.37,4.8
2021-01-30,6.86,1.97,8.99,18.8,51.15,7.35,4.88
2021-01-31,6.83,1.98,9.06,18.74,51.14,7.4,4.85
2021-02-01,6.84,1.95,9.1,18.69,51.04,7.51,4.87
2021-02-02,6.72,1.95,8.97,18.66,51.58,7.41,4.71
2021-02-03,6.37,1.92,9.24,18.87,51.23,7.85,4.52
2021-02-04,6.43,1.82,9.42,18.7,51.32,7.81,4.5
2021-02-05,6.43,1.95,9.19,18.44,51.39,7.78,4.82
2021-02-06,6.48,1.91,9.2,18.47,51.39,7.74,4.81
2021-02-07,6.49,1.93,9.15,18.51,51.46,7.67,4.79
2021-02-08,6.38,2.0,9.38,18.13,52.14,7.05,4.92
2021-02-09,6.29,2.05,9.4,18.09,52.45,6.91,4.81
2021-02-10,6.13,2.07,9.57,17.84,52.49,7.13,4.77
2021-02-11,6.35,2.02,9.48,18.11,52.64,6.99,4.41
2021-02-12,6.29,2.01,9.75,18.27,51.88,7.49,4.31
2021-02-13,5.92,1.9,10.19,19.08,51.42,7.14,4.35
2021-02-14,5.87,1.9,10.18,19.07,51.33,7.19,4.46
2021-02-15,6.04,1.62,10.27,19.43,51.11,6.94,4.59
2021-02-16,5.83,1.65,10.05,19.53,51.51,6.71,4.72
2021-02-17,5.64,1.56,9.26,19.51,52.09,7.1,4.84
2021-02-18,5.63,1.61,8.78,19.34,52.51,7.16,4.97
2021-02-19,4.89,1.6,9.15,19.44,53.02,7.3,4.6
2021-02-20,4.82,1.71,9.21,19.47,53.47,6.84,4.48
2021-02-21,4.79,1.7,9.24,19.48,53.32,6.95,4.52
2021-02-22,4.94,1.61,9.27,18.75,54.06,6.91,4.46
2021-02-23,5.28,1.63,9.12,19.72,53.11,6.84,4.3
2021-02-24,4.95,1.72,9.12,19.85,52.86,7.17,4.33
2021-02-25,5.02,1.67,9.4,19.63,52.9,7.12,4.26
2021-02-26,5.05,1.78,9.31,19.83,52.67,7.1,4.26
2021-02-27,4.97,1.87,9.44,19.98,52.21,6.94,4.59
2021-02-28,5.0,1.87,9.42,20.01,52.05,6.95,4.7
2021-03-01,5.16,1.97,9.84,19.44,52.17,6.72,4.7
2021-03-02,5.02,2.04,9.59,19.39,52.77,6.61,4.58
2021-03-03,4.77,2.09,9.27,19.54,53.66,6.17,4.5
2021-03-04,4.67,2.12,8.93,20.22,53.39,6.46,4.21
2021-03-05,4.72,2.15,8.62,20.2,53.46,6.71,4.14
2021-03-06,4.83,2.11,7.88,20.07,53.36,7.78,3.97
2021-03-07,4.84,2.07,7.91,20.11,53.28,7.7,4.09
2021-03-08,5.28,2.04,7.74,19.93,52.89,7.88,4.24
2021-03-09,5.05,2.14,7.95,19.79,53.36,7.31,4.4
2021-03-10,4.92,2.23,7.88,20.44,53.07,6.89,4.57
2021-03-11,4.95,2.28,8.21,20.87,52.59,6.45,4.65
2021-03-12,4.87,2.32,8.31,20.92,51.99,6.68,4.91
2021-03-13,5.07,2.16,8.47,21.13,52.34,6.18,4.65
2021-03-14,5.08,2.15,8.5,21.18,52.29,6.14,4.66
2021-03-15,5.04,2.18,8.67,20.73,52.85,5.87,4.66
2021-03-16,5.25,1.95,8.89,21.28,52.24,5.96,4.43
2021-03-17,5.14,2.26,8.92,20.82,52.53,5.69,4.64
2021-03-18,4.98,2.23,9.29,20.44,52.62,5.91,4.53
2021-03-19,4.97,2.28,9.44,20.77,52.72,5.54,4.28
2021-03-20,4.5,2.28,9.59,20.48,52.14,6.25,4.76
2021-03-21,4.51,2.32,9.64,20.43,52.13,6.22,4.75
2021-03-22,4.69,2.27,9.4,20.91,52.04,6.12,4.57
2021-03-23,4.25,2.15,8.95,21.24,52.67,6.4,4.34
2021-03-24,4.48,1.88,8.67,20.56,53.52,6.68,4.21
2021-03-25,4.54,1.88,8.44,20.11,53.72,7.09,4.22
2021-03-26,4.47,1.8,8.56,19.26,54.25,6.83,4.83
2021-03-27,4.35,1.77,8.46,19.1,54.37,7.1,4.85
2021-03-28,4.36,1.8,8.49,19.17,54.37,6.95,4.86
2021-03-29,4.32,1.77,8.46,19.15,54.34,7.07,4.89
2021-03-30,4.65,1.99,8.9,19.34,53.51,6.77,4.84
2021-03-31,4.79,2.0,8.85,19.0,53.87,6.54,4.95
2021-04-01,4.9,2.02,8.87,18.66,53.83,6.59,5.13
2021-04-02,5.05,2.03,9.28,17.54,54.64,6.46,5.0
2021-04-03,5.02,2.1,9.14,17.77,54.11,6.83,5.03
2021-04-04,4.9,2.06,9.17,17.88,54.15,6.83,5.01
2021-04-05,4.73,2.04,9.36,18.14,53.94,6.72,5.07
2021-04-06,4.78,1.93,9.51,18.11,53.24,7.49,4.94
2021-04-07,4.74,2.05,9.29,18.62,52.96,7.51,4.83
2021-04-08,4.67,1.95,9.74,18.24,52.97,7.11,5.32
2021-04-09,4.28,1.89,9.29,18.37,51.34,8.3,6.53
2021-04-10,4.56,1.79,9.56,17.84,51.55,8.16,6.54
2021-04-11,4.53,1.75,9.46,17.9,51.41,8.33,6.62
2021-04-12,4.6,1.68,9.23,18.05,51.73,8.09,6.62
2021-04-13,4.57,1.63,8.94,18.36,51.99,7.82,6.69
2021-04-14,4.54,1.76,9.06,18.74,51.32,8.03,6.55
2021-04-15,4.7,1.86,9.28,18.6,51.37,7.89,6.3
2021-04-16,4.85,1.92,9.69,17.86,51.47,7.98,6.23
2021-04-17,4.74,2.0,9.06,18.48,52.39,7.74,5.59
2021-04-18,4.69,1.95,9.08,18.5,52.44,7.76,5.58
2021-04-19,4.98,1.96,9.02,18.6,52.44,7.42,5.58
2021-04-20,5.07,1.84,9.34,18.3,53.16,6.87,5.42
2021-04-21,4.91,1.84,8.93,18.6,53.62,6.7,5.4
2021-04-22,4.69,1.82,8.68,17.93,54.47,6.71,5.7
2021-04-23,4.7,1.59,9.08,18.01,53.9,7.31,5.41
2021-04-24,4.36,1.37,9.01,17.44,54.48,7.55,5.79
2021-04-25,4.67,1.36,8.98,17.5,54.16,7.53,5.8
2021-04-26,4.27,1.33,8.23,17.22,55.2,7.92,5.83
2021-04-27,4.18,1.25,8.02,17.54,55.09,8.31,5.61
2021-04-28,4.26,1.15,7.94,17.66,55.19,7.96,5.84
2021-04-29,4.35,1.24,7.9,17.78,54.92,7.26,6.55
2021-04-30,4.83,1.3,7.84,18.26,54.26,6.89,6.62
2021-05-01,4.9,1.3,7.08,17.96,55.04,6.86,6.86
2021-05-02,4.91,1.27,7.11,17.99,55.07,6.88,6.77
2021-05-03,4.93,1.24,7.11,18.62,55.04,6.58,6.48
2021-05-04,5.48,1.45,6.99,18.7,53.63,7.36,6.39
2021-05-05,5.54,1.57,7.13,18.14,53.8,7.57,6.25
2021-05-06,5.42,1.48,7.26,17.96,53.64,7.81,6.43
2021-05-07,5.32,1.26,7.26,18.16,53.81,7.55,6.64
2021-05-08,4.92,1.26,7.18,18.01,54.2,7.66,6.77
2021-05-09,4.95,1.27,7.13,17.98,54.33,7.76,6.58
2021-05-10,4.97,1.33,6.65,18.08,54.21,8.01,6.75
2021-05-11,5.32,1.28,6.49,17.79,53.91,8.5,6.71
2021-05-12,5.11,1.18,6.66,17.13,54.93,8.69,6.3
2021-05-13,5.1,1.13,6.7,17.48,55.31,8.28,6.0
2021-05-14,5.07,1.14,6.72,17.32,55.45,8.27,6.03
2021-05-15,4.79,1.02,6.56,17.8,55.21,8.57,6.05
2021-05-16,4.81,1.01,6.56,17.71,55.27,8.57,6.07
2021-05-17,4.78,1.02,6.55,17.63,55.05,8.7,6.27
2021-05-18,4.81,1.05,6.76,17.64,55.58,8.05,6.11
2021-05-19,5.08,1.06,6.26,17.8,55.8,8.1,5.9
2021-05-20,5.84,1.18,6.15,16.7,55.24,8.8,6.09
2021-05-21,5.9,1.27,6.03,16.65,54.85,9.1,6.2
2021-05-22,5.75,1.42,5.92,15.81,55.03,10.01,6.06
2021-05-23,5.71,1.42,5.97,15.67,55.23,9.97,6.03
2021-05-24,5.23,1.52,5.92,14.69,55.01,10.64,6.99
2021-05-25,4.85,1.43,5.84,14.9,56.38,9.5,7.1
2021-05-26,5.02,1.45,5.75,15.76,55.5,9.46,7.06
2021-05-27,5.26,1.28,5.99,16.05,54.96,9.19,7.27
2021-05-28,5.44,1.35,5.77,15.67,54.56,9.51,7.7
2021-05-29,5.57,1.4,5.9,15.62,54.23,9.56,7.72
2021-05-30,5.55,1.43,5.92,15.6,54.21,9.57,7.72
2021-05-31,5.43,1.43,5.98,15.65,54.19,9.58,7.74
2021-06-01,5.23,1.44,5.91,16.28,54.06,9.43,7.65
2021-06-02,5.32,1.52,6.29,16.42,53.06,9.42,7.97
2021-06-03,5.17,1.53,5.97,16.98,52.66,9.2,8.49
2021-06-04,5.23,1.48,5.83,18.23,52.15,8.9,8.18
2021-06-05,5.6,1.44,5.96,18.59,51.73,8.42,8.26
2021-06-06,5.66,1.44,6.33,18.4,52.14,8.17,7.86
2021-06-07,5.41,1.21,6.45,18.15,52.3,8.73,7.75
2021-06-08,5.4,1.15,6.17,17.98,52.84,9.05,7.41
2021-06-09,5.23,1.35,6.05,17.99,53.4,8.98,7.0
2021-06-10,4.95,1.37,6.37,17.6,53.32,9.04,7.35
2021-06-11,4.83,1.45,6.38,17.25,53.97,8.87,7.25
2021-06-12,4.56,1.57,5.99,17.66,54.11,8.73,7.38
2021-06-13,4.54,1.55,6.33,17.57,53.98,8.67,7.36
2021-06-14,4.75,1.7,6.25,17.85,53.19,9.1,7.16
2021-06-15,4.64,1.7,6.55,18.39,53.03,8.36,7.33
2021-06-16,4.39,1.94,6.84,18.25,53.54,8.01,7.03
2021-06-17,4.22,1.92,6.32,18.1,54.35,8.43,6.66
2021-06-18,4.15,1.83,6.29,18.06,54.35,8.81,6.51
2021-06-19,4.43,1.69,5.91,17.21,55.1,9.37,6.29
2021-06-20,4.45,1.74,5.92,17.24,55.1,9.36,6.19
2021-06-21,4.41,1.7,5.93,17.26,55.17,9.37,6.16
2021-06-22,4.62,1.65,5.73,17.23,55.17,9.6,6.0
2021-06-23,4.57,1.55,5.72,17.45,55.51,9.41,5.79
2021-06-24,4.73,1.26,5.68,16.89,55.71,9.55,6.18
2021-06-25,4.8,1.16,5.32,16.56,56.68,9.19,6.29
2021-06-26,4.8,1.04,5.39,17.1,56.48,9.2,5.99
2021-06-27,4.81,1.02,5.35,17.2,56.31,9.14,6.17
2021-06-28,4.82,0.93,5.51,17.23,56.67,8.69,6.15
2021-06-29,5.06,0.87,5.58,17.54,56.42,8.67,5.86
2021-06-30,5.19,0.91,5.7,18.0,55.55,8.84,5.81
2021-07-01,5.2,0.96,5.74,18.08,55.34,8.55,6.13
2021-07-02,5.1,0.97,6.08,18.22,54.91,8.64,6.08
2021-07-03,4.91,1.14,6.33,17.88,54.44,9.24,6.06
2021-07-04,4.95,1.14,6.32,17.86,54.39,9.22,6.12
2021-07-05,4.76,1.15,6.62,17.84,54.64,8.86,6.13
2021-07-06,4.75,1.16,6.58,17.94,54.54,8.87,6.16
2021-07-07,4.42,1.13,6.07,17.35,55.5,9.29,6.24
2021-07-08,4.38,1.27,5.94,17.28,55.82,8.99,6.32
2021-07-09,4.38,1.24,5.91,17.37,56.09,8.63,6.38
2021-07-10,4.44,1.24,5.72,17.38,56.38,8.57,6.27
2021-07-11,4.48,1.23,5.68,17.33,56.33,8.65,6.3
2021-07-12,4.43,1.03,6.06,17.81,57.0,7.35,6.32
2021-07-13,4.17,1.13,6.36,17.41,56.79,7.68,6.46
2021-07-14,4.01,1.11,6.29,17.4,57.03,7.62,6.54
2021-07-15,4.37,1.09,6.1,17.64,56.73,7.86,6.21
2021-07-16,4.45,1.05,6.36,17.6,56.66,7.74,6.14
2021-07-17,4.45,1.11,6.28,18.1,56.19,7.93,5.94
2021-07-18,4.47,1.13,6.27,18.05,56.21,7.96,5.91
2021-07-19,4.65,1.17,6.26,17.84,56.2,7.93,5.95
2021-07-20,4.49,1.0,6.44,17.81,56.19,8.15,5.92
2021-07-21,4.54,1.0,6.46,17.96,56.11,8.16,5.77
2021-07-22,4.6,1.41,7.06,17.83,54.97,8.17,5.96
2021-07-23,4.47,1.47,7.13,17.5,54.89,8.65,5.89
2021-07-24,4.65,1.51,7.14,17.37,54.6,8.78,5.95
2021-07-25,4.66,1.52,7.14,17.34,54.58,8.82,5.94
2021-07-26,4.71,1.42,7.25,17.5,54.45,8.85,5.82
2021-07-27,4.87,1.41,7.23,17.75,54.03,9.06,5.65
2021-07-28,4.53,1.61,7.63,17.44,53.73,9.31,5.75
2021-07-29,4.47,1.85,7.68,16.89,54.25,9.12,5.74
2021-07-30,4.6,1.89,7.66,17.02,54.36,9.0,5.47
2021-07-31,4.54,1.92,7.63,17.24,54.21,8.98,5.48
2021-08-01,4.6,1.92,7.73,16.93,54.22,9.13,5.47
2021-08-02,4.43,1.67,7.23,17.07,54.63,9.58,5.39
2021-08-03,4.21,1.5,7.78,17.13,54.09,9.2,6.09
2021-08-04,4.22,1.38,7.8,16.85,54.15,9.65,5.95
2021-08-05,4.18,1.39,7.54,17.4,53.92,9.85,5.72
2021-08-06,4.09,1.21,7.55,17.6,53.47,9.93,6.15
2021-08-07,3.95,1.26,7.51,17.94,53.63,9.52,6.19
2021-08-08,3.95,1.27,7.42,17.9,53.56,9.61,6.29
2021-08-09,3.94,1.27,7.49,17.7,53.58,9.71,6.31
2021-08-10,3.85,1.3,7.72,17.9,53.06,9.91,6.26
2021-08-11,4.07,1.3,7.5,18.19,52.73,9.97,6.24
2021-08-12,3.96,1.2,7.66,17.89,52.7,10.22,6.37
2021-08-13,3.94,1.2,7.57,18.13,52.56,10.08,6.52
2021-08-14,4.12,1.22,7.51,17.96,52.56,10.11,6.52
2021-08-15,4.1,1.23,7.44,17.93,52.68,10.15,6.47
2021-08-16,4.14,1.21,7.32,18.07,53.06,9.87,6.33
2021-08-17,4.12,1.21,7.32,18.34,52.94,10.0,6.07
2021-08-18,4.29,1.32,6.42,18.37,54.13,10.31,5.16
2021-08-19,4.36,1.28,6.08,18.35,54.43,10.56,4.94
2021-08-20,4.5,1.25,6.25,18.2,54.23,10.71,4.86
2021-08-21,4.56,1.18,6.55,17.99,54.58,10.19,4.95
2021-08-22,4.58,1.18,6.54,18.05,54.45,10.23,4.97
2021-08-23,4.6,1.18,6.72,18.27,53.59,10.67,4.97
2021-08-24,4.61,1.1,6.82,18.09,53.89,10.77,4.72
2021-08-25,4.68,1.07,6.96,18.27,53.61,10.8,4.61
2021-08-26,4.61,1.1,6.98,18.45,53.51,10.9,4.45
2021-08-27,4.51,1.29,6.83,18.45,53.43,10.99,4.5
2021-08-28,4.37,1.07,6.87,18.87,53.11,11.21,4.5
2021-08-29,4.4,1.12,6.84,18.85,53.09,11.18,4.52
2021-08-30,4.39,1.1,6.88,18.96,53.05,11.11,4.51
2021-08-31,4.51,1.11,6.69,19.05,52.96,11.2,4.48
2021-09-01,4.43,1.26,7.37,20.15,51.45,10.77,4.57
2021-09-02,4.56,1.15,8.07,20.49,50.85,10.6,4.28
2021-09-03,4.46,1.09,8.61,20.82,50.4,10.43,4.19
2021-09-04,4.26,1.16,9.28,22.1,49.44,9.35,4.41
2021-09-05,4.32,1.17,9.29,22.1,49.35,9.37,4.4
2021-09-06,4.41,1.24,9.82,21.91,49.86,8.71,4.05
2021-09-07,4.36,1.19,10.08,21.94,49.95,8.4,4.08
2021-09-08,4.95,1.31,10.26,21.5,50.29,7.68,4.01
2021-09-09,4.87,1.33,9.84,21.82,50.79,7.55,3.8
2021-09-10,4.71,1.33,9.68,22.42,50.29,7.73,3.84
2021-09-11,4.49,1.45,9.23,22.04,51.42,7.36,4.01
2021-09-12,4.48,1.45,9.22,22.08,51.41,7.38,3.98
2021-09-13,4.39,1.27,9.36,21.84,52.0,7.32,3.82
2021-09-14,4.34,1.35,9.18,21.68,51.62,8.21,3.62
2021-09-15,4.23,1.47,9.09,21.31,52.0,8.24,3.66
2021-09-16,3.95,1.56,9.21,21.77,51.75,7.86,3.9
2021-09-17,4.17,1.53,9.21,21.77,51.17,8.18,3.97
2021-09-18,4.2,1.33,9.03,22.81,50.71,8.15,3.77
2021-09-19,4.19,1.39,9.0,22.83,50.55,8.22,3.82
2021-09-20,4.35,1.34,9.02,22.94,50.49,7.68,4.18
2021-09-21,4.18,1.35,8.97,22.73,51.46,7.21,4.1
2021-09-22,4.09,1.35,9.14,22.7,51.15,7.26,4.31
2021-09-23,4.14,1.54,9.39,21.93,50.73,7.77,4.5
2021-09-24,4.04,1.62,9.24,21.75,51.33,7.49,4.53
2021-09-25,4.16,1.7,9.18,22.01,51.04,7.52,4.39
2021-09-26,4.09,1.68,9.15,21.97,51.1,7.62,4.39
2021-09-27,3.93,1.72,8.97,21.99,51.37,7.65,4.37
2021-09-28,4.25,1.67,8.78,21.98,51.04,7.7,4.58
2021-09-29,4.15,1.75,8.68,22.32,50.94,7.57,4.59
2021-09-30,4.07,1.81,8.64,22.63,50.66,7.61,4.58
2021-10-01,4.12,1.75,8.79,22.79,49.96,7.67,4.92
2021-10-02,4.14,1.76,8.81,22.78,49.92,7.7,4.89
2021-10-03,4.15,1.78,8.76,22.77,49.96,7.7,4.88
2021-10-04,4.09,1.98,8.48,22.9,49.74,8.1,4.71
2021-10-05,4.1,2.01,8.38,23.12,49.65,8.08,4.66
2021-10-06,4.07,1.9,8.42,22.83,49.76,8.21,4.81
2021-10-07,4.04,1.92,8.46,22.82,49.6,8.26,4.9
2021-10-08,4.14,1.79,8.6,22.81,49.27,8.35,5.04
2021-10-09,4.15,1.81,8.67,22.8,49.24,8.12,5.21
2021-10-10,4.16,1.85,8.56,22.7,49.16,8.34,5.23
2021-10-11,4.33,1.83,8.59,22.67,49.5,8.02,5.06
2021-10-12,4.24,1.76,8.77,22.46,49.62,8.16,4.99
2021-10-13,4.3,1.83,8.9,22.25,49.5,8.23,4.99
2021-10-14,4.34,1.81,8.77,22.21,49.83,8.04,5.0
2021-10-15,4.25,1.76,8.76,22.35,49.86,8.05,4.97
2021-10-16,4.33,1.8,8.77,22.43,49.75,8.01,4.91
2021-10-17,4.28,1.73,8.77,22.46,49.77,8.05,4.94
2021-10-18,4.29,1.8,9.02,22.41,49.8,7.9,4.78
2021-10-19,4.29,1.76,8.95,22.36,49.85,7.98,4.81
2021-10-20,4.34,1.74,8.92,22.55,49.66,8.01,4.78
2021-10-21,4.5,1.77,8.63,22.64,49.79,7.92,4.75
2021-10-22,4.36,1.85,8.68,22.84,49.64,7.87,4.76
2021-10-23,4.26,1.87,8.76,22.68,49.47,7.96,5.0
2021-10-24,4.3,1.89,8.75,22.7,49.56,7.79,5.01
2021-10-25,4.28,1.89,8.61,22.46,50.21,7.72,4.83
2021-10-26,4.29,1.85,8.75,22.56,49.92,7.85,4.78
2021-10-27,4.3,1.87,8.69,22.32,50.32,7.77,4.73
2021-10-28,4.42,1.81,8.56,22.15,50.61,7.68,4.77
2021-10-29,4.32,1.78,8.56,22.06,50.9,7.71,4.67
2021-10-30,4.27,2.06,8.24,21.89,51.22,7.68,4.64
2021-10-31,4.29,1.98,8.31,21.82,51.2,7.72,4.68
2021-11-01,4.29,1.93,8.29,21.74,51.33,7.81,4.61
2021-11-02,4.22,1.96,8.31,21.74,51.78,7.47,4.52
2021-11-03,4.17,1.94,8.24,21.68,51.81,7.65,4.51
2021-11-04,4.17,2.0,8.17,21.62,51.9,7.57,4.57
2021-11-05,4.15,2.01,8.15,21.8,52.09,7.27,4.53
2021-11-06,4.14,1.92,8.32,21.58,51.86,7.62,4.56
2021-11-07,4.21,1.95,8.12,21.79,52.02,7.3,4.61
2021-11-08,4.23,2.07,7.94,21.71,52.64,7.08,4.33
2021-11-09,4.28,2.08,7.81,21.68,52.69,7.17,4.29
2021-11-10,4.29,2.05,8.02,21.7,52.31,7.27,4.36
2021-11-11,4.24,2.05,8.09,21.63,52.2,7.42,4.37
2021-11-12,4.11,1.9,8.21,22.23,51.92,7.3,4.33
2021-11-13,4.06,1.83,8.38,22.13,52.07,7.28,4.25
2021-11-14,4.07,1.82,8.41,22.1,51.99,7.37,4.24
2021-11-15,4.24,1.85,8.42,22.18,51.85,7.22,4.24
2021-11-16,4.21,1.79,8.57,22.31,51.69,7.31,4.12
2021-11-17,4.24,1.82,8.43,22.39,51.69,7.3,4.13
2021-11-18,4.21,1.86,8.51,22.39,51.78,7.25,4.0
2021-11-19,4.13,1.78,8.38,22.19,52.16,7.35,4.01
2021-11-20,3.97,1.86,8.5,22.61,51.81,7.26,3.99
2021-11-21,3.92,1.85,8.51,22.51,51.97,7.24,4.0
2021-11-22,3.93,1.81,8.75,22.63,51.84,7.19,3.85
2021-11-23,3.87,1.88,8.69,22.68,51.91,7.21,3.76
2021-11-24,3.94,1.75,8.7,22.26,52.28,7.51,3.56
2021-11-25,3.78,1.81,8.78,22.26,52.5,7.48,3.39
2021-11-26,3.79,1.8,8.9,22.5,52.38,7.33,3.3
2021-11-27,3.72,1.82,8.71,22.27,52.86,7.34,3.28
2021-11-28,3.77,1.83,8.8,22.07,52.82,7.43,3.28
2021-11-29,3.72,1.84,9.12,21.7,53.46,7.04,3.12
2021-11-30,3.71,1.85,9.15,21.46,53.74,7.01,3.08
2021-12-01,3.63,1.84,9.09,21.74,53.64,6.96,3.1
2021-12-02,3.66,1.55,9.03,21.5,54.2,6.86,3.2
2021-12-03,3.68,1.59,8.97,21.83,54.18,6.57,3.18
2021-12-04,3.74,1.53,9.02,21.74,54.46,6.34,3.17
2021-12-05,3.7,1.57,9.02,21.82,54.35,6.37,3.17
2021-12-06,3.74,1.63,9.12,21.86,54.43,5.95,3.27
2021-12-07,4.09,1.65,9.72,21.9,53.71,5.79,3.14
2021-12-08,4.17,1.76,10.13,22.2,52.81,5.7,3.23
2021-12-09,4.03,1.65,9.74,22.6,52.77,5.96,3.25
2021-12-10,4.03,1.65,9.67,22.49,52.75,6.03,3.38
2021-12-11,4.08,1.66,9.7,22.35,52.79,6.04,3.38
2021-12-12,4.06,1.67,9.62,22.48,52.75,6.0,3.42
2021-12-13,4.22,1.65,9.76,22.23,52.64,6.04,3.46
2021-12-14,4.15,1.68,9.59,22.38,52.58,6.12,3.5
2021-12-15,4.32,1.71,9.73,21.95,52.67,6.13,3.49
2021-12-16,4.23,1.73,9.84,22.37,52.43,6.13,3.27
2021-12-17,4.17,1.71,10.01,22.01,52.77,6.08,3.25
2021-12-18,4.4,1.68,9.91,22.3,52.47,6.0,3.24
2021-12-19,4.3,1.68,9.91,22.25,52.7,6.01,3.15
2021-12-20,4.35,1.71,10.09,22.4,52.46,5.87,3.12
2021-12-21,4.34,1.75,10.08,22.09,52.81,5.74,3.19
2021-12-22,4.36,1.79,10.05,21.97,52.84,5.86,3.13
2021-12-23,4.28,1.88,10.12,21.98,52.79,5.83,3.12
2021-12-24,4.28,1.94,10.06,21.87,52.94,5.76,3.15
2021-12-25,4.23,1.95,10.04,21.87,53.08,5.73,3.1
2021-12-26,4.3,1.93,10.03,21.91,52.98,5.78,3.07
2021-12-27,4.29,1.91,10.07,22.04,52.98,5.6,3.11
2021-12-28,4.36,1.94,10.26,21.79,52.99,5.59,3.07
2021-12-29,4.35,1.95,10.09,21.75,53.15,5.62,3.09
2021-12-30,4.4,1.93,10.14,21.81,53.05,5.58,3.09
2021-12-31,4.43,1.9,10.2,22.46,52.26,5.99,2.76
2022-01-01,4.42,1.89,10.29,22.28,52.25,6.06,2.81
2022-01-02,4.45,1.9,10.23,22.28,52.25,6.07,2.82
2022-01-03,4.67,1.95,10.24,22.54,51.54,6.27,2.79
2022-01-04,4.79,1.95,10.2,22.87,51.13,6.27,2.79
2022-01-05,4.85,1.94,10.32,23.23,50.49,6.21,2.96
2022-01-06,4.53,1.77,10.4,22.41,51.48,6.05,3.36
2022-01-07,4.61,1.82,10.12,22.57,51.62,5.66,3.6
2022-01-08,4.77,1.93,9.79,22.83,51.44,5.6,3.64
2022-01-09,4.78,1.94,9.67,22.78,51.52,5.66,3.65
2022-01-10,4.54,2.0,9.89,22.35,51.81,5.75,3.66
2022-01-11,4.82,2.07,9.83,22.91,51.42,5.49,3.46
2022-01-12,4.65,2.05,9.84,22.4,51.96,5.58,3.52
2022-01-13,4.58,2.03,9.83,22.43,51.93,5.7,3.5
2022-01-14,4.52,2.0,9.83,22.39,52.09,5.74,3.43
2022-01-15,4.61,1.95,10.0,21.73,52.71,5.65,3.35
2022-01-16,4.62,1.93,10.04,21.78,52.61,5.65,3.37
2022-01-17,4.91,2.0,10.11,21.96,52.75,4.97,3.3
2022-01-18,5.28,2.19,10.39,21.96,51.51,5.6,3.07
2022-01-19,5.51,2.33,10.73,21.69,51.23,5.61,2.9
2022-01-20,5.34,2.36,10.89,21.92,50.81,5.76,2.92
2022-01-21,5.44,2.34,10.91,21.98,50.78,5.74,2.81
2022-01-22,5.39,2.26,10.9,22.7,50.35,5.67,2.73
2022-01-23,5.44,2.3,10.82,22.62,50.42,5.65,2.75
2022-01-24,5.43,2.22,10.89,22.48,50.72,5.7,2.56
2022-01-25,5.29,2.08,10.73,22.6,51.11,5.68,2.51
2022-01-26,5.25,2.09,10.7,22.62,51.13,5.72,2.49
2022-01-27,5.19,2.0,10.59,22.45,51.64,5.66,2.47
2022-01-28,5.31,1.99,10.76,22.37,51.62,5.53,2.42
2022-01-29,5.28,1.98,10.87,22.09,51.83,5.53,2.42
2022-01-30,5.18,1.99,10.85,22.2,51.75,5.61,2.42
2022-01-31,5.35,1.93,10.9,22.23,51.9,5.51,2.18
2022-02-01,5.26,1.9,10.79,21.95,52.6,5.21,2.29
2022-02-02,5.29,1.84,10.93,21.94,52.16,5.42,2.42
2022-02-03,5.49,1.79,11.17,21.81,51.85,5.39,2.5
2022-02-04,5.49,1.74,11.75,22.17,50.97,5.43,2.45
2022-02-05,5.46,1.67,11.82,21.58,51.5,5.31,2.66
2022-02-06,5.8,1.71,11.79,21.52,51.32,5.23,2.63
2022-02-07,5.14,1.63,12.06,21.46,51.84,5.15,2.72
2022-02-08,5.19,1.5,12.03,21.8,51.82,4.91,2.75
2022-02-09,5.11,1.48,11.63,21.83,52.44,4.75,2.76
2022-02-10,4.87,1.81,10.84,21.85,53.39,4.52,2.72
2022-02-11,4.83,1.93,10.71,21.52,53.67,4.7,2.64
2022-02-12,4.45,2.03,11.22,21.49,53.19,4.86,2.76
2022-02-13,4.44,2.0,11.18,21.62,53.18,4.81,2.77
2022-02-14,4.67,1.94,11.64,21.76,52.61,4.59,2.79
2022-02-15,4.79,1.96,11.81,21.91,52.18,4.7,2.65
2022-02-16,4.73,2.11,11.71,22.22,51.91,4.87,2.45
2022-02-17,4.61,2.1,11.21,22.46,51.79,5.31,2.52
2022-02-18,5.09,2.06,11.99,21.72,51.55,5.01,2.58
2022-02-19,5.04,1.98,11.77,22.08,51.83,4.76,2.54
2022-02-20,4.96,1.97,11.82,22.19,51.8,4.77,2.49
2022-02-21,4.75,1.62,11.47,21.93,52.56,5.21,2.46
2022-02-22,4.79,1.66,11.72,22.79,51.22,5.37,2.45
2022-02-23,4.65,1.75,11.73,22.94,51.17,5.11,2.65
2022-02-24,4.94,1.94,12.16,22.27,51.34,4.79,2.56
2022-02-25,4.56,1.84,12.75,22.77,50.61,5.1,2.37
2022-02-26,4.53,1.87,12.25,23.33,50.77,5.05,2.2
2022-02-27,4.53,1.89,12.24,23.42,50.7,5.03,2.19
2022-02-28,4.43,1.91,13.22,22.79,50.29,5.03,2.33
2022-03-01,4.46,1.94,13.25,22.69,50.33,4.96,2.37
2022-03-02,4.49,1.99,13.61,23.25,49.3,5.13,2.23
2022-03-03,4.44,2.04,13.45,23.2,49.38,5.29,2.2
2022-03-04,4.25,2.09,12.88,23.78,49.23,5.66,2.11
2022-03-05,4.34,2.16,12.47,24.17,49.52,5.3,2.04
2022-03-06,4.32,2.17,12.57,24.16,49.47,5.28,2.03
2022-03-07,4.34,2.13,12.1,24.79,49.64,4.85,2.15
2022-03-08,3.93,1.99,12.83,24.35,49.79,5.0,2.11
2022-03-09,3.81,2.5,14.2,24.16,48.19,4.89,2.25
2022-03-10,3.76,2.49,14.32,23.87,48.35,5.0,2.21
2022-03-11,4.02,2.68,14.67,24.42,47.2,4.66,2.35
2022-03-12,4.02,2.63,14.68,24.38,47.32,4.63,2.34
2022-03-13,4.05,2.64,14.79,24.5,47.01,4.65,2.36
2022-03-14,4.01,2.64,14.68,24.42,47.22,4.68,2.35
2022-03-15,3.88,2.5,14.62,24.74,47.72,4.17,2.37
2022-03-16,3.72,2.46,14.56,24.32,48.07,4.39,2.48
2022-03-17,3.74,2.1,12.94,25.72,47.45,4.19,3.86
2022-03-18,3.8,2.11,12.93,25.71,47.38,4.2,3.87
2022-03-19,3.74,2.11,12.94,25.59,47.57,4.22,3.83
2022-03-20,3.76,2.1,12.89,25.65,47.62,4.15,3.83
2022-03-21,3.96,2.39,12.48,26.75,47.46,4.43,2.53
2022-03-22,3.89,2.41,12.84,27.59,45.85,5.02,2.4
2022-03-23,4.53,1.93,13.66,27.86,45.22,4.56,2.24
2022-03-24,4.63,1.33,14.65,27.39,45.87,3.82,2.31
2022-03-25,4.33,1.3,14.81,27.57,46.14,3.66,2.19
2022-03-26,3.99,1.39,14.85,27.15,46.53,3.77,2.32
2022-03-27,4.0,1.39,14.72,27.22,46.6,3.77,2.3
2022-03-28,4.29,1.64,13.83,27.01,46.23,3.81,3.19
2022-03-29,4.39,1.74,13.8,27.57,45.62,3.79,3.09
2022-03-30,4.51,1.77,13.62,27.2,46.51,3.56,2.83
2022-03-31,4.43,1.83,13.39,27.81,46.87,3.33,2.34
2022-04-01,4.22,1.48,13.55,26.65,48.41,3.43,2.26
2022-04-02,4.06,1.27,13.61,26.59,48.79,3.49,2.19
2022-04-03,4.04,1.27,13.63,26.66,48.66,3.52,2.22
2022-04-04,3.95,1.56,13.37,25.97,49.46,3.57,2.12
2022-04-05,3.82,1.57,13.7,26.1,49.14,3.73,1.94
2022-04-06,4.15,1.59,13.62,26.07,48.75,3.73,2.09
2022-04-07,4.12,1.67,13.7,26.26,48.63,3.63,1.99
2022-04-08,4.44,1.9,13.53,27.33,47.7,3.18,1.92
2022-04-09,4.29,1.86,13.71,28.14,46.98,3.17,1.85
2022-04-10,4.3,1.84,13.75,28.22,46.92,3.14,1.83
2022-04-11,4.63,1.72,13.55,28.58,46.25,3.52,1.75
2022-04-12,4.51,1.81,13.65,29.1,45.48,3.61,1.84
2022-04-13,4.75,1.73,13.83,27.29,46.1,3.52,2.78
2022-04-14,4.72,1.64,14.0,27.82,45.43,3.39,3.0
2022-04-15,4.71,1.57,13.97,27.61,45.69,3.45,3.0
2022-04-16,4.72,1.68,14.03,27.7,45.24,3.62,3.01
2022-04-17,4.72,1.65,14.04,27.79,45.14,3.63,3.03
2022-04-18,4.77,1.81,14.14,27.85,44.79,3.5,3.14
2022-04-19,4.87,1.95,14.34,27.68,44.54,3.57,3.05
2022-04-20,5.26,1.78,14.71,29.19,42.79,3.86,2.41
2022-04-21,5.0,2.05,15.18,28.93,42.5,3.97,2.37
2022-04-22,4.38,1.88,16.05,30.32,40.64,4.27,2.46
2022-04-23,3.91,1.75,15.64,30.6,42.37,3.65,2.08
2022-04-24,3.88,1.76,15.74,30.71,42.21,3.64,2.06
2022-04-25,3.68,1.7,15.34,31.88,42.33,2.99,2.08
2022-04-26,3.72,2.03,15.13,30.85,42.87,3.14,2.26
2022-04-27,3.79,2.04,15.15,30.75,42.89,3.17,2.21
2022-04-28,4.16,2.02,15.09,31.12,41.97,3.39,2.25
2022-04-29,4.13,2.03,15.59,30.78,41.96,3.44,2.07
2022-04-30,4.0,2.01,15.97,30.5,42.15,3.31,2.06
2022-05-01,4.02,2.0,16.02,30.58,42.03,3.28,2.07
2022-05-02,3.77,2.09,15.84,31.03,42.04,3.09,2.14
2022-05-03,3.76,2.05,15.95,30.88,42.14,3.04,2.18
2022-05-04,3.75,1.86,16.3,29.85,42.99,2.85,2.4
2022-05-05,3.72,1.72,16.45,30.04,42.81,2.77,2.49
2022-05-06,3.63,1.68,16.29,30.02,42.91,2.85,2.62
2022-05-07,3.54,1.59,16.53,30.24,42.28,3.24,2.58
2022-05-08,3.55,1.58,16.48,30.23,42.31,3.27,2.58
2022-05-09,3.69,1.59,15.65,31.06,42.05,3.48,2.48
2022-05-10,3.76,1.58,16.0,30.53,42.32,3.5,2.31
2022-05-11,3.98,1.55,16.47,29.04,43.02,3.34,2.6
2022-05-12,4.02,1.68,16.04,28.69,43.73,3.47,2.37
2022-05-13,3.78,1.5,16.9,28.86,43.14,3.11,2.71
2022-05-14,3.8,1.38,17.1,29.13,43.15,2.81,2.63
2022-05-15,3.8,1.36,17.07,29.09,43.22,2.83,2.63
2022-05-16,4.02,1.3,17.25,29.08,42.89,2.85,2.61
2022-05-17,3.95,1.29,17.15,29.1,42.94,2.96,2.61
2022-05-18,4.25,1.32,16.02,28.98,43.71,3.49,2.23
2022-05-19,4.58,1.36,16.07,28.48,44.01,3.63,1.87
2022-05-20,4.54,1.4,16.94,28.69,43.23,3.12,2.08
2022-05-21,4.64,1.38,16.31,28.73,43.93,3.03,1.98
2022-05-22,4.61,1.35,16.25,28.93,43.85,3.02,1.99
2022-05-23,4.26,1.58,16.38,28.02,44.81,3.09,1.86
2022-05-24,3.46,2.01,16.93,28.38,43.89,2.88,2.45
2022-05-25,2.82,1.94,16.58,29.31,43.8,3.3,2.25
2022-05-26,3.21,1.88,16.13,29.56,43.41,3.33,2.48
2022-05-27,4.27,1.96,16.04,29.29,42.14,3.36,2.94
2022-05-28,4.47,1.96,15.73,30.31,41.26,3.59,2.68
2022-05-29,4.51,1.98,15.73,30.31,41.21,3.59,2.67
2022-05-30,4.73,2.06,16.5,30.23,40.37,3.67,2.44
2022-05-31,4.78,2.02,16.77,31.59,39.4,3.25,2.19
2022-06-01,3.67,1.76,17.29,30.73,41.55,3.21,1.79
2022-06-02,3.62,1.63,16.93,31.26,41.43,3.33,1.8
2022-06-03,3.8,1.55,15.95,31.18,42.36,3.48,1.68
2022-06-04,3.63,1.77,16.41,31.22,41.82,3.46,1.69
2022-06-05,3.69,1.78,16.44,31.16,41.81,3.45,1.67
2022-06-06,3.79,1.88,16.18,30.63,42.51,3.28,1.73
2022-06-07,4.01,1.66,15.61,29.53,43.39,3.38,2.42
2022-06-08,3.72,1.55,16.71,29.38,43.24,2.85,2.55
2022-06-09,3.65,1.66,17.42,28.57,43.11,2.81,2.78
2022-06-10,3.67,1.55,17.82,28.67,42.71,2.98,2.6
2022-06-11,3.64,1.42,17.91,28.24,42.99,3.08,2.72
2022-06-12,3.65,1.43,17.99,27.79,43.28,3.06,2.8
2022-06-13,3.54,1.4,17.97,28.09,42.79,3.01,3.2
2022-06-14,3.45,1.37,18.2,28.16,42.84,3.03,2.95
2022-06-15,3.42,1.35,18.23,28.05,43.14,2.95,2.86
2022-06-16,3.4,1.38,18.17,28.31,42.66,2.89,3.19
2022-06-17,3.6,1.4,18.07,28.31,42.55,2.82,3.25
2022-06-18,3.66,1.51,18.34,28.06,42.14,2.86,3.43
2022-06-19,3.67,1.53,18.12,28.25,42.02,2.87,3.54
2022-06-20,3.63,1.74,17.82,28.43,41.71,3.2,3.47
2022-06-21,3.66,1.78,17.82,28.32,41.69,3.14,3.59
2022-06-22,3.32,1.83,17.08,28.82,41.73,3.71,3.51
2022-06-23,3.55,2.07,16.52,30.47,41.23,3.6,2.56
2022-06-24,3.84,2.27,16.51,30.14,41.99,3.36,1.89
2022-06-25,3.8,2.23,16.52,31.25,41.23,3.1,1.87
2022-06-26,3.83,2.23,16.47,31.07,41.39,3.14,1.87
2022-06-27,3.81,2.51,16.26,31.42,41.12,3.1,1.78
2022-06-28,3.9,2.46,16.68,31.55,40.53,3.14,1.74
2022-06-29,3.65,2.58,17.29,31.2,40.01,3.54,1.73
2022-06-30,3.57,2.57,16.75,32.1,39.63,3.89,1.49
2022-07-01,3.54,2.55,17.9,31.33,39.44,3.72,1.52
2022-07-02,3.87,2.49,17.58,30.93,39.75,3.73,1.65
2022-07-03,3.81,2.49,17.83,30.82,39.73,3.69,1.63
2022-07-04,4.11,2.61,17.12,30.37,40.22,3.96,1.61
2022-07-05,4.44,2.82,16.33,30.49,40.39,3.88,1.65
2022-07-06,4.47,2.68,16.19,30.38,40.9,3.7,1.68
2022-07-07,4.38,2.86,16.18,30.12,41.1,3.87,1.49
2022-07-08,4.15,2.63,17.0,29.36,41.24,4.04,1.58
2022-07-09,4.35,2.4,16.31,30.14,41.22,3.94,1.64
2022-07-10,4.32,2.38,16.31,30.13,41.33,3.89,1.64
2022-07-11,4.61,2.61,16.89,30.26,40.17,3.76,1.7
2022-07-12,4.7,2.56,16.49,29.37,41.29,3.9,1.69
2022-07-13,4.87,2.28,16.86,30.37,40.18,3.82,1.62
2022-07-14,4.57,2.07,16.51,30.15,41.07,3.9,1.73
2022-07-15,4.15,2.55,17.28,28.84,40.76,4.2,2.22
2022-07-16,3.97,2.51,17.57,28.76,40.69,3.74,2.76
2022-07-17,3.98,2.49,17.46,28.82,40.71,3.77,2.77
2022-07-18,4.16,2.55,16.97,28.95,41.09,3.77,2.51
2022-07-19,4.52,2.31,17.55,29.28,40.67,3.75,1.92
2022-07-20,4.32,2.2,18.08,29.61,40.73,3.11,1.95
2022-07-21,3.94,2.04,18.68,29.93,40.99,2.7,1.72
2022-07-22,3.72,2.13,18.65,30.93,39.75,2.75,2.07
2022-07-23,3.62,1.98,19.04,30.67,39.29,3.3,2.1
2022-07-24,3.6,1.98,18.79,30.6,39.7,3.24,2.09
2022-07-25,3.66,2.15,18.86,30.85,39.66,2.83,1.99
2022-07-26,3.65,2.43,17.84,30.63,40.68,3.17,1.6
2022-07-27,3.79,2.39,16.9,30.81,40.83,3.52,1.76
2022-07-28,3.86,2.42,16.37,32.01,39.93,3.75,1.66
2022-07-29,3.97,2.03,16.3,31.7,40.04,4.08,1.88
2022-07-30,4.3,1.96,16.74,30.89,39.96,4.47,1.68
2022-07-31,4.32,1.96,16.77,30.84,39.94,4.47,1.7
2022-08-01,4.3,1.75,16.29,30.01,41.78,3.75,2.12
2022-08-02,4.29,1.89,16.64,29.49,42.59,2.97,2.13
2022-08-03,3.89,2.06,16.97,29.42,42.52,3.36,1.78
2022-08-04,3.9,2.22,17.08,30.32,41.85,3.11,1.52
2022-08-05,3.73,2.38,16.57,31.14,41.57,3.01,1.6
2022-08-06,3.83,2.71,16.22,33.13,39.41,3.08,1.62
2022-08-07,3.86,2.71,16.22,33.09,39.46,3.08,1.58
2022-08-08,4.65,2.43,15.94,32.01,40.0,3.16,1.81
2022-08-09,4.6,2.48,15.95,32.15,39.92,3.1,1.8
2022-08-10,4.67,2.25,16.04,30.89,40.95,3.25,1.95
2022-08-11,4.69,2.26,15.96,30.9,40.97,3.26,1.96
2022-08-12,4.67,2.3,15.97,30.35,41.75,2.98,1.98
2022-08-13,4.66,2.26,15.95,30.46,41.65,3.04,1.98
2022-08-14,4.64,2.27,16.08,30.37,41.64,3.01,1.99
2022-08-15,4.65,2.31,16.09,30.38,41.57,3.01,1.99
2022-08-16,4.86,2.5,16.99,30.39,40.58,3.24,1.44
2022-08-17,5.27,2.19,17.4,30.36,40.36,2.79,1.63
2022-08-18,5.24,2.1,17.55,29.76,40.27,3.08,2.0
2022-08-19,5.23,2.12,17.44,29.88,40.26,3.06,2.01
2022-08-20,5.14,2.57,17.21,30.53,39.51,2.95,2.09
2022-08-21,5.09,2.59,17.17,30.56,39.51,3.01,2.07
2022-08-22,5.45,2.64,17.7,30.05,39.37,2.93,1.86
2022-08-23,5.28,2.32,16.99,30.63,40.0,2.97,1.81
2022-08-24,5.25,2.0,16.1,30.12,41.57,2.79,2.17
2022-08-25,5.58,2.06,16.28,30.78,40.41,2.67,2.22
2022-08-26,5.18,1.93,16.35,31.97,39.78,2.56,2.23
2022-08-27,4.11,2.45,16.02,31.83,40.16,3.21,2.22
2022-08-28,4.12,2.44,16.05,31.9,40.04,3.25,2.2
2022-08-29,4.07,2.76,15.34,31.92,40.8,3.0,2.11
2022-08-30,4.69,2.29,16.23,31.6,40.28,2.96,1.95
2022-08-31,4.67,2.43,15.7,31.84,40.73,2.93,1.7
2022-09-01,4.59,2.38,15.33,31.99,41.19,2.75,1.77
2022-09-02,4.74,2.04,16.25,31.28,41.16,2.69,1.84
2022-09-03,4.61,2.22,16.63,31.27,40.7,2.76,1.81
2022-09-04,4.62,2.21,16.66,31.24,40.69,2.76,1.82
2022-09-05,4.61,2.31,16.77,30.01,41.53,3.12,1.65
2022-09-06,4.8,2.47,16.62,28.57,42.69,3.17,1.68
2022-09-07,5.08,2.56,17.0,28.6,42.41,2.75,1.6
2022-09-08,4.64,2.27,16.47,28.99,42.72,3.24,1.67
2022-09-09,4.48,2.19,16.78,29.4,41.71,3.36,2.08
2022-09-10,4.7,2.34,16.79,29.77,40.57,3.48,2.35
2022-09-11,4.74,2.35,16.82,29.83,40.49,3.51,2.26
2022-09-12,4.62,2.33,16.46,30.21,40.6,3.42,2.36
2022-09-13,4.41,2.39,16.72,30.54,40.32,3.54,2.08
2022-09-14,4.84,1.98,15.53,31.35,41.41,3.09,1.8
2022-09-15,4.56,2.02,16.51,30.93,40.43,3.17,2.38
2022-09-16,4.93,1.9,17.56,30.59,39.57,3.06,2.39
2022-09-17,5.0,1.96,17.5,30.46,39.81,2.86,2.41
2022-09-18,5.1,1.94,17.51,30.31,39.87,2.87,2.4
2022-09-19,5.0,2.09,17.77,30.05,39.69,2.88,2.52
2022-09-20,4.98,2.36,17.55,29.85,39.92,2.94,2.4
2022-09-21,4.98,2.16,17.89,30.89,38.65,2.91,2.52
2022-09-22,4.72,2.17,17.49,32.39,37.8,2.73,2.7
2022-09-23,4.72,2.19,17.75,31.14,38.47,3.19,2.54
2022-09-24,4.5,2.61,17.35,28.85,41.65,3.01,2.03
2022-09-25,4.47,2.6,17.33,28.85,41.73,3.01,2.01
2022-09-26,4.93,2.38,16.75,29.26,41.57,3.05,2.06
2022-09-27,5.06,2.25,16.85,29.63,41.22,3.12,1.87
2022-09-28,4.69,2.0,17.4,31.47,39.51,2.93,2.0
2022-09-29,4.44,1.79,16.78,30.85,40.85,2.99,2.3
2022-09-30,4.32,2.2,16.9,29.62,41.62,3.16,2.18
2022-10-01,4.69,2.37,16.46,29.13,42.24,3.17,1.94
2022-10-02,4.67,2.38,16.38,29.2,42.3,3.14,1.93
2022-10-03,4.53,2.39,17.3,30.12,40.8,3.21,1.65
2022-10-04,4.49,2.08,17.64,30.31,40.58,3.25,1.65
2022-10-05,4.48,2.08,17.65,30.3,40.6,3.22,1.67
2022-10-06,4.36,2.02,18.38,30.24,40.46,2.88,1.66
2022-10-07,4.66,2.1,17.92,30.78,39.59,3.09,1.86
2022-10-08,4.65,2.35,17.65,29.96,40.51,3.08,1.8
2022-10-09,4.59,2.35,17.7,29.88,40.62,3.08,1.78
2022-10-10,4.43,2.11,17.21,30.82,39.29,4.16,1.98
2022-10-11,4.27,2.05,17.06,31.5,39.24,4.05,1.83
2022-10-12,4.3,2.07,18.25,31.05,38.43,3.94,1.96
2022-10-13,3.89,1.87,18.24,31.28,40.14,2.94,1.64
2022-10-14,4.18,2.0,18.7,31.39,39.08,3.03,1.62
2022-10-15,4.23,2.39,18.7,32.92,36.83,2.93,2.0
2022-10-16,4.26,2.4,18.75,32.93,36.79,2.93,1.94
2022-10-17,4.33,2.54,18.0,33.5,36.72,2.56,2.35
2022-10-18,4.58,2.52,17.83,32.39,38.16,2.64,1.88
2022-10-19,4.58,3.05,17.12,31.61,39.2,2.62,1.82
2022-10-20,4.11,2.8,17.12,31.15,40.18,2.62,2.02
2022-10-21,4.14,2.79,17.1,31.15,40.2,2.58,2.04
2022-10-22,4.55,2.67,17.44,29.85,40.76,2.89,1.84
2022-10-23,4.54,2.67,17.46,29.91,40.68,2.88,1.86
2022-10-24,4.57,2.65,17.43,30.23,40.4,2.87,1.85
2022-10-25,4.62,2.67,17.43,30.18,40.33,2.9,1.87
2022-10-26,4.89,2.27,18.36,29.65,39.84,3.22,1.77
2022-10-27,4.88,2.26,18.37,29.6,39.89,3.21,1.79
2022-10-28,5.2,2.2,17.93,29.55,39.86,3.44,1.82
2022-10-29,4.84,2.08,17.61,29.38,40.72,3.49,1.88
2022-10-30,4.99,2.07,17.58,29.36,40.64,3.46,1.9
2022-10-31,4.74,2.37,17.42,29.58,40.91,3.29,1.69
2022-11-01,4.79,2.37,17.64,29.33,40.74,3.52,1.61
2022-11-02,4.8,2.39,17.59,28.71,41.4,3.5,1.61
2022-11-03,4.58,2.52,17.58,28.79,41.38,3.59,1.56
2022-11-04,4.72,2.55,17.31,28.94,41.26,3.69,1.53
2022-11-05,4.54,2.48,17.42,29.02,41.24,3.73,1.57
2022-11-06,4.53,2.47,17.44,29.02,41.25,3.72,1.57
2022-11-07,4.59,2.45,17.42,28.48,41.54,3.94,1.58
2022-11-08,4.76,2.42,17.59,28.21,41.42,4.01,1.59
2022-11-09,4.72,2.47,17.49,28.24,41.45,3.77,1.86
2022-11-10,4.72,2.41,18.0,27.57,41.48,3.51,2.31
2022-11-11,5.17,2.33,18.22,27.98,40.37,3.46,2.47
2022-11-12,5.13,2.22,18.17,27.8,40.88,3.37,2.43
2022-11-13,5.08,2.26,18.14,27.87,40.85,3.39,2.41
2022-11-14,5.1,2.77,18.06,27.98,40.25,3.67,2.17
2022-11-15,5.12,2.75,17.72,28.59,40.13,3.52,2.17
2022-11-16,5.03,2.53,17.77,29.39,39.73,3.6,1.95
2022-11-17,4.97,2.69,18.43,30.1,38.56,3.35,1.9
2022-11-18,5.24,2.7,18.44,29.07,39.07,3.42,2.06
2022-11-19,5.69,2.55,19.12,29.74,37.54,3.36,2.0
2022-11-20,5.62,2.53,19.04,29.5,37.92,3.34,2.05
2022-11-21,5.54,2.66,19.21,29.68,38.04,3.06,1.81
2022-11-22,5.51,2.54,19.02,30.19,38.07,2.88,1.79
2022-11-23,5.49,2.49,18.85,29.2,39.28,2.81,1.88
2022-11-24,5.22,2.26,18.94,29.05,39.52,3.1,1.91
2022-11-25,5.1,2.2,19.14,29.39,39.24,3.08,1.85
2022-11-26,5.09,2.37,19.24,29.55,38.97,3.0,1.78
2022-11-27,5.06,2.34,19.23,29.42,39.15,2.99,1.81
2022-11-28,5.08,2.35,19.42,29.67,39.13,2.66,1.69
2022-11-29,5.13,2.28,18.84,30.36,38.93,2.79,1.67
2022-11-30,5.07,2.34,18.94,30.52,38.58,2.87,1.68
2022-12-01,4.85,2.2,18.75,29.77,39.75,2.93,1.75
2022-12-02,4.95,2.12,18.85,30.63,39.07,2.66,1.72
2022-12-03,4.63,2.14,18.41,31.03,39.31,2.75,1.73
2022-12-04,4.88,2.08,18.32,30.59,39.63,2.85,1.65
2022-12-05,4.59,2.15,18.5,31.03,39.02,3.03,1.68
2022-12-06,4.5,2.43,17.91,30.2,39.56,3.41,1.99
2022-12-07,4.65,2.24,18.08,29.69,39.7,3.33,2.31
2022-12-08,4.57,2.39,17.95,29.81,39.97,3.07,2.24
2022-12-09,4.65,2.29,17.74,29.82,40.02,3.36,2.12
2022-12-10,4.52,2.39,18.08,29.47,40.31,3.09,2.14
2022-12-11,4.49,2.39,18.06,29.49,40.37,3.06,2.14
2022-12-12,4.55,2.41,18.02,29.37,40.41,3.11,2.13
2022-12-13,4.2,2.46,18.07,29.87,39.94,3.08,2.38
2022-12-14,4.3,2.52,18.43,29.9,39.34,3.22,2.29
2022-12-15,4.32,2.6,18.22,29.8,39.48,3.3,2.28
2022-12-16,4.08,2.38,18.8,30.28,38.49,3.65,2.32
2022-12-17,4.15,2.57,18.58,29.96,38.82,3.55,2.37
2022-12-18,4.16,2.57,18.62,29.99,38.77,3.54,2.35
2022-12-19,4.38,2.45,18.53,30.46,38.06,3.75,2.37
2022-12-20,4.38,2.35,18.36,30.01,38.22,4.19,2.49
2022-12-21,4.34,2.37,18.29,30.26,38.05,4.39,2.3
2022-12-22,4.43,2.48,18.61,30.06,37.79,4.23,2.4
2022-12-23,4.28,2.4,18.52,30.03,37.87,4.38,2.52
2022-12-24,4.35,2.39,17.96,30.43,38.12,4.36,2.39
2022-12-25,4.31,2.39,18.06,30.33,38.14,4.35,2.42
2022-12-26,4.59,2.44,17.62,30.67,37.79,4.68,2.21
2022-12-27,4.65,2.37,17.78,30.3,37.96,4.83,2.11
2022-12-28,4.7,2.51,17.39,30.25,38.48,4.59,2.08
2022-12-29,4.65,2.52,17.02,30.54,38.59,4.47,2.21
2022-12-30,4.59,2.57,16.59,30.75,38.6,4.45,2.45
2022-12-31,4.42,2.56,16.64,30.71,38.67,4.5,2.5
2023-01-01,4.3,2.53,16.58,30.8,38.75,4.48,2.56
2023-01-02,4.26,2.52,16.82,30.18,39.27,4.34,2.61
2023-01-03,4.23,2.55,16.97,30.16,39.37,4.23,2.49
2023-01-04,4.24,2.83,17.58,29.91,39.25,3.71,2.48
2023-01-05,4.37,2.94,17.88,30.1,38.58,3.58,2.55
2023-01-06,4.44,3.06,17.53,30.27,38.8,3.33,2.57
2023-01-07,4.57,3.05,17.71,29.98,38.95,3.23,2.51
2023-01-08,4.46,2.91,17.7,29.77,39.4,3.24,2.52
2023-01-09,4.47,2.83,17.67,30.07,39.28,3.33,2.35
2023-01-10,4.46,3.07,17.58,29.7,39.41,3.29,2.49
2023-01-11,4.39,3.07,17.72,29.98,39.04,3.47,2.33
2023-01-12,4.36,2.85,17.55,30.0,39.37,3.46,2.41
2023-01-13,4.62,2.81,17.69,30.33,38.69,3.43,2.43
2023-01-14,4.59,2.72,17.65,30.16,39.03,3.4,2.45
2023-01-15,4.44,2.74,17.69,30.16,38.9,3.63,2.44
2023-01-16,4.75,2.9,18.19,29.93,38.55,3.25,2.43
2023-01-17,4.54,2.81,18.37,30.03,39.18,2.82,2.25
2023-01-18,4.68,2.41,17.63,30.72,39.47,3.01,2.08
2023-01-19,4.67,2.09,17.22,31.57,39.26,2.6,2.59
2023-01-20,4.77,1.99,17.74,30.92,39.32,2.77,2.49
2023-01-21,4.65,1.91,17.46,30.9,39.91,2.74,2.43
2023-01-22,4.75,1.86,17.45,31.25,39.47,2.76,2.46
2023-01-23,4.87,1.81,17.61,31.08,39.47,2.52,2.64
2023-01-24,4.49,2.02,17.67,30.91,39.7,2.53,2.68
2023-01-25,4.27,2.05,17.42,30.59,40.46,2.57,2.64
2023-01-26,4.3,2.01,17.63,30.76,40.21,2.5,2.59
2023-01-27,4.52,2.14,18.87,30.78,38.77,2.85,2.07
2023-01-28,4.48,2.25,18.67,31.11,38.44,2.7,2.35
2023-01-29,4.51,2.24,18.65,30.85,38.77,2.74,2.24
2023-01-30,4.36,2.23,18.58,31.02,38.43,2.9,2.48
2023-01-31,4.84,2.35,17.62,30.88,38.84,2.85,2.62
2023-02-01,4.74,2.43,17.95,30.9,38.46,2.84,2.68
2023-02-02,4.77,2.32,18.04,30.67,38.78,2.71,2.71
2023-02-03,4.85,2.33,18.25,30.61,38.86,2.65,2.45
2023-02-04,4.98,2.31,18.42,31.44,37.93,2.55,2.37
2023-02-05,5.0,2.33,18.39,31.35,37.96,2.57,2.4
2023-02-06,4.97,2.35,18.35,31.33,38.08,2.46,2.46
2023-02-07,4.92,2.16,17.76,31.72,38.57,2.42,2.45
2023-02-08,4.8,2.13,17.93,31.81,38.4,2.52,2.41
2023-02-09,4.69,2.06,17.94,31.93,38.37,2.51,2.5
2023-02-10,4.73,2.11,17.87,32.04,38.36,2.39,2.5
2023-02-11,4.68,2.08,17.92,31.87,38.38,2.53,2.54
2023-02-12,4.67,2.2,18.09,31.8,38.27,2.53,2.44
2023-02-13,4.64,2.06,18.06,31.94,38.51,2.38,2.41
2023-02-14,4.65,2.01,18.2,31.78,38.36,2.55,2.45
2023-02-15,4.66,2.07,18.18,31.81,38.11,2.53,2.64
2023-02-16,4.68,2.12,18.09,31.77,38.16,2.54,2.64
2023-02-17,4.66,2.11,18.22,31.81,38.18,2.49,2.53
2023-02-18,4.66,2.17,18.17,31.78,38.26,2.43,2.53
2023-02-19,4.59,2.23,18.15,31.69,38.32,2.61,2.41
2023-02-20,4.52,2.17,18.28,31.48,38.36,2.61,2.58
2023-02-21,4.56,2.14,18.27,31.49,38.37,2.58,2.59
2023-02-22,4.54,2.18,18.29,31.64,38.02,2.54,2.79
2023-02-23,4.4,2.17,18.53,31.57,37.97,2.65,2.71
2023-02-24,4.87,2.57,18.03,31.09,38.07,2.97,2.4
2023-02-25,4.7,2.62,18.32,31.96,36.89,3.05,2.46
2023-02-26,4.78,2.58,18.46,31.78,37.03,2.92,2.45
2023-02-27,4.72,2.55,18.53,31.97,36.89,2.9,2.44
2023-02-28,4.71,2.67,18.45,31.87,37.05,2.89,2.36
2023-03-01,4.79,2.77,18.41,31.6,37.36,2.79,2.28
2023-03-02,4.76,2.6,18.64,31.48,37.08,3.09,2.35
2023-03-03,4.61,2.64,19.24,31.7,36.58,2.91,2.32
2023-03-04,4.12,2.49,19.66,32.71,35.65,3.21,2.16
2023-03-05,4.17,2.43,19.49,32.76,35.71,3.27,2.17
2023-03-06,4.16,2.29,19.41,34.54,34.26,3.19,2.15
2023-03-07,4.05,2.17,19.34,34.23,34.56,3.32,2.33
2023-03-08,4.12,2.12,19.58,34.08,34.37,3.35,2.38
2023-03-09,4.15,2.29,19.37,34.3,34.24,3.23,2.42
2023-03-10,3.99,2.33,20.7,33.27,34.05,3.53,2.13
2023-03-11,4.34,2.52,20.21,34.06,33.46,3.43,1.98
2023-03-12,4.37,2.58,20.01,34.14,33.53,3.38,1.99
2023-03-13,4.57,2.63,20.64,33.14,34.15,3.05,1.82
2023-03-14,4.84,2.63,20.19,32.65,35.38,2.49,1.82
2023-03-15,4.59,2.55,20.0,32.74,35.46,2.63,2.03
2023-03-16,4.8,2.1,19.53,31.75,36.85,3.07,1.9
2023-03-17,4.91,2.16,19.72,31.25,36.65,3.47,1.84
2023-03-18,4.76,2.34,19.82,30.95,36.5,3.7,1.93
2023-03-19,4.75,2.31,19.98,30.78,36.55,3.66,1.97
2023-03-20,4.73,2.44,20.58,30.75,36.13,3.68,1.69
2023-03-21,4.86,2.25,21.01,30.91,35.94,3.42,1.61
2023-03-22,4.78,2.17,20.84,31.42,36.41,2.85,1.53
2023-03-23,5.12,2.26,21.67,30.64,36.19,2.58,1.54
2023-03-24,4.65,2.24,21.98,30.44,36.15,3.06,1.48
2023-03-25,4.32,2.0,22.28,30.92,35.89,3.07,1.52
2023-03-26,4.36,2.04,22.42,31.14,35.5,3.02,1.52
2023-03-27,4.34,2.2,22.59,31.08,35.32,2.83,1.64
2023-03-28,4.4,2.22,22.46,30.81,35.45,2.89,1.77
2023-03-29,4.42,2.18,21.81,30.8,36.18,2.78,1.83
2023-03-30,4.36,2.28,21.94,30.71,36.01,2.87,1.83
2023-03-31,4.37,2.41,21.82,30.96,35.89,2.7,1.85
2023-04-01,4.16,2.47,21.55,31.12,35.99,2.81,1.9
2023-04-02,4.17,2.47,21.53,31.15,35.96,2.82,1.9
2023-04-03,4.12,2.6,21.09,31.51,36.0,2.74,1.94
2023-04-04,4.22,2.61,20.86,31.33,36.33,2.75,1.9
2023-04-05,4.24,2.68,20.7,31.07,36.83,2.66,1.82
2023-04-06,4.19,2.77,20.96,30.83,36.6,2.67,1.98
2023-04-07,4.42,2.53,21.04,31.21,35.91,2.77,2.12
2023-04-08,4.06,2.28,21.25,32.49,35.05,3.03,1.84
2023-04-09,4.04,2.27,21.14,32.39,35.33,2.98,1.85
2023-04-10,4.42,2.44,20.72,32.29,35.71,2.5,1.92
2023-04-11,4.35,2.53,20.61,32.32,35.76,2.44,1.99
2023-04-12,4.36,2.49,20.46,32.35,35.82,2.59,1.93
2023-04-13,4.44,2.36,19.94,32.6,36.2,2.61,1.85
2023-04-14,4.26,1.91,19.34,33.12,36.64,3.07,1.66
2023-04-15,4.5,1.92,18.91,33.28,36.47,3.26,1.66
2023-04-16,4.5,1.94,18.93,33.34,36.33,3.3,1.66
2023-04-17,4.65,1.99,18.5,33.99,35.71,3.47,1.69
2023-04-18,4.75,1.94,18.5,34.15,35.81,3.23,1.62
2023-04-19,4.96,1.91,18.66,33.9,35.58,3.31,1.68
2023-04-20,4.97,2.06,18.58,35.2,34.83,2.58,1.78
2023-04-21,4.88,2.23,18.81,34.76,34.48,2.79,2.05
2023-04-22,4.86,2.22,18.82,34.84,34.41,2.79,2.06
2023-04-23,4.82,2.22,18.82,34.58,34.74,2.75,2.07
2023-04-24,4.57,2.11,18.56,35.27,34.58,2.83,2.08
2023-04-25,5.05,2.23,18.88,34.08,34.41,3.18,2.17
2023-04-26,5.07,2.34,18.41,33.37,35.94,2.96,1.91
2023-04-27,4.52,2.24,18.05,33.78,36.73,2.76,1.92
2023-04-28,4.71,2.04,18.51,33.63,36.59,2.65,1.87
2023-04-29,4.85,2.17,18.52,33.62,36.59,2.41,1.84
2023-04-30,4.84,2.15,18.54,33.63,36.6,2.4,1.84
2023-05-01,4.85,2.17,18.5,33.59,36.65,2.4,1.84
2023-05-02,4.8,2.38,18.22,34.73,35.74,2.33,1.8
2023-05-03,4.75,2.53,18.16,35.25,34.85,2.64,1.82
2023-05-04,4.65,2.89,18.63,35.54,33.74,2.55,2.0
2023-05-05,4.73,2.91,18.44,35.6,33.77,2.54,2.01
2023-05-06,5.14,2.79,18.44,35.89,33.19,2.52,2.03
2023-05-07,5.15,2.79,18.43,35.86,33.21,2.54,2.02
2023-05-08,4.97,2.56,18.94,35.14,33.54,2.8,2.05
2023-05-09,4.58,2.55,19.13,34.86,34.01,2.73,2.14
2023-05-10,4.78,2.51,18.74,35.29,34.07,2.65,1.96
2023-05-11,4.6,2.49,19.01,35.75,33.86,2.38,1.91
2023-05-12,4.59,2.77,18.69,35.25,34.24,2.13,2.33
2023-05-13,4.66,2.63,18.64,35.84,33.76,2.19,2.28
2023-05-14,4.64,2.62,18.65,35.85,33.8,2.17,2.27
2023-05-15,4.22,3.0,18.82,36.0,33.44,2.28,2.24
2023-05-16,4.29,2.93,19.26,35.67,32.66,3.22,1.97
2023-05-17,4.29,2.85,19.0,35.22,33.31,3.36,1.97
2023-05-18,4.37,2.8,19.62,33.87,33.83,3.51,2.0
2023-05-19,4.7,2.43,19.85,33.89,33.87,3.25,2.01
2023-05-20,4.85,2.46,20.05,34.43,33.35,2.94,1.92
2023-05-21,4.89,2.41,19.78,34.56,33.49,2.93,1.94
2023-05-22,5.25,2.21,19.81,34.68,32.96,2.91,2.18
2023-05-23,5.47,2.38,19.16,34.04,33.92,2.92,2.11
2023-05-24,5.65,2.39,19.24,34.14,33.71,2.67,2.2
2023-05-25,5.71,2.43,19.1,34.69,33.26,2.48,2.33
2023-05-26,5.8,2.44,19.22,34.22,33.63,2.34,2.35
2023-05-27,5.63,2.49,19.91,34.69,32.9,2.29,2.09
2023-05-28,5.61,2.48,19.91,34.6,33.0,2.29,2.11
2023-05-29,5.86,2.55,19.41,34.27,33.42,2.37,2.12
2023-05-30,5.95,2.27,19.68,34.24,33.42,2.17,2.27
2023-05-31,6.21,2.51,19.01,33.71,34.04,2.41,2.11
2023-06-01,6.09,2.54,19.25,33.15,34.59,2.34,2.04
2023-06-02,6.19,2.56,18.85,32.82,35.02,2.44,2.12
2023-06-03,6.16,2.51,18.8,32.89,35.15,2.5,1.99
2023-06-04,6.16,2.55,18.79,32.9,35.12,2.5,1.98
2023-06-05,6.17,2.55,18.71,32.9,35.18,2.47,2.02
2023-06-06,5.91,2.52,19.35,32.39,35.01,2.93,1.89
2023-06-07,5.22,3.14,19.01,33.98,34.12,2.76,1.77
2023-06-08,5.3,3.01,19.28,34.37,33.27,2.86,1.91
2023-06-09,5.08,3.08,19.51,34.16,33.26,2.97,1.94
2023-06-10,5.42,2.95,19.48,33.92,33.31,2.92,2.0
2023-06-11,5.39,2.92,19.52,33.99,33.24,2.92,2.02
2023-06-12,5.23,2.99,19.05,34.15,33.82,2.79,1.97
2023-06-13,5.29,2.99,18.98,34.15,33.86,2.77,1.96
2023-06-14,5.34,3.05,18.69,34.96,33.3,2.73,1.93
2023-06-15,5.36,3.24,18.84,34.43,33.53,2.64,1.96
2023-06-16,5.47,3.55,19.04,34.66,32.55,2.73,2.0
2023-06-17,5.58,3.51,18.76,34.6,32.71,2.87,1.97
2023-06-18,5.58,3.5,18.77,34.63,32.68,2.88,1.96
2023-06-19,5.55,3.69,19.12,34.54,32.81,2.37,1.92
2023-06-20,5.44,3.36,18.35,33.96,34.35,2.52,2.02
2023-06-21,5.28,3.39,18.6,33.38,34.91,2.52,1.92
2023-06-22,5.17,3.32,18.6,33.26,35.16,2.47,2.02
2023-06-23,5.2,3.35,18.82,33.36,34.8,2.44,2.03
2023-06-24,5.21,3.29,18.77,33.57,34.84,2.36,1.96
2023-06-25,5.18,3.26,18.78,33.62,34.81,2.36,1.99
2023-06-26,5.12,2.92,18.92,33.72,34.94,2.38,2.0
2023-06-27,5.16,2.84,18.79,34.0,34.74,2.38,2.09
2023-06-28,5.05,2.81,18.4,33.84,35.38,2.37,2.15
2023-06-29,5.04,2.77,18.36,34.13,35.19,2.38,2.13
2023-06-30,4.87,2.41,18.57,34.13,35.31,2.45,2.26
2023-07-01,4.98,2.37,18.48,33.79,35.71,2.45,2.22
2023-07-02,4.95,2.36,18.56,33.83,35.67,2.44,2.19
2023-07-03,5.01,2.46,18.75,33.68,34.95,2.89,2.26
2023-07-04,4.8,2.49,18.87,33.3,35.49,2.8,2.25
2023-07-05,4.47,2.64,19.34,32.89,35.46,3.06,2.14
2023-07-06,4.33,2.81,18.8,33.1,35.76,3.12,2.08
2023-07-07,4.28,2.93,19.51,32.77,35.41,3.24,1.86
2023-07-08,4.26,3.02,19.87,32.62,34.98,2.95,2.3
2023-07-09,4.29,3.04,19.79,32.65,35.03,2.97,2.23
2023-07-10,4.27,3.04,20.25,32.47,34.9,2.82,2.25
2023-07-11,4.18,3.06,20.31,32.7,34.49,2.91,2.35
2023-07-12,4.27,3.05,20.11,32.68,34.17,3.02,2.7
2023-07-13,4.24,3.55,20.15,32.64,33.88,2.94,2.6
2023-07-14,4.4,3.25,19.76,33.44,33.22,3.12,2.81
2023-07-15,4.33,3.24,19.78,33.68,33.12,3.05,2.8
2023-07-16,4.31,3.22,19.85,33.69,33.06,3.06,2.81
2023-07-17,4.35,3.3,20.08,33.93,32.66,2.84,2.84
2023-07-18,4.07,3.34,20.11,34.14,32.83,2.9,2.61
2023-07-19,4.03,2.74,19.39,34.74,33.44,3.01,2.65
2023-07-20,3.91,2.91,19.68,34.33,32.97,3.1,3.1
2023-07-21,4.14,3.02,19.26,33.36,34.49,3.04,2.69
2023-07-22,4.23,2.67,19.09,32.87,35.23,3.08,2.83
2023-07-23,4.21,2.69,19.04,32.82,35.34,3.09,2.81
2023-07-24,4.35,2.6,18.66,32.87,35.39,3.26,2.87
2023-07-25,4.43,2.66,18.44,32.99,35.08,3.32,3.08
2023-07-26,4.39,2.53,18.62,32.52,35.23,3.15,3.56
2023-07-27,4.23,2.56,18.61,32.8,34.99,3.31,3.5
2023-07-28,4.06,2.6,19.33,34.07,33.57,3.14,3.23
2023-07-29,4.09,2.6,19.33,34.08,33.54,3.14,3.22
2023-07-30,4.08,2.63,19.37,34.11,33.45,3.14,3.22
2023-07-31,4.2,2.64,18.79,33.89,33.63,3.31,3.54
2023-08-01,4.48,2.64,18.87,34.13,33.18,3.16,3.54
2023-08-02,4.39,2.41,19.2,34.21,33.23,3.07,3.49
2023-08-03,4.94,2.39,20.23,33.43,32.91,2.96,3.14
2023-08-04,4.74,2.55,20.82,34.02,32.41,3.01,2.45
2023-08-05,4.57,2.74,20.85,33.06,32.77,3.12,2.89
2023-08-06,4.57,2.76,20.83,32.99,32.83,3.12,2.9
2023-08-07,4.59,2.77,20.55,32.38,34.13,3.01,2.57
2023-08-08,4.05,2.61,19.58,32.59,35.56,3.21,2.4
2023-08-09,4.18,2.68,19.09,32.95,35.28,3.44,2.38
2023-08-10,4.34,2.81,18.89,33.02,35.03,3.44,2.47
2023-08-11,4.66,2.99,18.56,33.27,34.72,3.29,2.51
2023-08-12,4.82,3.0,18.49,33.34,34.68,3.18,2.49
2023-08-13,4.82,3.01,18.5,33.32,34.7,3.15,2.5
2023-08-14,4.96,3.27,18.11,33.29,34.64,3.26,2.47
2023-08-15,4.95,3.26,18.04,33.28,34.77,3.25,2.45
2023-08-16,5.07,3.14,18.11,33.33,34.77,3.31,2.27
2023-08-17,5.41,3.08,18.41,33.2,34.13,3.52,2.25
2023-08-18,5.6,2.91,18.49,33.11,33.87,3.74,2.28
2023-08-19,5.16,2.53,18.53,33.36,34.36,3.45,2.61
2023-08-20,5.16,2.52,18.8,33.36,34.25,3.29,2.62
2023-08-21,5.15,2.7,18.17,33.68,34.32,3.44,2.54
2023-08-22,5.24,2.66,18.0,34.36,33.87,3.29,2.58
2023-08-23,5.26,2.67,17.97,34.51,33.66,3.42,2.51
2023-08-24,5.2,2.75,18.52,34.64,33.61,2.82,2.46
2023-08-25,5.04,2.78,19.14,34.01,33.76,2.92,2.35
2023-08-26,4.85,2.71,20.07,33.72,33.42,2.76,2.47
2023-08-27,4.87,2.72,20.08,33.72,33.4,2.74,2.47
2023-08-28,4.87,2.98,20.01,32.64,34.07,2.85,2.58
2023-08-29,4.94,2.99,20.07,32.42,34.05,2.98,2.55
2023-08-30,4.78,3.0,19.92,32.12,34.82,3.05,2.31
2023-08-31,4.8,2.99,19.94,32.08,34.84,3.06,2.29
2023-09-01,4.78,3.04,19.5,31.89,35.04,3.4,2.35
2023-09-02,4.56,2.88,19.7,32.8,34.71,3.04,2.31
2023-09-03,4.54,2.97,19.76,32.69,34.69,3.04,2.31
2023-09-04,4.87,3.0,19.51,32.76,34.8,2.6,2.46
2023-09-05,5.12,2.84,18.87,33.44,34.59,2.97,2.17
2023-09-06,5.36,3.05,18.55,33.3,34.45,2.98,2.31
2023-09-07,5.4,3.05,18.54,33.26,34.49,2.99,2.27
2023-09-08,5.2,2.91,18.79,33.45,34.16,3.19,2.3
2023-09-09,5.21,2.9,18.8,33.44,34.17,3.19,2.29
2023-09-10,5.24,2.92,18.85,33.37,34.14,3.19,2.29
2023-09-11,5.15,2.77,18.98,32.97,34.03,3.46,2.64
2023-09-12,5.23,2.74,19.02,32.41,34.41,3.54,2.65
2023-09-13,5.51,2.92,19.37,32.53,33.74,3.39,2.54
2023-09-14,5.49,2.92,19.4,32.47,33.78,3.4,2.54
2023-09-15,5.46,2.92,19.43,32.53,33.72,3.39,2.55
2023-09-16,5.45,2.92,19.29,32.58,33.83,3.35,2.58
2023-09-17,5.45,2.92,19.32,32.51,33.88,3.34,2.58
2023-09-18,5.42,2.97,18.66,32.18,34.08,3.63,3.06
2023-09-19,5.16,2.82,18.6,31.8,34.79,3.92,2.91
2023-09-20,5.32,2.73,18.57,31.68,34.76,3.92,3.02
2023-09-21,4.88,3.53,18.17,32.06,34.87,3.54,2.95
2023-09-22,4.73,3.62,18.35,32.33,34.41,3.56,3.0
2023-09-23,4.64,3.63,18.14,32.84,34.36,3.63,2.76
2023-09-24,4.56,3.66,18.21,32.9,34.26,3.65,2.76
2023-09-25,4.53,3.61,18.15,32.63,34.49,3.61,2.98
2023-09-26,4.38,3.52,17.93,32.66,34.85,3.7,2.96
2023-09-27,4.24,3.73,17.87,32.35,35.21,3.7,2.9
2023-09-28,4.22,3.65,17.95,32.41,35.19,3.71,2.87
2023-09-29,4.38,3.52,18.12,32.03,35.24,3.78,2.93
2023-09-30,4.44,3.52,18.17,31.82,35.33,3.79,2.93
2023-10-01,4.35,3.51,18.18,32.0,35.22,3.79,2.95
2023-10-02,4.45,3.69,18.14,31.97,35.05,3.78,2.92
2023-10-03,4.4,3.53,18.1,32.17,35.19,3.68,2.93
2023-10-04,4.51,3.46,18.25,32.13,35.09,3.65,2.91
2023-10-05,4.62,3.43,18.59,31.75,35.21,3.53,2.87
2023-10-06,4.73,3.56,18.45,31.5,35.5,3.46,2.8
2023-10-07,4.77,3.52,18.27,31.32,36.18,3.35,2.59
2023-10-08,4.71,3.67,18.18,31.55,35.96,3.34,2.59
2023-10-09,4.33,3.65,18.43,31.24,36.39,3.34,2.62
2023-10-10,4.14,3.41,18.91,32.51,35.46,2.88,2.69
2023-10-11,4.11,3.42,18.92,32.45,35.53,2.87,2.7
2023-10-12,4.1,3.42,18.91,32.47,35.54,2.86,2.7
2023-10-13,4.11,3.42,18.89,32.58,35.42,2.88,2.7
2023-10-14,4.1,3.42,18.97,32.46,35.51,2.84,2.7
2023-10-15,4.1,3.42,18.99,32.49,35.44,2.87,2.69
2023-10-16,4.09,3.47,18.87,32.55,35.45,2.87,2.7
2023-10-17,4.11,3.42,19.0,32.48,35.43,2.87,2.69
2023-10-18,4.1,3.42,18.95,32.46,35.53,2.84,2.7
2023-10-19,4.11,3.42,19.0,32.53,35.4,2.84,2.7
2023-10-20,4.11,3.43,18.96,32.54,35.4,2.84,2.72
2023-10-21,3.96,3.3,17.51,33.36,36.02,3.16,2.69
2023-10-22,3.93,3.3,17.55,33.34,35.98,3.15,2.75
2023-10-23,3.94,3.28,17.45,33.29,36.19,3.15,2.7
2023-10-24,3.95,3.25,17.5,33.21,36.2,3.14,2.75
2023-10-25,3.94,3.29,17.55,33.34,36.03,3.16,2.69
2023-10-26,3.93,3.27,17.47,33.24,36.19,3.15,2.75
2023-10-27,3.95,3.28,17.5,33.33,36.03,3.16,2.75
2023-10-28,4.18,2.9,16.38,34.4,35.96,3.38,2.8
2023-10-29,4.13,2.86,16.41,34.22,36.21,3.36,2.81
2023-10-30,4.19,2.91,16.35,34.27,36.1,3.37,2.81
2023-10-31,4.8,2.63,15.64,34.15,36.78,2.93,3.07
2023-11-01,5.61,2.79,15.08,33.13,37.67,2.62,3.1
2023-11-02,5.32,3.0,15.11,33.54,37.44,2.8,2.79
2023-11-03,5.33,3.01,15.14,33.46,37.46,2.81,2.79
2023-11-04,5.3,3.01,15.1,33.41,37.55,2.83,2.8
2023-11-05,5.36,3.01,15.19,33.46,37.41,2.78,2.79
2023-11-06,4.95,2.97,15.15,33.69,37.7,2.77,2.77
2023-11-07,5.4,3.04,15.13,34.2,36.65,2.78,2.8
2023-11-08,5.12,3.06,15.06,33.52,37.49,2.8,2.95
2023-11-09,4.76,3.2,15.21,33.38,37.61,2.91,2.93
2023-11-10,5.26,3.11,15.13,33.66,37.0,2.95,2.89
2023-11-11,5.13,3.03,15.0,34.44,36.56,2.95,2.89
2023-11-12,5.11,3.07,14.52,34.72,36.49,3.02,3.07
2023-11-13,5.15,3.15,14.33,35.19,36.19,3.01,2.98
2023-11-14,4.83,3.11,14.43,35.39,36.42,2.89,2.93
2023-11-15,4.97,2.87,14.47,35.31,36.43,2.99,2.96
2023-11-16,5.24,2.83,14.2,35.63,36.24,3.01,2.85
2023-11-17,5.25,2.83,14.07,35.68,36.33,3.04,2.8
2023-11-18,5.35,2.8,14.25,35.32,36.38,3.1,2.8
2023-11-19,5.37,2.73,13.98,35.12,36.71,3.24,2.85
2023-11-20,5.31,2.63,14.43,35.16,36.32,3.38,2.77
2023-11-21,5.37,2.64,14.44,35.18,36.25,3.37,2.75
2023-11-22,5.37,2.62,14.4,35.18,36.28,3.38,2.77
2023-11-23,5.32,2.63,14.4,35.15,36.36,3.39,2.75
2023-11-24,5.4,2.63,14.37,35.15,36.27,3.37,2.81
2023-11-25,5.34,2.65,14.44,35.22,36.22,3.38,2.75
2023-11-26,5.34,2.58,14.43,35.2,36.3,3.39,2.76
2023-11-27,5.39,2.59,14.46,35.15,36.26,3.39,2.76
2023-11-28,5.35,2.65,14.42,35.15,36.29,3.39,2.75
2023-11-29,5.37,2.65,14.43,35.16,36.24,3.39,2.76
2023-11-30,5.37,2.64,14.4,35.21,36.23,3.38,2.77
2023-12-01,5.53,2.67,14.34,35.26,36.21,3.26,2.73
2023-12-02,5.49,2.61,14.43,35.47,36.04,3.21,2.75
2023-12-03,5.55,2.56,14.37,35.52,36.03,3.21,2.76
2023-12-04,5.56,2.64,14.42,35.23,36.13,3.23,2.79
2023-12-05,5.5,2.64,14.56,34.85,36.31,3.32,2.82
2023-12-06,5.59,2.63,14.57,34.84,36.23,3.33,2.81
2023-12-07,5.62,2.66,14.7,34.67,36.26,3.32,2.77
2023-12-08,5.61,2.7,14.64,34.69,36.26,3.31,2.79
2023-12-09,5.61,2.59,14.77,34.61,36.39,3.29,2.74
2023-12-10,5.57,2.57,14.58,34.69,36.28,3.56,2.75
2023-12-11,5.73,2.64,15.22,34.01,36.18,3.21,3.01
2023-12-12,5.97,2.48,16.14,33.63,35.71,3.25,2.82
2023-12-13,6.01,2.49,16.11,33.52,35.79,3.27,2.81
2023-12-14,5.96,2.48,16.08,33.6,35.79,3.27,2.82
2023-12-15,5.98,2.47,16.09,33.64,35.72,3.26,2.84
2023-12-16,5.93,2.55,16.11,33.58,35.8,3.26,2.77
2023-12-17,5.84,2.53,16.11,33.5,35.96,3.27,2.79
2023-12-18,5.83,2.74,15.21,32.87,37.65,3.38,2.32
2023-12-19,6.29,2.39,15.64,32.35,37.42,3.67,2.24
2023-12-20,6.31,2.42,15.56,32.09,37.83,3.55,2.24
2023-12-21,6.28,2.38,15.63,31.79,38.12,3.52,2.28
2023-12-22,5.84,2.41,15.61,31.92,38.48,3.5,2.24
2023-12-23,6.12,2.38,15.6,31.8,38.38,3.45,2.27
2023-12-24,5.78,2.4,15.57,31.87,38.62,3.46,2.3
2023-12-25,6.08,2.39,15.53,31.85,38.32,3.56,2.27
2023-12-26,5.55,2.41,15.55,31.93,38.71,3.46,2.39
2023-12-27,5.71,2.41,15.57,31.75,38.76,3.52,2.28
2023-12-28,5.97,2.45,15.69,30.26,40.12,3.21,2.3
2023-12-29,5.65,2.01,15.9,31.02,39.34,3.83,2.25
2023-12-30,5.6,1.98,16.0,31.16,39.2,3.74,2.32
2023-12-31,5.62,1.98,16.0,31.19,39.11,3.77,2.33
2024-01-01,5.61,2.0,16.04,31.1,39.19,3.74,2.32
2024-01-02,5.24,2.02,16.61,32.52,36.94,3.81,2.86
2024-01-03,4.78,1.94,16.42,32.7,37.42,4.04,2.7
2024-01-04,5.06,1.96,16.27,32.74,37.46,3.87,2.64
2024-01-05,4.82,2.09,16.34,32.79,37.64,3.85,2.47
2024-01-06,4.76,2.1,16.46,32.72,37.86,3.82,2.28
2024-01-07,4.77,2.04,16.39,32.76,37.73,3.81,2.5
2024-01-08,4.72,2.09,16.36,32.67,38.09,3.78,2.29
2024-01-09,5.1,2.13,16.26,32.51,37.59,4.06,2.35
2024-01-10,5.79,2.35,15.82,32.19,37.65,4.03,2.17
2024-01-11,5.86,2.28,14.91,32.44,38.24,4.15,2.12
2024-01-12,5.82,2.09,14.35,31.68,39.78,4.29,1.99
2024-01-13,5.85,2.12,13.54,31.41,41.51,3.77,1.8
2024-01-14,5.84,2.13,13.51,31.46,41.52,3.77,1.77
2024-01-15,5.83,2.12,13.56,31.37,41.56,3.78,1.78
2024-01-16,5.96,2.12,13.54,31.37,41.39,3.8,1.82
2024-01-17,6.59,2.21,13.27,30.23,41.8,4.17,1.73
2024-01-18,6.59,2.46,13.42,31.1,40.24,4.08,2.11
2024-01-19,6.68,2.35,13.83,32.45,38.04,4.51,2.14
2024-01-20,5.88,2.53,14.62,33.11,36.6,4.86,2.4
2024-01-21,5.89,2.51,14.74,33.11,36.58,4.86,2.31
2024-01-22,6.38,2.57,15.1,33.56,35.76,4.45,2.18
2024-01-23,6.45,2.58,15.07,33.58,35.93,4.22,2.17
2024-01-24,6.21,2.59,14.44,34.32,36.4,3.74,2.3
2024-01-25,6.7,2.67,14.66,34.44,35.41,3.79,2.33
2024-01-26,6.74,2.66,14.62,34.45,35.43,3.77,2.33
2024-01-27,7.03,2.7,14.97,34.03,35.14,3.39,2.74
2024-01-28,7.37,2.74,14.87,34.06,34.8,3.32,2.84
2024-01-29,7.4,2.7,14.84,34.33,34.56,3.31,2.86
2024-01-30,7.41,2.92,14.61,33.93,35.05,3.41,2.67
2024-01-31,7.13,2.82,14.7,33.63,35.37,3.64,2.71
2024-02-01,6.32,2.96,15.33,32.72,35.65,3.94,3.08
2024-02-02,6.29,2.73,16.1,33.55,34.92,3.48,2.93
2024-02-03,5.83,2.72,15.57,32.78,36.66,3.85,2.59
2024-02-04,5.84,2.72,15.58,32.81,36.61,3.84,2.6
2024-02-05,5.84,2.8,15.58,32.88,36.49,3.85,2.56
2024-02-06,6.57,2.82,14.99,33.68,36.03,3.69,2.22
2024-02-07,6.59,2.81,14.17,33.85,36.53,4.02,2.03
2024-02-08,6.61,2.82,14.19,34.25,36.07,4.11,1.95
2024-02-09,6.66,2.77,14.0,34.57,36.05,4.02,1.93
2024-02-10,6.69,2.77,13.94,35.22,35.47,3.96,1.95
2024-02-11,6.65,2.76,13.92,35.04,35.77,3.92,1.94
2024-02-12,6.7,2.78,13.89,35.21,35.5,3.96,1.96
2024-02-13,6.68,2.77,13.94,35.24,35.46,3.94,1.97
2024-02-14,6.69,2.78,13.88,35.23,35.53,3.96,1.93
2024-02-15,6.5,2.63,14.68,35.55,35.08,3.73,1.83
2024-02-16,5.64,2.57,16.89,33.05,35.59,3.6,2.66
2024-02-17,5.75,2.79,16.06,34.05,35.55,3.65,2.15
2024-02-18,5.75,2.79,16.0,34.06,35.62,3.62,2.16
2024-02-19,6.51,2.78,15.3,33.47,36.64,3.42,1.88
2024-02-20,6.49,2.71,14.69,32.93,37.16,3.68,2.34
2024-02-21,7.02,2.78,14.22,33.74,36.12,3.72,2.4
2024-02-22,7.01,2.67,14.88,34.8,34.54,3.68,2.42
2024-02-23,6.71,2.52,16.3,35.32,33.62,3.43,2.1
2024-02-24,6.84,2.66,15.87,35.7,33.22,3.13,2.58
2024-02-25,6.75,2.67,15.93,35.71,33.24,3.13,2.57
2024-02-26,6.52,2.64,14.77,34.39,35.49,3.32,2.87
2024-02-27,5.53,2.93,14.02,35.84,35.47,3.63,2.58
2024-02-28,5.82,2.99,14.76,36.28,34.3,3.79,2.06
2024-02-29,6.21,2.63,14.96,36.04,34.75,3.53,1.88
2024-03-01,6.42,2.63,14.75,37.08,33.99,3.4,1.73
2024-03-02,5.82,2.56,15.68,36.55,34.42,3.22,1.75
2024-03-03,5.75,2.56,15.8,36.55,34.38,3.21,1.75
2024-03-04,5.99,2.76,16.42,36.21,33.5,3.58,1.54
2024-03-05,6.06,3.11,15.9,35.06,34.52,3.53,1.82
2024-03-06,5.96,2.91,16.21,34.64,34.78,3.68,1.82
2024-03-07,5.8,3.01,16.35,33.76,35.16,3.87,2.05
2024-03-08,5.8,2.93,15.81,33.84,35.62,3.98,2.02
2024-03-09,5.82,3.0,15.89,33.83,35.44,3.98,2.04
2024-03-10,5.82,2.99,15.92,33.84,35.43,3.96,2.04
2024-03-11,5.85,2.96,15.86,33.74,35.68,3.87,2.04
2024-03-12,5.89,2.91,15.39,33.81,35.92,4.13,1.95
2024-03-13,6.24,2.67,14.79,34.42,35.84,4.0,2.04
2024-03-14,6.62,2.91,15.28,34.17,35.27,3.65,2.1
2024-03-15,5.91,3.2,14.49,33.34,36.91,4.11,2.04
2024-03-16,6.77,3.1,14.37,33.99,35.59,3.62,2.56
2024-03-17,6.84,3.09,14.35,33.99,35.53,3.64,2.56
2024-03-18,6.63,2.85,14.8,34.85,34.16,4.27,2.44
2024-03-19,6.43,3.03,14.35,35.35,34.55,3.63,2.66
2024-03-20,6.42,3.04,14.36,35.3,34.58,3.63,2.67
2024-03-21,6.4,3.07,15.11,35.02,35.15,3.13,2.12
2024-03-22,6.24,2.82,15.22,33.94,36.79,3.27,1.72
2024-03-23,5.95,2.71,14.83,34.51,37.03,3.01,1.96
2024-03-24,5.96,2.71,14.75,34.62,36.98,3.02,1.96
2024-03-25,5.96,2.71,14.79,34.52,37.05,3.02,1.95
2024-03-26,5.97,2.7,14.81,34.57,37.02,2.98,1.95
2024-03-27,6.4,3.59,15.21,34.52,34.34,3.7,2.24
2024-03-28,6.8,3.38,14.76,34.71,34.49,3.81,2.05
2024-03-29,7.14,3.12,14.29,34.2,35.61,3.56,2.08
2024-03-30,7.16,3.26,14.5,34.65,34.85,3.58,2.0
2024-03-31,7.15,3.26,14.58,34.63,34.8,3.58,2.0
2024-04-01,7.43,3.09,15.32,34.44,34.96,3.05,1.71
2024-04-02,7.27,3.36,14.66,34.42,34.89,3.56,1.84
2024-04-03,7.04,3.19,14.77,34.93,34.31,3.73,2.03
2024-04-04,6.85,3.44,14.98,35.27,33.29,3.97,2.2
2024-04-05,7.31,3.79,14.89,34.43,33.7,3.06,2.82
2024-04-06,6.63,4.35,14.98,33.04,34.15,3.89,2.96
2024-04-07,6.64,4.36,14.85,33.07,34.21,3.9,2.97
2024-04-08,6.46,3.41,15.01,33.62,35.47,3.61,2.42
2024-04-09,6.03,3.34,16.06,33.85,33.97,4.41,2.34
2024-04-10,6.22,3.38,16.19,33.62,34.53,3.78,2.28
2024-04-11,6.19,3.36,16.17,33.6,34.57,3.83,2.28
2024-04-12,5.98,3.6,16.05,33.69,34.76,3.69,2.23
2024-04-13,6.02,3.22,15.86,33.69,35.36,3.66,2.19
2024-04-14,6.02,3.27,15.83,33.69,35.4,3.63,2.16
2024-04-15,6.15,3.35,15.58,33.85,35.43,3.59,2.05
2024-04-16,6.34,2.87,15.8,33.41,35.94,3.4,2.24
2024-04-17,5.9,3.26,14.74,33.06,36.71,3.41,2.92
2024-04-18,6.09,3.29,13.94,34.39,36.07,3.2,3.02
2024-04-19,6.32,2.84,14.49,33.97,36.14,3.31,2.93
2024-04-20,6.15,2.88,14.88,34.24,36.29,3.04,2.52
2024-04-21,6.13,2.87,14.92,34.28,36.24,3.03,2.53
2024-04-22,6.16,2.76,15.16,34.64,35.69,3.05,2.54
2024-04-23,6.3,2.77,14.73,33.79,36.91,3.03,2.47
2024-04-24,6.37,2.67,14.74,34.41,36.25,3.09,2.47
2024-04-25,6.41,2.7,14.53,33.96,36.38,3.36,2.66
2024-04-26,6.74,2.86,14.46,33.91,35.92,3.39,2.72
2024-04-27,7.1,2.91,13.86,34.11,35.99,3.36,2.67
2024-04-28,7.11,2.92,13.83,34.11,36.0,3.35,2.68
2024-04-29,7.25,3.03,13.37,34.36,35.95,3.43,2.61
2024-04-30,6.98,2.89,12.96,33.94,36.71,3.81,2.71
2024-05-01,6.88,2.84,13.23,33.87,36.92,3.64,2.62
2024-05-02,6.52,2.69,13.7,34.08,36.49,3.9,2.62
2024-05-03,6.39,2.64,14.12,34.36,36.13,3.84,2.52
2024-05-04,6.4,2.68,14.21,34.34,36.22,3.76,2.39
2024-05-05,6.36,2.67,14.17,34.44,36.18,3.78,2.4
2024-05-06,6.54,2.92,13.94,33.99,36.34,3.85,2.42
2024-05-07,6.46,2.96,13.27,34.43,36.8,3.69,2.39
2024-05-08,6.32,3.09,13.55,33.95,37.07,3.66,2.36
2024-05-09,6.31,3.09,13.64,33.94,37.0,3.66,2.36
2024-05-10,6.26,3.1,13.67,33.92,36.98,3.66,2.41
2024-05-11,6.24,3.1,13.69,33.99,36.94,3.63,2.41
2024-05-12,6.25,3.1,13.67,33.98,36.94,3.66,2.4
2024-05-13,6.25,3.1,13.7,33.92,36.97,3.64,2.42
2024-05-14,6.26,3.1,13.67,33.98,36.95,3.64,2.4
2024-05-15,6.25,3.11,13.69,33.97,36.92,3.66,2.4
2024-05-16,6.24,3.11,13.64,34.01,36.95,3.65,2.4
2024-05-17,6.25,3.1,13.67,34.02,36.93,3.66,2.37
2024-05-18,6.26,3.11,13.73,33.88,36.98,3.66,2.38
2024-05-19,6.25,3.1,13.68,33.9,36.99,3.67,2.41
2024-05-20,6.19,3.12,13.83,33.94,36.91,3.57,2.44
2024-05-21,6.02,3.14,14.08,33.69,37.1,3.53,2.44
2024-05-22,6.14,3.16,14.14,33.5,37.01,3.49,2.56
2024-05-23,6.13,3.11,14.33,33.19,37.1,3.37,2.77
2024-05-24,6.29,2.98,14.5,33.35,36.6,3.46,2.82
2024-05-25,6.32,2.84,15.19,33.33,36.27,3.43,2.62
2024-05-26,6.34,2.82,15.25,33.44,36.04,3.44,2.67
2024-05-27,6.5,3.01,15.1,33.76,35.57,3.49,2.57
2024-05-28,6.39,2.86,14.63,33.78,36.18,3.55,2.61
2024-05-29,6.29,2.82,14.11,33.76,36.8,3.66,2.56
2024-05-30,5.78,2.51,14.71,32.95,37.34,4.14,2.57
2024-05-31,5.98,2.56,14.42,32.24,37.56,4.36,2.88
2024-06-01,6.08,2.58,14.72,32.3,36.32,4.83,3.17
2024-06-02,6.09,2.58,14.73,32.33,36.42,4.74,3.11
2024-06-03,6.28,2.36,15.27,32.2,36.24,4.03,3.62
2024-06-04,5.73,3.02,16.67,33.02,34.7,3.44,3.42
2024-06-05,5.77,2.51,16.76,33.02,34.73,3.14,4.07
2024-06-06,5.72,2.54,16.35,32.57,35.17,3.64,4.01
2024-06-07,5.72,2.54,16.38,32.53,35.22,3.62,3.99
2024-06-08,5.73,2.54,16.27,32.55,35.28,3.63,4.0
2024-06-09,5.71,2.53,16.35,32.54,35.25,3.61,4.01
2024-06-10,6.34,2.42,14.91,33.66,34.68,3.58,4.41
2024-06-11,6.15,2.07,13.41,34.76,35.48,3.95,4.18
2024-06-12,6.29,2.17,13.43,34.24,36.14,3.27,4.46
2024-06-13,6.25,2.24,13.28,34.31,35.82,3.38,4.72
2024-06-14,6.32,2.31,13.34,34.72,35.32,3.23,4.76
2024-06-15,7.3,2.12,12.91,35.44,34.84,2.77,4.62
2024-06-16,7.3,2.11,12.87,35.41,34.85,2.79,4.67
2024-06-17,7.3,2.12,12.84,35.44,34.87,2.76,4.67
2024-06-18,7.65,1.81,14.09,34.09,35.31,3.02,4.03
2024-06-19,7.17,2.06,13.49,33.96,35.94,3.66,3.72
2024-06-20,6.98,1.9,13.41,33.92,36.35,3.67,3.77
2024-06-21,7.04,2.05,12.66,34.53,36.45,3.45,3.82
2024-06-22,6.9,1.9,12.85,34.53,34.76,3.54,5.52
2024-06-23,6.9,1.9,12.85,34.55,34.79,3.54,5.47
2024-06-24,6.8,2.09,12.89,34.67,34.62,3.59,5.34
2024-06-25,6.35,1.95,12.53,34.95,36.69,3.69,3.84
2024-06-26,6.3,2.61,12.33,35.51,35.71,3.73,3.81
2024-06-27,6.47,2.68,12.38,35.11,35.72,3.66,3.98
2024-06-28,6.31,2.6,12.53,35.73,35.52,3.34,3.97
2024-06-29,6.25,2.61,12.18,35.74,36.01,3.15,4.06
2024-06-30,6.23,2.61,12.25,35.79,35.95,3.14,4.03
2024-07-01,6.29,2.92,12.32,34.96,36.33,2.96,4.22
2024-07-02,6.48,3.07,12.41,34.64,36.19,3.04,4.17
2024-07-03,5.57,2.88,12.34,35.59,36.42,2.99,4.21
2024-07-04,5.5,2.97,12.48,35.46,36.31,3.11,4.17
2024-07-05,5.72,2.83,12.63,34.79,36.77,3.04,4.22
2024-07-06,6.53,3.05,12.53,33.83,36.92,3.25,3.89
2024-07-07,6.51,3.05,12.51,33.89,36.91,3.25,3.88
2024-07-08,6.63,2.75,12.26,33.81,37.11,3.3,4.14
2024-07-09,6.58,2.7,12.44,33.93,36.69,3.36,4.3
2024-07-10,6.52,2.81,12.17,33.89,36.76,3.51,4.34
2024-07-11,6.29,2.92,12.56,34.25,35.41,3.78,4.79
2024-07-12,6.46,2.9,12.86,33.81,34.94,4.25,4.78
2024-07-13,6.22,2.81,12.96,33.82,34.92,4.31,4.96
2024-07-14,6.17,2.78,12.95,33.94,34.83,4.31,5.02
2024-07-15,6.27,2.97,12.81,33.11,35.79,4.52,4.53
2024-07-16,6.1,3.12,12.51,32.87,36.06,4.6,4.74
2024-07-17,6.09,3.13,12.53,32.94,36.02,4.57,4.72
2024-07-18,6.01,3.12,12.52,33.61,35.95,4.28,4.51
2024-07-19,6.27,2.73,12.34,33.98,36.07,4.29,4.32
2024-07-20,6.12,3.24,12.91,34.64,35.2,3.33,4.56
2024-07-21,6.13,3.24,12.92,34.83,35.09,3.33,4.46
2024-07-22,6.08,2.92,13.06,33.55,36.63,3.3,4.46
2024-07-23,6.22,2.69,12.86,33.49,37.88,3.29,3.57
2024-07-24,6.37,2.54,13.21,33.65,37.28,3.27,3.68
2024-07-25,6.06,2.54,13.02,34.68,37.35,3.11,3.24
2024-07-26,5.69,2.17,13.34,35.24,37.05,3.31,3.2
2024-07-27,5.89,2.15,13.35,35.82,36.44,3.22,3.13
2024-07-28,5.89,2.15,13.37,35.84,36.39,3.22,3.14
2024-07-29,5.58,1.93,12.59,36.78,36.47,3.31,3.34
2024-07-30,5.62,2.07,12.72,35.76,36.71,3.3,3.82
2024-07-31,5.65,2.07,12.58,35.62,36.93,3.3,3.85
2024-08-01,5.63,2.1,12.56,35.45,37.14,3.29,3.83
2024-08-02,5.64,2.1,12.49,35.33,37.31,3.27,3.86
2024-08-03,5.71,2.14,12.42,35.11,37.52,3.24,3.86
2024-08-04,5.74,2.13,12.39,35.14,37.47,3.27,3.86
2024-08-05,5.82,2.24,12.3,34.82,37.84,3.1,3.88
2024-08-06,5.98,2.02,12.24,35.21,36.73,3.81,4.01
2024-08-07,6.03,2.07,12.09,35.27,36.52,3.96,4.06
2024-08-08,6.1,2.17,11.79,34.92,36.87,3.99,4.16
2024-08-09,6.44,2.57,12.54,34.31,36.07,3.87,4.2
2024-08-10,6.5,2.67,13.1,34.06,36.31,3.52,3.84
2024-08-11,6.5,2.68,13.1,34.03,36.35,3.52,3.82
2024-08-12,6.75,2.61,12.78,33.17,37.6,3.65,3.44
2024-08-13,6.71,2.77,12.61,33.28,37.68,3.52,3.43
2024-08-14,6.57,2.78,12.74,32.34,38.05,4.04,3.48
2024-08-15,6.57,2.76,12.82,32.41,37.93,4.03,3.48
2024-08-16,6.27,2.53,12.74,33.64,37.17,4.05,3.6
2024-08-17,6.46,2.6,13.47,33.29,36.76,3.76,3.66
2024-08-18,6.46,2.56,13.47,33.33,36.77,3.74,3.67
2024-08-19,6.44,2.6,13.48,33.29,36.76,3.74,3.69
2024-08-20,6.14,2.48,13.08,33.44,37.6,3.64,3.62
2024-08-21,6.29,2.19,13.35,32.94,38.87,2.83,3.53
2024-08-22,5.96,1.95,13.53,32.78,39.1,3.11,3.57
2024-08-23,6.65,1.95,12.82,33.01,38.63,3.29,3.65
2024-08-24,6.77,2.1,12.76,33.02,38.11,3.5,3.74
2024-08-25,6.79,2.08,12.8,33.01,38.07,3.5,3.75
2024-08-26,6.75,2.08,12.89,33.07,37.95,3.52,3.74
2024-08-27,6.58,2.47,12.79,32.52,38.17,3.74,3.73
2024-08-28,6.2,2.48,12.97,32.88,38.0,3.65,3.82
2024-08-29,6.2,2.69,13.47,32.64,37.59,3.47,3.94
2024-08-30,6.59,2.65,13.43,33.16,37.16,3.15,3.86
2024-08-31,6.57,2.6,13.4,33.32,36.85,3.25,4.01
2024-09-01,6.59,2.59,13.39,33.32,36.86,3.24,4.01
2024-09-02,6.13,2.54,13.0,33.53,37.3,3.34,4.16
2024-09-03,6.02,2.09,13.23,33.42,37.98,3.2,4.06
2024-09-04,5.76,2.14,13.13,33.78,38.52,2.84,3.83
2024-09-05,5.57,2.08,13.09,32.87,40.23,2.7,3.46
2024-09-06,5.75,2.13,13.24,32.32,40.33,2.96,3.27
2024-09-07,5.91,2.03,12.87,32.45,40.4,3.1,3.24
2024-09-08,5.92,2.0,12.84,32.48,40.43,3.08,3.25
2024-09-09,6.26,1.99,13.19,32.36,40.15,2.93,3.12
2024-09-10,6.54,1.85,12.56,32.29,40.4,3.13,3.23
2024-09-11,6.46,2.0,12.88,32.16,40.01,3.17,3.32
2024-09-12,6.21,2.13,12.4,33.05,39.96,3.03,3.22
2024-09-13,6.43,2.19,12.33,33.28,39.26,3.21,3.3
2024-09-14,6.64,2.05,11.59,34.22,38.49,3.4,3.61
2024-09-15,6.64,2.04,11.58,34.21,38.51,3.41,3.61
2024-09-16,6.62,2.02,11.55,34.23,38.59,3.39,3.6
2024-09-17,6.95,2.05,11.17,33.62,39.5,3.19,3.52
2024-09-18,6.82,1.89,11.4,34.06,39.33,2.89,3.61
2024-09-19,6.81,1.78,10.97,34.24,39.68,2.9,3.62
2024-09-20,6.7,1.75,11.03,34.29,39.54,3.01,3.68
2024-09-21,6.55,1.83,11.06,34.33,39.71,2.93,3.59
2024-09-22,6.54,1.84,11.08,34.41,39.59,2.92,3.62
2024-09-23,6.29,1.82,11.28,33.87,40.4,2.95,3.39
2024-09-24,6.59,1.95,11.85,33.05,40.63,2.78,3.15
2024-09-25,6.62,2.01,12.11,33.12,40.11,2.77,3.26
2024-09-26,6.53,2.24,11.96,33.35,39.93,2.72,3.27
2024-09-27,6.13,2.15,11.91,33.87,39.67,2.98,3.29
2024-09-28,6.67,2.12,11.53,33.76,39.67,3.03,3.22
2024-09-29,6.67,2.12,11.55,33.77,39.62,3.05,3.22
2024-09-30,6.89,2.11,12.22,33.46,39.03,3.08,3.21
2024-10-01,6.79,2.28,12.19,33.22,39.04,3.25,3.23
2024-10-02,6.78,2.29,12.23,33.26,38.93,3.26,3.25
2024-10-03,6.99,2.2,11.91,33.72,38.19,3.67,3.32
2024-10-04,7.21,2.19,11.79,33.71,38.08,3.69,3.33
2024-10-05,7.41,2.44,12.03,32.61,38.61,3.74,3.16
2024-10-06,7.43,2.45,12.0,32.63,38.59,3.73,3.17
2024-10-07,7.55,2.42,12.29,32.68,38.52,3.45,3.09
2024-10-08,6.97,2.45,12.8,33.38,38.16,3.38,2.86
2024-10-09,6.75,2.43,13.17,33.05,38.06,3.32,3.22
2024-10-10,6.93,2.52,13.2,32.72,38.3,3.15,3.18
2024-10-11,6.6,2.55,12.9,33.22,38.3,3.19,3.24
2024-10-12,6.63,2.55,12.89,33.26,38.24,3.18,3.25
2024-10-13,6.6,2.56,12.95,33.23,38.24,3.18,3.24
2024-10-14,6.65,2.47,13.91,33.93,36.03,3.36,3.65
2024-10-15,6.67,2.51,13.93,33.86,36.04,3.35,3.64
2024-10-16,6.56,2.49,13.91,33.97,36.05,3.38,3.64
2024-10-17,6.64,2.49,13.96,33.93,35.99,3.36,3.63
2024-10-18,6.64,2.47,13.89,33.87,36.15,3.35,3.63
2024-10-19,6.21,2.45,13.97,34.61,35.8,3.43,3.53
2024-10-20,6.23,2.45,13.98,34.7,35.7,3.41,3.53
2024-10-21,5.93,2.53,13.37,34.6,36.55,3.67,3.35
2024-10-22,5.92,2.57,13.39,34.66,36.6,3.49,3.37
2024-10-23,5.87,2.5,13.34,34.93,36.67,3.28,3.41
2024-10-24,5.47,2.52,12.83,34.71,37.66,3.35,3.46
2024-10-25,5.37,2.39,13.2,35.12,37.24,3.41,3.27
2024-10-26,5.41,2.43,13.02,35.67,36.82,3.48,3.17
2024-10-27,5.4,2.43,13.07,35.68,36.75,3.48,3.19
2024-10-28,5.31,2.44,13.12,35.61,36.98,3.39,3.15
2024-10-29,5.73,2.29,12.8,34.61,37.95,3.44,3.18
2024-10-30,5.98,2.38,13.22,33.88,38.29,3.24,3.01
2024-10-31,5.96,2.41,13.21,33.83,38.33,3.24,3.02
2024-11-01,6.02,2.42,13.04,33.85,38.41,3.23,3.03
2024-11-02,6.0,2.38,13.19,33.83,38.33,3.23,3.04
2024-11-03,6.01,2.39,13.24,33.79,38.3,3.25,3.02
2024-11-04,6.1,2.31,13.02,34.24,38.14,2.94,3.25
2024-11-05,5.97,2.27,12.91,34.0,37.07,4.49,3.29
2024-11-06,5.36,2.21,12.82,34.88,36.33,4.97,3.43
2024-11-07,5.48,2.24,13.01,34.52,36.78,4.73,3.24
2024-11-08,5.44,2.15,12.89,34.89,36.81,4.54,3.28
2024-11-09,5.93,2.21,12.87,34.17,37.38,4.11,3.33
2024-11-10,5.93,2.22,12.91,34.15,37.36,4.07,3.36
2024-11-11,5.83,2.22,13.19,34.5,37.12,3.47,3.67
2024-11-12,6.09,2.36,13.22,34.17,37.16,3.41,3.59
2024-11-13,6.49,2.3,13.05,34.41,36.63,3.37,3.75
2024-11-14,6.29,2.31,12.87,34.52,37.07,3.33,3.61
2024-11-15,6.31,2.33,12.88,34.5,37.1,3.25,3.63
2024-11-16,6.54,2.25,12.94,34.71,36.75,3.19,3.62
2024-11-17,6.53,2.26,12.98,34.73,36.84,3.07,3.59
2024-11-18,6.51,2.18,13.02,34.91,36.62,3.27,3.49
2024-11-19,6.31,2.2,13.28,34.81,36.89,3.02,3.49
2024-11-20,6.47,2.19,13.28,35.6,35.9,3.05,3.51
2024-11-21,6.27,2.16,13.06,35.67,36.06,3.2,3.58
2024-11-22,6.03,2.11,13.75,35.68,35.71,3.2,3.52
2024-11-23,5.99,1.92,14.01,33.08,37.54,3.71,3.75
2024-11-24,6.02,1.92,13.97,33.17,37.42,3.72,3.78
2024-11-25,5.77,2.33,13.84,33.2,37.75,3.6,3.51
2024-11-26,5.26,2.56,13.9,34.28,37.16,3.49,3.35
2024-11-27,5.43,2.62,14.0,34.04,37.02,3.43,3.46
2024-11-28,5.72,2.26,13.08,34.43,37.77,3.32,3.42
2024-11-29,5.19,2.32,13.2,35.39,37.36,3.4,3.14
2024-11-30,5.17,2.29,12.75,35.17,38.19,3.26,3.17
2024-12-01,5.18,2.3,12.79,35.23,38.1,3.28,3.12
2024-12-02,5.53,2.11,13.04,34.95,38.04,3.2,3.13
2024-12-03,5.83,2.26,13.06,34.41,37.82,3.09,3.53
2024-12-04,5.52,2.07,13.12,34.37,38.02,3.19,3.71
2024-12-05,5.62,2.06,13.36,33.56,39.24,2.79,3.37
2024-12-06,5.15,1.96,13.09,34.02,39.83,2.69,3.26
2024-12-07,4.81,2.14,13.05,34.41,39.76,2.58,3.25
2024-12-08,4.78,2.12,13.07,34.26,39.92,2.61,3.24
2024-12-09,5.19,2.05,13.18,34.74,39.26,2.51,3.07
2024-12-10,5.0,2.05,13.14,34.45,39.34,2.72,3.3
2024-12-11,5.12,2.04,12.88,34.19,39.68,2.85,3.24
2024-12-12,5.2,1.85,12.56,33.18,41.04,2.87,3.3
2024-12-13,5.31,1.84,12.59,34.03,40.02,2.96,3.25
2024-12-14,5.25,1.85,13.23,34.46,39.42,2.8,2.99
2024-12-15,5.26,1.87,13.1,34.4,39.29,2.79,3.29
2024-12-16,5.31,2.0,12.75,34.99,38.38,3.35,3.22
2024-12-17,5.23,2.06,12.78,35.08,38.74,3.1,3.01
2024-12-18,5.82,2.31,12.93,34.72,37.72,3.26,3.24
2024-12-19,5.63,2.48,12.49,33.28,39.44,3.35,3.33
2024-12-20,5.98,2.47,12.62,33.14,39.03,3.34,3.42
2024-12-21,6.1,2.54,12.63,33.03,39.12,3.39,3.19
2024-12-22,5.94,2.54,12.65,33.04,39.04,3.53,3.26
2024-12-23,6.05,2.48,12.46,33.7,38.92,3.13,3.26
2024-12-24,5.93,2.34,12.51,33.74,39.17,3.13,3.18
2024-12-25,6.32,2.39,12.24,33.5,39.39,2.91,3.25
2024-12-26,5.95,2.29,12.74,33.42,39.62,2.73,3.25
2024-12-27,6.04,2.17,13.23,33.9,38.62,2.73,3.31
2024-12-28,6.01,2.15,13.66,33.85,38.41,2.56,3.36
2024-12-29,6.05,2.23,13.37,33.58,38.87,2.56,3.34
2024-12-30,5.89,2.29,13.33,33.46,39.11,2.45,3.47
2024-12-31,5.86,2.27,13.35,33.38,39.21,2.44,3.49
2025-01-01,5.44,2.4,13.67,33.45,38.68,2.57,3.79
2025-01-02,5.44,2.48,13.35,33.44,39.26,2.5,3.53
2025-01-03,5.82,2.38,13.15,33.19,39.23,2.67,3.56
2025-01-04,6.06,2.49,13.08,33.29,38.41,3.11,3.56
2025-01-05,5.96,2.46,13.36,33.63,38.0,3.25,3.34
2025-01-06,6.05,2.52,13.41,34.22,37.31,3.17,3.32
2025-01-07,6.35,2.49,13.1,34.08,37.37,3.42,3.19
2025-01-08,6.53,2.44,12.88,34.07,37.14,3.69,3.25
2025-01-09,6.52,2.41,12.79,33.98,37.43,3.63,3.24
2025-01-10,6.62,2.33,13.0,33.67,37.26,3.67,3.45
2025-01-11,6.62,2.31,12.97,33.82,37.12,3.63,3.53
2025-01-12,6.61,2.23,12.92,33.79,37.19,3.69,3.57
2025-01-13,6.65,2.23,12.99,33.74,37.29,3.64,3.46
2025-01-14,6.65,2.23,13.02,33.76,37.28,3.62,3.44
2025-01-15,6.63,2.23,12.99,33.73,37.36,3.63,3.43
2025-01-16,6.62,2.35,13.07,33.67,37.28,3.57,3.44
2025-01-17,6.7,2.29,12.86,33.43,37.68,3.58,3.46
2025-01-18,7.12,2.24,12.78,33.4,37.65,3.42,3.39
2025-01-19,7.11,2.22,12.79,33.42,37.62,3.45,3.39
2025-01-20,7.33,2.2,12.89,33.43,37.18,3.43,3.54
2025-01-21,7.3,2.16,12.83,33.46,37.31,3.42,3.52
2025-01-22,7.28,2.16,12.96,33.36,37.31,3.41,3.52
2025-01-23,7.27,2.19,12.92,33.4,37.26,3.44,3.52
2025-01-24,7.33,2.18,12.85,33.44,37.22,3.44,3.54
2025-01-25,7.28,2.16,12.93,33.55,37.19,3.38,3.51
2025-01-26,7.38,2.16,12.85,33.52,37.09,3.44,3.56
2025-01-27,7.28,2.17,13.05,33.43,37.16,3.35,3.56
2025-01-28,7.2,2.24,13.02,33.6,37.08,3.31,3.55
2025-01-29,7.07,2.14,13.21,33.57,37.11,3.34,3.56
2025-01-30,7.28,2.16,13.3,33.65,36.67,3.37,3.57
2025-01-31,7.32,2.19,13.39,33.49,36.55,3.4,3.66
2025-02-01,7.37,2.16,13.2,33.82,36.44,3.4,3.61
2025-02-02,7.35,2.16,13.24,33.79,36.43,3.4,3.63
2025-02-03,7.49,2.18,13.17,33.96,36.38,3.34,3.48
2025-02-04,7.35,2.18,13.13,33.72,36.95,3.32,3.35
2025-02-05,7.52,2.16,13.07,33.43,37.15,3.32,3.35
2025-02-06,7.42,2.08,13.12,33.76,36.9,3.29,3.43
2025-02-07,7.34,2.2,13.03,33.67,36.98,3.36,3.42
2025-02-08,7.37,2.2,13.16,33.79,36.85,3.36,3.27
2025-02-09,7.39,2.19,13.04,33.79,36.95,3.37,3.27
2025-02-10,7.33,2.28,12.74,34.16,36.89,3.39,3.21
2025-02-11,7.2,2.52,12.97,34.01,36.77,3.4,3.13
2025-02-12,7.25,2.4,12.94,33.85,36.99,3.4,3.17
2025-02-13,7.13,2.2,13.33,34.04,36.44,3.34,3.52
2025-02-14,7.42,2.28,13.17,34.21,36.22,3.31,3.39
2025-02-15,7.79,2.37,12.99,34.21,35.63,3.55,3.46
2025-02-16,7.78,2.37,12.98,34.29,35.59,3.54,3.45
2025-02-17,8.12,2.41,13.05,33.54,36.04,3.4,3.44
2025-02-18,8.02,2.42,13.06,32.95,36.82,3.33,3.4
2025-02-19,7.89,2.5,13.59,33.56,35.76,3.16,3.54
2025-02-20,7.69,2.49,13.78,33.83,35.38,3.24,3.59
2025-02-21,7.15,2.44,13.5,33.65,36.83,2.85,3.58
2025-02-22,7.2,2.52,13.23,33.56,37.08,3.0,3.41
2025-02-23,7.31,2.51,13.21,33.61,36.96,3.0,3.4
2025-02-24,7.15,2.37,12.61,33.78,37.66,3.09,3.34
2025-02-25,6.67,2.56,12.64,33.01,38.4,3.83,2.89
2025-02-26,6.68,2.54,12.69,33.06,38.33,3.81,2.89
2025-02-27,7.16,2.48,11.79,34.03,37.5,3.7,3.34
2025-02-28,7.54,2.38,11.14,33.92,37.62,4.09,3.31
2025-03-01,6.74,2.46,11.48,34.7,36.9,4.04,3.68
2025-03-02,6.83,2.46,11.48,34.64,36.86,4.04,3.69
2025-03-03,7.12,2.1,11.96,34.17,37.3,3.79,3.56
2025-03-04,6.4,2.0,11.83,34.16,38.67,3.3,3.64
2025-03-05,6.45,2.1,11.92,33.6,39.03,3.19,3.71
2025-03-06,6.67,1.94,11.48,34.5,38.46,3.29,3.66
2025-03-07,6.8,1.82,11.7,35.52,37.15,3.45,3.56
2025-03-08,6.43,2.18,11.67,35.96,36.52,3.56,3.68
2025-03-09,6.44,2.17,11.67,36.12,36.39,3.53,3.68
2025-03-10,6.44,2.05,11.73,36.66,36.34,3.29,3.49
2025-03-11,6.65,2.33,11.38,36.46,36.32,3.35,3.51
2025-03-12,6.34,2.2,11.64,36.53,36.67,3.35,3.27
2025-03-13,6.5,2.44,11.44,36.74,36.36,2.85,3.67
2025-03-14,6.5,2.44,11.46,36.76,36.34,2.86,3.64
2025-03-15,6.49,2.44,11.44,36.72,36.41,2.85,3.65
2025-03-16,6.5,2.45,11.41,36.8,36.35,2.86,3.63
2025-03-17,7.02,2.68,10.46,35.96,36.52,3.27,4.09
2025-03-18,6.62,2.47,10.16,37.68,35.99,3.32,3.76
2025-03-19,5.95,2.47,10.19,38.61,35.58,3.54,3.66
2025-03-20,6.68,2.21,10.85,38.63,34.3,3.59,3.74
2025-03-21,6.68,2.24,10.76,38.56,34.19,4.12,3.45
2025-03-22,7.08,2.16,11.16,37.73,34.6,4.19,3.08
2025-03-23,7.09,2.13,11.18,37.63,34.65,4.24,3.08
2025-03-24,7.08,2.13,11.21,37.67,34.59,4.24,3.08
2025-03-25,7.09,2.12,11.19,37.74,34.54,4.24,3.08
2025-03-26,7.07,2.16,11.18,37.65,34.66,4.2,3.08
2025-03-27,7.09,2.15,11.15,37.72,34.61,4.19,3.09
2025-03-28,7.09,2.14,11.19,37.72,34.56,4.23,3.07
2025-03-29,7.1,2.13,11.19,37.68,34.58,4.24,3.08
2025-03-30,7.09,2.14,11.16,37.68,34.64,4.2,3.09
2025-03-31,7.09,2.15,11.17,37.75,34.57,4.19,3.08
2025-04-01,7.12,1.78,12.01,36.31,35.27,4.19,3.32
2025-04-02,7.01,1.86,11.96,36.25,35.16,4.44,3.32
2025-04-03,7.41,2.05,12.58,35.09,35.83,3.49,3.55
2025-04-04,7.38,2.34,11.9,36.35,35.15,3.41,3.47
2025-04-05,7.23,2.36,13.01,34.78,35.68,3.4,3.54
2025-04-06,7.25,2.35,13.01,34.75,35.7,3.41,3.53
2025-04-07,6.98,2.29,12.88,35.05,35.53,3.45,3.82
2025-04-08,6.94,2.25,12.4,35.1,36.17,3.76,3.38
2025-04-09,6.9,2.16,12.23,34.86,36.66,3.94,3.25
2025-04-10,6.79,2.12,12.53,35.21,36.36,3.85,3.14
2025-04-11,6.85,2.09,12.9,35.66,35.49,3.9,3.11
2025-04-12,6.86,2.03,12.82,34.69,36.57,3.87,3.16
2025-04-13,6.87,2.03,12.84,34.66,36.62,3.83,3.15
2025-04-14,6.62,1.78,13.28,35.71,35.7,3.78,3.13
2025-04-15,6.54,1.87,12.3,34.83,36.95,4.31,3.2
2025-04-16,6.19,1.99,11.66,35.26,37.47,4.11,3.32
2025-04-17,6.15,1.9,11.7,35.31,37.48,3.99,3.47
2025-04-18,6.38,2.2,11.21,35.03,37.84,3.77,3.57
2025-04-19,6.19,2.19,11.19,35.45,37.66,3.75,3.57
2025-04-20,6.2,2.22,11.29,35.42,37.57,3.73,3.57
2025-04-21,6.39,2.08,11.56,35.77,36.99,3.71,3.5
2025-04-22,6.87,2.14,11.75,34.99,37.33,3.61,3.31
2025-04-23,6.4,2.13,11.79,35.49,36.99,3.93,3.27
2025-04-24,6.62,2.24,11.52,34.86,35.73,4.06,4.97
2025-04-25,6.84,2.25,11.33,35.4,36.88,4.24,3.06
2025-04-26,6.69,2.56,11.72,35.47,36.07,4.28,3.21
2025-04-27,6.69,2.59,11.41,35.6,36.19,4.3,3.22
2025-04-28,6.96,2.55,11.85,35.62,35.48,4.25,3.29
2025-04-29,7.01,2.49,11.55,35.44,35.88,4.05,3.58
2025-04-30,7.17,2.12,11.6,35.55,36.21,3.85,3.5
2025-05-01,7.14,1.94,11.62,35.3,36.51,3.92,3.57
2025-05-02,7.28,1.95,11.54,35.2,36.61,3.9,3.52
2025-05-03,7.22,1.96,11.57,35.16,36.66,3.91,3.52
2025-05-04,7.27,1.97,11.54,35.24,36.5,3.93,3.55
2025-05-05,7.36,1.92,11.24,35.88,36.31,3.74,3.55
2025-05-06,7.63,2.21,11.76,36.01,35.24,3.7,3.45
2025-05-07,7.32,2.15,11.81,36.28,35.23,3.83,3.38
2025-05-08,7.32,2.2,12.09,35.86,35.29,3.86,3.38
2025-05-09,7.39,2.27,12.01,35.93,35.14,3.89,3.37
2025-05-10,7.27,2.33,12.06,35.71,35.3,4.01,3.32
2025-05-11,7.24,2.32,12.02,35.8,35.23,4.05,3.34
2025-05-12,7.17,2.27,12.02,35.85,35.42,3.99,3.28
2025-05-13,7.29,2.35,12.24,35.77,35.05,4.11,3.19
2025-05-14,7.31,2.6,11.89,35.75,34.92,4.16,3.37
2025-05-15,7.27,2.81,12.2,35.88,34.21,4.25,3.38
2025-05-16,7.3,2.69,12.57,35.66,33.99,4.42,3.37
2025-05-17,6.82,2.53,12.37,36.37,34.06,4.31,3.54
2025-05-18,6.87,2.53,12.34,36.37,34.06,4.31,3.52
2025-05-19,7.08,2.33,12.13,36.58,34.16,4.23,3.49
2025-05-20,7.09,2.39,12.01,36.66,34.32,4.11,3.42
2025-05-21,6.86,2.6,11.49,36.8,34.67,4.11,3.47
2025-05-22,6.96,2.81,11.64,36.97,34.02,4.17,3.43
2025-05-23,7.03,2.84,11.7,36.61,34.38,3.98,3.46
2025-05-24,7.22,2.61,11.95,36.04,34.64,4.07,3.47
2025-05-25,7.24,2.61,11.93,36.1,34.6,4.06,3.46
2025-05-26,6.96,2.91,12.64,35.85,34.37,3.75,3.52
2025-05-27,6.84,2.62,12.96,35.33,35.33,3.51,3.41
2025-05-28,6.8,2.5,13.83,35.11,35.24,3.13,3.39
2025-05-29,6.47,2.72,13.82,35.59,35.27,2.8,3.33
2025-05-30,6.4,2.79,14.17,35.35,34.83,3.29,3.17
2025-05-31,6.47,2.33,14.83,35.84,34.14,3.39,3.0
2025-06-01,6.43,2.33,14.84,35.88,34.11,3.38,3.03
2025-06-02,6.36,2.19,14.46,36.26,34.27,3.43,3.03
2025-06-03,5.85,2.09,14.2,36.89,34.6,3.29,3.08
2025-06-04,6.03,2.28,13.09,37.02,35.12,3.42,3.04
2025-06-05,6.47,2.29,13.3,36.58,34.87,3.25,3.24
2025-06-06,6.31,2.31,13.31,36.72,35.2,2.94,3.21
2025-06-07,6.34,2.28,13.27,36.74,35.19,2.96,3.22
2025-06-08,6.33,2.29,13.28,36.76,35.14,2.96,3.24
2025-06-09,6.31,2.56,13.98,35.88,35.15,3.05,3.07
2025-06-10,6.65,2.52,13.96,36.0,34.76,2.92,3.19
2025-06-11,6.76,2.58,14.29,36.03,34.12,3.14,3.08
2025-06-12,7.14,2.55,14.22,35.25,34.47,3.25,3.12
2025-06-13,7.51,2.29,14.52,34.92,34.26,3.32,3.18
2025-06-14,7.47,2.35,13.8,34.98,34.48,3.63,3.29
2025-06-15,7.49,2.36,13.78,34.95,34.48,3.63,3.31
2025-06-16,7.33,2.45,13.86,35.0,34.3,3.69,3.37
2025-06-17,7.12,2.35,13.61,35.42,34.07,3.99,3.44
2025-06-18,6.9,2.19,13.59,35.36,34.52,3.96,3.48
2025-06-19,6.73,2.13,12.35,36.13,35.0,4.1,3.56
2025-06-20,6.58,1.95,12.22,36.35,35.17,4.13,3.6
2025-06-21,6.84,1.95,12.6,36.32,34.59,4.0,3.7
2025-06-22,6.87,1.95,12.31,36.43,34.74,4.0,3.7
2025-06-23,6.79,1.93,12.32,36.58,34.88,3.79,3.71
2025-06-24,6.91,1.88,12.53,36.18,34.82,4.0,3.68
2025-06-25,6.92,1.89,12.23,36.16,34.53,4.01,4.26
2025-06-26,6.82,1.99,12.21,36.68,33.74,4.08,4.48
2025-06-27,6.45,1.84,12.94,35.97,34.03,4.4,4.37
2025-06-28,6.55,1.95,12.83,36.3,33.52,4.37,4.48
2025-06-29,6.55,1.95,12.85,36.37,33.42,4.38,4.48
2025-06-30,6.38,2.03,13.18,36.39,33.44,4.34,4.24
2025-07-01,6.36,2.09,12.86,36.88,33.23,4.3,4.28
2025-07-02,6.37,2.17,12.97,37.24,33.57,3.94,3.74
2025-07-03,6.6,2.18,12.24,36.46,34.85,3.97,3.7
2025-07-04,6.72,2.21,12.09,35.82,35.83,3.79,3.54
2025-07-05,6.63,2.27,11.65,35.86,36.22,3.65,3.72
2025-07-06,6.72,2.28,11.65,35.9,36.06,3.67,3.72
2025-07-07,7.19,2.22,11.92,35.93,35.58,3.11,4.05
2025-07-08,7.12,2.11,11.71,35.78,36.09,3.06,4.13
2025-07-09,7.12,2.13,11.72,35.68,36.13,3.1,4.12
2025-07-10,6.81,1.93,11.9,35.79,36.36,3.05,4.16
2025-07-11,6.87,1.92,11.61,35.87,36.52,3.19,4.02
2025-07-12,6.76,1.92,12.06,34.83,36.9,3.17,4.36
2025-07-13,6.8,1.91,12.07,34.8,36.9,3.15,4.37
2025-07-14,6.43,2.02,12.63,34.77,36.44,3.41,4.3
2025-07-15,6.29,2.01,13.17,33.4,37.18,3.53,4.42
2025-07-16,6.46,2.21,13.01,34.18,37.09,3.31,3.74
2025-07-17,6.66,2.31,12.9,33.45,37.97,2.96,3.75
2025-07-18,6.85,2.21,12.68,34.26,37.31,2.89,3.8
2025-07-19,6.84,2.21,12.77,34.2,37.24,2.94,3.8
2025-07-20,6.81,2.22,12.73,34.28,37.33,2.83,3.8
2025-07-21,6.75,2.12,12.39,33.79,38.27,3.1,3.58
2025-07-22,6.82,2.14,12.26,33.84,38.38,3.0,3.56
2025-07-23,7.34,2.05,12.19,33.49,38.41,2.98,3.54
2025-07-24,7.4,2.08,12.43,33.46,38.15,2.98,3.5
2025-07-25,7.53,2.15,12.35,33.6,37.99,2.96,3.42
2025-07-26,7.33,2.18,12.72,33.54,37.66,3.06,3.51
2025-07-27,7.35,2.17,12.75,33.51,37.64,3.07,3.51
2025-07-28,7.2,2.18,12.6,33.41,37.9,3.27,3.44
2025-07-29,7.32,2.21,12.96,33.56,37.2,3.23,3.52
2025-07-30,7.51,2.39,12.4,33.39,37.84,2.99,3.48
2025-07-31,8.04,2.43,12.76,33.28,36.95,3.1,3.44
2025-08-01,7.52,2.37,13.01,33.9,36.83,3.07,3.3
2025-08-02,7.66,2.47,12.94,33.09,37.32,3.2,3.32
2025-08-03,7.65,2.48,12.95,33.03,37.36,3.19,3.34
2025-08-04,6.59,2.4,12.49,33.59,38.43,3.46,3.04
2025-08-05,6.09,2.45,13.49,33.66,37.74,3.53,3.04
2025-08-06,6.28,2.57,13.63,33.57,37.23,3.6,3.12
2025-08-07,6.33,2.53,13.59,33.71,37.13,3.56,3.15
2025-08-08,6.26,2.53,13.61,33.66,37.14,3.55,3.25
2025-08-09,6.28,2.55,13.56,33.69,37.13,3.54,3.25
2025-08-10,6.27,2.53,13.58,33.66,37.15,3.55,3.26
2025-08-11,6.19,2.58,13.71,34.09,36.46,3.77,3.2
2025-08-12,5.98,2.54,13.51,33.08,38.19,3.48,3.22
2025-08-13,6.34,2.99,13.14,32.52,38.04,3.47,3.5
2025-08-14,6.03,2.95,13.02,32.88,37.68,3.56,3.88
2025-08-15,6.0,2.95,12.57,32.93,38.1,3.55,3.9
2025-08-16,6.01,2.95,12.58,32.92,38.09,3.54,3.91
2025-08-17,6.0,2.95,12.94,32.91,37.78,3.54,3.88
2025-08-18,6.0,2.96,12.82,32.88,37.91,3.54,3.89
2025-08-19,6.03,2.94,12.75,32.86,37.94,3.58,3.9
2025-08-20,6.0,2.95,12.54,32.92,38.12,3.56,3.91
2025-08-21,6.06,2.3,12.35,33.6,38.14,3.6,3.95
2025-08-22,6.28,2.16,12.62,33.83,37.84,3.69,3.58
2025-08-23,7.97,2.0,12.09,34.52,36.0,3.73,3.69
2025-08-24,7.97,1.98,12.12,34.48,35.99,3.75,3.71
2025-08-25,7.98,2.08,12.49,34.44,35.7,3.57,3.74
2025-08-26,8.12,1.96,13.01,34.21,35.72,3.21,3.77
2025-08-27,8.19,1.78,13.27,33.91,35.78,3.38,3.69
2025-08-28,8.79,1.67,14.02,33.72,34.66,3.14,4.0
2025-08-29,7.19,1.62,13.99,33.56,36.88,3.26,3.5
2025-08-30,7.23,1.65,13.25,34.08,36.76,3.57,3.46
2025-08-31,7.24,1.65,13.26,34.01,36.84,3.53,3.47
2025-09-01,6.94,1.87,13.95,32.8,37.45,3.54,3.45
2025-09-02,7.19,2.33,13.57,33.44,36.15,3.92,3.4
2025-09-03,7.36,2.54,13.17,32.98,36.76,3.73,3.46
2025-09-04,7.18,2.72,13.13,32.56,37.22,3.54,3.65
2025-09-05,6.85,2.46,12.99,33.27,37.45,3.52,3.46
2025-09-06,6.55,2.49,12.76,34.17,36.8,3.65,3.58
2025-09-07,6.56,2.5,12.78,34.06,36.87,3.64,3.59
2025-09-08,6.55,2.34,12.49,35.13,36.42,3.62,3.45
2025-09-09,7.12,2.63,12.03,34.84,36.41,3.57,3.4
2025-09-10,7.73,2.35,11.92,34.27,36.63,3.55,3.55
2025-09-11,8.81,2.03,11.39,34.63,35.84,3.67,3.63
2025-09-12,8.62,2.3,11.19,34.54,36.15,3.53,3.67
2025-09-13,8.16,2.5,11.47,33.56,37.3,3.39,3.62
2025-09-14,8.15,2.49,11.38,33.71,37.27,3.39,3.61
2025-09-15,7.84,2.39,11.76,33.43,37.62,3.32,3.64
2025-09-16,8.01,2.33,11.52,32.87,37.56,3.83,3.88
2025-09-17,7.74,2.28,11.46,32.62,38.53,3.59,3.78
2025-09-18,7.32,2.13,11.75,33.48,38.05,3.59,3.68
2025-09-19,7.44,2.0,11.71,33.4,38.03,3.78,3.64
2025-09-20,7.27,2.01,11.69,33.71,37.96,3.65,3.71
2025-09-21,7.11,2.03,11.73,33.72,38.02,3.66,3.73
2025-09-22,7.68,1.86,11.9,34.25,36.95,3.65,3.71
2025-09-23,7.4,1.7,11.87,34.75,36.64,3.91,3.73
2025-09-24,7.6,1.65,11.7,35.23,36.44,3.63,3.75
2025-09-25,7.58,1.75,11.95,34.16,36.84,3.96,3.76
2025-09-26,7.73,1.87,11.8,34.02,36.79,4.06,3.73
2025-09-27,7.66,1.88,12.28,33.3,37.14,3.9,3.84
2025-09-28,7.61,1.87,12.26,33.4,37.11,3.92,3.83
2025-09-29,7.61,1.95,12.36,32.96,37.31,4.07,3.74
2025-09-30,7.38,2.12,12.52,32.02,37.94,4.24,3.78
2025-10-01,7.36,1.99,12.83,31.97,37.94,4.18,3.73
2025-10-02,7.37,1.99,12.74,32.09,37.89,4.18,3.74
2025-10-03,7.24,1.93,12.93,31.79,37.71,4.32,4.08
2025-10-04,7.37,1.72,13.48,31.14,38.0,4.15,4.14
2025-10-05,7.36,1.74,13.51,31.2,37.89,4.16,4.14
2025-10-06,7.45,1.82,13.31,31.73,37.26,4.21,4.22
2025-10-07,7.59,1.92,13.44,31.82,37.03,4.02,4.18
2025-10-08,7.64,1.88,13.68,31.9,36.47,4.1,4.33
2025-10-09,7.72,2.12,13.53,31.93,36.8,3.99,3.91
2025-10-10,7.89,2.24,13.78,31.16,36.97,4.08,3.88
2025-10-11,7.37,2.92,13.63,30.77,37.49,4.12,3.7
2025-10-12,7.32,2.91,13.64,30.85,37.43,4.18,3.67
2025-10-13,7.13,3.13,13.54,31.67,37.33,3.44,3.76
2025-10-14,7.11,2.84,13.04,31.28,38.89,3.51,3.33
2025-10-15,6.86,2.71,13.14,31.08,38.83,3.91,3.47
2025-10-16,6.85,2.56,12.91,31.58,38.35,4.22,3.53
2025-10-17,6.76,2.27,12.73,31.76,38.35,4.45,3.68
2025-10-18,6.58,2.52,13.12,31.73,38.05,4.41,3.59
2025-10-19,6.61,2.52,13.08,31.67,38.14,4.41,3.57
2025-10-20,6.65,2.53,12.91,31.67,38.27,4.39,3.58
2025-10-21,6.62,2.51,13.1,31.59,38.22,4.36,3.6
2025-10-22,6.6,2.53,12.95,31.66,38.31,4.38,3.57
2025-10-23,6.6,2.53,13.01,31.62,38.3,4.36,3.58
2025-10-24,6.74,2.61,13.63,31.86,37.3,4.38,3.48
2025-10-25,6.82,2.63,13.47,31.59,37.85,4.34,3.3
2025-10-26,6.86,2.66,13.72,31.51,37.62,4.34,3.29
2025-10-27,6.68,2.97,13.19,31.54,38.24,4.2,3.18
2025-10-28,6.79,2.91,13.47,31.04,38.55,3.89,3.35
2025-10-29,7.1,2.88,13.66,31.37,37.79,3.85,3.35
2025-10-30,7.34,2.97,13.51,31.4,37.95,3.38,3.45
2025-10-31,7.04,3.41,13.03,31.5,37.78,3.86,3.38
2025-11-01,7.06,3.46,12.95,31.77,37.58,3.78,3.4
2025-11-02,7.05,3.46,12.91,31.78,37.63,3.78,3.39
2025-11-03,7.07,3.37,12.72,31.08,37.78,4.69,3.29
2025-11-04,7.0,3.47,12.94,31.07,37.67,4.5,3.35
2025-11-05,6.99,3.48,12.95,31.13,37.7,4.49,3.26
2025-11-06,6.75,3.39,13.42,31.48,37.51,4.23,3.22
2025-11-07,6.9,2.52,13.9,31.65,37.8,4.04,3.19
2025-11-08,7.28,2.39,13.81,32.62,37.14,3.5,3.26
2025-11-09,7.33,2.39,13.87,32.6,37.09,3.5,3.22
2025-11-10,7.27,2.34,13.9,32.45,37.23,3.57,3.24
2025-11-11,7.65,2.31,14.13,31.76,37.27,3.62,3.26
2025-11-12,7.5,2.32,14.21,31.74,37.29,3.68,3.26
2025-11-13,7.63,2.26,14.0,31.99,36.94,3.81,3.37
2025-11-14,7.72,2.18,13.83,32.16,36.67,4.03,3.41
2025-11-15,7.12,2.43,13.71,33.09,36.44,3.92,3.29
2025-11-16,7.15,2.43,13.67,33.0,36.53,3.94,3.28
2025-11-17,7.33,2.46,13.46,31.72,37.69,4.33,3.01
2025-11-18,6.92,2.58,12.81,32.33,38.66,3.84,2.86
2025-11-19,6.96,2.56,12.59,31.52,40.34,3.43,2.6
2025-11-20,7.77,2.57,12.73,30.33,39.64,3.42,3.54
2025-11-21,7.17,2.63,12.67,31.35,39.43,3.48,3.27
2025-11-22,6.88,2.62,12.94,32.37,37.67,4.09,3.43
2025-11-23,6.89,2.62,12.98,32.44,37.56,4.08,3.43
2025-11-24,6.79,2.43,13.49,32.02,38.37,3.74,3.16
2025-11-25,6.56,2.92,12.65,32.41,37.93,4.77,2.76
2025-11-26,6.77,2.72,12.13,33.27,37.82,4.54,2.75
2025-11-27,6.56,2.42,11.64,33.78,38.27,4.48,2.85
2025-11-28,6.86,2.5,12.03,34.6,36.86,4.2,2.95
2025-11-29,7.27,2.43,12.45,34.65,36.34,3.77,3.09
2025-11-30,7.25,2.45,12.41,34.47,36.57,3.76,3.09
2025-12-01,7.78,2.42,12.39,32.71,37.76,3.82,3.12
2025-12-02,7.22,2.65,12.51,31.9,38.81,3.43,3.48
2025-12-03,7.58,2.98,11.66,33.52,37.3,3.46,3.5
2025-12-04,7.13,3.14,11.75,33.98,36.54,4.0,3.46
2025-12-05,7.31,3.12,11.94,34.48,35.53,4.06,3.56
2025-12-06,7.65,3.17,11.88,34.89,35.2,3.76,3.45
2025-12-07,7.63,3.16,11.88,34.86,35.25,3.78,3.44
2025-12-08,7.5,3.13,12.25,35.0,34.77,3.83,3.52
2025-12-09,8.01,3.07,12.35,35.02,34.25,3.9,3.4
2025-12-10,8.1,3.04,12.62,35.56,33.93,3.62,3.13
2025-12-11,8.13,2.95,12.59,35.13,34.26,3.83,3.11
2025-12-12,8.02,2.94,12.67,35.31,34.12,3.83,3.11
2025-12-13,8.14,3.06,12.38,35.57,34.09,3.73,3.03
2025-12-14,8.15,3.06,12.4,35.53,34.09,3.73,3.04
2025-12-15,8.1,3.08,12.32,35.51,34.12,3.9,2.97
2025-12-16,8.1,3.07,12.38,35.35,34.19,3.94,2.97
2025-12-17,8.03,3.07,12.27,35.45,34.18,4.01,2.99
2025-12-18,8.01,3.07,12.19,35.54,34.17,4.0,3.02
2025-12-19,8.01,3.06,12.32,35.53,34.1,3.96,3.02
2025-12-20,7.99,3.06,12.27,35.64,34.13,4.02,2.89
2025-12-21,8.0,3.06,12.36,35.61,34.08,4.0,2.89
2025-12-22,7.99,3.05,12.25,35.72,34.07,4.02,2.9
2025-12-23,7.95,3.0,12.33,35.75,34.07,4.01,2.89
2025-12-24,7.99,3.01,12.24,35.77,34.06,4.05,2.88
2025-12-25,7.98,3.01,12.22,35.73,34.16,4.03,2.87
2025-12-26,7.95,3.01,12.2,35.78,34.14,4.06,2.86
2025-12-27,7.99,3.0,12.3,35.68,34.11,4.07,2.85
2025-12-28,7.99,3.02,12.24,35.74,34.09,4.07,2.85
2025-12-29,7.99,3.03,12.17,35.73,34.24,4.13,2.71
2025-12-30,7.95,3.02,12.09,35.77,34.31,4.13,2.73
2025-12-31,7.85,3.0,12.15,35.75,34.26,4.25,2.74
2026-01-01,7.88,3.0,12.22,35.73,34.16,4.27,2.74
2026-01-02,7.92,2.99,12.18,35.78,34.09,4.27,2.77
2026-01-03,7.83,2.99,12.15,35.83,34.08,4.31,2.81
2026-01-04,7.84,2.99,12.18,35.77,34.12,4.3,2.8
2026-01-05,7.83,2.99,12.07,35.89,34.11,4.32,2.79
2026-01-06,7.88,2.99,12.16,35.82,34.06,4.31,2.78
2026-01-07,7.83,2.99,12.13,35.78,34.17,4.32,2.78
2026-01-08,7.83,2.99,12.11,35.87,34.06,4.33,2.81
2026-01-09,7.9,3.01,12.21,35.74,33.93,4.39,2.82
2026-01-10,7.98,2.97,12.07,35.69,34.04,4.36,2.89
2026-01-11,8.15,2.99,12.1,35.48,34.05,4.32,2.91
2026-01-12,8.34,2.97,12.18,35.24,34.06,4.22,2.99
2026-01-13,8.39,2.92,12.09,34.97,34.36,4.18,3.09
2026-01-14,8.33,2.85,12.23,34.9,34.42,4.15,3.12
2026-01-15,8.31,2.85,12.37,34.79,34.41,4.12,3.15
2026-01-16,8.31,2.85,12.36,34.83,34.4,4.11,3.14
2026-01-17,8.33,2.84,12.39,34.81,34.36,4.09,3.18
2026-01-18,8.34,2.83,12.47,34.81,34.27,4.1,3.18
2026-01-19,8.22,2.82,12.43,34.87,34.06,4.3,3.3
2026-01-20,8.19,2.82,12.31,34.95,34.15,4.28,3.3
2026-01-21,8.03,2.79,12.55,34.8,34.2,4.29,3.34
2026-01-22,7.9,2.73,12.5,35.16,34.21,4.28,3.22
2026-01-23,7.77,2.75,12.68,35.04,34.24,4.25,3.27
2026-01-24,7.67,2.71,12.54,35.2,34.39,4.27,3.22
2026-01-25,7.67,2.71,12.69,35.22,34.26,4.26,3.19
2026-01-26,7.69,2.7,12.68,35.18,34.27,4.27,3.21
2026-01-27,7.53,2.83,12.69,35.33,34.1,4.35,3.17
2026-01-28,7.54,2.92,12.49,35.31,34.28,4.27,3.19
2026-01-29,7.57,2.67,12.84,34.41,34.94,4.31,3.26
2026-01-30,7.22,2.67,13.75,34.14,34.35,4.34,3.53
2026-01-31,7.78,2.2,14.04,33.63,35.03,3.78,3.54
2026-02-01,7.78,2.21,14.04,33.58,35.07,3.82,3.5
2026-02-02,7.15,2.21,13.63,33.52,36.23,3.82,3.44
2026-02-03,6.96,2.2,13.76,33.99,36.39,3.29,3.41
2026-02-04,7.08,2.08,13.55,34.61,36.05,3.33,3.3
2026-02-05,7.06,2.13,13.45,34.73,36.22,3.21,3.2
2026-02-06,7.18,2.49,13.97,34.25,35.65,3.21,3.25
2026-02-07,6.95,2.55,14.27,34.49,35.06,3.46,3.22
2026-02-08,6.91,2.55,14.24,34.64,35.09,3.39,3.18
2026-02-09,6.56,2.68,14.21,34.83,35.25,3.39,3.08
2026-02-10,5.97,1.85,13.95,37.16,34.48,3.34,3.25
2026-02-11,5.58,1.85,13.94,36.59,34.93,3.27,3.84
2026-02-12,5.7,1.86,14.19,36.89,35.27,3.37,2.72
2026-02-13,6.83,1.93,13.47,35.1,36.28,3.09,3.3
2026-02-14,7.06,2.16,14.1,34.61,35.68,3.32,3.07
2026-02-15,7.07,2.15,14.17,34.54,35.64,3.36,3.07
2026-02-16,7.25,1.93,13.18,34.71,35.87,3.81,3.25
2026-02-17,6.57,2.13,12.84,35.44,35.89,3.78,3.35
2026-02-18,7.03,2.35,13.61,35.95,34.07,3.73,3.26
2026-02-19,6.93,2.49,13.01,37.03,33.58,3.7,3.26
2026-02-20,7.11,2.41,12.06,37.08,34.05,3.79,3.5
2026-02-21,6.56,2.16,12.16,36.62,35.35,3.67,3.48
2026-02-22,6.58,2.17,12.12,36.68,35.31,3.68,3.46
2026-02-23,6.74,1.96,12.06,37.14,35.07,3.59,3.44
2026-02-24,6.76,1.77,13.02,35.05,35.99,3.91,3.5
2026-02-25,6.74,1.79,12.62,35.75,35.91,3.72,3.47
2026-02-26,6.43,1.86,12.78,34.97,36.53,3.85,3.58
2026-02-27,6.33,1.93,12.9,34.91,36.51,4.24,3.18
2026-02-28,7.1,2.06,12.4,35.59,35.88,3.85,3.12
2026-03-01,7.22,2.05,12.39,35.53,35.86,3.83,3.12
2026-03-02,6.66,2.52,12.8,35.41,35.85,3.77,2.99
2026-03-03,7.25,2.11,12.56,35.42,35.72,3.62,3.32
2026-03-04,7.26,2.12,12.61,35.33,35.72,3.62,3.34
2026-03-05,7.27,2.11,12.64,35.36,35.68,3.6,3.34
2026-03-06,7.12,2.32,12.62,36.26,35.12,3.36,3.2
2026-03-07,7.45,2.05,12.47,35.12,35.72,3.5,3.69
2026-03-08,7.47,2.01,12.47,35.15,35.76,3.5,3.64
2026-03-09,7.39,2.15,11.49,36.46,35.29,3.76,3.46
2026-03-10,6.99,2.48,11.97,35.52,35.71,4.19,3.14
2026-03-11,7.0,2.81,12.15,34.9,35.46,4.58,3.1
2026-03-12,6.66,2.66,12.2,34.72,35.9,4.8,3.06
2026-03-13,6.7,2.37,12.56,34.54,36.51,4.41,2.91
2026-03-14,6.83,2.02,12.58,34.27,36.87,4.32,3.11
2026-03-15,6.85,1.98,12.52,34.2,37.01,4.32,3.12
2026-03-16,7.19,1.57,13.31,33.8,36.88,4.09,3.16
2026-03-17,6.63,1.68,13.85,34.78,35.68,4.49,2.89
2026-03-18,6.46,1.6,13.95,34.68,35.49,4.72,3.1
2026-03-19,6.39,1.6,14.1,34.4,35.44,4.87,3.2
2026-03-20,6.57,1.72,13.96,34.21,35.87,4.64,3.03
2026-03-21,6.55,1.75,14.07,34.12,35.85,4.63,3.03
2026-03-22,6.58,1.72,13.87,34.25,35.91,4.64,3.03
2026-03-23,6.56,1.7,13.95,34.16,36.19,4.33,3.11
2026-03-24,6.52,1.72,13.91,34.02,36.55,4.22,3.06
2026-03-25,6.55,1.76,13.89,34.07,36.4,4.23,3.1
2026-03-26,6.52,1.75,13.73,34.44,36.34,4.09,3.13
2026-03-27,6.14,1.86,13.89,34.67,36.3,3.96,3.18
2026-03-28,6.03,1.82,13.88,34.73,36.25,3.96,3.33
2026-03-29,6.05,1.82,13.82,34.72,36.3,3.95,3.34
2026-03-30,5.95,1.94,13.59,35.62,35.35,4.41,3.14
2026-03-31,6.02,2.06,13.51,37.38,33.34,4.43,3.26
2026-04-01,6.21,2.06,13.3,37.75,32.82,4.53,3.33
2026-04-02,6.52,1.81,13.04,38.42,32.99,4.04,3.18
2026-04-03,7.1,1.84,12.84,37.88,32.73,4.4,3.21
2026-04-04,6.78,1.92,12.53,36.72,34.03,4.73,3.29
2026-04-05,6.78,1.9,12.43,36.62,34.24,4.74,3.29
2026-04-06,6.61,2.15,11.42,35.94,35.8,4.82,3.26
2026-04-07,6.79,2.25,11.62,35.73,35.28,4.8,3.53
2026-04-08,6.69,2.17,11.36,35.44,36.6,4.21,3.53
2026-04-09,6.24,2.53,11.23,35.57,37.21,3.99,3.23
2026-04-10,6.3,3.82,11.22,35.03,37.11,3.15,3.37
2026-04-11,6.19,3.09,11.29,34.48,38.54,2.84,3.57
2026-04-12,6.21,3.08,11.29,34.52,38.51,2.84,3.55
2026-04-13,6.24,2.72,11.06,35.26,38.36,3.07,3.29
2026-04-14,6.3,1.85,11.08,35.75,38.33,3.21,3.48
2026-04-15,5.91,1.89,11.25,36.16,37.97,3.28,3.54
2026-04-16,5.93,1.84,11.1,36.04,38.39,3.24,3.46
2026-04-17,5.93,1.82,11.09,36.02,38.43,3.24,3.47
2026-04-18,5.84,1.84,11.15,36.24,38.1,3.29,3.54
2026-04-19,5.81,1.83,11.12,36.31,38.08,3.3,3.55
2026-04-20,5.59,1.89,11.02,36.17,38.59,3.1,3.64
2026-04-21,5.82,1.99,11.52,35.64,38.32,3.17,3.54
2026-04-22,5.84,2.09,11.44,35.67,38.11,3.26,3.59
2026-04-23,5.77,1.91,11.51,36.41,37.53,3.73,3.14
2026-04-24,5.92,2.03,11.63,35.71,37.98,3.49,3.24
2026-04-25,6.73,2.22,10.96,34.75,38.36,3.74,3.24
2026-04-26,6.71,2.21,10.95,34.88,38.27,3.74,3.24
2026-04-27,7.32,2.31,10.99,34.48,37.55,3.87,3.48
2026-04-28,7.49,2.27,11.64,35.13,36.5,3.33,3.64
2026-04-29,7.03,2.3,11.55,33.26,38.58,3.6,3.68
2026-04-30,6.68,2.35,11.76,32.74,39.35,3.54,3.58
2026-05-01,6.39,2.14,11.57,32.96,38.9,3.1,4.94
2026-05-02,7.18,2.13,11.64,32.55,39.49,3.44,3.57
2026-05-03,7.25,2.11,11.66,32.54,39.46,3.41,3.57
2026-05-04,6.75,2.07,11.19,33.08,39.97,3.54,3.4
2026-05-05,6.74,2.22,11.63,33.13,39.02,3.68,3.58
2026-05-06,6.56,2.42,11.97,33.75,38.02,3.84,3.44
2026-05-07,6.73,2.43,11.8,33.83,37.57,4.0,3.64
2026-05-08,6.67,2.48,11.96,33.33,37.96,3.95,3.65
2026-05-09,6.92,2.64,12.17,33.01,37.61,3.98,3.67
2026-05-10,6.91,2.64,12.15,32.96,37.69,3.98,3.67
2026-05-11,6.75,2.62,12.38,33.6,37.08,3.83,3.74
2026-05-12,7.03,2.56,12.34,33.65,36.71,3.91,3.8
2026-05-13,7.01,2.52,12.25,33.64,36.76,3.91,3.91
2026-05-14,7.08,2.52,11.99,34.2,36.46,3.81,3.94
2026-05-15,7.12,2.6,12.36,34.28,36.28,3.7,3.66
2026-05-16,7.22,2.54,12.18,34.09,36.53,3.82,3.62
2026-05-17,7.18,2.53,12.14,34.3,36.4,3.81,3.64
2026-05-18,7.03,2.51,11.97,34.37,36.72,3.88,3.52
2026-05-19,6.89,2.3,12.02,34.84,36.61,3.9,3.44
2026-05-20,6.81,2.3,11.48,35.02,37.02,3.95,3.42
2026-05-21,6.69,1.92,11.58,35.69,37.03,3.69,3.4
2026-05-22,6.7,1.92,11.65,35.72,36.96,3.68,3.37
2026-05-23,6.69,1.86,11.41,36.21,36.84,3.73,3.26
2026-05-24,6.64,1.86,11.53,36.16,36.83,3.73,3.25
2026-05-25,6.54,1.89,11.4,36.13,37.12,3.69,3.23
2026-05-26,6.67,1.95,11.27,36.1,37.2,3.64,3.17
2026-05-27,6.53,1.93,11.44,36.68,36.54,3.78,3.1
2026-05-28,6.48,1.93,11.44,36.65,36.56,3.8,3.14
2026-05-29,6.29,1.83,11.12,37.15,37.01,3.58,3.02
2026-05-30,6.28,1.89,11.61,37.6,35.7,3.9,3.02
2026-05-31,6.26,1.88,11.54,37.59,35.77,3.92,3.04
2026-06-01,6.14,2.27,12.27,36.53,35.74,4.17,2.88
2026-06-02,6.23,2.29,11.82,37.47,35.06,4.39,2.74
2026-06-03,6.17,2.15,11.99,37.66,34.94,4.43,2.66
2026-06-04,6.18,2.26,11.68,37.0,35.74,4.53,2.61
2026-06-05,6.01,2.12,11.61,37.21,36.37,4.11,2.57
2026-06-06,6.07,2.12,11.95,36.48,36.68,4.23,2.47
2026-06-07,6.09,2.12,11.93,36.61,36.58,4.22,2.45
2026-06-08,6.01,2.37,12.78,35.61,36.1,4.62,2.51
2026-06-09,6.37,2.2,12.01,36.15,35.82,4.69,2.76
2026-06-10,6.47,2.15,11.86,36.21,35.82,4.68,2.81
2026-06-11,6.57,2.18,12.03,36.4,35.56,4.45,2.81
2026-06-12,6.18,2.32,11.96,36.05,36.23,4.4,2.86
2026-06-13,6.12,2.12,12.03,34.87,37.52,4.26,3.08
2026-06-14,6.11,2.12,12.06,34.92,37.5,4.2,3.09
2026-06-15,6.35,1.95,12.55,34.64,37.01,4.45,3.05
2026-06-16,6.32,1.96,12.42,35.15,37.18,4.03,2.94
2026-06-17,6.41,1.97,11.71,35.47,37.38,4.19,2.87
2026-06-18,6.35,1.92,11.86,35.39,37.36,4.27,2.85
2026-06-19,6.25,2.01,11.41,35.28,38.05,4.24,2.76
2026-06-20,6.27,1.82,11.78,35.57,37.48,4.22,2.86
2026-06-21,6.25,1.82,11.77,35.6,37.49,4.21,2.86
2026-06-22,5.88,1.89,12.17,35.52,37.65,3.98,2.91
2026-06-23,6.15,2.08,11.96,35.06,37.76,4.14,2.85
2026-06-24,5.85,2.05,12.16,35.06,37.87,4.16,2.85
2026-06-25,5.78,2.02,12.34,34.93,37.95,4.21,2.77
2026-06-26,5.79,2.01,12.32,34.96,37.96,4.18,2.78
2026-06-27,5.6,2.01,12.13,34.85,38.55,4.18,2.68
2026-06-28,5.61,2.03,12.14,34.96,38.31,4.27,2.68
2026-06-29,5.82,1.78,12.42,34.57,38.48,4.23,2.7
2026-06-30,5.66,1.81,12.39,34.34,38.73,4.19,2.88
2026-07-01,5.64,1.68,12.29,34.43,38.84,4.21,2.91
2026-07-02,5.57,1.72,12.01,34.77,38.59,4.33,3.01
2026-07-03,5.52,1.73,11.99,34.83,38.56,4.36,3.01
2026-07-04,5.52,1.72,11.99,34.82,38.55,4.34,3.06
2026-07-05,5.56,1.72,11.94,34.82,38.57,4.33,3.06
2026-07-06,5.59,1.72,11.94,34.79,38.54,4.37,3.05
2026-07-07,5.54,1.72,11.95,34.89,38.53,4.32,3.05
2026-07-08,5.56,1.7,11.96,34.78,38.58,4.36,3.06
2026-07-09,5.51,1.68,12.01,34.72,38.67,4.39,3.02
2026-07-10,5.42,1.7,12.04,34.72,38.7,4.42,3.0
2026-07-11,5.45,1.7,12.12,34.51,38.82,4.37,3.03
2026-07-12,5.46,1.7,12.12,34.51,38.81,4.39,3.01
2026-07-13,5.47,1.69,12.25,34.24,38.79,4.55,3.01
2026-07-14,5.63,1.63,12.27,34.05,38.94,4.49,2.99
2026-07-15,5.59,1.59,12.28,34.14,38.94,4.5,2.96
2026-07-16,5.66,1.58,12.2,34.22,38.56,4.76,3.02
2026-07-17,5.83,1.57,12.33,34.26,38.3,4.66,3.05
2026-07-18,5.86,1.72,12.36,34.93,37.48,4.58,3.07
2026-07-19,5.88,1.71,12.32,34.83,37.7,4.51,3.05
2026-07-20,5.85,1.71,12.3,34.92,37.66,4.5,3.06
2026-07-21,5.81,1.73,12.37,34.92,37.39,4.58,3.2
2026-07-22,5.67,1.88,12.22,35.03,37.65,4.47,3.08
2026-07-23,5.57,1.85,12.22,34.89,38.04,4.41,3.02
2026-07-24,5.56,1.84,12.15,34.44,38.55,4.44,3.02
2026-07-25,5.6,1.87,12.01,34.62,38.47,4.42,3.01
2026-07-26,5.58,1.84,12.0,34.55,38.51,4.5,3.02
2026-07-27,5.58,1.84,12.07,34.47,38.56,4.46,3.02
2026-07-28,5.6,1.87,12.11,34.57,38.37,4.46,3.02
2026-07-29,5.55,1.94,12.26,34.49,38.32,4.4,3.04
2026-07-30,5.57,1.94,12.22,34.43,38.32,4.47,3.05
2026-07-31,5.57,1.91,12.03,34.51,38.52,4.45,3.01
2026-08-01,5.46,1.91,12.12,34.6,38.49,4.42,3.0
2026-08-02,5.46,1.91,12.11,34.57,38.54,4.42,2.99
2026-08-03,5.44,1.93,12.24,34.3,38.54,4.59,2.96
2026-08-04,5.51,1.91,12.2,34.53,38.39,4.51,2.95
2026-08-05,5.52,1.91,12.17,34.57,38.35,4.48,3.0
2026-08-06,5.49,1.86,12.04,34.61,38.48,4.53,2.99
2026-08-07,5.54,1.88,12.13,34.41,38.48,4.54,3.02
2026-08-08,5.78,1.91,12.14,34.19,38.52,4.47,2.99
2026-08-09,5.81,1.92,12.16,34.19,38.52,4.4,3.0
2026-08-10,5.77,1.89,12.13,34.61,38.25,4.34,3.01
2026-08-11,5.68,1.97,12.05,34.18,38.72,4.36,3.04
2026-08-12,6.0,2.01,11.86,34.07,38.65,4.34,3.07
2026-08-13,6.04,1.99,11.88,34.42,38.62,3.96,3.09
2026-08-14,6.08,1.97,11.9,34.53,38.38,4.05,3.09
2026-08-15,6.04,1.97,11.89,34.57,38.4,4.04,3.09
2026-08-16,6.09,1.96,11.85,34.49,38.25,4.28,3.08
